solid OpenSCAD_Model
  facet normal 0.69306 0.140012 0.707152
    outer loop
      vertex 16.3186 16.2111 5.50438
      vertex 16.1365 15.5973 5.80438
      vertex 16.4306 15.6567 5.50438
    endloop
  endfacet
  facet normal 0.69306 0.140012 0.707152
    outer loop
      vertex 16.1365 15.5973 5.80438
      vertex 16.3186 16.2111 5.50438
      vertex 16.0245 16.1517 5.80438
    endloop
  endfacet
  facet normal 0.707107 0 0.707107
    outer loop
      vertex 16.2813 13.9 5.80438
      vertex 16.5813 -13.9 5.50438
      vertex 16.5813 13.9 5.50438
    endloop
  endfacet
  facet normal 0.707107 0 0.707107
    outer loop
      vertex 16.5813 -13.9 5.50438
      vertex 16.2813 13.9 5.80438
      vertex 16.2813 -13.9 5.80438
    endloop
  endfacet
  facet normal 0.707009 0.0166355 0.707009
    outer loop
      vertex 16.5811 13.9085 5.50438
      vertex 16.2813 13.9 5.80438
      vertex 16.5813 13.9 5.50438
    endloop
  endfacet
  facet normal -0.665085 -0.240392 0.707017
    outer loop
      vertex -15.7077 -17.2293 5.80438
      vertex -15.993 -17.3223 5.50438
      vertex -15.987 -17.3389 5.50438
    endloop
  endfacet
  facet normal 0.712139 -0.702038 0
    outer loop
      vertex 13.921 -20.6588 5.50438
      vertex 13.9349 -20.6447 3.10438
      vertex 13.9349 -20.6447 5.50438
    endloop
  endfacet
  facet normal 0.712139 -0.702038 0
    outer loop
      vertex 13.9349 -20.6447 3.10438
      vertex 13.921 -20.6588 5.50438
      vertex 13.921 -20.6588 3.10438
    endloop
  endfacet
  facet normal -0.392371 0.588557 -0.706856
    outer loop
      vertex -12.5141 21.4344 2.80438
      vertex -12.689 21.6781 3.10438
      vertex -12.6716 21.6897 3.10438
    endloop
  endfacet
  facet normal 0.707009 -0.0166355 0.707009
    outer loop
      vertex 16.5813 -13.9 5.50438
      vertex 16.2813 -13.9 5.80438
      vertex 16.5811 -13.9085 5.50438
    endloop
  endfacet
  facet normal 0.707009 0.0166355 -0.707009
    outer loop
      vertex 16.5813 13.9 3.10438
      vertex 16.2813 13.9 2.80438
      vertex 16.5811 13.9085 3.10438
    endloop
  endfacet
  facet normal -0.650547 -0.277672 -0.706885
    outer loop
      vertex -15.7765 -17.8739 3.10438
      vertex -15.7835 -17.8575 3.10438
      vertex -15.5043 -17.7479 2.80438
    endloop
  endfacet
  facet normal 0.158127 0.689435 -0.706877
    outer loop
      vertex 10.2947 22.7225 3.10438
      vertex 10.2167 22.4328 2.80438
      vertex 10.2729 22.7275 3.10438
    endloop
  endfacet
  facet normal 0.702823 -0.0790156 0.706963
    outer loop
      vertex 16.5157 -15.0611 5.50438
      vertex 16.2168 -15.0356 5.80438
      vertex 16.5138 -15.078 5.50438
    endloop
  endfacet
  facet normal 0.371443 0.601726 -0.707076
    outer loop
      vertex 12.5141 21.4344 2.80438
      vertex 12.2368 21.9581 3.10438
      vertex 12.6716 21.6897 3.10438
    endloop
  endfacet
  facet normal 0.371348 0.601711 -0.707138
    outer loop
      vertex 12.2368 21.9581 3.10438
      vertex 12.5141 21.4344 2.80438
      vertex 12.0792 21.7028 2.80438
    endloop
  endfacet
  facet normal 0.486299 0.513233 -0.707181
    outer loop
      vertex 13.7146 20.441 2.80438
      vertex 13.5399 21.0199 3.10438
      vertex 13.921 20.6588 3.10438
    endloop
  endfacet
  facet normal 0.486429 0.513228 -0.707095
    outer loop
      vertex 13.5399 21.0199 3.10438
      vertex 13.7146 20.441 2.80438
      vertex 13.3335 20.8022 2.80438
    endloop
  endfacet
  facet normal 0.549164 -0.445411 -0.707126
    outer loop
      vertex 14.3075 -20.2408 3.10438
      vertex 14.4115 -19.6363 2.80438
      vertex 14.6445 -19.8253 3.10438
    endloop
  endfacet
  facet normal 0.549164 -0.445411 -0.707126
    outer loop
      vertex 14.4115 -19.6363 2.80438
      vertex 14.3075 -20.2408 3.10438
      vertex 14.0745 -20.0518 2.80438
    endloop
  endfacet
  facet normal -0.60078 0.372907 -0.707109
    outer loop
      vertex -15.0115 18.7335 2.80438
      vertex -14.9792 19.3544 3.10438
      vertex -14.7243 19.1962 2.80438
    endloop
  endfacet
  facet normal -0.600869 0.372882 -0.707047
    outer loop
      vertex -14.9792 19.3544 3.10438
      vertex -15.0115 18.7335 2.80438
      vertex -15.2664 18.8916 3.10438
    endloop
  endfacet
  facet normal -0.86555 -0.500822 0
    outer loop
      vertex -15.2664 -18.8916 3.10438
      vertex -15.2756 -18.8757 5.50438
      vertex -15.2756 -18.8757 3.10438
    endloop
  endfacet
  facet normal -0.86555 -0.500822 0
    outer loop
      vertex -15.2756 -18.8757 5.50438
      vertex -15.2664 -18.8916 3.10438
      vertex -15.2664 -18.8916 5.50438
    endloop
  endfacet
  facet normal -0.183844 -0.682769 -0.707127
    outer loop
      vertex -10.2947 -22.7225 3.10438
      vertex -10.6969 -22.3035 2.80438
      vertex -10.2167 -22.4328 2.80438
    endloop
  endfacet
  facet normal -0.183844 -0.682769 -0.707127
    outer loop
      vertex -10.6969 -22.3035 2.80438
      vertex -10.2947 -22.7225 3.10438
      vertex -10.7749 -22.5932 3.10438
    endloop
  endfacet
  facet normal -0.776657 0.629924 0
    outer loop
      vertex -14.6445 19.8253 3.10438
      vertex -14.3075 20.2408 5.50438
      vertex -14.3075 20.2408 3.10438
    endloop
  endfacet
  facet normal -0.776657 0.629924 0
    outer loop
      vertex -14.3075 20.2408 5.50438
      vertex -14.6445 19.8253 3.10438
      vertex -14.6445 19.8253 5.50438
    endloop
  endfacet
  facet normal -0.0799121 0.702668 -0.707016
    outer loop
      vertex -9.73027 22.5256 2.80438
      vertex -9.27353 22.8794 3.10438
      vertex -9.23962 22.5814 2.80438
    endloop
  endfacet
  facet normal -0.0799121 0.702668 -0.707016
    outer loop
      vertex -9.27353 22.8794 3.10438
      vertex -9.73027 22.5256 2.80438
      vertex -9.76418 22.8236 3.10438
    endloop
  endfacet
  facet normal -0.707107 0 -0.707107
    outer loop
      vertex -16.5813 -13.9 3.10438
      vertex -16.2813 13.9 2.80438
      vertex -16.2813 -13.9 2.80438
    endloop
  endfacet
  facet normal -0.707107 0 -0.707107
    outer loop
      vertex -16.2813 13.9 2.80438
      vertex -16.5813 -13.9 3.10438
      vertex -16.5813 13.9 3.10438
    endloop
  endfacet
  facet normal -0.611586 0.791178 0
    outer loop
      vertex -13.1077 21.3775 3.10438
      vertex -13.124 21.3649 5.50438
      vertex -13.1077 21.3775 5.50438
    endloop
  endfacet
  facet normal -0.611586 0.791178 0
    outer loop
      vertex -13.124 21.3649 5.50438
      vertex -13.1077 21.3775 3.10438
      vertex -13.124 21.3649 3.10438
    endloop
  endfacet
  facet normal 0.392371 0.588557 -0.706856
    outer loop
      vertex 12.689 21.6781 3.10438
      vertex 12.5141 21.4344 2.80438
      vertex 12.6716 21.6897 3.10438
    endloop
  endfacet
  facet normal 0.432573 0.559599 -0.706915
    outer loop
      vertex 13.124 21.3649 3.10438
      vertex 12.9327 21.1338 2.80438
      vertex 13.1077 21.3775 3.10438
    endloop
  endfacet
  facet normal 0.467767 -0.530601 -0.706864
    outer loop
      vertex 13.5247 -21.0333 3.10438
      vertex 13.3335 -20.8022 2.80438
      vertex 13.5399 -21.0199 3.10438
    endloop
  endfacet
  facet normal 0.677865 0.201745 -0.706964
    outer loop
      vertex 16.1716 16.7727 3.10438
      vertex 15.8814 16.6965 2.80438
      vertex 16.1666 16.7895 3.10438
    endloop
  endfacet
  facet normal -0.993739 0.111722 0
    outer loop
      vertex -16.5157 15.0611 3.10438
      vertex -16.5138 15.078 5.50438
      vertex -16.5138 15.078 3.10438
    endloop
  endfacet
  facet normal -0.993739 0.111722 0
    outer loop
      vertex -16.5138 15.078 5.50438
      vertex -16.5157 15.0611 3.10438
      vertex -16.5157 15.0611 5.50438
    endloop
  endfacet
  facet normal 0.562223 -0.429065 -0.706971
    outer loop
      vertex 14.6445 -19.8253 3.10438
      vertex 14.4115 -19.6363 2.80438
      vertex 14.6561 -19.8101 3.10438
    endloop
  endfacet
  facet normal -0.207334 0.676227 -0.706916
    outer loop
      vertex -10.6969 22.3035 2.80438
      vertex -10.7961 22.5867 3.10438
      vertex -10.7749 22.5932 3.10438
    endloop
  endfacet
  facet normal 0.999723 0.0235229 0
    outer loop
      vertex 16.5813 13.9 5.50438
      vertex 16.5811 13.9085 3.10438
      vertex 16.5811 13.9085 5.50438
    endloop
  endfacet
  facet normal 0.999723 0.0235229 0
    outer loop
      vertex 16.5811 13.9085 3.10438
      vertex 16.5813 13.9 5.50438
      vertex 16.5813 13.9 3.10438
    endloop
  endfacet
  facet normal 0.535187 -0.462372 -0.706956
    outer loop
      vertex 14.2948 -20.2555 3.10438
      vertex 14.0745 -20.0518 2.80438
      vertex 14.3075 -20.2408 3.10438
    endloop
  endfacet
  facet normal 0.707107 0 -0.707107
    outer loop
      vertex 16.2813 -13.9 2.80438
      vertex 16.5813 13.9 3.10438
      vertex 16.5813 -13.9 3.10438
    endloop
  endfacet
  facet normal 0.707107 0 -0.707107
    outer loop
      vertex 16.5813 13.9 3.10438
      vertex 16.2813 -13.9 2.80438
      vertex 16.2813 13.9 2.80438
    endloop
  endfacet
  facet normal 0.633407 0.31476 0.70691
    outer loop
      vertex 15.536 18.3923 5.50438
      vertex 15.2719 18.25 5.80438
      vertex 15.5441 18.376 5.50438
    endloop
  endfacet
  facet normal 1 -0 0
    outer loop
      vertex 16.5813 -13.9 5.50438
      vertex 16.5813 13.9 3.10438
      vertex 16.5813 13.9 5.50438
    endloop
  endfacet
  facet normal 1 0 0
    outer loop
      vertex 16.5813 13.9 3.10438
      vertex 16.5813 -13.9 5.50438
      vertex 16.5813 -13.9 3.10438
    endloop
  endfacet
  facet normal 0.712139 0.702038 0
    outer loop
      vertex 13.9349 20.6447 5.50438
      vertex 13.921 20.6588 3.10438
      vertex 13.921 20.6588 5.50438
    endloop
  endfacet
  facet normal 0.712139 0.702038 0
    outer loop
      vertex 13.921 20.6588 3.10438
      vertex 13.9349 20.6447 5.50438
      vertex 13.9349 20.6447 3.10438
    endloop
  endfacet
  facet normal 0.549164 -0.445411 0.707126
    outer loop
      vertex 14.4115 -19.6363 5.80438
      vertex 14.3075 -20.2408 5.50438
      vertex 14.6445 -19.8253 5.50438
    endloop
  endfacet
  facet normal 0.549164 -0.445411 0.707126
    outer loop
      vertex 14.3075 -20.2408 5.50438
      vertex 14.4115 -19.6363 5.80438
      vertex 14.0745 -20.0518 5.80438
    endloop
  endfacet
  facet normal -0.650547 0.277672 -0.706885
    outer loop
      vertex -15.5043 17.7479 2.80438
      vertex -15.7835 17.8575 3.10438
      vertex -15.7765 17.8739 3.10438
    endloop
  endfacet
  facet normal 0.486299 -0.513233 -0.707181
    outer loop
      vertex 13.5399 -21.0199 3.10438
      vertex 13.7146 -20.441 2.80438
      vertex 13.921 -20.6588 3.10438
    endloop
  endfacet
  facet normal 0.486429 -0.513228 -0.707095
    outer loop
      vertex 13.7146 -20.441 2.80438
      vertex 13.5399 -21.0199 3.10438
      vertex 13.3335 -20.8022 2.80438
    endloop
  endfacet
  facet normal 0.940453 -0.339923 0
    outer loop
      vertex 15.987 -17.3389 5.50438
      vertex 15.993 -17.3223 3.10438
      vertex 15.993 -17.3223 5.50438
    endloop
  endfacet
  facet normal 0.940453 -0.339923 0
    outer loop
      vertex 15.993 -17.3223 3.10438
      vertex 15.987 -17.3389 5.50438
      vertex 15.987 -17.3389 3.10438
    endloop
  endfacet
  facet normal 0.503651 0.496507 -0.706976
    outer loop
      vertex 13.9349 20.6447 3.10438
      vertex 13.7146 20.441 2.80438
      vertex 13.921 20.6588 3.10438
    endloop
  endfacet
  facet normal 0.432573 -0.559599 -0.706915
    outer loop
      vertex 13.1077 -21.3775 3.10438
      vertex 12.9327 -21.1338 2.80438
      vertex 13.124 -21.3649 3.10438
    endloop
  endfacet
  facet normal 0.327838 0.626519 -0.707104
    outer loop
      vertex 12.0792 21.7028 2.80438
      vertex 11.7692 22.2036 3.10438
      vertex 12.2183 21.9686 3.10438
    endloop
  endfacet
  facet normal 0.32768 0.626484 -0.707208
    outer loop
      vertex 11.7692 22.2036 3.10438
      vertex 12.0792 21.7028 2.80438
      vertex 11.6301 21.9377 2.80438
    endloop
  endfacet
  facet normal -1 0 0
    outer loop
      vertex -16.5813 -13.9 3.10438
      vertex -16.5813 13.9 5.50438
      vertex -16.5813 13.9 3.10438
    endloop
  endfacet
  facet normal -1 -0 0
    outer loop
      vertex -16.5813 13.9 5.50438
      vertex -16.5813 -13.9 3.10438
      vertex -16.5813 -13.9 5.50438
    endloop
  endfacet
  facet normal -0.706796 0.0201232 -0.707131
    outer loop
      vertex -16.2813 13.9 2.80438
      vertex -16.565 14.4775 3.10438
      vertex -16.2651 14.469 2.80438
    endloop
  endfacet
  facet normal -0.706918 0.0200024 -0.707013
    outer loop
      vertex -16.565 14.4775 3.10438
      vertex -16.2813 13.9 2.80438
      vertex -16.5811 13.9085 3.10438
    endloop
  endfacet
  facet normal -0.86555 0.500822 0
    outer loop
      vertex -15.2756 18.8757 3.10438
      vertex -15.2664 18.8916 5.50438
      vertex -15.2664 18.8916 3.10438
    endloop
  endfacet
  facet normal -0.86555 0.500822 0
    outer loop
      vertex -15.2664 18.8916 5.50438
      vertex -15.2756 18.8757 3.10438
      vertex -15.2756 18.8757 5.50438
    endloop
  endfacet
  facet normal -0.707107 0 0.707107
    outer loop
      vertex -16.5813 13.9 5.50438
      vertex -16.2813 -13.9 5.80438
      vertex -16.2813 13.9 5.80438
    endloop
  endfacet
  facet normal -0.707107 0 0.707107
    outer loop
      vertex -16.2813 -13.9 5.80438
      vertex -16.5813 13.9 5.50438
      vertex -16.5813 -13.9 5.50438
    endloop
  endfacet
  facet normal 0.650547 0.277672 0.706885
    outer loop
      vertex 15.7765 17.8739 5.50438
      vertex 15.5043 17.7479 5.80438
      vertex 15.7835 17.8575 5.50438
    endloop
  endfacet
  facet normal -0.525276 -0.850932 0
    outer loop
      vertex -12.6716 -21.6897 3.10438
      vertex -12.2368 -21.9581 5.50438
      vertex -12.6716 -21.6897 5.50438
    endloop
  endfacet
  facet normal -0.525276 -0.850932 -0
    outer loop
      vertex -12.2368 -21.9581 5.50438
      vertex -12.6716 -21.6897 3.10438
      vertex -12.2368 -21.9581 3.10438
    endloop
  endfacet
  facet normal 0.5832 0.812328 -0
    outer loop
      vertex 13.1077 21.3775 3.10438
      vertex 12.689 21.6781 5.50438
      vertex 13.1077 21.3775 5.50438
    endloop
  endfacet
  facet normal 0.5832 0.812328 0
    outer loop
      vertex 12.689 21.6781 5.50438
      vertex 13.1077 21.3775 3.10438
      vertex 12.689 21.6781 3.10438
    endloop
  endfacet
  facet normal 0.412368 0.57438 0.707136
    outer loop
      vertex 12.689 21.6781 5.50438
      vertex 12.9327 21.1338 5.80438
      vertex 13.1077 21.3775 5.50438
    endloop
  endfacet
  facet normal 0.412473 0.574389 0.707067
    outer loop
      vertex 12.9327 21.1338 5.80438
      vertex 12.689 21.6781 5.50438
      vertex 12.5141 21.4344 5.80438
    endloop
  endfacet
  facet normal 0.683865 0.179628 -0.707151
    outer loop
      vertex 16.0245 16.1517 2.80438
      vertex 16.1716 16.7727 3.10438
      vertex 16.3147 16.2279 3.10438
    endloop
  endfacet
  facet normal 0.683865 0.179628 -0.707151
    outer loop
      vertex 16.1716 16.7727 3.10438
      vertex 16.0245 16.1517 2.80438
      vertex 15.8814 16.6965 2.80438
    endloop
  endfacet
  facet normal 0.223553 0.974692 -0
    outer loop
      vertex 10.2947 22.7225 3.10438
      vertex 10.2729 22.7275 5.50438
      vertex 10.2947 22.7225 5.50438
    endloop
  endfacet
  facet normal 0.223553 0.974692 0
    outer loop
      vertex 10.2729 22.7275 5.50438
      vertex 10.2947 22.7225 3.10438
      vertex 10.2729 22.7275 3.10438
    endloop
  endfacet
  facet normal 0.525276 0.850932 -0
    outer loop
      vertex 12.6716 21.6897 3.10438
      vertex 12.2368 21.9581 5.50438
      vertex 12.6716 21.6897 5.50438
    endloop
  endfacet
  facet normal 0.525276 0.850932 0
    outer loop
      vertex 12.2368 21.9581 5.50438
      vertex 12.6716 21.6897 3.10438
      vertex 12.2368 21.9581 3.10438
    endloop
  endfacet
  facet normal -0.233653 0.667298 0.707191
    outer loop
      vertex -10.7961 22.5867 5.50438
      vertex -11.1687 22.1383 5.80438
      vertex -10.6969 22.3035 5.80438
    endloop
  endfacet
  facet normal -0.233816 0.667359 0.70708
    outer loop
      vertex -11.1687 22.1383 5.80438
      vertex -10.7961 22.5867 5.50438
      vertex -11.2679 22.4214 5.50438
    endloop
  endfacet
  facet normal -0.503651 -0.496507 0.706976
    outer loop
      vertex -13.7146 -20.441 5.80438
      vertex -13.9349 -20.6447 5.50438
      vertex -13.921 -20.6588 5.50438
    endloop
  endfacet
  facet normal 0.622532 -0.335348 -0.707103
    outer loop
      vertex 15.2756 -18.8757 3.10438
      vertex 15.2719 -18.25 2.80438
      vertex 15.536 -18.3923 3.10438
    endloop
  endfacet
  facet normal 0.622611 -0.335321 -0.707047
    outer loop
      vertex 15.2719 -18.25 2.80438
      vertex 15.2756 -18.8757 3.10438
      vertex 15.0115 -18.7335 2.80438
    endloop
  endfacet
  facet normal -0.7062 0.0373871 -0.707024
    outer loop
      vertex -16.2651 14.469 2.80438
      vertex -16.565 14.4775 3.10438
      vertex -16.5641 14.4945 3.10438
    endloop
  endfacet
  facet normal 0.622532 -0.335348 0.707103
    outer loop
      vertex 15.2719 -18.25 5.80438
      vertex 15.2756 -18.8757 5.50438
      vertex 15.536 -18.3923 5.50438
    endloop
  endfacet
  facet normal 0.622611 -0.335321 0.707047
    outer loop
      vertex 15.2756 -18.8757 5.50438
      vertex 15.2719 -18.25 5.80438
      vertex 15.0115 -18.7335 5.80438
    endloop
  endfacet
  facet normal -0.0266701 0.706587 0.707124
    outer loop
      vertex -8.75818 22.8998 5.50438
      vertex -9.23962 22.5814 5.80438
      vertex -8.74684 22.6 5.80438
    endloop
  endfacet
  facet normal -0.0268178 0.706699 0.707006
    outer loop
      vertex -9.23962 22.5814 5.80438
      vertex -8.75818 22.8998 5.50438
      vertex -9.25096 22.8811 5.50438
    endloop
  endfacet
  facet normal -0 0.707107 0.707107
    outer loop
      vertex -8.74684 22.9 5.50438
      vertex 8.74684 22.6 5.80438
      vertex 8.74684 22.9 5.50438
    endloop
  endfacet
  facet normal 0 0.707107 0.707107
    outer loop
      vertex 8.74684 22.6 5.80438
      vertex -8.74684 22.9 5.50438
      vertex -8.74684 22.6 5.80438
    endloop
  endfacet
  facet normal -0.281944 0.648499 -0.707076
    outer loop
      vertex -11.6301 21.9377 2.80438
      vertex -11.2883 22.4134 3.10438
      vertex -11.1687 22.1383 2.80438
    endloop
  endfacet
  facet normal -0.281783 0.648452 -0.707184
    outer loop
      vertex -11.2883 22.4134 3.10438
      vertex -11.6301 21.9377 2.80438
      vertex -11.7497 22.2129 3.10438
    endloop
  endfacet
  facet normal 0.7062 -0.0373871 -0.707024
    outer loop
      vertex 16.5641 -14.4945 3.10438
      vertex 16.2651 -14.469 2.80438
      vertex 16.565 -14.4775 3.10438
    endloop
  endfacet
  facet normal 0.0268178 0.706699 -0.707006
    outer loop
      vertex 9.23962 22.5814 2.80438
      vertex 8.75818 22.8998 3.10438
      vertex 9.25096 22.8811 3.10438
    endloop
  endfacet
  facet normal 0.0266701 0.706587 -0.707124
    outer loop
      vertex 8.75818 22.8998 3.10438
      vertex 9.23962 22.5814 2.80438
      vertex 8.74684 22.6 2.80438
    endloop
  endfacet
  facet normal -0.207334 -0.676227 0.706916
    outer loop
      vertex -10.6969 -22.3035 5.80438
      vertex -10.7961 -22.5867 5.50438
      vertex -10.7749 -22.5932 5.50438
    endloop
  endfacet
  facet normal 0.86555 -0.500822 0
    outer loop
      vertex 15.2664 -18.8916 5.50438
      vertex 15.2756 -18.8757 3.10438
      vertex 15.2756 -18.8757 5.50438
    endloop
  endfacet
  facet normal 0.86555 -0.500822 0
    outer loop
      vertex 15.2756 -18.8757 3.10438
      vertex 15.2664 -18.8916 5.50438
      vertex 15.2664 -18.8916 3.10438
    endloop
  endfacet
  facet normal 0.9996 -0.0282839 0
    outer loop
      vertex 16.565 -14.4775 5.50438
      vertex 16.5811 -13.9085 3.10438
      vertex 16.5811 -13.9085 5.50438
    endloop
  endfacet
  facet normal 0.9996 -0.0282839 0
    outer loop
      vertex 16.5811 -13.9085 3.10438
      vertex 16.565 -14.4775 5.50438
      vertex 16.565 -14.4775 3.10438
    endloop
  endfacet
  facet normal -0.704568 0.0600611 0.70709
    outer loop
      vertex -16.5157 15.0611 5.50438
      vertex -16.2651 14.469 5.80438
      vertex -16.2168 15.0356 5.80438
    endloop
  endfacet
  facet normal -0.704441 0.0601746 0.707207
    outer loop
      vertex -16.2651 14.469 5.80438
      vertex -16.5157 15.0611 5.50438
      vertex -16.5641 14.4945 5.50438
    endloop
  endfacet
  facet normal -0.349135 0.615142 -0.706898
    outer loop
      vertex -12.0792 21.7028 2.80438
      vertex -12.2368 21.9581 3.10438
      vertex -12.2183 21.9686 3.10438
    endloop
  endfacet
  facet normal 0.281783 -0.648452 0.707184
    outer loop
      vertex 11.6301 -21.9377 5.80438
      vertex 11.2883 -22.4134 5.50438
      vertex 11.7497 -22.2129 5.50438
    endloop
  endfacet
  facet normal 0.281944 -0.648499 0.707076
    outer loop
      vertex 11.2883 -22.4134 5.50438
      vertex 11.6301 -21.9377 5.80438
      vertex 11.1687 -22.1383 5.80438
    endloop
  endfacet
  facet normal 0.633407 -0.31476 0.70691
    outer loop
      vertex 15.5441 -18.376 5.50438
      vertex 15.2719 -18.25 5.80438
      vertex 15.536 -18.3923 5.50438
    endloop
  endfacet
  facet normal -0.665085 0.240392 0.707017
    outer loop
      vertex -15.987 17.3389 5.50438
      vertex -15.993 17.3223 5.50438
      vertex -15.7077 17.2293 5.80438
    endloop
  endfacet
  facet normal -0.677865 0.201745 0.706964
    outer loop
      vertex -16.1666 16.7895 5.50438
      vertex -16.1716 16.7727 5.50438
      vertex -15.8814 16.6965 5.80438
    endloop
  endfacet
  facet normal 0.998602 -0.0528671 0
    outer loop
      vertex 16.5641 -14.4945 5.50438
      vertex 16.565 -14.4775 3.10438
      vertex 16.565 -14.4775 5.50438
    endloop
  endfacet
  facet normal 0.998602 -0.0528671 0
    outer loop
      vertex 16.565 -14.4775 3.10438
      vertex 16.5641 -14.4945 5.50438
      vertex 16.5641 -14.4945 3.10438
    endloop
  endfacet
  facet normal -0.01247 -0.707052 -0.707052
    outer loop
      vertex -8.74684 -22.9 3.10438
      vertex -8.75818 -22.8998 3.10438
      vertex -8.74684 -22.6 2.80438
    endloop
  endfacet
  facet normal -0.702823 -0.0790156 0.706963
    outer loop
      vertex -16.2168 -15.0356 5.80438
      vertex -16.5157 -15.0611 5.50438
      vertex -16.5138 -15.078 5.50438
    endloop
  endfacet
  facet normal 0.637552 -0.770407 0
    outer loop
      vertex 13.124 -21.3649 3.10438
      vertex 13.5247 -21.0333 5.50438
      vertex 13.124 -21.3649 5.50438
    endloop
  endfacet
  facet normal 0.637552 -0.770407 0
    outer loop
      vertex 13.5247 -21.0333 5.50438
      vertex 13.124 -21.3649 3.10438
      vertex 13.5247 -21.0333 3.10438
    endloop
  endfacet
  facet normal -0.349135 -0.615142 0.706898
    outer loop
      vertex -12.0792 -21.7028 5.80438
      vertex -12.2368 -21.9581 5.50438
      vertex -12.2183 -21.9686 5.50438
    endloop
  endfacet
  facet normal -0.0266701 -0.706587 0.707124
    outer loop
      vertex -9.23962 -22.5814 5.80438
      vertex -8.75818 -22.8998 5.50438
      vertex -8.74684 -22.6 5.80438
    endloop
  endfacet
  facet normal -0.0268178 -0.706699 0.707006
    outer loop
      vertex -8.75818 -22.8998 5.50438
      vertex -9.23962 -22.5814 5.80438
      vertex -9.25096 -22.8811 5.50438
    endloop
  endfacet
  facet normal -0.7062 0.0373871 0.707024
    outer loop
      vertex -16.5641 14.4945 5.50438
      vertex -16.565 14.4775 5.50438
      vertex -16.2651 14.469 5.80438
    endloop
  endfacet
  facet normal -0.9996 0.0282839 0
    outer loop
      vertex -16.5811 13.9085 3.10438
      vertex -16.565 14.4775 5.50438
      vertex -16.565 14.4775 3.10438
    endloop
  endfacet
  facet normal -0.9996 0.0282839 0
    outer loop
      vertex -16.565 14.4775 5.50438
      vertex -16.5811 13.9085 3.10438
      vertex -16.5811 13.9085 5.50438
    endloop
  endfacet
  facet normal -0.707009 -0.0166355 0.707009
    outer loop
      vertex -16.2813 -13.9 5.80438
      vertex -16.5813 -13.9 5.50438
      vertex -16.5811 -13.9085 5.50438
    endloop
  endfacet
  facet normal -0.9996 -0.0282839 0
    outer loop
      vertex -16.565 -14.4775 3.10438
      vertex -16.5811 -13.9085 5.50438
      vertex -16.5811 -13.9085 3.10438
    endloop
  endfacet
  facet normal -0.9996 -0.0282839 0
    outer loop
      vertex -16.5811 -13.9085 5.50438
      vertex -16.565 -14.4775 3.10438
      vertex -16.565 -14.4775 5.50438
    endloop
  endfacet
  facet normal 0.293135 0.956071 -0
    outer loop
      vertex 10.7961 22.5867 3.10438
      vertex 10.7749 22.5932 5.50438
      vertex 10.7961 22.5867 5.50438
    endloop
  endfacet
  facet normal 0.293135 0.956071 0
    outer loop
      vertex 10.7749 22.5932 5.50438
      vertex 10.7961 22.5867 3.10438
      vertex 10.7749 22.5932 3.10438
    endloop
  endfacet
  facet normal -0.683865 0.179628 0.707151
    outer loop
      vertex -16.1716 16.7727 5.50438
      vertex -16.0245 16.1517 5.80438
      vertex -15.8814 16.6965 5.80438
    endloop
  endfacet
  facet normal -0.683865 0.179628 0.707151
    outer loop
      vertex -16.0245 16.1517 5.80438
      vertex -16.1716 16.7727 5.50438
      vertex -16.3147 16.2279 5.50438
    endloop
  endfacet
  facet normal 0.0531358 0.705456 0.706759
    outer loop
      vertex 9.25096 22.8811 5.50438
      vertex 9.23962 22.5814 5.80438
      vertex 9.27353 22.8794 5.50438
    endloop
  endfacet
  facet normal 0.665085 -0.240392 -0.707017
    outer loop
      vertex 15.987 -17.3389 3.10438
      vertex 15.7077 -17.2293 2.80438
      vertex 15.993 -17.3223 3.10438
    endloop
  endfacet
  facet normal -0.958452 0.285254 0
    outer loop
      vertex -16.1716 16.7727 3.10438
      vertex -16.1666 16.7895 5.50438
      vertex -16.1666 16.7895 3.10438
    endloop
  endfacet
  facet normal -0.958452 0.285254 0
    outer loop
      vertex -16.1666 16.7895 5.50438
      vertex -16.1716 16.7727 3.10438
      vertex -16.1716 16.7727 5.50438
    endloop
  endfacet
  facet normal -0.103737 -0.699753 -0.706813
    outer loop
      vertex -9.76418 -22.8236 3.10438
      vertex -9.78644 -22.8203 3.10438
      vertex -9.73027 -22.5256 2.80438
    endloop
  endfacet
  facet normal -0.467767 0.530601 0.706864
    outer loop
      vertex -13.5247 21.0333 5.50438
      vertex -13.5399 21.0199 5.50438
      vertex -13.3335 20.8022 5.80438
    endloop
  endfacet
  facet normal 0.1325 0.694569 -0.70712
    outer loop
      vertex 10.2167 22.4328 2.80438
      vertex 9.78644 22.8203 3.10438
      vertex 10.2729 22.7275 3.10438
    endloop
  endfacet
  facet normal 0.132509 0.694574 -0.707113
    outer loop
      vertex 9.78644 22.8203 3.10438
      vertex 10.2167 22.4328 2.80438
      vertex 9.73027 22.5256 2.80438
    endloop
  endfacet
  facet normal 0.69306 -0.140012 0.707152
    outer loop
      vertex 16.1365 -15.5973 5.80438
      vertex 16.3186 -16.2111 5.50438
      vertex 16.4306 -15.6567 5.50438
    endloop
  endfacet
  facet normal 0.69306 -0.140012 0.707152
    outer loop
      vertex 16.3186 -16.2111 5.50438
      vertex 16.1365 -15.5973 5.80438
      vertex 16.0245 -16.1517 5.80438
    endloop
  endfacet
  facet normal -0.712139 0.702038 0
    outer loop
      vertex -13.9349 20.6447 3.10438
      vertex -13.921 20.6588 5.50438
      vertex -13.921 20.6588 3.10438
    endloop
  endfacet
  facet normal -0.712139 0.702038 0
    outer loop
      vertex -13.921 20.6588 5.50438
      vertex -13.9349 20.6447 3.10438
      vertex -13.9349 20.6447 5.50438
    endloop
  endfacet
  facet normal -0.562223 0.429065 0.706971
    outer loop
      vertex -14.6445 19.8253 5.50438
      vertex -14.6561 19.8101 5.50438
      vertex -14.4115 19.6363 5.80438
    endloop
  endfacet
  facet normal 0.103737 -0.699753 0.706813
    outer loop
      vertex 9.78644 -22.8203 5.50438
      vertex 9.73027 -22.5256 5.80438
      vertex 9.76418 -22.8236 5.50438
    endloop
  endfacet
  facet normal -0.974097 0.22613 0
    outer loop
      vertex -16.3186 16.2111 3.10438
      vertex -16.3147 16.2279 5.50438
      vertex -16.3147 16.2279 3.10438
    endloop
  endfacet
  facet normal -0.974097 0.22613 0
    outer loop
      vertex -16.3147 16.2279 5.50438
      vertex -16.3186 16.2111 3.10438
      vertex -16.3186 16.2111 5.50438
    endloop
  endfacet
  facet normal 0.612232 0.354247 -0.706881
    outer loop
      vertex 15.2756 18.8757 3.10438
      vertex 15.0115 18.7335 2.80438
      vertex 15.2664 18.8916 3.10438
    endloop
  endfacet
  facet normal 0.756707 0.653754 0
    outer loop
      vertex 14.3075 20.2408 5.50438
      vertex 14.2948 20.2555 3.10438
      vertex 14.2948 20.2555 5.50438
    endloop
  endfacet
  facet normal 0.756707 0.653754 0
    outer loop
      vertex 14.2948 20.2555 3.10438
      vertex 14.3075 20.2408 5.50438
      vertex 14.3075 20.2408 3.10438
    endloop
  endfacet
  facet normal 0.0799121 0.702668 -0.707016
    outer loop
      vertex 9.73027 22.5256 2.80438
      vertex 9.27353 22.8794 3.10438
      vertex 9.76418 22.8236 3.10438
    endloop
  endfacet
  facet normal 0.0799121 0.702668 -0.707016
    outer loop
      vertex 9.27353 22.8794 3.10438
      vertex 9.73027 22.5256 2.80438
      vertex 9.23962 22.5814 2.80438
    endloop
  endfacet
  facet normal -0.69306 0.140012 0.707152
    outer loop
      vertex -16.3186 16.2111 5.50438
      vertex -16.1365 15.5973 5.80438
      vertex -16.0245 16.1517 5.80438
    endloop
  endfacet
  facet normal -0.69306 0.140012 0.707152
    outer loop
      vertex -16.1365 15.5973 5.80438
      vertex -16.3186 16.2111 5.50438
      vertex -16.4306 15.6567 5.50438
    endloop
  endfacet
  facet normal 0.327838 0.626519 0.707104
    outer loop
      vertex 11.7692 22.2036 5.50438
      vertex 12.0792 21.7028 5.80438
      vertex 12.2183 21.9686 5.50438
    endloop
  endfacet
  facet normal 0.32768 0.626484 0.707208
    outer loop
      vertex 12.0792 21.7028 5.80438
      vertex 11.7692 22.2036 5.50438
      vertex 11.6301 21.9377 5.80438
    endloop
  endfacet
  facet normal 0.281783 0.648452 -0.707184
    outer loop
      vertex 11.6301 21.9377 2.80438
      vertex 11.2883 22.4134 3.10438
      vertex 11.7497 22.2129 3.10438
    endloop
  endfacet
  facet normal 0.281944 0.648499 -0.707076
    outer loop
      vertex 11.2883 22.4134 3.10438
      vertex 11.6301 21.9377 2.80438
      vertex 11.1687 22.1383 2.80438
    endloop
  endfacet
  facet normal 0.637552 0.770407 -0
    outer loop
      vertex 13.5247 21.0333 3.10438
      vertex 13.124 21.3649 5.50438
      vertex 13.5247 21.0333 5.50438
    endloop
  endfacet
  facet normal 0.637552 0.770407 0
    outer loop
      vertex 13.124 21.3649 5.50438
      vertex 13.5247 21.0333 3.10438
      vertex 13.124 21.3649 3.10438
    endloop
  endfacet
  facet normal 0.486299 0.513233 0.707181
    outer loop
      vertex 13.5399 21.0199 5.50438
      vertex 13.7146 20.441 5.80438
      vertex 13.921 20.6588 5.50438
    endloop
  endfacet
  facet normal 0.486429 0.513228 0.707095
    outer loop
      vertex 13.7146 20.441 5.80438
      vertex 13.5399 21.0199 5.50438
      vertex 13.3335 20.8022 5.80438
    endloop
  endfacet
  facet normal -0.392371 -0.588557 -0.706856
    outer loop
      vertex -12.6716 -21.6897 3.10438
      vertex -12.689 -21.6781 3.10438
      vertex -12.5141 -21.4344 2.80438
    endloop
  endfacet
  facet normal 0.86555 0.500822 0
    outer loop
      vertex 15.2756 18.8757 5.50438
      vertex 15.2664 18.8916 3.10438
      vertex 15.2664 18.8916 5.50438
    endloop
  endfacet
  facet normal 0.86555 0.500822 0
    outer loop
      vertex 15.2664 18.8916 3.10438
      vertex 15.2756 18.8757 5.50438
      vertex 15.2756 18.8757 3.10438
    endloop
  endfacet
  facet normal -0.562223 0.429065 -0.706971
    outer loop
      vertex -14.4115 19.6363 2.80438
      vertex -14.6561 19.8101 3.10438
      vertex -14.6445 19.8253 3.10438
    endloop
  endfacet
  facet normal -0.83205 0.5547 0
    outer loop
      vertex -14.9792 19.3544 3.10438
      vertex -14.9688 19.37 5.50438
      vertex -14.9688 19.37 3.10438
    endloop
  endfacet
  facet normal -0.83205 0.5547 0
    outer loop
      vertex -14.9688 19.37 5.50438
      vertex -14.9792 19.3544 3.10438
      vertex -14.9792 19.3544 5.50438
    endloop
  endfacet
  facet normal 0.562223 -0.429065 0.706971
    outer loop
      vertex 14.6561 -19.8101 5.50438
      vertex 14.4115 -19.6363 5.80438
      vertex 14.6445 -19.8253 5.50438
    endloop
  endfacet
  facet normal -0.0176339 0.999845 0
    outer loop
      vertex -8.74684 22.9 3.10438
      vertex -8.75818 22.8998 5.50438
      vertex -8.74684 22.9 5.50438
    endloop
  endfacet
  facet normal -0.0176339 0.999845 0
    outer loop
      vertex -8.75818 22.8998 5.50438
      vertex -8.74684 22.9 3.10438
      vertex -8.75818 22.8998 3.10438
    endloop
  endfacet
  facet normal 0.258253 0.658544 -0.706842
    outer loop
      vertex 11.2883 22.4134 3.10438
      vertex 11.1687 22.1383 2.80438
      vertex 11.2679 22.4214 3.10438
    endloop
  endfacet
  facet normal 0.699977 0.100068 0.70712
    outer loop
      vertex 16.4335 15.6397 5.50438
      vertex 16.2168 15.0356 5.80438
      vertex 16.5138 15.078 5.50438
    endloop
  endfacet
  facet normal 0.699977 0.100068 0.70712
    outer loop
      vertex 16.2168 15.0356 5.80438
      vertex 16.4335 15.6397 5.50438
      vertex 16.1365 15.5973 5.80438
    endloop
  endfacet
  facet normal 0.467767 0.530601 -0.706864
    outer loop
      vertex 13.5399 21.0199 3.10438
      vertex 13.3335 20.8022 2.80438
      vertex 13.5247 21.0333 3.10438
    endloop
  endfacet
  facet normal 0.576443 0.409574 -0.707081
    outer loop
      vertex 14.7243 19.1962 2.80438
      vertex 14.6561 19.8101 3.10438
      vertex 14.9688 19.37 3.10438
    endloop
  endfacet
  facet normal 0.576302 0.409606 -0.707177
    outer loop
      vertex 14.6561 19.8101 3.10438
      vertex 14.7243 19.1962 2.80438
      vertex 14.4115 19.6363 2.80438
    endloop
  endfacet
  facet normal 0.776657 -0.629924 0
    outer loop
      vertex 14.3075 -20.2408 5.50438
      vertex 14.6445 -19.8253 3.10438
      vertex 14.6445 -19.8253 5.50438
    endloop
  endfacet
  facet normal 0.776657 -0.629924 0
    outer loop
      vertex 14.6445 -19.8253 3.10438
      vertex 14.3075 -20.2408 5.50438
      vertex 14.3075 -20.2408 3.10438
    endloop
  endfacet
  facet normal 0.467767 0.530601 0.706864
    outer loop
      vertex 13.5247 21.0333 5.50438
      vertex 13.3335 20.8022 5.80438
      vertex 13.5399 21.0199 5.50438
    endloop
  endfacet
  facet normal 0.980198 -0.19802 0
    outer loop
      vertex 16.3186 -16.2111 5.50438
      vertex 16.4306 -15.6567 3.10438
      vertex 16.4306 -15.6567 5.50438
    endloop
  endfacet
  facet normal 0.980198 -0.19802 0
    outer loop
      vertex 16.4306 -15.6567 3.10438
      vertex 16.3186 -16.2111 5.50438
      vertex 16.3186 -16.2111 3.10438
    endloop
  endfacet
  facet normal 0.0379207 0.999281 -0
    outer loop
      vertex 9.25096 22.8811 3.10438
      vertex 8.75818 22.8998 5.50438
      vertex 9.25096 22.8811 5.50438
    endloop
  endfacet
  facet normal 0.0379207 0.999281 0
    outer loop
      vertex 8.75818 22.8998 5.50438
      vertex 9.25096 22.8811 3.10438
      vertex 8.75818 22.8998 3.10438
    endloop
  endfacet
  facet normal 0.588502 0.392335 0.706922
    outer loop
      vertex 14.9688 19.37 5.50438
      vertex 14.7243 19.1962 5.80438
      vertex 14.9792 19.3544 5.50438
    endloop
  endfacet
  facet normal 0.7062 -0.0373871 0.707024
    outer loop
      vertex 16.565 -14.4775 5.50438
      vertex 16.2651 -14.469 5.80438
      vertex 16.5641 -14.4945 5.50438
    endloop
  endfacet
  facet normal 0.706918 -0.0200024 -0.707013
    outer loop
      vertex 16.565 -14.4775 3.10438
      vertex 16.2813 -13.9 2.80438
      vertex 16.5811 -13.9085 3.10438
    endloop
  endfacet
  facet normal 0.706796 -0.0201232 -0.707131
    outer loop
      vertex 16.2813 -13.9 2.80438
      vertex 16.565 -14.4775 3.10438
      vertex 16.2651 -14.469 2.80438
    endloop
  endfacet
  facet normal 0.706918 -0.0200024 0.707013
    outer loop
      vertex 16.2813 -13.9 5.80438
      vertex 16.565 -14.4775 5.50438
      vertex 16.5811 -13.9085 5.50438
    endloop
  endfacet
  facet normal 0.706796 -0.0201232 0.707131
    outer loop
      vertex 16.565 -14.4775 5.50438
      vertex 16.2813 -13.9 5.80438
      vertex 16.2651 -14.469 5.80438
    endloop
  endfacet
  facet normal -0.349135 0.615142 0.706898
    outer loop
      vertex -12.2183 21.9686 5.50438
      vertex -12.2368 21.9581 5.50438
      vertex -12.0792 21.7028 5.80438
    endloop
  endfacet
  facet normal -0.450747 -0.544811 0.707112
    outer loop
      vertex -13.3335 -20.8022 5.80438
      vertex -13.124 -21.3649 5.50438
      vertex -12.9327 -21.1338 5.80438
    endloop
  endfacet
  facet normal -0.450862 -0.544814 0.707037
    outer loop
      vertex -13.124 -21.3649 5.50438
      vertex -13.3335 -20.8022 5.80438
      vertex -13.5247 -21.0333 5.50438
    endloop
  endfacet
  facet normal 0.486299 -0.513233 0.707181
    outer loop
      vertex 13.7146 -20.441 5.80438
      vertex 13.5399 -21.0199 5.50438
      vertex 13.921 -20.6588 5.50438
    endloop
  endfacet
  facet normal 0.486429 -0.513228 0.707095
    outer loop
      vertex 13.5399 -21.0199 5.50438
      vertex 13.7146 -20.441 5.80438
      vertex 13.3335 -20.8022 5.80438
    endloop
  endfacet
  facet normal -0.525276 0.850932 0
    outer loop
      vertex -12.2368 21.9581 3.10438
      vertex -12.6716 21.6897 5.50438
      vertex -12.2368 21.9581 5.50438
    endloop
  endfacet
  facet normal -0.525276 0.850932 0
    outer loop
      vertex -12.6716 21.6897 5.50438
      vertex -12.2368 21.9581 3.10438
      vertex -12.6716 21.6897 3.10438
    endloop
  endfacet
  facet normal -0.549164 -0.445411 -0.707126
    outer loop
      vertex -14.3075 -20.2408 3.10438
      vertex -14.4115 -19.6363 2.80438
      vertex -14.0745 -20.0518 2.80438
    endloop
  endfacet
  facet normal -0.549164 -0.445411 -0.707126
    outer loop
      vertex -14.4115 -19.6363 2.80438
      vertex -14.3075 -20.2408 3.10438
      vertex -14.6445 -19.8253 3.10438
    endloop
  endfacet
  facet normal 0.0379207 -0.999281 0
    outer loop
      vertex 8.75818 -22.8998 3.10438
      vertex 9.25096 -22.8811 5.50438
      vertex 8.75818 -22.8998 5.50438
    endloop
  endfacet
  facet normal 0.0379207 -0.999281 0
    outer loop
      vertex 9.25096 -22.8811 5.50438
      vertex 8.75818 -22.8998 3.10438
      vertex 9.25096 -22.8811 3.10438
    endloop
  endfacet
  facet normal -0.677865 -0.201745 -0.706964
    outer loop
      vertex -16.1666 -16.7895 3.10438
      vertex -16.1716 -16.7727 3.10438
      vertex -15.8814 -16.6965 2.80438
    endloop
  endfacet
  facet normal -0.535187 -0.462372 -0.706956
    outer loop
      vertex -14.2948 -20.2555 3.10438
      vertex -14.3075 -20.2408 3.10438
      vertex -14.0745 -20.0518 2.80438
    endloop
  endfacet
  facet normal 0.702823 -0.0790156 -0.706963
    outer loop
      vertex 16.5138 -15.078 3.10438
      vertex 16.2168 -15.0356 2.80438
      vertex 16.5157 -15.0611 3.10438
    endloop
  endfacet
  facet normal 0.207334 0.676227 -0.706916
    outer loop
      vertex 10.7961 22.5867 3.10438
      vertex 10.6969 22.3035 2.80438
      vertex 10.7749 22.5932 3.10438
    endloop
  endfacet
  facet normal -0.707009 0.0166355 0.707009
    outer loop
      vertex -16.5811 13.9085 5.50438
      vertex -16.5813 13.9 5.50438
      vertex -16.2813 13.9 5.80438
    endloop
  endfacet
  facet normal -0.706796 0.0201232 0.707131
    outer loop
      vertex -16.565 14.4775 5.50438
      vertex -16.2813 13.9 5.80438
      vertex -16.2651 14.469 5.80438
    endloop
  endfacet
  facet normal -0.706918 0.0200024 0.707013
    outer loop
      vertex -16.2813 13.9 5.80438
      vertex -16.565 14.4775 5.50438
      vertex -16.5811 13.9085 5.50438
    endloop
  endfacet
  facet normal -0.998602 0.0528671 0
    outer loop
      vertex -16.565 14.4775 3.10438
      vertex -16.5641 14.4945 5.50438
      vertex -16.5641 14.4945 3.10438
    endloop
  endfacet
  facet normal -0.998602 0.0528671 0
    outer loop
      vertex -16.5641 14.4945 5.50438
      vertex -16.565 14.4775 3.10438
      vertex -16.565 14.4775 5.50438
    endloop
  endfacet
  facet normal -0.704568 0.0600611 -0.70709
    outer loop
      vertex -16.2651 14.469 2.80438
      vertex -16.5157 15.0611 3.10438
      vertex -16.2168 15.0356 2.80438
    endloop
  endfacet
  facet normal -0.704441 0.0601746 -0.707207
    outer loop
      vertex -16.5157 15.0611 3.10438
      vertex -16.2651 14.469 2.80438
      vertex -16.5641 14.4945 3.10438
    endloop
  endfacet
  facet normal -0.919724 0.392565 0
    outer loop
      vertex -15.7835 17.8575 3.10438
      vertex -15.7765 17.8739 5.50438
      vertex -15.7765 17.8739 3.10438
    endloop
  endfacet
  facet normal -0.919724 0.392565 0
    outer loop
      vertex -15.7765 17.8739 5.50438
      vertex -15.7835 17.8575 3.10438
      vertex -15.7835 17.8575 5.50438
    endloop
  endfacet
  facet normal 0.233816 -0.667359 -0.70708
    outer loop
      vertex 10.7961 -22.5867 3.10438
      vertex 11.1687 -22.1383 2.80438
      vertex 11.2679 -22.4214 3.10438
    endloop
  endfacet
  facet normal 0.233653 -0.667298 -0.707191
    outer loop
      vertex 11.1687 -22.1383 2.80438
      vertex 10.7961 -22.5867 3.10438
      vertex 10.6969 -22.3035 2.80438
    endloop
  endfacet
  facet normal -0.467767 0.530601 -0.706864
    outer loop
      vertex -13.3335 20.8022 2.80438
      vertex -13.5399 21.0199 3.10438
      vertex -13.5247 21.0333 3.10438
    endloop
  endfacet
  facet normal 0 -0.707107 0.707107
    outer loop
      vertex -8.74684 -22.6 5.80438
      vertex 8.74684 -22.9 5.50438
      vertex 8.74684 -22.6 5.80438
    endloop
  endfacet
  facet normal 0 -0.707107 0.707107
    outer loop
      vertex 8.74684 -22.9 5.50438
      vertex -8.74684 -22.6 5.80438
      vertex -8.74684 -22.9 5.50438
    endloop
  endfacet
  facet normal -0.65835 -0.258211 0.707038
    outer loop
      vertex -15.7077 -17.2293 5.80438
      vertex -15.7835 -17.8575 5.50438
      vertex -15.5043 -17.7479 5.80438
    endloop
  endfacet
  facet normal -0.658205 -0.258281 0.707147
    outer loop
      vertex -15.7835 -17.8575 5.50438
      vertex -15.7077 -17.2293 5.80438
      vertex -15.987 -17.3389 5.50438
    endloop
  endfacet
  facet normal -0.01247 0.707052 0.707052
    outer loop
      vertex -8.74684 22.9 5.50438
      vertex -8.75818 22.8998 5.50438
      vertex -8.74684 22.6 5.80438
    endloop
  endfacet
  facet normal 0.958452 0.285254 0
    outer loop
      vertex 16.1716 16.7727 5.50438
      vertex 16.1666 16.7895 3.10438
      vertex 16.1666 16.7895 5.50438
    endloop
  endfacet
  facet normal 0.958452 0.285254 0
    outer loop
      vertex 16.1666 16.7895 3.10438
      vertex 16.1716 16.7727 5.50438
      vertex 16.1716 16.7727 3.10438
    endloop
  endfacet
  facet normal -0.69306 0.140012 -0.707152
    outer loop
      vertex -16.1365 15.5973 2.80438
      vertex -16.3186 16.2111 3.10438
      vertex -16.0245 16.1517 2.80438
    endloop
  endfacet
  facet normal -0.69306 0.140012 -0.707152
    outer loop
      vertex -16.3186 16.2111 3.10438
      vertex -16.1365 15.5973 2.80438
      vertex -16.4306 15.6567 3.10438
    endloop
  endfacet
  facet normal -0.697153 0.118926 -0.70699
    outer loop
      vertex -16.1365 15.5973 2.80438
      vertex -16.4335 15.6397 3.10438
      vertex -16.4306 15.6567 3.10438
    endloop
  endfacet
  facet normal -0.702823 0.0790156 0.706963
    outer loop
      vertex -16.5138 15.078 5.50438
      vertex -16.5157 15.0611 5.50438
      vertex -16.2168 15.0356 5.80438
    endloop
  endfacet
  facet normal -0.641758 0.297041 -0.707046
    outer loop
      vertex -15.5043 17.7479 2.80438
      vertex -15.5441 18.376 3.10438
      vertex -15.2719 18.25 2.80438
    endloop
  endfacet
  facet normal -0.641758 0.297041 -0.707046
    outer loop
      vertex -15.5441 18.376 3.10438
      vertex -15.5043 17.7479 2.80438
      vertex -15.7765 17.8739 3.10438
    endloop
  endfacet
  facet normal 0.01247 -0.707052 0.707052
    outer loop
      vertex 8.74684 -22.6 5.80438
      vertex 8.74684 -22.9 5.50438
      vertex 8.75818 -22.8998 5.50438
    endloop
  endfacet
  facet normal 0 0.707107 -0.707107
    outer loop
      vertex -8.74684 22.6 2.80438
      vertex 8.74684 22.9 3.10438
      vertex 8.74684 22.6 2.80438
    endloop
  endfacet
  facet normal 0 0.707107 -0.707107
    outer loop
      vertex 8.74684 22.9 3.10438
      vertex -8.74684 22.6 2.80438
      vertex -8.74684 22.9 3.10438
    endloop
  endfacet
  facet normal 0.974097 0.22613 0
    outer loop
      vertex 16.3186 16.2111 5.50438
      vertex 16.3147 16.2279 3.10438
      vertex 16.3147 16.2279 5.50438
    endloop
  endfacet
  facet normal 0.974097 0.22613 0
    outer loop
      vertex 16.3147 16.2279 3.10438
      vertex 16.3186 16.2111 5.50438
      vertex 16.3186 16.2111 3.10438
    endloop
  endfacet
  facet normal 0.641758 0.297041 -0.707046
    outer loop
      vertex 15.5043 17.7479 2.80438
      vertex 15.5441 18.376 3.10438
      vertex 15.7765 17.8739 3.10438
    endloop
  endfacet
  facet normal 0.641758 0.297041 -0.707046
    outer loop
      vertex 15.5441 18.376 3.10438
      vertex 15.5043 17.7479 2.80438
      vertex 15.2719 18.25 2.80438
    endloop
  endfacet
  facet normal -0.549164 0.445411 0.707126
    outer loop
      vertex -14.3075 20.2408 5.50438
      vertex -14.4115 19.6363 5.80438
      vertex -14.0745 20.0518 5.80438
    endloop
  endfacet
  facet normal -0.549164 0.445411 0.707126
    outer loop
      vertex -14.4115 19.6363 5.80438
      vertex -14.3075 20.2408 5.50438
      vertex -14.6445 19.8253 5.50438
    endloop
  endfacet
  facet normal -0.493606 -0.869686 0
    outer loop
      vertex -12.2368 -21.9581 3.10438
      vertex -12.2183 -21.9686 5.50438
      vertex -12.2368 -21.9581 5.50438
    endloop
  endfacet
  facet normal -0.493606 -0.869686 -0
    outer loop
      vertex -12.2183 -21.9686 5.50438
      vertex -12.2368 -21.9581 3.10438
      vertex -12.2183 -21.9686 3.10438
    endloop
  endfacet
  facet normal -0.672198 0.219146 0.707195
    outer loop
      vertex -15.993 17.3223 5.50438
      vertex -15.8814 16.6965 5.80438
      vertex -15.7077 17.2293 5.80438
    endloop
  endfacet
  facet normal -0.672342 0.219066 0.707083
    outer loop
      vertex -15.8814 16.6965 5.80438
      vertex -15.993 17.3223 5.50438
      vertex -16.1666 16.7895 5.50438
    endloop
  endfacet
  facet normal 0.989935 -0.14152 0
    outer loop
      vertex 16.4335 -15.6397 5.50438
      vertex 16.5138 -15.078 3.10438
      vertex 16.5138 -15.078 5.50438
    endloop
  endfacet
  facet normal 0.989935 -0.14152 0
    outer loop
      vertex 16.5138 -15.078 3.10438
      vertex 16.4335 -15.6397 5.50438
      vertex 16.4335 -15.6397 3.10438
    endloop
  endfacet
  facet normal 0.01247 0.707052 -0.707052
    outer loop
      vertex 8.75818 22.8998 3.10438
      vertex 8.74684 22.6 2.80438
      vertex 8.74684 22.9 3.10438
    endloop
  endfacet
  facet normal 0.112998 0.993595 -0
    outer loop
      vertex 9.76418 22.8236 3.10438
      vertex 9.27353 22.8794 5.50438
      vertex 9.76418 22.8236 5.50438
    endloop
  endfacet
  facet normal 0.112998 0.993595 0
    outer loop
      vertex 9.27353 22.8794 5.50438
      vertex 9.76418 22.8236 3.10438
      vertex 9.27353 22.8794 3.10438
    endloop
  endfacet
  facet normal 0.930895 0.365286 0
    outer loop
      vertex 15.987 17.3389 5.50438
      vertex 15.7835 17.8575 3.10438
      vertex 15.7835 17.8575 5.50438
    endloop
  endfacet
  facet normal 0.930895 0.365286 0
    outer loop
      vertex 15.7835 17.8575 3.10438
      vertex 15.987 17.3389 5.50438
      vertex 15.987 17.3389 3.10438
    endloop
  endfacet
  facet normal 0.706918 0.0200024 -0.707013
    outer loop
      vertex 16.2813 13.9 2.80438
      vertex 16.565 14.4775 3.10438
      vertex 16.5811 13.9085 3.10438
    endloop
  endfacet
  facet normal 0.706796 0.0201232 -0.707131
    outer loop
      vertex 16.565 14.4775 3.10438
      vertex 16.2813 13.9 2.80438
      vertex 16.2651 14.469 2.80438
    endloop
  endfacet
  facet normal 0.658205 0.258281 -0.707147
    outer loop
      vertex 15.7077 17.2293 2.80438
      vertex 15.7835 17.8575 3.10438
      vertex 15.987 17.3389 3.10438
    endloop
  endfacet
  facet normal 0.65835 0.258211 -0.707038
    outer loop
      vertex 15.7835 17.8575 3.10438
      vertex 15.7077 17.2293 2.80438
      vertex 15.5043 17.7479 2.80438
    endloop
  endfacet
  facet normal -0.493606 0.869686 0
    outer loop
      vertex -12.2183 21.9686 3.10438
      vertex -12.2368 21.9581 5.50438
      vertex -12.2183 21.9686 5.50438
    endloop
  endfacet
  facet normal -0.493606 0.869686 0
    outer loop
      vertex -12.2368 21.9581 5.50438
      vertex -12.2183 21.9686 3.10438
      vertex -12.2368 21.9581 3.10438
    endloop
  endfacet
  facet normal 0.815183 0.579204 0
    outer loop
      vertex 14.9688 19.37 5.50438
      vertex 14.6561 19.8101 3.10438
      vertex 14.6561 19.8101 5.50438
    endloop
  endfacet
  facet normal 0.815183 0.579204 0
    outer loop
      vertex 14.6561 19.8101 3.10438
      vertex 14.9688 19.37 5.50438
      vertex 14.9688 19.37 3.10438
    endloop
  endfacet
  facet normal 0.907504 0.420044 0
    outer loop
      vertex 15.7765 17.8739 5.50438
      vertex 15.5441 18.376 3.10438
      vertex 15.5441 18.376 5.50438
    endloop
  endfacet
  facet normal 0.907504 0.420044 0
    outer loop
      vertex 15.5441 18.376 3.10438
      vertex 15.7765 17.8739 5.50438
      vertex 15.7765 17.8739 3.10438
    endloop
  endfacet
  facet normal 0.661295 0.750126 -0
    outer loop
      vertex 13.5399 21.0199 3.10438
      vertex 13.5247 21.0333 5.50438
      vertex 13.5399 21.0199 5.50438
    endloop
  endfacet
  facet normal 0.661295 0.750126 0
    outer loop
      vertex 13.5247 21.0333 5.50438
      vertex 13.5399 21.0199 3.10438
      vertex 13.5247 21.0333 3.10438
    endloop
  endfacet
  facet normal 0.535187 0.462372 -0.706956
    outer loop
      vertex 14.3075 20.2408 3.10438
      vertex 14.0745 20.0518 2.80438
      vertex 14.2948 20.2555 3.10438
    endloop
  endfacet
  facet normal 0.562223 0.429065 -0.706971
    outer loop
      vertex 14.6561 19.8101 3.10438
      vertex 14.4115 19.6363 2.80438
      vertex 14.6445 19.8253 3.10438
    endloop
  endfacet
  facet normal 0.940453 0.339923 0
    outer loop
      vertex 15.993 17.3223 5.50438
      vertex 15.987 17.3389 3.10438
      vertex 15.987 17.3389 5.50438
    endloop
  endfacet
  facet normal 0.940453 0.339923 0
    outer loop
      vertex 15.987 17.3389 3.10438
      vertex 15.993 17.3223 5.50438
      vertex 15.993 17.3223 3.10438
    endloop
  endfacet
  facet normal 0.677865 0.201745 0.706964
    outer loop
      vertex 16.1666 16.7895 5.50438
      vertex 15.8814 16.6965 5.80438
      vertex 16.1716 16.7727 5.50438
    endloop
  endfacet
  facet normal 0.622532 0.335348 -0.707103
    outer loop
      vertex 15.2719 18.25 2.80438
      vertex 15.2756 18.8757 3.10438
      vertex 15.536 18.3923 3.10438
    endloop
  endfacet
  facet normal 0.622611 0.335321 -0.707047
    outer loop
      vertex 15.2756 18.8757 3.10438
      vertex 15.2719 18.25 2.80438
      vertex 15.0115 18.7335 2.80438
    endloop
  endfacet
  facet normal 0.650547 0.277672 -0.706885
    outer loop
      vertex 15.7835 17.8575 3.10438
      vertex 15.5043 17.7479 2.80438
      vertex 15.7765 17.8739 3.10438
    endloop
  endfacet
  facet normal 0.919724 0.392565 0
    outer loop
      vertex 15.7835 17.8575 5.50438
      vertex 15.7765 17.8739 3.10438
      vertex 15.7765 17.8739 5.50438
    endloop
  endfacet
  facet normal 0.919724 0.392565 0
    outer loop
      vertex 15.7765 17.8739 3.10438
      vertex 15.7835 17.8575 5.50438
      vertex 15.7835 17.8575 3.10438
    endloop
  endfacet
  facet normal -0.641758 -0.297041 0.707046
    outer loop
      vertex -15.5043 -17.7479 5.80438
      vertex -15.5441 -18.376 5.50438
      vertex -15.2719 -18.25 5.80438
    endloop
  endfacet
  facet normal -0.641758 -0.297041 0.707046
    outer loop
      vertex -15.5441 -18.376 5.50438
      vertex -15.5043 -17.7479 5.80438
      vertex -15.7765 -17.8739 5.50438
    endloop
  endfacet
  facet normal -0.535187 0.462372 -0.706956
    outer loop
      vertex -14.0745 20.0518 2.80438
      vertex -14.3075 20.2408 3.10438
      vertex -14.2948 20.2555 3.10438
    endloop
  endfacet
  facet normal 0.996371 0.0851119 0
    outer loop
      vertex 16.5641 14.4945 5.50438
      vertex 16.5157 15.0611 3.10438
      vertex 16.5157 15.0611 5.50438
    endloop
  endfacet
  facet normal 0.996371 0.0851119 0
    outer loop
      vertex 16.5157 15.0611 3.10438
      vertex 16.5641 14.4945 5.50438
      vertex 16.5641 14.4945 3.10438
    endloop
  endfacet
  facet normal -0.5547 0.83205 0
    outer loop
      vertex -12.6716 21.6897 3.10438
      vertex -12.689 21.6781 5.50438
      vertex -12.6716 21.6897 5.50438
    endloop
  endfacet
  facet normal -0.5547 0.83205 0
    outer loop
      vertex -12.689 21.6781 5.50438
      vertex -12.6716 21.6897 3.10438
      vertex -12.689 21.6781 3.10438
    endloop
  endfacet
  facet normal 0 1 -0
    outer loop
      vertex 8.74684 22.9 3.10438
      vertex -8.74684 22.9 5.50438
      vertex 8.74684 22.9 5.50438
    endloop
  endfacet
  facet normal 0 1 0
    outer loop
      vertex -8.74684 22.9 5.50438
      vertex 8.74684 22.9 3.10438
      vertex -8.74684 22.9 3.10438
    endloop
  endfacet
  facet normal 0.989935 0.14152 0
    outer loop
      vertex 16.5138 15.078 5.50438
      vertex 16.4335 15.6397 3.10438
      vertex 16.4335 15.6397 5.50438
    endloop
  endfacet
  facet normal 0.989935 0.14152 0
    outer loop
      vertex 16.4335 15.6397 3.10438
      vertex 16.5138 15.078 5.50438
      vertex 16.5138 15.078 3.10438
    endloop
  endfacet
  facet normal 0.702823 0.0790156 0.706963
    outer loop
      vertex 16.5138 15.078 5.50438
      vertex 16.2168 15.0356 5.80438
      vertex 16.5157 15.0611 5.50438
    endloop
  endfacet
  facet normal -0.158127 -0.689435 -0.706877
    outer loop
      vertex -10.2729 -22.7275 3.10438
      vertex -10.2947 -22.7225 3.10438
      vertex -10.2167 -22.4328 2.80438
    endloop
  endfacet
  facet normal 0.704441 -0.0601746 0.707207
    outer loop
      vertex 16.2651 -14.469 5.80438
      vertex 16.5157 -15.0611 5.50438
      vertex 16.5641 -14.4945 5.50438
    endloop
  endfacet
  facet normal 0.704568 -0.0600611 0.70709
    outer loop
      vertex 16.5157 -15.0611 5.50438
      vertex 16.2651 -14.469 5.80438
      vertex 16.2168 -15.0356 5.80438
    endloop
  endfacet
  facet normal 0.687803 -0.725898 0
    outer loop
      vertex 13.5399 -21.0199 3.10438
      vertex 13.921 -20.6588 5.50438
      vertex 13.5399 -21.0199 5.50438
    endloop
  endfacet
  facet normal 0.687803 -0.725898 0
    outer loop
      vertex 13.921 -20.6588 5.50438
      vertex 13.5399 -21.0199 3.10438
      vertex 13.921 -20.6588 3.10438
    endloop
  endfacet
  facet normal 0.467767 -0.530601 0.706864
    outer loop
      vertex 13.5399 -21.0199 5.50438
      vertex 13.3335 -20.8022 5.80438
      vertex 13.5247 -21.0333 5.50438
    endloop
  endfacet
  facet normal 0.103737 0.699753 -0.706813
    outer loop
      vertex 9.78644 22.8203 3.10438
      vertex 9.73027 22.5256 2.80438
      vertex 9.76418 22.8236 3.10438
    endloop
  endfacet
  facet normal 0.699977 -0.100068 0.70712
    outer loop
      vertex 16.2168 -15.0356 5.80438
      vertex 16.4335 -15.6397 5.50438
      vertex 16.5138 -15.078 5.50438
    endloop
  endfacet
  facet normal 0.699977 -0.100068 0.70712
    outer loop
      vertex 16.4335 -15.6397 5.50438
      vertex 16.2168 -15.0356 5.80438
      vertex 16.1365 -15.5973 5.80438
    endloop
  endfacet
  facet normal 0.658205 -0.258281 0.707147
    outer loop
      vertex 15.7077 -17.2293 5.80438
      vertex 15.7835 -17.8575 5.50438
      vertex 15.987 -17.3389 5.50438
    endloop
  endfacet
  facet normal 0.65835 -0.258211 0.707038
    outer loop
      vertex 15.7835 -17.8575 5.50438
      vertex 15.7077 -17.2293 5.80438
      vertex 15.5043 -17.7479 5.80438
    endloop
  endfacet
  facet normal 0.919724 -0.392565 0
    outer loop
      vertex 15.7765 -17.8739 5.50438
      vertex 15.7835 -17.8575 3.10438
      vertex 15.7835 -17.8575 5.50438
    endloop
  endfacet
  facet normal 0.919724 -0.392565 0
    outer loop
      vertex 15.7835 -17.8575 3.10438
      vertex 15.7765 -17.8739 5.50438
      vertex 15.7765 -17.8739 3.10438
    endloop
  endfacet
  facet normal 0.707009 -0.0166355 -0.707009
    outer loop
      vertex 16.5811 -13.9085 3.10438
      vertex 16.2813 -13.9 2.80438
      vertex 16.5813 -13.9 3.10438
    endloop
  endfacet
  facet normal 0.611586 -0.791178 0
    outer loop
      vertex 13.1077 -21.3775 3.10438
      vertex 13.124 -21.3649 5.50438
      vertex 13.1077 -21.3775 5.50438
    endloop
  endfacet
  facet normal 0.611586 -0.791178 0
    outer loop
      vertex 13.124 -21.3649 5.50438
      vertex 13.1077 -21.3775 3.10438
      vertex 13.124 -21.3649 3.10438
    endloop
  endfacet
  facet normal 0.450862 -0.544814 0.707037
    outer loop
      vertex 13.3335 -20.8022 5.80438
      vertex 13.124 -21.3649 5.50438
      vertex 13.5247 -21.0333 5.50438
    endloop
  endfacet
  facet normal 0.450747 -0.544811 0.707112
    outer loop
      vertex 13.124 -21.3649 5.50438
      vertex 13.3335 -20.8022 5.80438
      vertex 12.9327 -21.1338 5.80438
    endloop
  endfacet
  facet normal 0.0176339 -0.999845 0
    outer loop
      vertex 8.74684 -22.9 3.10438
      vertex 8.75818 -22.8998 5.50438
      vertex 8.74684 -22.9 5.50438
    endloop
  endfacet
  facet normal 0.0176339 -0.999845 0
    outer loop
      vertex 8.75818 -22.8998 5.50438
      vertex 8.74684 -22.9 3.10438
      vertex 8.75818 -22.8998 3.10438
    endloop
  endfacet
  facet normal -0.132509 0.694574 0.707113
    outer loop
      vertex -9.78644 22.8203 5.50438
      vertex -10.2167 22.4328 5.80438
      vertex -9.73027 22.5256 5.80438
    endloop
  endfacet
  facet normal -0.1325 0.694569 0.70712
    outer loop
      vertex -10.2167 22.4328 5.80438
      vertex -9.78644 22.8203 5.50438
      vertex -10.2729 22.7275 5.50438
    endloop
  endfacet
  facet normal 0.697153 -0.118926 0.70699
    outer loop
      vertex 16.4335 -15.6397 5.50438
      vertex 16.1365 -15.5973 5.80438
      vertex 16.4306 -15.6567 5.50438
    endloop
  endfacet
  facet normal 0.849686 -0.52729 0
    outer loop
      vertex 14.9792 -19.3544 5.50438
      vertex 15.2664 -18.8916 3.10438
      vertex 15.2664 -18.8916 5.50438
    endloop
  endfacet
  facet normal 0.849686 -0.52729 0
    outer loop
      vertex 15.2664 -18.8916 3.10438
      vertex 14.9792 -19.3544 5.50438
      vertex 14.9792 -19.3544 3.10438
    endloop
  endfacet
  facet normal 0.576443 -0.409574 0.707081
    outer loop
      vertex 14.7243 -19.1962 5.80438
      vertex 14.6561 -19.8101 5.50438
      vertex 14.9688 -19.37 5.50438
    endloop
  endfacet
  facet normal 0.576302 -0.409606 0.707177
    outer loop
      vertex 14.6561 -19.8101 5.50438
      vertex 14.7243 -19.1962 5.80438
      vertex 14.4115 -19.6363 5.80438
    endloop
  endfacet
  facet normal -0.672198 0.219146 -0.707195
    outer loop
      vertex -15.8814 16.6965 2.80438
      vertex -15.993 17.3223 3.10438
      vertex -15.7077 17.2293 2.80438
    endloop
  endfacet
  facet normal -0.672342 0.219066 -0.707083
    outer loop
      vertex -15.993 17.3223 3.10438
      vertex -15.8814 16.6965 2.80438
      vertex -16.1666 16.7895 3.10438
    endloop
  endfacet
  facet normal 0.330653 0.943752 -0
    outer loop
      vertex 11.2679 22.4214 3.10438
      vertex 10.7961 22.5867 5.50438
      vertex 11.2679 22.4214 5.50438
    endloop
  endfacet
  facet normal 0.330653 0.943752 0
    outer loop
      vertex 10.7961 22.5867 5.50438
      vertex 11.2679 22.4214 3.10438
      vertex 10.7961 22.5867 3.10438
    endloop
  endfacet
  facet normal -0.622611 0.335321 -0.707047
    outer loop
      vertex -15.2719 18.25 2.80438
      vertex -15.2756 18.8757 3.10438
      vertex -15.0115 18.7335 2.80438
    endloop
  endfacet
  facet normal -0.622532 0.335348 -0.707103
    outer loop
      vertex -15.2756 18.8757 3.10438
      vertex -15.2719 18.25 2.80438
      vertex -15.536 18.3923 3.10438
    endloop
  endfacet
  facet normal -0.98576 0.168159 0
    outer loop
      vertex -16.4335 15.6397 3.10438
      vertex -16.4306 15.6567 5.50438
      vertex -16.4306 15.6567 3.10438
    endloop
  endfacet
  facet normal -0.98576 0.168159 0
    outer loop
      vertex -16.4306 15.6567 5.50438
      vertex -16.4335 15.6397 3.10438
      vertex -16.4335 15.6397 5.50438
    endloop
  endfacet
  facet normal 0.683865 -0.179628 -0.707151
    outer loop
      vertex 16.1716 -16.7727 3.10438
      vertex 16.0245 -16.1517 2.80438
      vertex 16.3147 -16.2279 3.10438
    endloop
  endfacet
  facet normal 0.683865 -0.179628 -0.707151
    outer loop
      vertex 16.0245 -16.1517 2.80438
      vertex 16.1716 -16.7727 3.10438
      vertex 15.8814 -16.6965 2.80438
    endloop
  endfacet
  facet normal -0.562223 -0.429065 -0.706971
    outer loop
      vertex -14.6445 -19.8253 3.10438
      vertex -14.6561 -19.8101 3.10438
      vertex -14.4115 -19.6363 2.80438
    endloop
  endfacet
  facet normal -0.996371 0.0851119 0
    outer loop
      vertex -16.5641 14.4945 3.10438
      vertex -16.5157 15.0611 5.50438
      vertex -16.5157 15.0611 3.10438
    endloop
  endfacet
  facet normal -0.996371 0.0851119 0
    outer loop
      vertex -16.5157 15.0611 5.50438
      vertex -16.5641 14.4945 3.10438
      vertex -16.5641 14.4945 5.50438
    endloop
  endfacet
  facet normal -0.707009 0.0166355 -0.707009
    outer loop
      vertex -16.2813 13.9 2.80438
      vertex -16.5813 13.9 3.10438
      vertex -16.5811 13.9085 3.10438
    endloop
  endfacet
  facet normal -0.999723 0.0235229 0
    outer loop
      vertex -16.5813 13.9 3.10438
      vertex -16.5811 13.9085 5.50438
      vertex -16.5811 13.9085 3.10438
    endloop
  endfacet
  facet normal -0.999723 0.0235229 0
    outer loop
      vertex -16.5811 13.9085 5.50438
      vertex -16.5813 13.9 3.10438
      vertex -16.5813 13.9 5.50438
    endloop
  endfacet
  facet normal -0.69306 -0.140012 -0.707152
    outer loop
      vertex -16.3186 -16.2111 3.10438
      vertex -16.1365 -15.5973 2.80438
      vertex -16.0245 -16.1517 2.80438
    endloop
  endfacet
  facet normal -0.69306 -0.140012 -0.707152
    outer loop
      vertex -16.1365 -15.5973 2.80438
      vertex -16.3186 -16.2111 3.10438
      vertex -16.4306 -15.6567 3.10438
    endloop
  endfacet
  facet normal -0.432573 -0.559599 0.706915
    outer loop
      vertex -12.9327 -21.1338 5.80438
      vertex -13.124 -21.3649 5.50438
      vertex -13.1077 -21.3775 5.50438
    endloop
  endfacet
  facet normal -0.183844 0.682769 -0.707127
    outer loop
      vertex -10.6969 22.3035 2.80438
      vertex -10.2947 22.7225 3.10438
      vertex -10.2167 22.4328 2.80438
    endloop
  endfacet
  facet normal -0.183844 0.682769 -0.707127
    outer loop
      vertex -10.2947 22.7225 3.10438
      vertex -10.6969 22.3035 2.80438
      vertex -10.7749 22.5932 3.10438
    endloop
  endfacet
  facet normal -0.699977 0.100068 -0.70712
    outer loop
      vertex -16.2168 15.0356 2.80438
      vertex -16.4335 15.6397 3.10438
      vertex -16.1365 15.5973 2.80438
    endloop
  endfacet
  facet normal -0.699977 0.100068 -0.70712
    outer loop
      vertex -16.4335 15.6397 3.10438
      vertex -16.2168 15.0356 2.80438
      vertex -16.5138 15.078 3.10438
    endloop
  endfacet
  facet normal -0.702823 0.0790156 -0.706963
    outer loop
      vertex -16.2168 15.0356 2.80438
      vertex -16.5157 15.0611 3.10438
      vertex -16.5138 15.078 3.10438
    endloop
  endfacet
  facet normal -0.699977 0.100068 0.70712
    outer loop
      vertex -16.4335 15.6397 5.50438
      vertex -16.2168 15.0356 5.80438
      vertex -16.1365 15.5973 5.80438
    endloop
  endfacet
  facet normal -0.699977 0.100068 0.70712
    outer loop
      vertex -16.2168 15.0356 5.80438
      vertex -16.4335 15.6397 5.50438
      vertex -16.5138 15.078 5.50438
    endloop
  endfacet
  facet normal -0.967192 0.254048 0
    outer loop
      vertex -16.3147 16.2279 3.10438
      vertex -16.1716 16.7727 5.50438
      vertex -16.1716 16.7727 3.10438
    endloop
  endfacet
  facet normal -0.967192 0.254048 0
    outer loop
      vertex -16.1716 16.7727 5.50438
      vertex -16.3147 16.2279 3.10438
      vertex -16.3147 16.2279 5.50438
    endloop
  endfacet
  facet normal -0.146645 0.989189 0
    outer loop
      vertex -9.76418 22.8236 3.10438
      vertex -9.78644 22.8203 5.50438
      vertex -9.76418 22.8236 5.50438
    endloop
  endfacet
  facet normal -0.146645 0.989189 0
    outer loop
      vertex -9.78644 22.8203 5.50438
      vertex -9.76418 22.8236 3.10438
      vertex -9.78644 22.8203 3.10438
    endloop
  endfacet
  facet normal 0.30445 0.638364 0.706967
    outer loop
      vertex 11.7497 22.2129 5.50438
      vertex 11.6301 21.9377 5.80438
      vertex 11.7692 22.2036 5.50438
    endloop
  endfacet
  facet normal 0.0799121 0.702668 0.707016
    outer loop
      vertex 9.27353 22.8794 5.50438
      vertex 9.73027 22.5256 5.80438
      vertex 9.76418 22.8236 5.50438
    endloop
  endfacet
  facet normal 0.0799121 0.702668 0.707016
    outer loop
      vertex 9.73027 22.5256 5.80438
      vertex 9.27353 22.8794 5.50438
      vertex 9.23962 22.5814 5.80438
    endloop
  endfacet
  facet normal 0.665085 0.240392 -0.707017
    outer loop
      vertex 15.993 17.3223 3.10438
      vertex 15.7077 17.2293 2.80438
      vertex 15.987 17.3389 3.10438
    endloop
  endfacet
  facet normal -0.281944 -0.648499 0.707076
    outer loop
      vertex -11.6301 -21.9377 5.80438
      vertex -11.2883 -22.4134 5.50438
      vertex -11.1687 -22.1383 5.80438
    endloop
  endfacet
  facet normal -0.281783 -0.648452 0.707184
    outer loop
      vertex -11.2883 -22.4134 5.50438
      vertex -11.6301 -21.9377 5.80438
      vertex -11.7497 -22.2129 5.50438
    endloop
  endfacet
  facet normal -0.665085 0.240392 -0.707017
    outer loop
      vertex -15.7077 17.2293 2.80438
      vertex -15.993 17.3223 3.10438
      vertex -15.987 17.3389 3.10438
    endloop
  endfacet
  facet normal -0.930895 0.365286 0
    outer loop
      vertex -15.987 17.3389 3.10438
      vertex -15.7835 17.8575 5.50438
      vertex -15.7835 17.8575 3.10438
    endloop
  endfacet
  facet normal -0.930895 0.365286 0
    outer loop
      vertex -15.7835 17.8575 5.50438
      vertex -15.987 17.3389 3.10438
      vertex -15.987 17.3389 5.50438
    endloop
  endfacet
  facet normal -0.650547 0.277672 0.706885
    outer loop
      vertex -15.7765 17.8739 5.50438
      vertex -15.7835 17.8575 5.50438
      vertex -15.5043 17.7479 5.80438
    endloop
  endfacet
  facet normal -0.895523 0.445015 0
    outer loop
      vertex -15.5441 18.376 3.10438
      vertex -15.536 18.3923 5.50438
      vertex -15.536 18.3923 3.10438
    endloop
  endfacet
  facet normal -0.895523 0.445015 0
    outer loop
      vertex -15.536 18.3923 5.50438
      vertex -15.5441 18.376 3.10438
      vertex -15.5441 18.376 5.50438
    endloop
  endfacet
  facet normal -0.65835 0.258211 -0.707038
    outer loop
      vertex -15.7077 17.2293 2.80438
      vertex -15.7835 17.8575 3.10438
      vertex -15.5043 17.7479 2.80438
    endloop
  endfacet
  facet normal -0.658205 0.258281 -0.707147
    outer loop
      vertex -15.7835 17.8575 3.10438
      vertex -15.7077 17.2293 2.80438
      vertex -15.987 17.3389 3.10438
    endloop
  endfacet
  facet normal -0.633407 0.31476 -0.70691
    outer loop
      vertex -15.2719 18.25 2.80438
      vertex -15.5441 18.376 3.10438
      vertex -15.536 18.3923 3.10438
    endloop
  endfacet
  facet normal -0.258253 0.658544 0.706842
    outer loop
      vertex -11.2679 22.4214 5.50438
      vertex -11.2883 22.4134 5.50438
      vertex -11.1687 22.1383 5.80438
    endloop
  endfacet
  facet normal -0.233653 0.667298 -0.707191
    outer loop
      vertex -11.1687 22.1383 2.80438
      vertex -10.7961 22.5867 3.10438
      vertex -10.6969 22.3035 2.80438
    endloop
  endfacet
  facet normal -0.233816 0.667359 -0.70708
    outer loop
      vertex -10.7961 22.5867 3.10438
      vertex -11.1687 22.1383 2.80438
      vertex -11.2679 22.4214 3.10438
    endloop
  endfacet
  facet normal 0.688889 -0.159921 0.707006
    outer loop
      vertex 16.3186 -16.2111 5.50438
      vertex 16.0245 -16.1517 5.80438
      vertex 16.3147 -16.2279 5.50438
    endloop
  endfacet
  facet normal -0.704568 -0.0600611 0.70709
    outer loop
      vertex -16.2651 -14.469 5.80438
      vertex -16.5157 -15.0611 5.50438
      vertex -16.2168 -15.0356 5.80438
    endloop
  endfacet
  facet normal -0.704441 -0.0601746 0.707207
    outer loop
      vertex -16.5157 -15.0611 5.50438
      vertex -16.2651 -14.469 5.80438
      vertex -16.5641 -14.4945 5.50438
    endloop
  endfacet
  facet normal 0.187387 0.982286 -0
    outer loop
      vertex 10.2729 22.7275 3.10438
      vertex 9.78644 22.8203 5.50438
      vertex 10.2729 22.7275 5.50438
    endloop
  endfacet
  facet normal 0.187387 0.982286 0
    outer loop
      vertex 9.78644 22.8203 5.50438
      vertex 10.2729 22.7275 3.10438
      vertex 9.78644 22.8203 3.10438
    endloop
  endfacet
  facet normal 0.519123 0.480042 -0.707157
    outer loop
      vertex 14.0745 20.0518 2.80438
      vertex 13.9349 20.6447 3.10438
      vertex 14.2948 20.2555 3.10438
    endloop
  endfacet
  facet normal 0.519123 0.480042 -0.707157
    outer loop
      vertex 13.9349 20.6447 3.10438
      vertex 14.0745 20.0518 2.80438
      vertex 13.7146 20.441 2.80438
    endloop
  endfacet
  facet normal 0.01247 0.707052 0.707052
    outer loop
      vertex 8.74684 22.9 5.50438
      vertex 8.74684 22.6 5.80438
      vertex 8.75818 22.8998 5.50438
    endloop
  endfacet
  facet normal 0.0176339 0.999845 -0
    outer loop
      vertex 8.75818 22.8998 3.10438
      vertex 8.74684 22.9 5.50438
      vertex 8.75818 22.8998 5.50438
    endloop
  endfacet
  facet normal 0.0176339 0.999845 0
    outer loop
      vertex 8.74684 22.9 5.50438
      vertex 8.75818 22.8998 3.10438
      vertex 8.74684 22.9 3.10438
    endloop
  endfacet
  facet normal 0.0268178 0.706699 0.707006
    outer loop
      vertex 8.75818 22.8998 5.50438
      vertex 9.23962 22.5814 5.80438
      vertex 9.25096 22.8811 5.50438
    endloop
  endfacet
  facet normal 0.0266701 0.706587 0.707124
    outer loop
      vertex 9.23962 22.5814 5.80438
      vertex 8.75818 22.8998 5.50438
      vertex 8.74684 22.6 5.80438
    endloop
  endfacet
  facet normal 0.672342 -0.219066 -0.707083
    outer loop
      vertex 15.993 -17.3223 3.10438
      vertex 15.8814 -16.6965 2.80438
      vertex 16.1666 -16.7895 3.10438
    endloop
  endfacet
  facet normal 0.672198 -0.219146 -0.707195
    outer loop
      vertex 15.8814 -16.6965 2.80438
      vertex 15.993 -17.3223 3.10438
      vertex 15.7077 -17.2293 2.80438
    endloop
  endfacet
  facet normal 0.688889 -0.159921 -0.707006
    outer loop
      vertex 16.3147 -16.2279 3.10438
      vertex 16.0245 -16.1517 2.80438
      vertex 16.3186 -16.2111 3.10438
    endloop
  endfacet
  facet normal -0.907504 0.420044 0
    outer loop
      vertex -15.7765 17.8739 3.10438
      vertex -15.5441 18.376 5.50438
      vertex -15.5441 18.376 3.10438
    endloop
  endfacet
  facet normal -0.907504 0.420044 0
    outer loop
      vertex -15.5441 18.376 5.50438
      vertex -15.7765 17.8739 3.10438
      vertex -15.7765 17.8739 5.50438
    endloop
  endfacet
  facet normal 0.258253 0.658544 0.706842
    outer loop
      vertex 11.2679 22.4214 5.50438
      vertex 11.1687 22.1383 5.80438
      vertex 11.2883 22.4134 5.50438
    endloop
  endfacet
  facet normal 0.463631 0.886028 -0
    outer loop
      vertex 12.2183 21.9686 3.10438
      vertex 11.7692 22.2036 5.50438
      vertex 12.2183 21.9686 5.50438
    endloop
  endfacet
  facet normal 0.463631 0.886028 0
    outer loop
      vertex 11.7692 22.2036 5.50438
      vertex 12.2183 21.9686 3.10438
      vertex 11.7692 22.2036 3.10438
    endloop
  endfacet
  facet normal 0.5547 0.83205 -0
    outer loop
      vertex 12.689 21.6781 3.10438
      vertex 12.6716 21.6897 5.50438
      vertex 12.689 21.6781 5.50438
    endloop
  endfacet
  facet normal 0.5547 0.83205 0
    outer loop
      vertex 12.6716 21.6897 5.50438
      vertex 12.689 21.6781 3.10438
      vertex 12.6716 21.6897 3.10438
    endloop
  endfacet
  facet normal 0.365088 0.930973 -0
    outer loop
      vertex 11.2883 22.4134 3.10438
      vertex 11.2679 22.4214 5.50438
      vertex 11.2883 22.4134 5.50438
    endloop
  endfacet
  facet normal 0.365088 0.930973 0
    outer loop
      vertex 11.2679 22.4214 5.50438
      vertex 11.2883 22.4134 3.10438
      vertex 11.2679 22.4214 3.10438
    endloop
  endfacet
  facet normal -0.940453 -0.339923 0
    outer loop
      vertex -15.987 -17.3389 3.10438
      vertex -15.993 -17.3223 5.50438
      vertex -15.993 -17.3223 3.10438
    endloop
  endfacet
  facet normal -0.940453 -0.339923 0
    outer loop
      vertex -15.993 -17.3223 5.50438
      vertex -15.987 -17.3389 3.10438
      vertex -15.987 -17.3389 5.50438
    endloop
  endfacet
  facet normal -0.519123 0.480042 0.707157
    outer loop
      vertex -13.9349 20.6447 5.50438
      vertex -14.0745 20.0518 5.80438
      vertex -13.7146 20.441 5.80438
    endloop
  endfacet
  facet normal -0.519123 0.480042 0.707157
    outer loop
      vertex -14.0745 20.0518 5.80438
      vertex -13.9349 20.6447 5.50438
      vertex -14.2948 20.2555 5.50438
    endloop
  endfacet
  facet normal 0.103737 0.699753 0.706813
    outer loop
      vertex 9.76418 22.8236 5.50438
      vertex 9.73027 22.5256 5.80438
      vertex 9.78644 22.8203 5.50438
    endloop
  endfacet
  facet normal 0.392371 -0.588557 0.706856
    outer loop
      vertex 12.689 -21.6781 5.50438
      vertex 12.5141 -21.4344 5.80438
      vertex 12.6716 -21.6897 5.50438
    endloop
  endfacet
  facet normal 0.349135 0.615142 -0.706898
    outer loop
      vertex 12.2368 21.9581 3.10438
      vertex 12.0792 21.7028 2.80438
      vertex 12.2183 21.9686 3.10438
    endloop
  endfacet
  facet normal -0.32768 0.626484 -0.707208
    outer loop
      vertex -12.0792 21.7028 2.80438
      vertex -11.7692 22.2036 3.10438
      vertex -11.6301 21.9377 2.80438
    endloop
  endfacet
  facet normal -0.327838 0.626519 -0.707104
    outer loop
      vertex -11.7692 22.2036 3.10438
      vertex -12.0792 21.7028 2.80438
      vertex -12.2183 21.9686 3.10438
    endloop
  endfacet
  facet normal -0.637552 0.770407 0
    outer loop
      vertex -13.124 21.3649 3.10438
      vertex -13.5247 21.0333 5.50438
      vertex -13.124 21.3649 5.50438
    endloop
  endfacet
  facet normal -0.637552 0.770407 0
    outer loop
      vertex -13.5247 21.0333 5.50438
      vertex -13.124 21.3649 3.10438
      vertex -13.5247 21.0333 3.10438
    endloop
  endfacet
  facet normal -0.233653 -0.667298 0.707191
    outer loop
      vertex -11.1687 -22.1383 5.80438
      vertex -10.7961 -22.5867 5.50438
      vertex -10.6969 -22.3035 5.80438
    endloop
  endfacet
  facet normal -0.233816 -0.667359 0.70708
    outer loop
      vertex -10.7961 -22.5867 5.50438
      vertex -11.1687 -22.1383 5.80438
      vertex -11.2679 -22.4214 5.50438
    endloop
  endfacet
  facet normal -0.815183 -0.579204 0
    outer loop
      vertex -14.6561 -19.8101 3.10438
      vertex -14.9688 -19.37 5.50438
      vertex -14.9688 -19.37 3.10438
    endloop
  endfacet
  facet normal -0.815183 -0.579204 0
    outer loop
      vertex -14.9688 -19.37 5.50438
      vertex -14.6561 -19.8101 3.10438
      vertex -14.6561 -19.8101 5.50438
    endloop
  endfacet
  facet normal 0.672342 0.219066 -0.707083
    outer loop
      vertex 15.8814 16.6965 2.80438
      vertex 15.993 17.3223 3.10438
      vertex 16.1666 16.7895 3.10438
    endloop
  endfacet
  facet normal 0.672198 0.219146 -0.707195
    outer loop
      vertex 15.993 17.3223 3.10438
      vertex 15.8814 16.6965 2.80438
      vertex 15.7077 17.2293 2.80438
    endloop
  endfacet
  facet normal 0.794951 -0.606673 0
    outer loop
      vertex 14.6445 -19.8253 5.50438
      vertex 14.6561 -19.8101 3.10438
      vertex 14.6561 -19.8101 5.50438
    endloop
  endfacet
  facet normal 0.794951 -0.606673 0
    outer loop
      vertex 14.6561 -19.8101 3.10438
      vertex 14.6445 -19.8253 5.50438
      vertex 14.6445 -19.8253 3.10438
    endloop
  endfacet
  facet normal -0.588502 -0.392335 -0.706922
    outer loop
      vertex -14.9688 -19.37 3.10438
      vertex -14.9792 -19.3544 3.10438
      vertex -14.7243 -19.1962 2.80438
    endloop
  endfacet
  facet normal -0.01247 0.707052 -0.707052
    outer loop
      vertex -8.74684 22.6 2.80438
      vertex -8.75818 22.8998 3.10438
      vertex -8.74684 22.9 3.10438
    endloop
  endfacet
  facet normal -0.0531358 0.705456 -0.706759
    outer loop
      vertex -9.23962 22.5814 2.80438
      vertex -9.27353 22.8794 3.10438
      vertex -9.25096 22.8811 3.10438
    endloop
  endfacet
  facet normal -0.103737 0.699753 0.706813
    outer loop
      vertex -9.76418 22.8236 5.50438
      vertex -9.78644 22.8203 5.50438
      vertex -9.73027 22.5256 5.80438
    endloop
  endfacet
  facet normal 0.650547 -0.277672 -0.706885
    outer loop
      vertex 15.7765 -17.8739 3.10438
      vertex 15.5043 -17.7479 2.80438
      vertex 15.7835 -17.8575 3.10438
    endloop
  endfacet
  facet normal -0.0799121 -0.702668 -0.707016
    outer loop
      vertex -9.27353 -22.8794 3.10438
      vertex -9.73027 -22.5256 2.80438
      vertex -9.23962 -22.5814 2.80438
    endloop
  endfacet
  facet normal -0.0799121 -0.702668 -0.707016
    outer loop
      vertex -9.73027 -22.5256 2.80438
      vertex -9.27353 -22.8794 3.10438
      vertex -9.76418 -22.8236 3.10438
    endloop
  endfacet
  facet normal -0.158127 0.689435 0.706877
    outer loop
      vertex -10.2729 22.7275 5.50438
      vertex -10.2947 22.7225 5.50438
      vertex -10.2167 22.4328 5.80438
    endloop
  endfacet
  facet normal 0.697153 0.118926 -0.70699
    outer loop
      vertex 16.4335 15.6397 3.10438
      vertex 16.1365 15.5973 2.80438
      vertex 16.4306 15.6567 3.10438
    endloop
  endfacet
  facet normal 0.7062 0.0373871 0.707024
    outer loop
      vertex 16.5641 14.4945 5.50438
      vertex 16.2651 14.469 5.80438
      vertex 16.565 14.4775 5.50438
    endloop
  endfacet
  facet normal -0.0799121 -0.702668 0.707016
    outer loop
      vertex -9.73027 -22.5256 5.80438
      vertex -9.27353 -22.8794 5.50438
      vertex -9.23962 -22.5814 5.80438
    endloop
  endfacet
  facet normal -0.0799121 -0.702668 0.707016
    outer loop
      vertex -9.27353 -22.8794 5.50438
      vertex -9.73027 -22.5256 5.80438
      vertex -9.76418 -22.8236 5.50438
    endloop
  endfacet
  facet normal -0.5832 0.812328 0
    outer loop
      vertex -12.689 21.6781 3.10438
      vertex -13.1077 21.3775 5.50438
      vertex -12.689 21.6781 5.50438
    endloop
  endfacet
  facet normal -0.5832 0.812328 0
    outer loop
      vertex -13.1077 21.3775 5.50438
      vertex -12.689 21.6781 3.10438
      vertex -13.1077 21.3775 3.10438
    endloop
  endfacet
  facet normal -0.146645 -0.989189 0
    outer loop
      vertex -9.78644 -22.8203 3.10438
      vertex -9.76418 -22.8236 5.50438
      vertex -9.78644 -22.8203 5.50438
    endloop
  endfacet
  facet normal -0.146645 -0.989189 -0
    outer loop
      vertex -9.76418 -22.8236 5.50438
      vertex -9.78644 -22.8203 3.10438
      vertex -9.76418 -22.8236 3.10438
    endloop
  endfacet
  facet normal 0.503651 -0.496507 -0.706976
    outer loop
      vertex 13.921 -20.6588 3.10438
      vertex 13.7146 -20.441 2.80438
      vertex 13.9349 -20.6447 3.10438
    endloop
  endfacet
  facet normal 0.450862 -0.544814 -0.707037
    outer loop
      vertex 13.124 -21.3649 3.10438
      vertex 13.3335 -20.8022 2.80438
      vertex 13.5247 -21.0333 3.10438
    endloop
  endfacet
  facet normal 0.450747 -0.544811 -0.707112
    outer loop
      vertex 13.3335 -20.8022 2.80438
      vertex 13.124 -21.3649 3.10438
      vertex 12.9327 -21.1338 2.80438
    endloop
  endfacet
  facet normal -0.704568 -0.0600611 -0.70709
    outer loop
      vertex -16.5157 -15.0611 3.10438
      vertex -16.2651 -14.469 2.80438
      vertex -16.2168 -15.0356 2.80438
    endloop
  endfacet
  facet normal -0.704441 -0.0601746 -0.707207
    outer loop
      vertex -16.2651 -14.469 2.80438
      vertex -16.5157 -15.0611 3.10438
      vertex -16.5641 -14.4945 3.10438
    endloop
  endfacet
  facet normal -0.392371 -0.588557 0.706856
    outer loop
      vertex -12.5141 -21.4344 5.80438
      vertex -12.689 -21.6781 5.50438
      vertex -12.6716 -21.6897 5.50438
    endloop
  endfacet
  facet normal -0.699977 -0.100068 0.70712
    outer loop
      vertex -16.2168 -15.0356 5.80438
      vertex -16.4335 -15.6397 5.50438
      vertex -16.1365 -15.5973 5.80438
    endloop
  endfacet
  facet normal -0.699977 -0.100068 0.70712
    outer loop
      vertex -16.4335 -15.6397 5.50438
      vertex -16.2168 -15.0356 5.80438
      vertex -16.5138 -15.078 5.50438
    endloop
  endfacet
  facet normal 0.69306 -0.140012 -0.707152
    outer loop
      vertex 16.3186 -16.2111 3.10438
      vertex 16.1365 -15.5973 2.80438
      vertex 16.4306 -15.6567 3.10438
    endloop
  endfacet
  facet normal 0.69306 -0.140012 -0.707152
    outer loop
      vertex 16.1365 -15.5973 2.80438
      vertex 16.3186 -16.2111 3.10438
      vertex 16.0245 -16.1517 2.80438
    endloop
  endfacet
  facet normal 0.600869 -0.372882 0.707047
    outer loop
      vertex 15.0115 -18.7335 5.80438
      vertex 14.9792 -19.3544 5.50438
      vertex 15.2664 -18.8916 5.50438
    endloop
  endfacet
  facet normal 0.60078 -0.372907 0.707109
    outer loop
      vertex 14.9792 -19.3544 5.50438
      vertex 15.0115 -18.7335 5.80438
      vertex 14.7243 -19.1962 5.80438
    endloop
  endfacet
  facet normal 0.158127 -0.689435 -0.706877
    outer loop
      vertex 10.2729 -22.7275 3.10438
      vertex 10.2167 -22.4328 2.80438
      vertex 10.2947 -22.7225 3.10438
    endloop
  endfacet
  facet normal 0.950803 -0.309796 0
    outer loop
      vertex 15.993 -17.3223 5.50438
      vertex 16.1666 -16.7895 3.10438
      vertex 16.1666 -16.7895 5.50438
    endloop
  endfacet
  facet normal 0.950803 -0.309796 0
    outer loop
      vertex 16.1666 -16.7895 3.10438
      vertex 15.993 -17.3223 5.50438
      vertex 15.993 -17.3223 3.10438
    endloop
  endfacet
  facet normal 0.930895 -0.365286 0
    outer loop
      vertex 15.7835 -17.8575 5.50438
      vertex 15.987 -17.3389 3.10438
      vertex 15.987 -17.3389 5.50438
    endloop
  endfacet
  facet normal 0.930895 -0.365286 0
    outer loop
      vertex 15.987 -17.3389 3.10438
      vertex 15.7835 -17.8575 5.50438
      vertex 15.7835 -17.8575 3.10438
    endloop
  endfacet
  facet normal 0.999723 -0.0235229 0
    outer loop
      vertex 16.5811 -13.9085 5.50438
      vertex 16.5813 -13.9 3.10438
      vertex 16.5813 -13.9 5.50438
    endloop
  endfacet
  facet normal 0.999723 -0.0235229 0
    outer loop
      vertex 16.5813 -13.9 3.10438
      vertex 16.5811 -13.9085 5.50438
      vertex 16.5811 -13.9085 3.10438
    endloop
  endfacet
  facet normal -0.0531358 -0.705456 0.706759
    outer loop
      vertex -9.23962 -22.5814 5.80438
      vertex -9.27353 -22.8794 5.50438
      vertex -9.25096 -22.8811 5.50438
    endloop
  endfacet
  facet normal -0.450747 0.544811 0.707112
    outer loop
      vertex -13.124 21.3649 5.50438
      vertex -13.3335 20.8022 5.80438
      vertex -12.9327 21.1338 5.80438
    endloop
  endfacet
  facet normal -0.450862 0.544814 0.707037
    outer loop
      vertex -13.3335 20.8022 5.80438
      vertex -13.124 21.3649 5.50438
      vertex -13.5247 21.0333 5.50438
    endloop
  endfacet
  facet normal 0.0268178 -0.706699 0.707006
    outer loop
      vertex 9.23962 -22.5814 5.80438
      vertex 8.75818 -22.8998 5.50438
      vertex 9.25096 -22.8811 5.50438
    endloop
  endfacet
  facet normal 0.0266701 -0.706587 0.707124
    outer loop
      vertex 8.75818 -22.8998 5.50438
      vertex 9.23962 -22.5814 5.80438
      vertex 8.74684 -22.6 5.80438
    endloop
  endfacet
  facet normal 0.432573 0.559599 0.706915
    outer loop
      vertex 13.1077 21.3775 5.50438
      vertex 12.9327 21.1338 5.80438
      vertex 13.124 21.3649 5.50438
    endloop
  endfacet
  facet normal 0.412368 -0.57438 0.707136
    outer loop
      vertex 12.9327 -21.1338 5.80438
      vertex 12.689 -21.6781 5.50438
      vertex 13.1077 -21.3775 5.50438
    endloop
  endfacet
  facet normal 0.412473 -0.574389 0.707067
    outer loop
      vertex 12.689 -21.6781 5.50438
      vertex 12.9327 -21.1338 5.80438
      vertex 12.5141 -21.4344 5.80438
    endloop
  endfacet
  facet normal -0.60078 0.372907 0.707109
    outer loop
      vertex -14.9792 19.3544 5.50438
      vertex -15.0115 18.7335 5.80438
      vertex -14.7243 19.1962 5.80438
    endloop
  endfacet
  facet normal -0.600869 0.372882 0.707047
    outer loop
      vertex -15.0115 18.7335 5.80438
      vertex -14.9792 19.3544 5.50438
      vertex -15.2664 18.8916 5.50438
    endloop
  endfacet
  facet normal 0.207334 -0.676227 0.706916
    outer loop
      vertex 10.7961 -22.5867 5.50438
      vertex 10.6969 -22.3035 5.80438
      vertex 10.7749 -22.5932 5.50438
    endloop
  endfacet
  facet normal 0.330653 -0.943752 0
    outer loop
      vertex 10.7961 -22.5867 3.10438
      vertex 11.2679 -22.4214 5.50438
      vertex 10.7961 -22.5867 5.50438
    endloop
  endfacet
  facet normal 0.330653 -0.943752 0
    outer loop
      vertex 11.2679 -22.4214 5.50438
      vertex 10.7961 -22.5867 3.10438
      vertex 11.2679 -22.4214 3.10438
    endloop
  endfacet
  facet normal -0.612232 0.354247 -0.706881
    outer loop
      vertex -15.0115 18.7335 2.80438
      vertex -15.2756 18.8757 3.10438
      vertex -15.2664 18.8916 3.10438
    endloop
  endfacet
  facet normal -0.412473 -0.574389 -0.707067
    outer loop
      vertex -12.689 -21.6781 3.10438
      vertex -12.9327 -21.1338 2.80438
      vertex -12.5141 -21.4344 2.80438
    endloop
  endfacet
  facet normal -0.412368 -0.57438 -0.707136
    outer loop
      vertex -12.9327 -21.1338 2.80438
      vertex -12.689 -21.6781 3.10438
      vertex -13.1077 -21.3775 3.10438
    endloop
  endfacet
  facet normal -0.293135 -0.956071 0
    outer loop
      vertex -10.7961 -22.5867 3.10438
      vertex -10.7749 -22.5932 5.50438
      vertex -10.7961 -22.5867 5.50438
    endloop
  endfacet
  facet normal -0.293135 -0.956071 -0
    outer loop
      vertex -10.7749 -22.5932 5.50438
      vertex -10.7961 -22.5867 3.10438
      vertex -10.7749 -22.5932 3.10438
    endloop
  endfacet
  facet normal -0.83205 -0.5547 0
    outer loop
      vertex -14.9688 -19.37 3.10438
      vertex -14.9792 -19.3544 5.50438
      vertex -14.9792 -19.3544 3.10438
    endloop
  endfacet
  facet normal -0.83205 -0.5547 0
    outer loop
      vertex -14.9792 -19.3544 5.50438
      vertex -14.9688 -19.37 3.10438
      vertex -14.9688 -19.37 5.50438
    endloop
  endfacet
  facet normal -0.612232 0.354247 0.706881
    outer loop
      vertex -15.2664 18.8916 5.50438
      vertex -15.2756 18.8757 5.50438
      vertex -15.0115 18.7335 5.80438
    endloop
  endfacet
  facet normal 0.697153 0.118926 0.70699
    outer loop
      vertex 16.4306 15.6567 5.50438
      vertex 16.1365 15.5973 5.80438
      vertex 16.4335 15.6397 5.50438
    endloop
  endfacet
  facet normal -0.349135 -0.615142 -0.706898
    outer loop
      vertex -12.2183 -21.9686 3.10438
      vertex -12.2368 -21.9581 3.10438
      vertex -12.0792 -21.7028 2.80438
    endloop
  endfacet
  facet normal -0.637552 -0.770407 0
    outer loop
      vertex -13.5247 -21.0333 3.10438
      vertex -13.124 -21.3649 5.50438
      vertex -13.5247 -21.0333 5.50438
    endloop
  endfacet
  facet normal -0.637552 -0.770407 -0
    outer loop
      vertex -13.124 -21.3649 5.50438
      vertex -13.5247 -21.0333 3.10438
      vertex -13.124 -21.3649 3.10438
    endloop
  endfacet
  facet normal -0.907504 -0.420044 0
    outer loop
      vertex -15.5441 -18.376 3.10438
      vertex -15.7765 -17.8739 5.50438
      vertex -15.7765 -17.8739 3.10438
    endloop
  endfacet
  facet normal -0.907504 -0.420044 0
    outer loop
      vertex -15.7765 -17.8739 5.50438
      vertex -15.5441 -18.376 3.10438
      vertex -15.5441 -18.376 5.50438
    endloop
  endfacet
  facet normal -0.688889 -0.159921 0.707006
    outer loop
      vertex -16.0245 -16.1517 5.80438
      vertex -16.3186 -16.2111 5.50438
      vertex -16.3147 -16.2279 5.50438
    endloop
  endfacet
  facet normal 0.600869 -0.372882 -0.707047
    outer loop
      vertex 14.9792 -19.3544 3.10438
      vertex 15.0115 -18.7335 2.80438
      vertex 15.2664 -18.8916 3.10438
    endloop
  endfacet
  facet normal 0.60078 -0.372907 -0.707109
    outer loop
      vertex 15.0115 -18.7335 2.80438
      vertex 14.9792 -19.3544 3.10438
      vertex 14.7243 -19.1962 2.80438
    endloop
  endfacet
  facet normal -0.974097 -0.22613 0
    outer loop
      vertex -16.3147 -16.2279 3.10438
      vertex -16.3186 -16.2111 5.50438
      vertex -16.3186 -16.2111 3.10438
    endloop
  endfacet
  facet normal -0.974097 -0.22613 0
    outer loop
      vertex -16.3186 -16.2111 5.50438
      vertex -16.3147 -16.2279 3.10438
      vertex -16.3147 -16.2279 5.50438
    endloop
  endfacet
  facet normal -0.697153 -0.118926 -0.70699
    outer loop
      vertex -16.4306 -15.6567 3.10438
      vertex -16.4335 -15.6397 3.10438
      vertex -16.1365 -15.5973 2.80438
    endloop
  endfacet
  facet normal -0.69306 -0.140012 0.707152
    outer loop
      vertex -16.1365 -15.5973 5.80438
      vertex -16.3186 -16.2111 5.50438
      vertex -16.0245 -16.1517 5.80438
    endloop
  endfacet
  facet normal -0.69306 -0.140012 0.707152
    outer loop
      vertex -16.3186 -16.2111 5.50438
      vertex -16.1365 -15.5973 5.80438
      vertex -16.4306 -15.6567 5.50438
    endloop
  endfacet
  facet normal -0.32768 -0.626484 -0.707208
    outer loop
      vertex -11.7692 -22.2036 3.10438
      vertex -12.0792 -21.7028 2.80438
      vertex -11.6301 -21.9377 2.80438
    endloop
  endfacet
  facet normal -0.327838 -0.626519 -0.707104
    outer loop
      vertex -12.0792 -21.7028 2.80438
      vertex -11.7692 -22.2036 3.10438
      vertex -12.2183 -21.9686 3.10438
    endloop
  endfacet
  facet normal 0.600869 0.372882 0.707047
    outer loop
      vertex 14.9792 19.3544 5.50438
      vertex 15.0115 18.7335 5.80438
      vertex 15.2664 18.8916 5.50438
    endloop
  endfacet
  facet normal 0.60078 0.372907 0.707109
    outer loop
      vertex 15.0115 18.7335 5.80438
      vertex 14.9792 19.3544 5.50438
      vertex 14.7243 19.1962 5.80438
    endloop
  endfacet
  facet normal -0.989935 0.14152 0
    outer loop
      vertex -16.5138 15.078 3.10438
      vertex -16.4335 15.6397 5.50438
      vertex -16.4335 15.6397 3.10438
    endloop
  endfacet
  facet normal -0.989935 0.14152 0
    outer loop
      vertex -16.4335 15.6397 5.50438
      vertex -16.5138 15.078 3.10438
      vertex -16.5138 15.078 5.50438
    endloop
  endfacet
  facet normal -0.697153 0.118926 0.70699
    outer loop
      vertex -16.4306 15.6567 5.50438
      vertex -16.4335 15.6397 5.50438
      vertex -16.1365 15.5973 5.80438
    endloop
  endfacet
  facet normal -0.65835 0.258211 0.707038
    outer loop
      vertex -15.7835 17.8575 5.50438
      vertex -15.7077 17.2293 5.80438
      vertex -15.5043 17.7479 5.80438
    endloop
  endfacet
  facet normal -0.658205 0.258281 0.707147
    outer loop
      vertex -15.7077 17.2293 5.80438
      vertex -15.7835 17.8575 5.50438
      vertex -15.987 17.3389 5.50438
    endloop
  endfacet
  facet normal -0.677865 0.201745 -0.706964
    outer loop
      vertex -15.8814 16.6965 2.80438
      vertex -16.1716 16.7727 3.10438
      vertex -16.1666 16.7895 3.10438
    endloop
  endfacet
  facet normal -0.7062 -0.0373871 0.707024
    outer loop
      vertex -16.2651 -14.469 5.80438
      vertex -16.565 -14.4775 5.50438
      vertex -16.5641 -14.4945 5.50438
    endloop
  endfacet
  facet normal 0.683865 0.179628 0.707151
    outer loop
      vertex 16.1716 16.7727 5.50438
      vertex 16.0245 16.1517 5.80438
      vertex 16.3147 16.2279 5.50438
    endloop
  endfacet
  facet normal 0.683865 0.179628 0.707151
    outer loop
      vertex 16.0245 16.1517 5.80438
      vertex 16.1716 16.7727 5.50438
      vertex 15.8814 16.6965 5.80438
    endloop
  endfacet
  facet normal -0.940453 0.339923 0
    outer loop
      vertex -15.993 17.3223 3.10438
      vertex -15.987 17.3389 5.50438
      vertex -15.987 17.3389 3.10438
    endloop
  endfacet
  facet normal -0.940453 0.339923 0
    outer loop
      vertex -15.987 17.3389 5.50438
      vertex -15.993 17.3223 3.10438
      vertex -15.993 17.3223 5.50438
    endloop
  endfacet
  facet normal -0.849686 0.52729 0
    outer loop
      vertex -15.2664 18.8916 3.10438
      vertex -14.9792 19.3544 5.50438
      vertex -14.9792 19.3544 3.10438
    endloop
  endfacet
  facet normal -0.849686 0.52729 0
    outer loop
      vertex -14.9792 19.3544 5.50438
      vertex -15.2664 18.8916 3.10438
      vertex -15.2664 18.8916 5.50438
    endloop
  endfacet
  facet normal -0.633407 0.31476 0.70691
    outer loop
      vertex -15.536 18.3923 5.50438
      vertex -15.5441 18.376 5.50438
      vertex -15.2719 18.25 5.80438
    endloop
  endfacet
  facet normal -0.622611 0.335321 0.707047
    outer loop
      vertex -15.2756 18.8757 5.50438
      vertex -15.2719 18.25 5.80438
      vertex -15.0115 18.7335 5.80438
    endloop
  endfacet
  facet normal -0.622532 0.335348 0.707103
    outer loop
      vertex -15.2719 18.25 5.80438
      vertex -15.2756 18.8757 5.50438
      vertex -15.536 18.3923 5.50438
    endloop
  endfacet
  facet normal -0.132509 0.694574 -0.707113
    outer loop
      vertex -10.2167 22.4328 2.80438
      vertex -9.78644 22.8203 3.10438
      vertex -9.73027 22.5256 2.80438
    endloop
  endfacet
  facet normal -0.1325 0.694569 -0.70712
    outer loop
      vertex -9.78644 22.8203 3.10438
      vertex -10.2167 22.4328 2.80438
      vertex -10.2729 22.7275 3.10438
    endloop
  endfacet
  facet normal -0.103737 0.699753 -0.706813
    outer loop
      vertex -9.73027 22.5256 2.80438
      vertex -9.78644 22.8203 3.10438
      vertex -9.76418 22.8236 3.10438
    endloop
  endfacet
  facet normal 0.699977 0.100068 -0.70712
    outer loop
      vertex 16.2168 15.0356 2.80438
      vertex 16.4335 15.6397 3.10438
      vertex 16.5138 15.078 3.10438
    endloop
  endfacet
  facet normal 0.699977 0.100068 -0.70712
    outer loop
      vertex 16.4335 15.6397 3.10438
      vertex 16.2168 15.0356 2.80438
      vertex 16.1365 15.5973 2.80438
    endloop
  endfacet
  facet normal -0.330653 0.943752 0
    outer loop
      vertex -10.7961 22.5867 3.10438
      vertex -11.2679 22.4214 5.50438
      vertex -10.7961 22.5867 5.50438
    endloop
  endfacet
  facet normal -0.330653 0.943752 0
    outer loop
      vertex -11.2679 22.4214 5.50438
      vertex -10.7961 22.5867 3.10438
      vertex -11.2679 22.4214 3.10438
    endloop
  endfacet
  facet normal -0.258253 0.658544 -0.706842
    outer loop
      vertex -11.1687 22.1383 2.80438
      vertex -11.2883 22.4134 3.10438
      vertex -11.2679 22.4214 3.10438
    endloop
  endfacet
  facet normal -0.365088 0.930973 0
    outer loop
      vertex -11.2679 22.4214 3.10438
      vertex -11.2883 22.4134 5.50438
      vertex -11.2679 22.4214 5.50438
    endloop
  endfacet
  facet normal -0.365088 0.930973 0
    outer loop
      vertex -11.2883 22.4134 5.50438
      vertex -11.2679 22.4214 3.10438
      vertex -11.2883 22.4134 3.10438
    endloop
  endfacet
  facet normal -0.432573 0.559599 -0.706915
    outer loop
      vertex -12.9327 21.1338 2.80438
      vertex -13.124 21.3649 3.10438
      vertex -13.1077 21.3775 3.10438
    endloop
  endfacet
  facet normal 0.633407 0.31476 -0.70691
    outer loop
      vertex 15.5441 18.376 3.10438
      vertex 15.2719 18.25 2.80438
      vertex 15.536 18.3923 3.10438
    endloop
  endfacet
  facet normal 0.0531358 0.705456 -0.706759
    outer loop
      vertex 9.27353 22.8794 3.10438
      vertex 9.23962 22.5814 2.80438
      vertex 9.25096 22.8811 3.10438
    endloop
  endfacet
  facet normal 0.0751085 0.997175 -0
    outer loop
      vertex 9.27353 22.8794 3.10438
      vertex 9.25096 22.8811 5.50438
      vertex 9.27353 22.8794 5.50438
    endloop
  endfacet
  facet normal 0.0751085 0.997175 0
    outer loop
      vertex 9.25096 22.8811 5.50438
      vertex 9.27353 22.8794 3.10438
      vertex 9.25096 22.8811 3.10438
    endloop
  endfacet
  facet normal 0.398544 -0.917149 0
    outer loop
      vertex 11.2883 -22.4134 3.10438
      vertex 11.7497 -22.2129 5.50438
      vertex 11.2883 -22.4134 5.50438
    endloop
  endfacet
  facet normal 0.398544 -0.917149 0
    outer loop
      vertex 11.7497 -22.2129 5.50438
      vertex 11.2883 -22.4134 3.10438
      vertex 11.7497 -22.2129 3.10438
    endloop
  endfacet
  facet normal 0.1325 0.694569 0.70712
    outer loop
      vertex 9.78644 22.8203 5.50438
      vertex 10.2167 22.4328 5.80438
      vertex 10.2729 22.7275 5.50438
    endloop
  endfacet
  facet normal 0.132509 0.694574 0.707113
    outer loop
      vertex 10.2167 22.4328 5.80438
      vertex 9.78644 22.8203 5.50438
      vertex 9.73027 22.5256 5.80438
    endloop
  endfacet
  facet normal 0.146645 0.989189 -0
    outer loop
      vertex 9.78644 22.8203 3.10438
      vertex 9.76418 22.8236 5.50438
      vertex 9.78644 22.8203 5.50438
    endloop
  endfacet
  facet normal 0.146645 0.989189 0
    outer loop
      vertex 9.76418 22.8236 5.50438
      vertex 9.78644 22.8203 3.10438
      vertex 9.76418 22.8236 3.10438
    endloop
  endfacet
  facet normal 0.0799121 -0.702668 0.707016
    outer loop
      vertex 9.73027 -22.5256 5.80438
      vertex 9.27353 -22.8794 5.50438
      vertex 9.76418 -22.8236 5.50438
    endloop
  endfacet
  facet normal 0.0799121 -0.702668 0.707016
    outer loop
      vertex 9.27353 -22.8794 5.50438
      vertex 9.73027 -22.5256 5.80438
      vertex 9.23962 -22.5814 5.80438
    endloop
  endfacet
  facet normal 0.260002 0.965608 -0
    outer loop
      vertex 10.7749 22.5932 3.10438
      vertex 10.2947 22.7225 5.50438
      vertex 10.7749 22.5932 5.50438
    endloop
  endfacet
  facet normal 0.260002 0.965608 0
    outer loop
      vertex 10.2947 22.7225 5.50438
      vertex 10.7749 22.5932 3.10438
      vertex 10.2947 22.7225 3.10438
    endloop
  endfacet
  facet normal 0.281783 0.648452 0.707184
    outer loop
      vertex 11.2883 22.4134 5.50438
      vertex 11.6301 21.9377 5.80438
      vertex 11.7497 22.2129 5.50438
    endloop
  endfacet
  facet normal 0.281944 0.648499 0.707076
    outer loop
      vertex 11.6301 21.9377 5.80438
      vertex 11.2883 22.4134 5.50438
      vertex 11.1687 22.1383 5.80438
    endloop
  endfacet
  facet normal 0.30445 0.638364 -0.706967
    outer loop
      vertex 11.7692 22.2036 3.10438
      vertex 11.6301 21.9377 2.80438
      vertex 11.7497 22.2129 3.10438
    endloop
  endfacet
  facet normal -0.503651 -0.496507 -0.706976
    outer loop
      vertex -13.921 -20.6588 3.10438
      vertex -13.9349 -20.6447 3.10438
      vertex -13.7146 -20.441 2.80438
    endloop
  endfacet
  facet normal 0.880389 0.474252 0
    outer loop
      vertex 15.536 18.3923 5.50438
      vertex 15.2756 18.8757 3.10438
      vertex 15.2756 18.8757 5.50438
    endloop
  endfacet
  facet normal 0.880389 0.474252 0
    outer loop
      vertex 15.2756 18.8757 3.10438
      vertex 15.536 18.3923 5.50438
      vertex 15.536 18.3923 3.10438
    endloop
  endfacet
  facet normal 0.895523 0.445015 0
    outer loop
      vertex 15.5441 18.376 5.50438
      vertex 15.536 18.3923 3.10438
      vertex 15.536 18.3923 5.50438
    endloop
  endfacet
  facet normal 0.895523 0.445015 0
    outer loop
      vertex 15.536 18.3923 3.10438
      vertex 15.5441 18.376 5.50438
      vertex 15.5441 18.376 3.10438
    endloop
  endfacet
  facet normal -0.677865 -0.201745 0.706964
    outer loop
      vertex -15.8814 -16.6965 5.80438
      vertex -16.1716 -16.7727 5.50438
      vertex -16.1666 -16.7895 5.50438
    endloop
  endfacet
  facet normal 0.600869 0.372882 -0.707047
    outer loop
      vertex 15.0115 18.7335 2.80438
      vertex 14.9792 19.3544 3.10438
      vertex 15.2664 18.8916 3.10438
    endloop
  endfacet
  facet normal 0.60078 0.372907 -0.707109
    outer loop
      vertex 14.9792 19.3544 3.10438
      vertex 15.0115 18.7335 2.80438
      vertex 14.7243 19.1962 2.80438
    endloop
  endfacet
  facet normal 0.588502 0.392335 -0.706922
    outer loop
      vertex 14.9792 19.3544 3.10438
      vertex 14.7243 19.1962 2.80438
      vertex 14.9688 19.37 3.10438
    endloop
  endfacet
  facet normal 0.611586 0.791178 -0
    outer loop
      vertex 13.124 21.3649 3.10438
      vertex 13.1077 21.3775 5.50438
      vertex 13.124 21.3649 5.50438
    endloop
  endfacet
  facet normal 0.611586 0.791178 0
    outer loop
      vertex 13.1077 21.3775 5.50438
      vertex 13.124 21.3649 3.10438
      vertex 13.1077 21.3775 3.10438
    endloop
  endfacet
  facet normal 0.665085 0.240392 0.707017
    outer loop
      vertex 15.987 17.3389 5.50438
      vertex 15.7077 17.2293 5.80438
      vertex 15.993 17.3223 5.50438
    endloop
  endfacet
  facet normal 0.1325 -0.694569 -0.70712
    outer loop
      vertex 9.78644 -22.8203 3.10438
      vertex 10.2167 -22.4328 2.80438
      vertex 10.2729 -22.7275 3.10438
    endloop
  endfacet
  facet normal 0.132509 -0.694574 -0.707113
    outer loop
      vertex 10.2167 -22.4328 2.80438
      vertex 9.78644 -22.8203 3.10438
      vertex 9.73027 -22.5256 2.80438
    endloop
  endfacet
  facet normal 0.392371 0.588557 0.706856
    outer loop
      vertex 12.6716 21.6897 5.50438
      vertex 12.5141 21.4344 5.80438
      vertex 12.689 21.6781 5.50438
    endloop
  endfacet
  facet normal 0.349135 0.615142 0.706898
    outer loop
      vertex 12.2183 21.9686 5.50438
      vertex 12.0792 21.7028 5.80438
      vertex 12.2368 21.9581 5.50438
    endloop
  endfacet
  facet normal 0.371443 0.601726 0.707076
    outer loop
      vertex 12.2368 21.9581 5.50438
      vertex 12.5141 21.4344 5.80438
      vertex 12.6716 21.6897 5.50438
    endloop
  endfacet
  facet normal 0.371348 0.601711 0.707138
    outer loop
      vertex 12.5141 21.4344 5.80438
      vertex 12.2368 21.9581 5.50438
      vertex 12.0792 21.7028 5.80438
    endloop
  endfacet
  facet normal 0.7062 0.0373871 -0.707024
    outer loop
      vertex 16.565 14.4775 3.10438
      vertex 16.2651 14.469 2.80438
      vertex 16.5641 14.4945 3.10438
    endloop
  endfacet
  facet normal 0.549164 0.445411 -0.707126
    outer loop
      vertex 14.4115 19.6363 2.80438
      vertex 14.3075 20.2408 3.10438
      vertex 14.6445 19.8253 3.10438
    endloop
  endfacet
  facet normal 0.549164 0.445411 -0.707126
    outer loop
      vertex 14.3075 20.2408 3.10438
      vertex 14.4115 19.6363 2.80438
      vertex 14.0745 20.0518 2.80438
    endloop
  endfacet
  facet normal 0.967192 0.254048 0
    outer loop
      vertex 16.3147 16.2279 5.50438
      vertex 16.1716 16.7727 3.10438
      vertex 16.1716 16.7727 5.50438
    endloop
  endfacet
  facet normal 0.967192 0.254048 0
    outer loop
      vertex 16.1716 16.7727 3.10438
      vertex 16.3147 16.2279 5.50438
      vertex 16.3147 16.2279 3.10438
    endloop
  endfacet
  facet normal 0.950803 0.309796 0
    outer loop
      vertex 16.1666 16.7895 5.50438
      vertex 15.993 17.3223 3.10438
      vertex 15.993 17.3223 5.50438
    endloop
  endfacet
  facet normal 0.950803 0.309796 0
    outer loop
      vertex 15.993 17.3223 3.10438
      vertex 16.1666 16.7895 5.50438
      vertex 16.1666 16.7895 3.10438
    endloop
  endfacet
  facet normal -0.576302 0.409606 -0.707177
    outer loop
      vertex -14.7243 19.1962 2.80438
      vertex -14.6561 19.8101 3.10438
      vertex -14.4115 19.6363 2.80438
    endloop
  endfacet
  facet normal -0.576443 0.409574 -0.707081
    outer loop
      vertex -14.6561 19.8101 3.10438
      vertex -14.7243 19.1962 2.80438
      vertex -14.9688 19.37 3.10438
    endloop
  endfacet
  facet normal -0.588502 0.392335 -0.706922
    outer loop
      vertex -14.7243 19.1962 2.80438
      vertex -14.9792 19.3544 3.10438
      vertex -14.9688 19.37 3.10438
    endloop
  endfacet
  facet normal -0.103737 -0.699753 0.706813
    outer loop
      vertex -9.73027 -22.5256 5.80438
      vertex -9.78644 -22.8203 5.50438
      vertex -9.76418 -22.8236 5.50438
    endloop
  endfacet
  facet normal -0.687803 0.725898 0
    outer loop
      vertex -13.5399 21.0199 3.10438
      vertex -13.921 20.6588 5.50438
      vertex -13.5399 21.0199 5.50438
    endloop
  endfacet
  facet normal -0.687803 0.725898 0
    outer loop
      vertex -13.921 20.6588 5.50438
      vertex -13.5399 21.0199 3.10438
      vertex -13.921 20.6588 3.10438
    endloop
  endfacet
  facet normal -0.503651 0.496507 -0.706976
    outer loop
      vertex -13.7146 20.441 2.80438
      vertex -13.9349 20.6447 3.10438
      vertex -13.921 20.6588 3.10438
    endloop
  endfacet
  facet normal -0.132509 -0.694574 0.707113
    outer loop
      vertex -10.2167 -22.4328 5.80438
      vertex -9.78644 -22.8203 5.50438
      vertex -9.73027 -22.5256 5.80438
    endloop
  endfacet
  facet normal -0.1325 -0.694569 0.70712
    outer loop
      vertex -9.78644 -22.8203 5.50438
      vertex -10.2167 -22.4328 5.80438
      vertex -10.2729 -22.7275 5.50438
    endloop
  endfacet
  facet normal -0.450747 0.544811 -0.707112
    outer loop
      vertex -13.3335 20.8022 2.80438
      vertex -13.124 21.3649 3.10438
      vertex -12.9327 21.1338 2.80438
    endloop
  endfacet
  facet normal -0.450862 0.544814 -0.707037
    outer loop
      vertex -13.124 21.3649 3.10438
      vertex -13.3335 20.8022 2.80438
      vertex -13.5247 21.0333 3.10438
    endloop
  endfacet
  facet normal -0.0266701 0.706587 -0.707124
    outer loop
      vertex -9.23962 22.5814 2.80438
      vertex -8.75818 22.8998 3.10438
      vertex -8.74684 22.6 2.80438
    endloop
  endfacet
  facet normal -0.0268178 0.706699 -0.707006
    outer loop
      vertex -8.75818 22.8998 3.10438
      vertex -9.23962 22.5814 2.80438
      vertex -9.25096 22.8811 3.10438
    endloop
  endfacet
  facet normal -0.0379207 0.999281 0
    outer loop
      vertex -8.75818 22.8998 3.10438
      vertex -9.25096 22.8811 5.50438
      vertex -8.75818 22.8998 5.50438
    endloop
  endfacet
  facet normal -0.0379207 0.999281 0
    outer loop
      vertex -9.25096 22.8811 5.50438
      vertex -8.75818 22.8998 3.10438
      vertex -9.25096 22.8811 3.10438
    endloop
  endfacet
  facet normal -0.0751085 0.997175 0
    outer loop
      vertex -9.25096 22.8811 3.10438
      vertex -9.27353 22.8794 5.50438
      vertex -9.25096 22.8811 5.50438
    endloop
  endfacet
  facet normal -0.0751085 0.997175 0
    outer loop
      vertex -9.27353 22.8794 5.50438
      vertex -9.25096 22.8811 3.10438
      vertex -9.27353 22.8794 3.10438
    endloop
  endfacet
  facet normal -0.672198 -0.219146 -0.707195
    outer loop
      vertex -15.993 -17.3223 3.10438
      vertex -15.8814 -16.6965 2.80438
      vertex -15.7077 -17.2293 2.80438
    endloop
  endfacet
  facet normal -0.672342 -0.219066 -0.707083
    outer loop
      vertex -15.8814 -16.6965 2.80438
      vertex -15.993 -17.3223 3.10438
      vertex -16.1666 -16.7895 3.10438
    endloop
  endfacet
  facet normal -0.158127 0.689435 -0.706877
    outer loop
      vertex -10.2167 22.4328 2.80438
      vertex -10.2947 22.7225 3.10438
      vertex -10.2729 22.7275 3.10438
    endloop
  endfacet
  facet normal 0.704441 -0.0601746 -0.707207
    outer loop
      vertex 16.5157 -15.0611 3.10438
      vertex 16.2651 -14.469 2.80438
      vertex 16.5641 -14.4945 3.10438
    endloop
  endfacet
  facet normal 0.704568 -0.0600611 -0.70709
    outer loop
      vertex 16.2651 -14.469 2.80438
      vertex 16.5157 -15.0611 3.10438
      vertex 16.2168 -15.0356 2.80438
    endloop
  endfacet
  facet normal 0.9996 0.0282839 0
    outer loop
      vertex 16.5811 13.9085 5.50438
      vertex 16.565 14.4775 3.10438
      vertex 16.565 14.4775 5.50438
    endloop
  endfacet
  facet normal 0.9996 0.0282839 0
    outer loop
      vertex 16.565 14.4775 3.10438
      vertex 16.5811 13.9085 5.50438
      vertex 16.5811 13.9085 3.10438
    endloop
  endfacet
  facet normal 0.706918 0.0200024 0.707013
    outer loop
      vertex 16.565 14.4775 5.50438
      vertex 16.2813 13.9 5.80438
      vertex 16.5811 13.9085 5.50438
    endloop
  endfacet
  facet normal 0.706796 0.0201232 0.707131
    outer loop
      vertex 16.2813 13.9 5.80438
      vertex 16.565 14.4775 5.50438
      vertex 16.2651 14.469 5.80438
    endloop
  endfacet
  facet normal 0.0531358 -0.705456 -0.706759
    outer loop
      vertex 9.25096 -22.8811 3.10438
      vertex 9.23962 -22.5814 2.80438
      vertex 9.27353 -22.8794 3.10438
    endloop
  endfacet
  facet normal -0.0751085 -0.997175 0
    outer loop
      vertex -9.27353 -22.8794 3.10438
      vertex -9.25096 -22.8811 5.50438
      vertex -9.27353 -22.8794 5.50438
    endloop
  endfacet
  facet normal -0.0751085 -0.997175 -0
    outer loop
      vertex -9.25096 -22.8811 5.50438
      vertex -9.27353 -22.8794 3.10438
      vertex -9.25096 -22.8811 3.10438
    endloop
  endfacet
  facet normal -0.158127 -0.689435 0.706877
    outer loop
      vertex -10.2167 -22.4328 5.80438
      vertex -10.2947 -22.7225 5.50438
      vertex -10.2729 -22.7275 5.50438
    endloop
  endfacet
  facet normal 0.661295 -0.750126 0
    outer loop
      vertex 13.5247 -21.0333 3.10438
      vertex 13.5399 -21.0199 5.50438
      vertex 13.5247 -21.0333 5.50438
    endloop
  endfacet
  facet normal 0.661295 -0.750126 0
    outer loop
      vertex 13.5399 -21.0199 5.50438
      vertex 13.5247 -21.0333 3.10438
      vertex 13.5399 -21.0199 3.10438
    endloop
  endfacet
  facet normal 0.503651 -0.496507 0.706976
    outer loop
      vertex 13.9349 -20.6447 5.50438
      vertex 13.7146 -20.441 5.80438
      vertex 13.921 -20.6588 5.50438
    endloop
  endfacet
  facet normal 0.756707 -0.653754 0
    outer loop
      vertex 14.2948 -20.2555 5.50438
      vertex 14.3075 -20.2408 3.10438
      vertex 14.3075 -20.2408 5.50438
    endloop
  endfacet
  facet normal 0.756707 -0.653754 0
    outer loop
      vertex 14.3075 -20.2408 3.10438
      vertex 14.2948 -20.2555 5.50438
      vertex 14.2948 -20.2555 3.10438
    endloop
  endfacet
  facet normal 0.519123 -0.480042 0.707157
    outer loop
      vertex 14.0745 -20.0518 5.80438
      vertex 13.9349 -20.6447 5.50438
      vertex 14.2948 -20.2555 5.50438
    endloop
  endfacet
  facet normal 0.519123 -0.480042 0.707157
    outer loop
      vertex 13.9349 -20.6447 5.50438
      vertex 14.0745 -20.0518 5.80438
      vertex 13.7146 -20.441 5.80438
    endloop
  endfacet
  facet normal 0.697153 -0.118926 -0.70699
    outer loop
      vertex 16.4306 -15.6567 3.10438
      vertex 16.1365 -15.5973 2.80438
      vertex 16.4335 -15.6397 3.10438
    endloop
  endfacet
  facet normal 0.672342 0.219066 0.707083
    outer loop
      vertex 15.993 17.3223 5.50438
      vertex 15.8814 16.6965 5.80438
      vertex 16.1666 16.7895 5.50438
    endloop
  endfacet
  facet normal 0.672198 0.219146 0.707195
    outer loop
      vertex 15.8814 16.6965 5.80438
      vertex 15.993 17.3223 5.50438
      vertex 15.7077 17.2293 5.80438
    endloop
  endfacet
  facet normal 0.974097 -0.22613 0
    outer loop
      vertex 16.3147 -16.2279 5.50438
      vertex 16.3186 -16.2111 3.10438
      vertex 16.3186 -16.2111 5.50438
    endloop
  endfacet
  facet normal 0.974097 -0.22613 0
    outer loop
      vertex 16.3186 -16.2111 3.10438
      vertex 16.3147 -16.2279 5.50438
      vertex 16.3147 -16.2279 3.10438
    endloop
  endfacet
  facet normal 0.967192 -0.254048 0
    outer loop
      vertex 16.1716 -16.7727 5.50438
      vertex 16.3147 -16.2279 3.10438
      vertex 16.3147 -16.2279 5.50438
    endloop
  endfacet
  facet normal 0.967192 -0.254048 0
    outer loop
      vertex 16.3147 -16.2279 3.10438
      vertex 16.1716 -16.7727 5.50438
      vertex 16.1716 -16.7727 3.10438
    endloop
  endfacet
  facet normal 0.612232 -0.354247 -0.706881
    outer loop
      vertex 15.2664 -18.8916 3.10438
      vertex 15.0115 -18.7335 2.80438
      vertex 15.2756 -18.8757 3.10438
    endloop
  endfacet
  facet normal 0.815183 -0.579204 0
    outer loop
      vertex 14.6561 -19.8101 5.50438
      vertex 14.9688 -19.37 3.10438
      vertex 14.9688 -19.37 5.50438
    endloop
  endfacet
  facet normal 0.815183 -0.579204 0
    outer loop
      vertex 14.9688 -19.37 3.10438
      vertex 14.6561 -19.8101 5.50438
      vertex 14.6561 -19.8101 3.10438
    endloop
  endfacet
  facet normal 0.699977 -0.100068 -0.70712
    outer loop
      vertex 16.4335 -15.6397 3.10438
      vertex 16.2168 -15.0356 2.80438
      vertex 16.5138 -15.078 3.10438
    endloop
  endfacet
  facet normal 0.699977 -0.100068 -0.70712
    outer loop
      vertex 16.2168 -15.0356 2.80438
      vertex 16.4335 -15.6397 3.10438
      vertex 16.1365 -15.5973 2.80438
    endloop
  endfacet
  facet normal 0.996371 -0.0851119 0
    outer loop
      vertex 16.5157 -15.0611 5.50438
      vertex 16.5641 -14.4945 3.10438
      vertex 16.5641 -14.4945 5.50438
    endloop
  endfacet
  facet normal 0.996371 -0.0851119 0
    outer loop
      vertex 16.5641 -14.4945 3.10438
      vertex 16.5157 -15.0611 5.50438
      vertex 16.5157 -15.0611 3.10438
    endloop
  endfacet
  facet normal 0.665085 -0.240392 0.707017
    outer loop
      vertex 15.993 -17.3223 5.50438
      vertex 15.7077 -17.2293 5.80438
      vertex 15.987 -17.3389 5.50438
    endloop
  endfacet
  facet normal 0.641758 -0.297041 0.707046
    outer loop
      vertex 15.5043 -17.7479 5.80438
      vertex 15.5441 -18.376 5.50438
      vertex 15.7765 -17.8739 5.50438
    endloop
  endfacet
  facet normal 0.641758 -0.297041 0.707046
    outer loop
      vertex 15.5441 -18.376 5.50438
      vertex 15.5043 -17.7479 5.80438
      vertex 15.2719 -18.25 5.80438
    endloop
  endfacet
  facet normal 0.432573 -0.559599 0.706915
    outer loop
      vertex 13.124 -21.3649 5.50438
      vertex 12.9327 -21.1338 5.80438
      vertex 13.1077 -21.3775 5.50438
    endloop
  endfacet
  facet normal -0.30445 0.638364 0.706967
    outer loop
      vertex -11.7497 22.2129 5.50438
      vertex -11.7692 22.2036 5.50438
      vertex -11.6301 21.9377 5.80438
    endloop
  endfacet
  facet normal -0.0379207 -0.999281 0
    outer loop
      vertex -9.25096 -22.8811 3.10438
      vertex -8.75818 -22.8998 5.50438
      vertex -9.25096 -22.8811 5.50438
    endloop
  endfacet
  facet normal -0.0379207 -0.999281 -0
    outer loop
      vertex -8.75818 -22.8998 5.50438
      vertex -9.25096 -22.8811 3.10438
      vertex -8.75818 -22.8998 3.10438
    endloop
  endfacet
  facet normal -0.01247 -0.707052 0.707052
    outer loop
      vertex -8.74684 -22.6 5.80438
      vertex -8.75818 -22.8998 5.50438
      vertex -8.74684 -22.9 5.50438
    endloop
  endfacet
  facet normal 0.112998 -0.993595 0
    outer loop
      vertex 9.27353 -22.8794 3.10438
      vertex 9.76418 -22.8236 5.50438
      vertex 9.27353 -22.8794 5.50438
    endloop
  endfacet
  facet normal 0.112998 -0.993595 0
    outer loop
      vertex 9.76418 -22.8236 5.50438
      vertex 9.27353 -22.8794 3.10438
      vertex 9.76418 -22.8236 3.10438
    endloop
  endfacet
  facet normal 0.0531358 -0.705456 0.706759
    outer loop
      vertex 9.27353 -22.8794 5.50438
      vertex 9.23962 -22.5814 5.80438
      vertex 9.25096 -22.8811 5.50438
    endloop
  endfacet
  facet normal -0.412473 -0.574389 0.707067
    outer loop
      vertex -12.9327 -21.1338 5.80438
      vertex -12.689 -21.6781 5.50438
      vertex -12.5141 -21.4344 5.80438
    endloop
  endfacet
  facet normal -0.412368 -0.57438 0.707136
    outer loop
      vertex -12.689 -21.6781 5.50438
      vertex -12.9327 -21.1338 5.80438
      vertex -13.1077 -21.3775 5.50438
    endloop
  endfacet
  facet normal 0.293135 -0.956071 0
    outer loop
      vertex 10.7749 -22.5932 3.10438
      vertex 10.7961 -22.5867 5.50438
      vertex 10.7749 -22.5932 5.50438
    endloop
  endfacet
  facet normal 0.293135 -0.956071 0
    outer loop
      vertex 10.7961 -22.5867 5.50438
      vertex 10.7749 -22.5932 3.10438
      vertex 10.7961 -22.5867 3.10438
    endloop
  endfacet
  facet normal 0.588502 -0.392335 0.706922
    outer loop
      vertex 14.9792 -19.3544 5.50438
      vertex 14.7243 -19.1962 5.80438
      vertex 14.9688 -19.37 5.50438
    endloop
  endfacet
  facet normal 0.371443 -0.601726 0.707076
    outer loop
      vertex 12.5141 -21.4344 5.80438
      vertex 12.2368 -21.9581 5.50438
      vertex 12.6716 -21.6897 5.50438
    endloop
  endfacet
  facet normal 0.371348 -0.601711 0.707138
    outer loop
      vertex 12.2368 -21.9581 5.50438
      vertex 12.5141 -21.4344 5.80438
      vertex 12.0792 -21.7028 5.80438
    endloop
  endfacet
  facet normal 0.450862 0.544814 -0.707037
    outer loop
      vertex 13.3335 20.8022 2.80438
      vertex 13.124 21.3649 3.10438
      vertex 13.5247 21.0333 3.10438
    endloop
  endfacet
  facet normal 0.450747 0.544811 -0.707112
    outer loop
      vertex 13.124 21.3649 3.10438
      vertex 13.3335 20.8022 2.80438
      vertex 12.9327 21.1338 2.80438
    endloop
  endfacet
  facet normal 0.30445 -0.638364 -0.706967
    outer loop
      vertex 11.7497 -22.2129 3.10438
      vertex 11.6301 -21.9377 2.80438
      vertex 11.7692 -22.2036 3.10438
    endloop
  endfacet
  facet normal 0.525276 -0.850932 0
    outer loop
      vertex 12.2368 -21.9581 3.10438
      vertex 12.6716 -21.6897 5.50438
      vertex 12.2368 -21.9581 5.50438
    endloop
  endfacet
  facet normal 0.525276 -0.850932 0
    outer loop
      vertex 12.6716 -21.6897 5.50438
      vertex 12.2368 -21.9581 3.10438
      vertex 12.6716 -21.6897 3.10438
    endloop
  endfacet
  facet normal 0.412368 0.57438 -0.707136
    outer loop
      vertex 12.9327 21.1338 2.80438
      vertex 12.689 21.6781 3.10438
      vertex 13.1077 21.3775 3.10438
    endloop
  endfacet
  facet normal 0.412473 0.574389 -0.707067
    outer loop
      vertex 12.689 21.6781 3.10438
      vertex 12.9327 21.1338 2.80438
      vertex 12.5141 21.4344 2.80438
    endloop
  endfacet
  facet normal 0.183844 -0.682769 -0.707127
    outer loop
      vertex 10.2947 -22.7225 3.10438
      vertex 10.6969 -22.3035 2.80438
      vertex 10.7749 -22.5932 3.10438
    endloop
  endfacet
  facet normal 0.183844 -0.682769 -0.707127
    outer loop
      vertex 10.6969 -22.3035 2.80438
      vertex 10.2947 -22.7225 3.10438
      vertex 10.2167 -22.4328 2.80438
    endloop
  endfacet
  facet normal 0.327838 -0.626519 -0.707104
    outer loop
      vertex 11.7692 -22.2036 3.10438
      vertex 12.0792 -21.7028 2.80438
      vertex 12.2183 -21.9686 3.10438
    endloop
  endfacet
  facet normal 0.32768 -0.626484 -0.707208
    outer loop
      vertex 12.0792 -21.7028 2.80438
      vertex 11.7692 -22.2036 3.10438
      vertex 11.6301 -21.9377 2.80438
    endloop
  endfacet
  facet normal 0.349135 -0.615142 -0.706898
    outer loop
      vertex 12.2183 -21.9686 3.10438
      vertex 12.0792 -21.7028 2.80438
      vertex 12.2368 -21.9581 3.10438
    endloop
  endfacet
  facet normal -0.950803 -0.309796 0
    outer loop
      vertex -15.993 -17.3223 3.10438
      vertex -16.1666 -16.7895 5.50438
      vertex -16.1666 -16.7895 3.10438
    endloop
  endfacet
  facet normal -0.950803 -0.309796 0
    outer loop
      vertex -16.1666 -16.7895 5.50438
      vertex -15.993 -17.3223 3.10438
      vertex -15.993 -17.3223 5.50438
    endloop
  endfacet
  facet normal -0.622611 -0.335321 -0.707047
    outer loop
      vertex -15.2756 -18.8757 3.10438
      vertex -15.2719 -18.25 2.80438
      vertex -15.0115 -18.7335 2.80438
    endloop
  endfacet
  facet normal -0.622532 -0.335348 -0.707103
    outer loop
      vertex -15.2719 -18.25 2.80438
      vertex -15.2756 -18.8757 3.10438
      vertex -15.536 -18.3923 3.10438
    endloop
  endfacet
  facet normal -0.519123 -0.480042 -0.707157
    outer loop
      vertex -13.9349 -20.6447 3.10438
      vertex -14.0745 -20.0518 2.80438
      vertex -13.7146 -20.441 2.80438
    endloop
  endfacet
  facet normal -0.519123 -0.480042 -0.707157
    outer loop
      vertex -14.0745 -20.0518 2.80438
      vertex -13.9349 -20.6447 3.10438
      vertex -14.2948 -20.2555 3.10438
    endloop
  endfacet
  facet normal 0.371443 -0.601726 -0.707076
    outer loop
      vertex 12.2368 -21.9581 3.10438
      vertex 12.5141 -21.4344 2.80438
      vertex 12.6716 -21.6897 3.10438
    endloop
  endfacet
  facet normal 0.371348 -0.601711 -0.707138
    outer loop
      vertex 12.5141 -21.4344 2.80438
      vertex 12.2368 -21.9581 3.10438
      vertex 12.0792 -21.7028 2.80438
    endloop
  endfacet
  facet normal -0.486429 -0.513228 -0.707095
    outer loop
      vertex -13.5399 -21.0199 3.10438
      vertex -13.7146 -20.441 2.80438
      vertex -13.3335 -20.8022 2.80438
    endloop
  endfacet
  facet normal -0.486299 -0.513233 -0.707181
    outer loop
      vertex -13.7146 -20.441 2.80438
      vertex -13.5399 -21.0199 3.10438
      vertex -13.921 -20.6588 3.10438
    endloop
  endfacet
  facet normal 0.0268178 -0.706699 -0.707006
    outer loop
      vertex 8.75818 -22.8998 3.10438
      vertex 9.23962 -22.5814 2.80438
      vertex 9.25096 -22.8811 3.10438
    endloop
  endfacet
  facet normal 0.0266701 -0.706587 -0.707124
    outer loop
      vertex 9.23962 -22.5814 2.80438
      vertex 8.75818 -22.8998 3.10438
      vertex 8.74684 -22.6 2.80438
    endloop
  endfacet
  facet normal -0.549164 -0.445411 0.707126
    outer loop
      vertex -14.4115 -19.6363 5.80438
      vertex -14.3075 -20.2408 5.50438
      vertex -14.0745 -20.0518 5.80438
    endloop
  endfacet
  facet normal -0.549164 -0.445411 0.707126
    outer loop
      vertex -14.3075 -20.2408 5.50438
      vertex -14.4115 -19.6363 5.80438
      vertex -14.6445 -19.8253 5.50438
    endloop
  endfacet
  facet normal -0.293135 0.956071 0
    outer loop
      vertex -10.7749 22.5932 3.10438
      vertex -10.7961 22.5867 5.50438
      vertex -10.7749 22.5932 5.50438
    endloop
  endfacet
  facet normal -0.293135 0.956071 0
    outer loop
      vertex -10.7961 22.5867 5.50438
      vertex -10.7749 22.5932 3.10438
      vertex -10.7961 22.5867 3.10438
    endloop
  endfacet
  facet normal -0.207334 -0.676227 -0.706916
    outer loop
      vertex -10.7749 -22.5932 3.10438
      vertex -10.7961 -22.5867 3.10438
      vertex -10.6969 -22.3035 2.80438
    endloop
  endfacet
  facet normal -0.281944 -0.648499 -0.707076
    outer loop
      vertex -11.2883 -22.4134 3.10438
      vertex -11.6301 -21.9377 2.80438
      vertex -11.1687 -22.1383 2.80438
    endloop
  endfacet
  facet normal -0.281783 -0.648452 -0.707184
    outer loop
      vertex -11.6301 -21.9377 2.80438
      vertex -11.2883 -22.4134 3.10438
      vertex -11.7497 -22.2129 3.10438
    endloop
  endfacet
  facet normal -0.612232 -0.354247 0.706881
    outer loop
      vertex -15.0115 -18.7335 5.80438
      vertex -15.2756 -18.8757 5.50438
      vertex -15.2664 -18.8916 5.50438
    endloop
  endfacet
  facet normal -0.706796 -0.0201232 0.707131
    outer loop
      vertex -16.2813 -13.9 5.80438
      vertex -16.565 -14.4775 5.50438
      vertex -16.2651 -14.469 5.80438
    endloop
  endfacet
  facet normal -0.706918 -0.0200024 0.707013
    outer loop
      vertex -16.565 -14.4775 5.50438
      vertex -16.2813 -13.9 5.80438
      vertex -16.5811 -13.9085 5.50438
    endloop
  endfacet
  facet normal -0.702823 -0.0790156 -0.706963
    outer loop
      vertex -16.5138 -15.078 3.10438
      vertex -16.5157 -15.0611 3.10438
      vertex -16.2168 -15.0356 2.80438
    endloop
  endfacet
  facet normal -0.967192 -0.254048 0
    outer loop
      vertex -16.1716 -16.7727 3.10438
      vertex -16.3147 -16.2279 5.50438
      vertex -16.3147 -16.2279 3.10438
    endloop
  endfacet
  facet normal -0.967192 -0.254048 0
    outer loop
      vertex -16.3147 -16.2279 5.50438
      vertex -16.1716 -16.7727 3.10438
      vertex -16.1716 -16.7727 5.50438
    endloop
  endfacet
  facet normal -0.697153 -0.118926 0.70699
    outer loop
      vertex -16.1365 -15.5973 5.80438
      vertex -16.4335 -15.6397 5.50438
      vertex -16.4306 -15.6567 5.50438
    endloop
  endfacet
  facet normal -0.98576 -0.168159 0
    outer loop
      vertex -16.4306 -15.6567 3.10438
      vertex -16.4335 -15.6397 5.50438
      vertex -16.4335 -15.6397 3.10438
    endloop
  endfacet
  facet normal -0.98576 -0.168159 0
    outer loop
      vertex -16.4335 -15.6397 5.50438
      vertex -16.4306 -15.6567 3.10438
      vertex -16.4306 -15.6567 5.50438
    endloop
  endfacet
  facet normal -0.998602 -0.0528671 0
    outer loop
      vertex -16.5641 -14.4945 3.10438
      vertex -16.565 -14.4775 5.50438
      vertex -16.565 -14.4775 3.10438
    endloop
  endfacet
  facet normal -0.998602 -0.0528671 0
    outer loop
      vertex -16.565 -14.4775 5.50438
      vertex -16.5641 -14.4945 3.10438
      vertex -16.5641 -14.4945 5.50438
    endloop
  endfacet
  facet normal -0.989935 -0.14152 0
    outer loop
      vertex -16.4335 -15.6397 3.10438
      vertex -16.5138 -15.078 5.50438
      vertex -16.5138 -15.078 3.10438
    endloop
  endfacet
  facet normal -0.989935 -0.14152 0
    outer loop
      vertex -16.5138 -15.078 5.50438
      vertex -16.4335 -15.6397 3.10438
      vertex -16.4335 -15.6397 5.50438
    endloop
  endfacet
  facet normal -0.993739 -0.111722 0
    outer loop
      vertex -16.5138 -15.078 3.10438
      vertex -16.5157 -15.0611 5.50438
      vertex -16.5157 -15.0611 3.10438
    endloop
  endfacet
  facet normal -0.993739 -0.111722 0
    outer loop
      vertex -16.5157 -15.0611 5.50438
      vertex -16.5138 -15.078 3.10438
      vertex -16.5138 -15.078 5.50438
    endloop
  endfacet
  facet normal -0.706796 -0.0201232 -0.707131
    outer loop
      vertex -16.565 -14.4775 3.10438
      vertex -16.2813 -13.9 2.80438
      vertex -16.2651 -14.469 2.80438
    endloop
  endfacet
  facet normal -0.706918 -0.0200024 -0.707013
    outer loop
      vertex -16.2813 -13.9 2.80438
      vertex -16.565 -14.4775 3.10438
      vertex -16.5811 -13.9085 3.10438
    endloop
  endfacet
  facet normal -0.980198 0.19802 0
    outer loop
      vertex -16.4306 15.6567 3.10438
      vertex -16.3186 16.2111 5.50438
      vertex -16.3186 16.2111 3.10438
    endloop
  endfacet
  facet normal -0.980198 0.19802 0
    outer loop
      vertex -16.3186 16.2111 5.50438
      vertex -16.4306 15.6567 3.10438
      vertex -16.4306 15.6567 5.50438
    endloop
  endfacet
  facet normal -0.950803 0.309796 0
    outer loop
      vertex -16.1666 16.7895 3.10438
      vertex -15.993 17.3223 5.50438
      vertex -15.993 17.3223 3.10438
    endloop
  endfacet
  facet normal -0.950803 0.309796 0
    outer loop
      vertex -15.993 17.3223 5.50438
      vertex -16.1666 16.7895 3.10438
      vertex -16.1666 16.7895 5.50438
    endloop
  endfacet
  facet normal -0.683865 0.179628 -0.707151
    outer loop
      vertex -16.0245 16.1517 2.80438
      vertex -16.1716 16.7727 3.10438
      vertex -15.8814 16.6965 2.80438
    endloop
  endfacet
  facet normal -0.683865 0.179628 -0.707151
    outer loop
      vertex -16.1716 16.7727 3.10438
      vertex -16.0245 16.1517 2.80438
      vertex -16.3147 16.2279 3.10438
    endloop
  endfacet
  facet normal -0.688889 0.159921 -0.707006
    outer loop
      vertex -16.0245 16.1517 2.80438
      vertex -16.3186 16.2111 3.10438
      vertex -16.3147 16.2279 3.10438
    endloop
  endfacet
  facet normal 0.450862 0.544814 0.707037
    outer loop
      vertex 13.124 21.3649 5.50438
      vertex 13.3335 20.8022 5.80438
      vertex 13.5247 21.0333 5.50438
    endloop
  endfacet
  facet normal 0.450747 0.544811 0.707112
    outer loop
      vertex 13.3335 20.8022 5.80438
      vertex 13.124 21.3649 5.50438
      vertex 12.9327 21.1338 5.80438
    endloop
  endfacet
  facet normal -0.588502 0.392335 0.706922
    outer loop
      vertex -14.9688 19.37 5.50438
      vertex -14.9792 19.3544 5.50438
      vertex -14.7243 19.1962 5.80438
    endloop
  endfacet
  facet normal -0.576302 0.409606 0.707177
    outer loop
      vertex -14.6561 19.8101 5.50438
      vertex -14.7243 19.1962 5.80438
      vertex -14.4115 19.6363 5.80438
    endloop
  endfacet
  facet normal -0.576443 0.409574 0.707081
    outer loop
      vertex -14.7243 19.1962 5.80438
      vertex -14.6561 19.8101 5.50438
      vertex -14.9688 19.37 5.50438
    endloop
  endfacet
  facet normal -0.641758 0.297041 0.707046
    outer loop
      vertex -15.5441 18.376 5.50438
      vertex -15.5043 17.7479 5.80438
      vertex -15.2719 18.25 5.80438
    endloop
  endfacet
  facet normal -0.641758 0.297041 0.707046
    outer loop
      vertex -15.5043 17.7479 5.80438
      vertex -15.5441 18.376 5.50438
      vertex -15.7765 17.8739 5.50438
    endloop
  endfacet
  facet normal -0.880389 0.474252 0
    outer loop
      vertex -15.536 18.3923 3.10438
      vertex -15.2756 18.8757 5.50438
      vertex -15.2756 18.8757 3.10438
    endloop
  endfacet
  facet normal -0.880389 0.474252 0
    outer loop
      vertex -15.2756 18.8757 5.50438
      vertex -15.536 18.3923 3.10438
      vertex -15.536 18.3923 5.50438
    endloop
  endfacet
  facet normal -0.281944 0.648499 0.707076
    outer loop
      vertex -11.2883 22.4134 5.50438
      vertex -11.6301 21.9377 5.80438
      vertex -11.1687 22.1383 5.80438
    endloop
  endfacet
  facet normal -0.281783 0.648452 0.707184
    outer loop
      vertex -11.6301 21.9377 5.80438
      vertex -11.2883 22.4134 5.50438
      vertex -11.7497 22.2129 5.50438
    endloop
  endfacet
  facet normal 0.183844 0.682769 0.707127
    outer loop
      vertex 10.2947 22.7225 5.50438
      vertex 10.6969 22.3035 5.80438
      vertex 10.7749 22.5932 5.50438
    endloop
  endfacet
  facet normal 0.183844 0.682769 0.707127
    outer loop
      vertex 10.6969 22.3035 5.80438
      vertex 10.2947 22.7225 5.50438
      vertex 10.2167 22.4328 5.80438
    endloop
  endfacet
  facet normal -0.207334 0.676227 0.706916
    outer loop
      vertex -10.7749 22.5932 5.50438
      vertex -10.7961 22.5867 5.50438
      vertex -10.6969 22.3035 5.80438
    endloop
  endfacet
  facet normal -0.32768 0.626484 0.707208
    outer loop
      vertex -11.7692 22.2036 5.50438
      vertex -12.0792 21.7028 5.80438
      vertex -11.6301 21.9377 5.80438
    endloop
  endfacet
  facet normal -0.327838 0.626519 0.707104
    outer loop
      vertex -12.0792 21.7028 5.80438
      vertex -11.7692 22.2036 5.50438
      vertex -12.2183 21.9686 5.50438
    endloop
  endfacet
  facet normal -0.371348 0.601711 0.707138
    outer loop
      vertex -12.2368 21.9581 5.50438
      vertex -12.5141 21.4344 5.80438
      vertex -12.0792 21.7028 5.80438
    endloop
  endfacet
  facet normal -0.371443 0.601726 0.707076
    outer loop
      vertex -12.5141 21.4344 5.80438
      vertex -12.2368 21.9581 5.50438
      vertex -12.6716 21.6897 5.50438
    endloop
  endfacet
  facet normal -0.258253 -0.658544 0.706842
    outer loop
      vertex -11.1687 -22.1383 5.80438
      vertex -11.2883 -22.4134 5.50438
      vertex -11.2679 -22.4214 5.50438
    endloop
  endfacet
  facet normal 0.658205 0.258281 0.707147
    outer loop
      vertex 15.7835 17.8575 5.50438
      vertex 15.7077 17.2293 5.80438
      vertex 15.987 17.3389 5.50438
    endloop
  endfacet
  facet normal 0.65835 0.258211 0.707038
    outer loop
      vertex 15.7077 17.2293 5.80438
      vertex 15.7835 17.8575 5.50438
      vertex 15.5043 17.7479 5.80438
    endloop
  endfacet
  facet normal 0.158127 0.689435 0.706877
    outer loop
      vertex 10.2729 22.7275 5.50438
      vertex 10.2167 22.4328 5.80438
      vertex 10.2947 22.7225 5.50438
    endloop
  endfacet
  facet normal 0.430473 0.902604 -0
    outer loop
      vertex 11.7692 22.2036 3.10438
      vertex 11.7497 22.2129 5.50438
      vertex 11.7692 22.2036 5.50438
    endloop
  endfacet
  facet normal 0.430473 0.902604 0
    outer loop
      vertex 11.7497 22.2129 5.50438
      vertex 11.7692 22.2036 3.10438
      vertex 11.7497 22.2129 3.10438
    endloop
  endfacet
  facet normal 0.233816 0.667359 -0.70708
    outer loop
      vertex 11.1687 22.1383 2.80438
      vertex 10.7961 22.5867 3.10438
      vertex 11.2679 22.4214 3.10438
    endloop
  endfacet
  facet normal 0.233653 0.667298 -0.707191
    outer loop
      vertex 10.7961 22.5867 3.10438
      vertex 11.1687 22.1383 2.80438
      vertex 10.6969 22.3035 2.80438
    endloop
  endfacet
  facet normal 0.398544 0.917149 -0
    outer loop
      vertex 11.7497 22.2129 3.10438
      vertex 11.2883 22.4134 5.50438
      vertex 11.7497 22.2129 5.50438
    endloop
  endfacet
  facet normal 0.398544 0.917149 0
    outer loop
      vertex 11.2883 22.4134 5.50438
      vertex 11.7497 22.2129 3.10438
      vertex 11.2883 22.4134 3.10438
    endloop
  endfacet
  facet normal 0.493606 0.869686 -0
    outer loop
      vertex 12.2368 21.9581 3.10438
      vertex 12.2183 21.9686 5.50438
      vertex 12.2368 21.9581 5.50438
    endloop
  endfacet
  facet normal 0.493606 0.869686 0
    outer loop
      vertex 12.2183 21.9686 5.50438
      vertex 12.2368 21.9581 3.10438
      vertex 12.2183 21.9686 3.10438
    endloop
  endfacet
  facet normal 0.641758 0.297041 0.707046
    outer loop
      vertex 15.5441 18.376 5.50438
      vertex 15.5043 17.7479 5.80438
      vertex 15.7765 17.8739 5.50438
    endloop
  endfacet
  facet normal 0.641758 0.297041 0.707046
    outer loop
      vertex 15.5043 17.7479 5.80438
      vertex 15.5441 18.376 5.50438
      vertex 15.2719 18.25 5.80438
    endloop
  endfacet
  facet normal 0.30445 -0.638364 0.706967
    outer loop
      vertex 11.7692 -22.2036 5.50438
      vertex 11.6301 -21.9377 5.80438
      vertex 11.7497 -22.2129 5.50438
    endloop
  endfacet
  facet normal -0.519123 -0.480042 0.707157
    outer loop
      vertex -14.0745 -20.0518 5.80438
      vertex -13.9349 -20.6447 5.50438
      vertex -13.7146 -20.441 5.80438
    endloop
  endfacet
  facet normal -0.519123 -0.480042 0.707157
    outer loop
      vertex -13.9349 -20.6447 5.50438
      vertex -14.0745 -20.0518 5.80438
      vertex -14.2948 -20.2555 5.50438
    endloop
  endfacet
  facet normal 0.687803 0.725898 -0
    outer loop
      vertex 13.921 20.6588 3.10438
      vertex 13.5399 21.0199 5.50438
      vertex 13.921 20.6588 5.50438
    endloop
  endfacet
  facet normal 0.687803 0.725898 0
    outer loop
      vertex 13.5399 21.0199 5.50438
      vertex 13.921 20.6588 3.10438
      vertex 13.5399 21.0199 3.10438
    endloop
  endfacet
  facet normal 0.535187 0.462372 0.706956
    outer loop
      vertex 14.2948 20.2555 5.50438
      vertex 14.0745 20.0518 5.80438
      vertex 14.3075 20.2408 5.50438
    endloop
  endfacet
  facet normal 0.349135 -0.615142 0.706898
    outer loop
      vertex 12.2368 -21.9581 5.50438
      vertex 12.0792 -21.7028 5.80438
      vertex 12.2183 -21.9686 5.50438
    endloop
  endfacet
  facet normal 0.849686 0.52729 0
    outer loop
      vertex 15.2664 18.8916 5.50438
      vertex 14.9792 19.3544 3.10438
      vertex 14.9792 19.3544 5.50438
    endloop
  endfacet
  facet normal 0.849686 0.52729 0
    outer loop
      vertex 14.9792 19.3544 3.10438
      vertex 15.2664 18.8916 5.50438
      vertex 15.2664 18.8916 3.10438
    endloop
  endfacet
  facet normal 0.576443 0.409574 0.707081
    outer loop
      vertex 14.6561 19.8101 5.50438
      vertex 14.7243 19.1962 5.80438
      vertex 14.9688 19.37 5.50438
    endloop
  endfacet
  facet normal 0.576302 0.409606 0.707177
    outer loop
      vertex 14.7243 19.1962 5.80438
      vertex 14.6561 19.8101 5.50438
      vertex 14.4115 19.6363 5.80438
    endloop
  endfacet
  facet normal 0.688889 0.159921 0.707006
    outer loop
      vertex 16.3147 16.2279 5.50438
      vertex 16.0245 16.1517 5.80438
      vertex 16.3186 16.2111 5.50438
    endloop
  endfacet
  facet normal 0.98576 0.168159 0
    outer loop
      vertex 16.4335 15.6397 5.50438
      vertex 16.4306 15.6567 3.10438
      vertex 16.4306 15.6567 5.50438
    endloop
  endfacet
  facet normal 0.98576 0.168159 0
    outer loop
      vertex 16.4306 15.6567 3.10438
      vertex 16.4335 15.6397 5.50438
      vertex 16.4335 15.6397 3.10438
    endloop
  endfacet
  facet normal -0.661295 0.750126 0
    outer loop
      vertex -13.5247 21.0333 3.10438
      vertex -13.5399 21.0199 5.50438
      vertex -13.5247 21.0333 5.50438
    endloop
  endfacet
  facet normal -0.661295 0.750126 0
    outer loop
      vertex -13.5399 21.0199 5.50438
      vertex -13.5247 21.0333 3.10438
      vertex -13.5399 21.0199 3.10438
    endloop
  endfacet
  facet normal -0.734203 0.67893 0
    outer loop
      vertex -14.2948 20.2555 3.10438
      vertex -13.9349 20.6447 5.50438
      vertex -13.9349 20.6447 3.10438
    endloop
  endfacet
  facet normal -0.734203 0.67893 0
    outer loop
      vertex -13.9349 20.6447 5.50438
      vertex -14.2948 20.2555 3.10438
      vertex -14.2948 20.2555 5.50438
    endloop
  endfacet
  facet normal -0.794951 0.606673 0
    outer loop
      vertex -14.6561 19.8101 3.10438
      vertex -14.6445 19.8253 5.50438
      vertex -14.6445 19.8253 3.10438
    endloop
  endfacet
  facet normal -0.794951 0.606673 0
    outer loop
      vertex -14.6445 19.8253 5.50438
      vertex -14.6561 19.8101 3.10438
      vertex -14.6561 19.8101 5.50438
    endloop
  endfacet
  facet normal -0.756707 0.653754 0
    outer loop
      vertex -14.3075 20.2408 3.10438
      vertex -14.2948 20.2555 5.50438
      vertex -14.2948 20.2555 3.10438
    endloop
  endfacet
  facet normal -0.756707 0.653754 0
    outer loop
      vertex -14.2948 20.2555 5.50438
      vertex -14.3075 20.2408 3.10438
      vertex -14.3075 20.2408 5.50438
    endloop
  endfacet
  facet normal -0.432573 0.559599 0.706915
    outer loop
      vertex -13.1077 21.3775 5.50438
      vertex -13.124 21.3649 5.50438
      vertex -12.9327 21.1338 5.80438
    endloop
  endfacet
  facet normal -0.412473 0.574389 -0.707067
    outer loop
      vertex -12.9327 21.1338 2.80438
      vertex -12.689 21.6781 3.10438
      vertex -12.5141 21.4344 2.80438
    endloop
  endfacet
  facet normal -0.412368 0.57438 -0.707136
    outer loop
      vertex -12.689 21.6781 3.10438
      vertex -12.9327 21.1338 2.80438
      vertex -13.1077 21.3775 3.10438
    endloop
  endfacet
  facet normal -0.0799121 0.702668 0.707016
    outer loop
      vertex -9.27353 22.8794 5.50438
      vertex -9.73027 22.5256 5.80438
      vertex -9.23962 22.5814 5.80438
    endloop
  endfacet
  facet normal -0.0799121 0.702668 0.707016
    outer loop
      vertex -9.73027 22.5256 5.80438
      vertex -9.27353 22.8794 5.50438
      vertex -9.76418 22.8236 5.50438
    endloop
  endfacet
  facet normal -0.112998 0.993595 0
    outer loop
      vertex -9.27353 22.8794 3.10438
      vertex -9.76418 22.8236 5.50438
      vertex -9.27353 22.8794 5.50438
    endloop
  endfacet
  facet normal -0.112998 0.993595 0
    outer loop
      vertex -9.76418 22.8236 5.50438
      vertex -9.27353 22.8794 3.10438
      vertex -9.76418 22.8236 3.10438
    endloop
  endfacet
  facet normal -0.187387 0.982286 0
    outer loop
      vertex -9.78644 22.8203 3.10438
      vertex -10.2729 22.7275 5.50438
      vertex -9.78644 22.8203 5.50438
    endloop
  endfacet
  facet normal -0.187387 0.982286 0
    outer loop
      vertex -10.2729 22.7275 5.50438
      vertex -9.78644 22.8203 3.10438
      vertex -10.2729 22.7275 3.10438
    endloop
  endfacet
  facet normal -0.223553 0.974692 0
    outer loop
      vertex -10.2729 22.7275 3.10438
      vertex -10.2947 22.7225 5.50438
      vertex -10.2729 22.7275 5.50438
    endloop
  endfacet
  facet normal -0.223553 0.974692 0
    outer loop
      vertex -10.2947 22.7225 5.50438
      vertex -10.2729 22.7275 3.10438
      vertex -10.2947 22.7225 3.10438
    endloop
  endfacet
  facet normal 0.998602 0.0528671 0
    outer loop
      vertex 16.565 14.4775 5.50438
      vertex 16.5641 14.4945 3.10438
      vertex 16.5641 14.4945 5.50438
    endloop
  endfacet
  facet normal 0.998602 0.0528671 0
    outer loop
      vertex 16.5641 14.4945 3.10438
      vertex 16.565 14.4775 5.50438
      vertex 16.565 14.4775 3.10438
    endloop
  endfacet
  facet normal 0.69306 0.140012 -0.707152
    outer loop
      vertex 16.1365 15.5973 2.80438
      vertex 16.3186 16.2111 3.10438
      vertex 16.4306 15.6567 3.10438
    endloop
  endfacet
  facet normal 0.69306 0.140012 -0.707152
    outer loop
      vertex 16.3186 16.2111 3.10438
      vertex 16.1365 15.5973 2.80438
      vertex 16.0245 16.1517 2.80438
    endloop
  endfacet
  facet normal 0.688889 0.159921 -0.707006
    outer loop
      vertex 16.3186 16.2111 3.10438
      vertex 16.0245 16.1517 2.80438
      vertex 16.3147 16.2279 3.10438
    endloop
  endfacet
  facet normal -0.223553 -0.974692 0
    outer loop
      vertex -10.2947 -22.7225 3.10438
      vertex -10.2729 -22.7275 5.50438
      vertex -10.2947 -22.7225 5.50438
    endloop
  endfacet
  facet normal -0.223553 -0.974692 -0
    outer loop
      vertex -10.2729 -22.7275 5.50438
      vertex -10.2947 -22.7225 3.10438
      vertex -10.2729 -22.7275 3.10438
    endloop
  endfacet
  facet normal 0 -1 0
    outer loop
      vertex -8.74684 -22.9 3.10438
      vertex 8.74684 -22.9 5.50438
      vertex -8.74684 -22.9 5.50438
    endloop
  endfacet
  facet normal 0 -1 -0
    outer loop
      vertex 8.74684 -22.9 5.50438
      vertex -8.74684 -22.9 3.10438
      vertex 8.74684 -22.9 3.10438
    endloop
  endfacet
  facet normal 0 -0.707107 -0.707107
    outer loop
      vertex -8.74684 -22.9 3.10438
      vertex 8.74684 -22.6 2.80438
      vertex 8.74684 -22.9 3.10438
    endloop
  endfacet
  facet normal -0 -0.707107 -0.707107
    outer loop
      vertex 8.74684 -22.6 2.80438
      vertex -8.74684 -22.9 3.10438
      vertex -8.74684 -22.6 2.80438
    endloop
  endfacet
  facet normal -0.699977 -0.100068 -0.70712
    outer loop
      vertex -16.4335 -15.6397 3.10438
      vertex -16.2168 -15.0356 2.80438
      vertex -16.1365 -15.5973 2.80438
    endloop
  endfacet
  facet normal -0.699977 -0.100068 -0.70712
    outer loop
      vertex -16.2168 -15.0356 2.80438
      vertex -16.4335 -15.6397 3.10438
      vertex -16.5138 -15.078 3.10438
    endloop
  endfacet
  facet normal -0.112998 -0.993595 0
    outer loop
      vertex -9.76418 -22.8236 3.10438
      vertex -9.27353 -22.8794 5.50438
      vertex -9.76418 -22.8236 5.50438
    endloop
  endfacet
  facet normal -0.112998 -0.993595 -0
    outer loop
      vertex -9.27353 -22.8794 5.50438
      vertex -9.76418 -22.8236 3.10438
      vertex -9.27353 -22.8794 3.10438
    endloop
  endfacet
  facet normal -0.187387 -0.982286 0
    outer loop
      vertex -10.2729 -22.7275 3.10438
      vertex -9.78644 -22.8203 5.50438
      vertex -10.2729 -22.7275 5.50438
    endloop
  endfacet
  facet normal -0.187387 -0.982286 -0
    outer loop
      vertex -9.78644 -22.8203 5.50438
      vertex -10.2729 -22.7275 3.10438
      vertex -9.78644 -22.8203 3.10438
    endloop
  endfacet
  facet normal -0.132509 -0.694574 -0.707113
    outer loop
      vertex -9.78644 -22.8203 3.10438
      vertex -10.2167 -22.4328 2.80438
      vertex -9.73027 -22.5256 2.80438
    endloop
  endfacet
  facet normal -0.1325 -0.694569 -0.70712
    outer loop
      vertex -10.2167 -22.4328 2.80438
      vertex -9.78644 -22.8203 3.10438
      vertex -10.2729 -22.7275 3.10438
    endloop
  endfacet
  facet normal 0.993739 -0.111722 0
    outer loop
      vertex 16.5138 -15.078 5.50438
      vertex 16.5157 -15.0611 3.10438
      vertex 16.5157 -15.0611 5.50438
    endloop
  endfacet
  facet normal 0.993739 -0.111722 0
    outer loop
      vertex 16.5157 -15.0611 3.10438
      vertex 16.5138 -15.078 5.50438
      vertex 16.5138 -15.078 3.10438
    endloop
  endfacet
  facet normal 0.98576 -0.168159 0
    outer loop
      vertex 16.4306 -15.6567 5.50438
      vertex 16.4335 -15.6397 3.10438
      vertex 16.4335 -15.6397 5.50438
    endloop
  endfacet
  facet normal 0.98576 -0.168159 0
    outer loop
      vertex 16.4335 -15.6397 3.10438
      vertex 16.4306 -15.6567 5.50438
      vertex 16.4306 -15.6567 3.10438
    endloop
  endfacet
  facet normal -0.398544 -0.917149 0
    outer loop
      vertex -11.7497 -22.2129 3.10438
      vertex -11.2883 -22.4134 5.50438
      vertex -11.7497 -22.2129 5.50438
    endloop
  endfacet
  facet normal -0.398544 -0.917149 -0
    outer loop
      vertex -11.2883 -22.4134 5.50438
      vertex -11.7497 -22.2129 3.10438
      vertex -11.2883 -22.4134 3.10438
    endloop
  endfacet
  facet normal 0.683865 -0.179628 0.707151
    outer loop
      vertex 16.0245 -16.1517 5.80438
      vertex 16.1716 -16.7727 5.50438
      vertex 16.3147 -16.2279 5.50438
    endloop
  endfacet
  facet normal 0.683865 -0.179628 0.707151
    outer loop
      vertex 16.1716 -16.7727 5.50438
      vertex 16.0245 -16.1517 5.80438
      vertex 15.8814 -16.6965 5.80438
    endloop
  endfacet
  facet normal 0.612232 -0.354247 0.706881
    outer loop
      vertex 15.2756 -18.8757 5.50438
      vertex 15.0115 -18.7335 5.80438
      vertex 15.2664 -18.8916 5.50438
    endloop
  endfacet
  facet normal 0.907504 -0.420044 0
    outer loop
      vertex 15.5441 -18.376 5.50438
      vertex 15.7765 -17.8739 3.10438
      vertex 15.7765 -17.8739 5.50438
    endloop
  endfacet
  facet normal 0.907504 -0.420044 0
    outer loop
      vertex 15.7765 -17.8739 3.10438
      vertex 15.5441 -18.376 5.50438
      vertex 15.5441 -18.376 3.10438
    endloop
  endfacet
  facet normal 0.633407 -0.31476 -0.70691
    outer loop
      vertex 15.536 -18.3923 3.10438
      vertex 15.2719 -18.25 2.80438
      vertex 15.5441 -18.376 3.10438
    endloop
  endfacet
  facet normal 0.519123 -0.480042 -0.707157
    outer loop
      vertex 13.9349 -20.6447 3.10438
      vertex 14.0745 -20.0518 2.80438
      vertex 14.2948 -20.2555 3.10438
    endloop
  endfacet
  facet normal 0.519123 -0.480042 -0.707157
    outer loop
      vertex 14.0745 -20.0518 2.80438
      vertex 13.9349 -20.6447 3.10438
      vertex 13.7146 -20.441 2.80438
    endloop
  endfacet
  facet normal 0.535187 -0.462372 0.706956
    outer loop
      vertex 14.3075 -20.2408 5.50438
      vertex 14.0745 -20.0518 5.80438
      vertex 14.2948 -20.2555 5.50438
    endloop
  endfacet
  facet normal -0.60078 -0.372907 -0.707109
    outer loop
      vertex -14.9792 -19.3544 3.10438
      vertex -15.0115 -18.7335 2.80438
      vertex -14.7243 -19.1962 2.80438
    endloop
  endfacet
  facet normal -0.600869 -0.372882 -0.707047
    outer loop
      vertex -15.0115 -18.7335 2.80438
      vertex -14.9792 -19.3544 3.10438
      vertex -15.2664 -18.8916 3.10438
    endloop
  endfacet
  facet normal -0.519123 0.480042 -0.707157
    outer loop
      vertex -14.0745 20.0518 2.80438
      vertex -13.9349 20.6447 3.10438
      vertex -13.7146 20.441 2.80438
    endloop
  endfacet
  facet normal -0.519123 0.480042 -0.707157
    outer loop
      vertex -13.9349 20.6447 3.10438
      vertex -14.0745 20.0518 2.80438
      vertex -14.2948 20.2555 3.10438
    endloop
  endfacet
  facet normal 0.677865 -0.201745 0.706964
    outer loop
      vertex 16.1716 -16.7727 5.50438
      vertex 15.8814 -16.6965 5.80438
      vertex 16.1666 -16.7895 5.50438
    endloop
  endfacet
  facet normal 0.672342 -0.219066 0.707083
    outer loop
      vertex 15.8814 -16.6965 5.80438
      vertex 15.993 -17.3223 5.50438
      vertex 16.1666 -16.7895 5.50438
    endloop
  endfacet
  facet normal 0.672198 -0.219146 0.707195
    outer loop
      vertex 15.993 -17.3223 5.50438
      vertex 15.8814 -16.6965 5.80438
      vertex 15.7077 -17.2293 5.80438
    endloop
  endfacet
  facet normal 0.650547 -0.277672 0.706885
    outer loop
      vertex 15.7835 -17.8575 5.50438
      vertex 15.5043 -17.7479 5.80438
      vertex 15.7765 -17.8739 5.50438
    endloop
  endfacet
  facet normal 0.641758 -0.297041 -0.707046
    outer loop
      vertex 15.5441 -18.376 3.10438
      vertex 15.5043 -17.7479 2.80438
      vertex 15.7765 -17.8739 3.10438
    endloop
  endfacet
  facet normal 0.641758 -0.297041 -0.707046
    outer loop
      vertex 15.5043 -17.7479 2.80438
      vertex 15.5441 -18.376 3.10438
      vertex 15.2719 -18.25 2.80438
    endloop
  endfacet
  facet normal 0.327838 -0.626519 0.707104
    outer loop
      vertex 12.0792 -21.7028 5.80438
      vertex 11.7692 -22.2036 5.50438
      vertex 12.2183 -21.9686 5.50438
    endloop
  endfacet
  facet normal 0.32768 -0.626484 0.707208
    outer loop
      vertex 11.7692 -22.2036 5.50438
      vertex 12.0792 -21.7028 5.80438
      vertex 11.6301 -21.9377 5.80438
    endloop
  endfacet
  facet normal 0.1325 -0.694569 0.70712
    outer loop
      vertex 10.2167 -22.4328 5.80438
      vertex 9.78644 -22.8203 5.50438
      vertex 10.2729 -22.7275 5.50438
    endloop
  endfacet
  facet normal 0.132509 -0.694574 0.707113
    outer loop
      vertex 9.78644 -22.8203 5.50438
      vertex 10.2167 -22.4328 5.80438
      vertex 9.73027 -22.5256 5.80438
    endloop
  endfacet
  facet normal 0.258253 -0.658544 0.706842
    outer loop
      vertex 11.2883 -22.4134 5.50438
      vertex 11.1687 -22.1383 5.80438
      vertex 11.2679 -22.4214 5.50438
    endloop
  endfacet
  facet normal 0.233816 -0.667359 0.70708
    outer loop
      vertex 11.1687 -22.1383 5.80438
      vertex 10.7961 -22.5867 5.50438
      vertex 11.2679 -22.4214 5.50438
    endloop
  endfacet
  facet normal 0.233653 -0.667298 0.707191
    outer loop
      vertex 10.7961 -22.5867 5.50438
      vertex 11.1687 -22.1383 5.80438
      vertex 10.6969 -22.3035 5.80438
    endloop
  endfacet
  facet normal 0.5832 -0.812328 0
    outer loop
      vertex 12.689 -21.6781 3.10438
      vertex 13.1077 -21.3775 5.50438
      vertex 12.689 -21.6781 5.50438
    endloop
  endfacet
  facet normal 0.5832 -0.812328 0
    outer loop
      vertex 13.1077 -21.3775 5.50438
      vertex 12.689 -21.6781 3.10438
      vertex 13.1077 -21.3775 3.10438
    endloop
  endfacet
  facet normal 0.365088 -0.930973 0
    outer loop
      vertex 11.2679 -22.4214 3.10438
      vertex 11.2883 -22.4134 5.50438
      vertex 11.2679 -22.4214 5.50438
    endloop
  endfacet
  facet normal 0.365088 -0.930973 0
    outer loop
      vertex 11.2883 -22.4134 5.50438
      vertex 11.2679 -22.4214 3.10438
      vertex 11.2883 -22.4134 3.10438
    endloop
  endfacet
  facet normal 0.0751085 -0.997175 0
    outer loop
      vertex 9.25096 -22.8811 3.10438
      vertex 9.27353 -22.8794 5.50438
      vertex 9.25096 -22.8811 5.50438
    endloop
  endfacet
  facet normal 0.0751085 -0.997175 0
    outer loop
      vertex 9.27353 -22.8794 5.50438
      vertex 9.25096 -22.8811 3.10438
      vertex 9.27353 -22.8794 3.10438
    endloop
  endfacet
  facet normal 0.0799121 -0.702668 -0.707016
    outer loop
      vertex 9.27353 -22.8794 3.10438
      vertex 9.73027 -22.5256 2.80438
      vertex 9.76418 -22.8236 3.10438
    endloop
  endfacet
  facet normal 0.0799121 -0.702668 -0.707016
    outer loop
      vertex 9.73027 -22.5256 2.80438
      vertex 9.27353 -22.8794 3.10438
      vertex 9.23962 -22.5814 2.80438
    endloop
  endfacet
  facet normal 0.463631 -0.886028 0
    outer loop
      vertex 11.7692 -22.2036 3.10438
      vertex 12.2183 -21.9686 5.50438
      vertex 11.7692 -22.2036 5.50438
    endloop
  endfacet
  facet normal 0.463631 -0.886028 0
    outer loop
      vertex 12.2183 -21.9686 5.50438
      vertex 11.7692 -22.2036 3.10438
      vertex 12.2183 -21.9686 3.10438
    endloop
  endfacet
  facet normal 0.260002 -0.965608 0
    outer loop
      vertex 10.2947 -22.7225 3.10438
      vertex 10.7749 -22.5932 5.50438
      vertex 10.2947 -22.7225 5.50438
    endloop
  endfacet
  facet normal 0.260002 -0.965608 0
    outer loop
      vertex 10.7749 -22.5932 5.50438
      vertex 10.2947 -22.7225 3.10438
      vertex 10.7749 -22.5932 3.10438
    endloop
  endfacet
  facet normal 0.223553 -0.974692 0
    outer loop
      vertex 10.2729 -22.7275 3.10438
      vertex 10.2947 -22.7225 5.50438
      vertex 10.2729 -22.7275 5.50438
    endloop
  endfacet
  facet normal 0.223553 -0.974692 0
    outer loop
      vertex 10.2947 -22.7225 5.50438
      vertex 10.2729 -22.7275 3.10438
      vertex 10.2947 -22.7225 3.10438
    endloop
  endfacet
  facet normal 0.207334 -0.676227 -0.706916
    outer loop
      vertex 10.7749 -22.5932 3.10438
      vertex 10.6969 -22.3035 2.80438
      vertex 10.7961 -22.5867 3.10438
    endloop
  endfacet
  facet normal -0.65835 -0.258211 -0.707038
    outer loop
      vertex -15.7835 -17.8575 3.10438
      vertex -15.7077 -17.2293 2.80438
      vertex -15.5043 -17.7479 2.80438
    endloop
  endfacet
  facet normal -0.658205 -0.258281 -0.707147
    outer loop
      vertex -15.7077 -17.2293 2.80438
      vertex -15.7835 -17.8575 3.10438
      vertex -15.987 -17.3389 3.10438
    endloop
  endfacet
  facet normal 0.207334 0.676227 0.706916
    outer loop
      vertex 10.7749 22.5932 5.50438
      vertex 10.6969 22.3035 5.80438
      vertex 10.7961 22.5867 5.50438
    endloop
  endfacet
  facet normal -0.849686 -0.52729 0
    outer loop
      vertex -14.9792 -19.3544 3.10438
      vertex -15.2664 -18.8916 5.50438
      vertex -15.2664 -18.8916 3.10438
    endloop
  endfacet
  facet normal -0.849686 -0.52729 0
    outer loop
      vertex -15.2664 -18.8916 5.50438
      vertex -14.9792 -19.3544 3.10438
      vertex -14.9792 -19.3544 5.50438
    endloop
  endfacet
  facet normal -0.60078 -0.372907 0.707109
    outer loop
      vertex -15.0115 -18.7335 5.80438
      vertex -14.9792 -19.3544 5.50438
      vertex -14.7243 -19.1962 5.80438
    endloop
  endfacet
  facet normal -0.600869 -0.372882 0.707047
    outer loop
      vertex -14.9792 -19.3544 5.50438
      vertex -15.0115 -18.7335 5.80438
      vertex -15.2664 -18.8916 5.50438
    endloop
  endfacet
  facet normal 0.503651 0.496507 0.706976
    outer loop
      vertex 13.921 20.6588 5.50438
      vertex 13.7146 20.441 5.80438
      vertex 13.9349 20.6447 5.50438
    endloop
  endfacet
  facet normal -0.633407 -0.31476 -0.70691
    outer loop
      vertex -15.536 -18.3923 3.10438
      vertex -15.5441 -18.376 3.10438
      vertex -15.2719 -18.25 2.80438
    endloop
  endfacet
  facet normal -0.665085 -0.240392 -0.707017
    outer loop
      vertex -15.987 -17.3389 3.10438
      vertex -15.993 -17.3223 3.10438
      vertex -15.7077 -17.2293 2.80438
    endloop
  endfacet
  facet normal -0.672198 -0.219146 0.707195
    outer loop
      vertex -15.8814 -16.6965 5.80438
      vertex -15.993 -17.3223 5.50438
      vertex -15.7077 -17.2293 5.80438
    endloop
  endfacet
  facet normal -0.672342 -0.219066 0.707083
    outer loop
      vertex -15.993 -17.3223 5.50438
      vertex -15.8814 -16.6965 5.80438
      vertex -16.1666 -16.7895 5.50438
    endloop
  endfacet
  facet normal -0.980198 -0.19802 0
    outer loop
      vertex -16.3186 -16.2111 3.10438
      vertex -16.4306 -15.6567 5.50438
      vertex -16.4306 -15.6567 3.10438
    endloop
  endfacet
  facet normal -0.980198 -0.19802 0
    outer loop
      vertex -16.4306 -15.6567 5.50438
      vertex -16.3186 -16.2111 3.10438
      vertex -16.3186 -16.2111 5.50438
    endloop
  endfacet
  facet normal -0.688889 -0.159921 -0.707006
    outer loop
      vertex -16.3147 -16.2279 3.10438
      vertex -16.3186 -16.2111 3.10438
      vertex -16.0245 -16.1517 2.80438
    endloop
  endfacet
  facet normal -0.233653 -0.667298 -0.707191
    outer loop
      vertex -10.7961 -22.5867 3.10438
      vertex -11.1687 -22.1383 2.80438
      vertex -10.6969 -22.3035 2.80438
    endloop
  endfacet
  facet normal -0.233816 -0.667359 -0.70708
    outer loop
      vertex -11.1687 -22.1383 2.80438
      vertex -10.7961 -22.5867 3.10438
      vertex -11.2679 -22.4214 3.10438
    endloop
  endfacet
  facet normal -0.183844 -0.682769 0.707127
    outer loop
      vertex -10.6969 -22.3035 5.80438
      vertex -10.2947 -22.7225 5.50438
      vertex -10.2167 -22.4328 5.80438
    endloop
  endfacet
  facet normal -0.183844 -0.682769 0.707127
    outer loop
      vertex -10.2947 -22.7225 5.50438
      vertex -10.6969 -22.3035 5.80438
      vertex -10.7749 -22.5932 5.50438
    endloop
  endfacet
  facet normal -0.430473 -0.902604 0
    outer loop
      vertex -11.7692 -22.2036 3.10438
      vertex -11.7497 -22.2129 5.50438
      vertex -11.7692 -22.2036 5.50438
    endloop
  endfacet
  facet normal -0.430473 -0.902604 -0
    outer loop
      vertex -11.7497 -22.2129 5.50438
      vertex -11.7692 -22.2036 3.10438
      vertex -11.7497 -22.2129 3.10438
    endloop
  endfacet
  facet normal -0.258253 -0.658544 -0.706842
    outer loop
      vertex -11.2679 -22.4214 3.10438
      vertex -11.2883 -22.4134 3.10438
      vertex -11.1687 -22.1383 2.80438
    endloop
  endfacet
  facet normal 0.233816 0.667359 0.70708
    outer loop
      vertex 10.7961 22.5867 5.50438
      vertex 11.1687 22.1383 5.80438
      vertex 11.2679 22.4214 5.50438
    endloop
  endfacet
  facet normal 0.233653 0.667298 0.707191
    outer loop
      vertex 11.1687 22.1383 5.80438
      vertex 10.7961 22.5867 5.50438
      vertex 10.6969 22.3035 5.80438
    endloop
  endfacet
  facet normal -0.535187 0.462372 0.706956
    outer loop
      vertex -14.2948 20.2555 5.50438
      vertex -14.3075 20.2408 5.50438
      vertex -14.0745 20.0518 5.80438
    endloop
  endfacet
  facet normal -0.432573 -0.559599 -0.706915
    outer loop
      vertex -13.1077 -21.3775 3.10438
      vertex -13.124 -21.3649 3.10438
      vertex -12.9327 -21.1338 2.80438
    endloop
  endfacet
  facet normal -0.371348 -0.601711 0.707138
    outer loop
      vertex -12.5141 -21.4344 5.80438
      vertex -12.2368 -21.9581 5.50438
      vertex -12.0792 -21.7028 5.80438
    endloop
  endfacet
  facet normal -0.371443 -0.601726 0.707076
    outer loop
      vertex -12.2368 -21.9581 5.50438
      vertex -12.5141 -21.4344 5.80438
      vertex -12.6716 -21.6897 5.50438
    endloop
  endfacet
  facet normal -0.463631 -0.886028 0
    outer loop
      vertex -12.2183 -21.9686 3.10438
      vertex -11.7692 -22.2036 5.50438
      vertex -12.2183 -21.9686 5.50438
    endloop
  endfacet
  facet normal -0.463631 -0.886028 -0
    outer loop
      vertex -11.7692 -22.2036 5.50438
      vertex -12.2183 -21.9686 3.10438
      vertex -11.7692 -22.2036 3.10438
    endloop
  endfacet
  facet normal -0.776657 -0.629924 0
    outer loop
      vertex -14.3075 -20.2408 3.10438
      vertex -14.6445 -19.8253 5.50438
      vertex -14.6445 -19.8253 3.10438
    endloop
  endfacet
  facet normal -0.776657 -0.629924 0
    outer loop
      vertex -14.6445 -19.8253 5.50438
      vertex -14.3075 -20.2408 3.10438
      vertex -14.3075 -20.2408 5.50438
    endloop
  endfacet
  facet normal -0.576302 -0.409606 0.707177
    outer loop
      vertex -14.7243 -19.1962 5.80438
      vertex -14.6561 -19.8101 5.50438
      vertex -14.4115 -19.6363 5.80438
    endloop
  endfacet
  facet normal -0.576443 -0.409574 0.707081
    outer loop
      vertex -14.6561 -19.8101 5.50438
      vertex -14.7243 -19.1962 5.80438
      vertex -14.9688 -19.37 5.50438
    endloop
  endfacet
  facet normal -0.683865 -0.179628 -0.707151
    outer loop
      vertex -16.1716 -16.7727 3.10438
      vertex -16.0245 -16.1517 2.80438
      vertex -15.8814 -16.6965 2.80438
    endloop
  endfacet
  facet normal -0.683865 -0.179628 -0.707151
    outer loop
      vertex -16.0245 -16.1517 2.80438
      vertex -16.1716 -16.7727 3.10438
      vertex -16.3147 -16.2279 3.10438
    endloop
  endfacet
  facet normal -0.683865 -0.179628 0.707151
    outer loop
      vertex -16.0245 -16.1517 5.80438
      vertex -16.1716 -16.7727 5.50438
      vertex -15.8814 -16.6965 5.80438
    endloop
  endfacet
  facet normal -0.683865 -0.179628 0.707151
    outer loop
      vertex -16.1716 -16.7727 5.50438
      vertex -16.0245 -16.1517 5.80438
      vertex -16.3147 -16.2279 5.50438
    endloop
  endfacet
  facet normal -0.7062 -0.0373871 -0.707024
    outer loop
      vertex -16.5641 -14.4945 3.10438
      vertex -16.565 -14.4775 3.10438
      vertex -16.2651 -14.469 2.80438
    endloop
  endfacet
  facet normal -0.30445 -0.638364 0.706967
    outer loop
      vertex -11.6301 -21.9377 5.80438
      vertex -11.7692 -22.2036 5.50438
      vertex -11.7497 -22.2129 5.50438
    endloop
  endfacet
  facet normal -0.996371 -0.0851119 0
    outer loop
      vertex -16.5157 -15.0611 3.10438
      vertex -16.5641 -14.4945 5.50438
      vertex -16.5641 -14.4945 3.10438
    endloop
  endfacet
  facet normal -0.996371 -0.0851119 0
    outer loop
      vertex -16.5641 -14.4945 5.50438
      vertex -16.5157 -15.0611 3.10438
      vertex -16.5157 -15.0611 5.50438
    endloop
  endfacet
  facet normal -0.999723 -0.0235229 0
    outer loop
      vertex -16.5811 -13.9085 3.10438
      vertex -16.5813 -13.9 5.50438
      vertex -16.5813 -13.9 3.10438
    endloop
  endfacet
  facet normal -0.999723 -0.0235229 0
    outer loop
      vertex -16.5813 -13.9 5.50438
      vertex -16.5811 -13.9085 3.10438
      vertex -16.5811 -13.9085 5.50438
    endloop
  endfacet
  facet normal -0.707009 -0.0166355 -0.707009
    outer loop
      vertex -16.5811 -13.9085 3.10438
      vertex -16.5813 -13.9 3.10438
      vertex -16.2813 -13.9 2.80438
    endloop
  endfacet
  facet normal -0.688889 0.159921 0.707006
    outer loop
      vertex -16.3147 16.2279 5.50438
      vertex -16.3186 16.2111 5.50438
      vertex -16.0245 16.1517 5.80438
    endloop
  endfacet
  facet normal -0.815183 0.579204 0
    outer loop
      vertex -14.9688 19.37 3.10438
      vertex -14.6561 19.8101 5.50438
      vertex -14.6561 19.8101 3.10438
    endloop
  endfacet
  facet normal -0.815183 0.579204 0
    outer loop
      vertex -14.6561 19.8101 5.50438
      vertex -14.9688 19.37 3.10438
      vertex -14.9688 19.37 5.50438
    endloop
  endfacet
  facet normal -0.398544 0.917149 0
    outer loop
      vertex -11.2883 22.4134 3.10438
      vertex -11.7497 22.2129 5.50438
      vertex -11.2883 22.4134 5.50438
    endloop
  endfacet
  facet normal -0.398544 0.917149 0
    outer loop
      vertex -11.7497 22.2129 5.50438
      vertex -11.2883 22.4134 3.10438
      vertex -11.7497 22.2129 3.10438
    endloop
  endfacet
  facet normal -0.183844 0.682769 0.707127
    outer loop
      vertex -10.2947 22.7225 5.50438
      vertex -10.6969 22.3035 5.80438
      vertex -10.2167 22.4328 5.80438
    endloop
  endfacet
  facet normal -0.183844 0.682769 0.707127
    outer loop
      vertex -10.6969 22.3035 5.80438
      vertex -10.2947 22.7225 5.50438
      vertex -10.7749 22.5932 5.50438
    endloop
  endfacet
  facet normal -0.260002 0.965608 0
    outer loop
      vertex -10.2947 22.7225 3.10438
      vertex -10.7749 22.5932 5.50438
      vertex -10.2947 22.7225 5.50438
    endloop
  endfacet
  facet normal -0.260002 0.965608 0
    outer loop
      vertex -10.7749 22.5932 5.50438
      vertex -10.2947 22.7225 3.10438
      vertex -10.7749 22.5932 3.10438
    endloop
  endfacet
  facet normal -0.371348 0.601711 -0.707138
    outer loop
      vertex -12.5141 21.4344 2.80438
      vertex -12.2368 21.9581 3.10438
      vertex -12.0792 21.7028 2.80438
    endloop
  endfacet
  facet normal -0.371443 0.601726 -0.707076
    outer loop
      vertex -12.2368 21.9581 3.10438
      vertex -12.5141 21.4344 2.80438
      vertex -12.6716 21.6897 3.10438
    endloop
  endfacet
  facet normal -0.463631 0.886028 0
    outer loop
      vertex -11.7692 22.2036 3.10438
      vertex -12.2183 21.9686 5.50438
      vertex -11.7692 22.2036 5.50438
    endloop
  endfacet
  facet normal -0.463631 0.886028 0
    outer loop
      vertex -12.2183 21.9686 5.50438
      vertex -11.7692 22.2036 3.10438
      vertex -12.2183 21.9686 3.10438
    endloop
  endfacet
  facet normal -0.412473 0.574389 0.707067
    outer loop
      vertex -12.689 21.6781 5.50438
      vertex -12.9327 21.1338 5.80438
      vertex -12.5141 21.4344 5.80438
    endloop
  endfacet
  facet normal -0.412368 0.57438 0.707136
    outer loop
      vertex -12.9327 21.1338 5.80438
      vertex -12.689 21.6781 5.50438
      vertex -13.1077 21.3775 5.50438
    endloop
  endfacet
  facet normal 0.183844 0.682769 -0.707127
    outer loop
      vertex 10.6969 22.3035 2.80438
      vertex 10.2947 22.7225 3.10438
      vertex 10.7749 22.5932 3.10438
    endloop
  endfacet
  facet normal 0.183844 0.682769 -0.707127
    outer loop
      vertex 10.2947 22.7225 3.10438
      vertex 10.6969 22.3035 2.80438
      vertex 10.2167 22.4328 2.80438
    endloop
  endfacet
  facet normal 0.612232 0.354247 0.706881
    outer loop
      vertex 15.2664 18.8916 5.50438
      vertex 15.0115 18.7335 5.80438
      vertex 15.2756 18.8757 5.50438
    endloop
  endfacet
  facet normal 0.622532 0.335348 0.707103
    outer loop
      vertex 15.2756 18.8757 5.50438
      vertex 15.2719 18.25 5.80438
      vertex 15.536 18.3923 5.50438
    endloop
  endfacet
  facet normal 0.622611 0.335321 0.707047
    outer loop
      vertex 15.2719 18.25 5.80438
      vertex 15.2756 18.8757 5.50438
      vertex 15.0115 18.7335 5.80438
    endloop
  endfacet
  facet normal 0.734203 0.67893 0
    outer loop
      vertex 14.2948 20.2555 5.50438
      vertex 13.9349 20.6447 3.10438
      vertex 13.9349 20.6447 5.50438
    endloop
  endfacet
  facet normal 0.734203 0.67893 0
    outer loop
      vertex 13.9349 20.6447 3.10438
      vertex 14.2948 20.2555 5.50438
      vertex 14.2948 20.2555 3.10438
    endloop
  endfacet
  facet normal 0.549164 0.445411 0.707126
    outer loop
      vertex 14.3075 20.2408 5.50438
      vertex 14.4115 19.6363 5.80438
      vertex 14.6445 19.8253 5.50438
    endloop
  endfacet
  facet normal 0.549164 0.445411 0.707126
    outer loop
      vertex 14.4115 19.6363 5.80438
      vertex 14.3075 20.2408 5.50438
      vertex 14.0745 20.0518 5.80438
    endloop
  endfacet
  facet normal 0.562223 0.429065 0.706971
    outer loop
      vertex 14.6445 19.8253 5.50438
      vertex 14.4115 19.6363 5.80438
      vertex 14.6561 19.8101 5.50438
    endloop
  endfacet
  facet normal 0.519123 0.480042 0.707157
    outer loop
      vertex 13.9349 20.6447 5.50438
      vertex 14.0745 20.0518 5.80438
      vertex 14.2948 20.2555 5.50438
    endloop
  endfacet
  facet normal 0.519123 0.480042 0.707157
    outer loop
      vertex 14.0745 20.0518 5.80438
      vertex 13.9349 20.6447 5.50438
      vertex 13.7146 20.441 5.80438
    endloop
  endfacet
  facet normal 0.83205 0.5547 0
    outer loop
      vertex 14.9792 19.3544 5.50438
      vertex 14.9688 19.37 3.10438
      vertex 14.9688 19.37 5.50438
    endloop
  endfacet
  facet normal 0.83205 0.5547 0
    outer loop
      vertex 14.9688 19.37 3.10438
      vertex 14.9792 19.3544 5.50438
      vertex 14.9792 19.3544 3.10438
    endloop
  endfacet
  facet normal -0.486429 0.513228 -0.707095
    outer loop
      vertex -13.7146 20.441 2.80438
      vertex -13.5399 21.0199 3.10438
      vertex -13.3335 20.8022 2.80438
    endloop
  endfacet
  facet normal -0.486299 0.513233 -0.707181
    outer loop
      vertex -13.5399 21.0199 3.10438
      vertex -13.7146 20.441 2.80438
      vertex -13.921 20.6588 3.10438
    endloop
  endfacet
  facet normal 0.258253 -0.658544 -0.706842
    outer loop
      vertex 11.2679 -22.4214 3.10438
      vertex 11.1687 -22.1383 2.80438
      vertex 11.2883 -22.4134 3.10438
    endloop
  endfacet
  facet normal 0.281783 -0.648452 -0.707184
    outer loop
      vertex 11.2883 -22.4134 3.10438
      vertex 11.6301 -21.9377 2.80438
      vertex 11.7497 -22.2129 3.10438
    endloop
  endfacet
  facet normal 0.281944 -0.648499 -0.707076
    outer loop
      vertex 11.6301 -21.9377 2.80438
      vertex 11.2883 -22.4134 3.10438
      vertex 11.1687 -22.1383 2.80438
    endloop
  endfacet
  facet normal -0.535187 -0.462372 0.706956
    outer loop
      vertex -14.0745 -20.0518 5.80438
      vertex -14.3075 -20.2408 5.50438
      vertex -14.2948 -20.2555 5.50438
    endloop
  endfacet
  facet normal -0.0531358 0.705456 0.706759
    outer loop
      vertex -9.25096 22.8811 5.50438
      vertex -9.27353 22.8794 5.50438
      vertex -9.23962 22.5814 5.80438
    endloop
  endfacet
  facet normal 0.704441 0.0601746 0.707207
    outer loop
      vertex 16.5157 15.0611 5.50438
      vertex 16.2651 14.469 5.80438
      vertex 16.5641 14.4945 5.50438
    endloop
  endfacet
  facet normal 0.704568 0.0600611 0.70709
    outer loop
      vertex 16.2651 14.469 5.80438
      vertex 16.5157 15.0611 5.50438
      vertex 16.2168 15.0356 5.80438
    endloop
  endfacet
  facet normal 0.704441 0.0601746 -0.707207
    outer loop
      vertex 16.2651 14.469 2.80438
      vertex 16.5157 15.0611 3.10438
      vertex 16.5641 14.4945 3.10438
    endloop
  endfacet
  facet normal 0.704568 0.0600611 -0.70709
    outer loop
      vertex 16.5157 15.0611 3.10438
      vertex 16.2651 14.469 2.80438
      vertex 16.2168 15.0356 2.80438
    endloop
  endfacet
  facet normal 0.01247 -0.707052 -0.707052
    outer loop
      vertex 8.75818 -22.8998 3.10438
      vertex 8.74684 -22.9 3.10438
      vertex 8.74684 -22.6 2.80438
    endloop
  endfacet
  facet normal 0.412368 -0.57438 -0.707136
    outer loop
      vertex 12.689 -21.6781 3.10438
      vertex 12.9327 -21.1338 2.80438
      vertex 13.1077 -21.3775 3.10438
    endloop
  endfacet
  facet normal 0.412473 -0.574389 -0.707067
    outer loop
      vertex 12.9327 -21.1338 2.80438
      vertex 12.689 -21.6781 3.10438
      vertex 12.5141 -21.4344 2.80438
    endloop
  endfacet
  facet normal 0.392371 -0.588557 -0.706856
    outer loop
      vertex 12.6716 -21.6897 3.10438
      vertex 12.5141 -21.4344 2.80438
      vertex 12.689 -21.6781 3.10438
    endloop
  endfacet
  facet normal 0.734203 -0.67893 0
    outer loop
      vertex 13.9349 -20.6447 5.50438
      vertex 14.2948 -20.2555 3.10438
      vertex 14.2948 -20.2555 5.50438
    endloop
  endfacet
  facet normal 0.734203 -0.67893 0
    outer loop
      vertex 14.2948 -20.2555 3.10438
      vertex 13.9349 -20.6447 5.50438
      vertex 13.9349 -20.6447 3.10438
    endloop
  endfacet
  facet normal 0.103737 -0.699753 -0.706813
    outer loop
      vertex 9.76418 -22.8236 3.10438
      vertex 9.73027 -22.5256 2.80438
      vertex 9.78644 -22.8203 3.10438
    endloop
  endfacet
  facet normal 0.677865 -0.201745 -0.706964
    outer loop
      vertex 16.1666 -16.7895 3.10438
      vertex 15.8814 -16.6965 2.80438
      vertex 16.1716 -16.7727 3.10438
    endloop
  endfacet
  facet normal 0.958452 -0.285254 0
    outer loop
      vertex 16.1666 -16.7895 5.50438
      vertex 16.1716 -16.7727 3.10438
      vertex 16.1716 -16.7727 5.50438
    endloop
  endfacet
  facet normal 0.958452 -0.285254 0
    outer loop
      vertex 16.1716 -16.7727 3.10438
      vertex 16.1666 -16.7895 5.50438
      vertex 16.1666 -16.7895 3.10438
    endloop
  endfacet
  facet normal 0.430473 -0.902604 0
    outer loop
      vertex 11.7497 -22.2129 3.10438
      vertex 11.7692 -22.2036 5.50438
      vertex 11.7497 -22.2129 5.50438
    endloop
  endfacet
  facet normal 0.430473 -0.902604 0
    outer loop
      vertex 11.7692 -22.2036 5.50438
      vertex 11.7497 -22.2129 3.10438
      vertex 11.7692 -22.2036 3.10438
    endloop
  endfacet
  facet normal -0.0531358 -0.705456 -0.706759
    outer loop
      vertex -9.25096 -22.8811 3.10438
      vertex -9.27353 -22.8794 3.10438
      vertex -9.23962 -22.5814 2.80438
    endloop
  endfacet
  facet normal -0.0176339 -0.999845 0
    outer loop
      vertex -8.75818 -22.8998 3.10438
      vertex -8.74684 -22.9 5.50438
      vertex -8.75818 -22.8998 5.50438
    endloop
  endfacet
  facet normal -0.0176339 -0.999845 -0
    outer loop
      vertex -8.74684 -22.9 5.50438
      vertex -8.75818 -22.8998 3.10438
      vertex -8.74684 -22.9 3.10438
    endloop
  endfacet
  facet normal 0.146645 -0.989189 0
    outer loop
      vertex 9.76418 -22.8236 3.10438
      vertex 9.78644 -22.8203 5.50438
      vertex 9.76418 -22.8236 5.50438
    endloop
  endfacet
  facet normal 0.146645 -0.989189 0
    outer loop
      vertex 9.78644 -22.8203 5.50438
      vertex 9.76418 -22.8236 3.10438
      vertex 9.78644 -22.8203 3.10438
    endloop
  endfacet
  facet normal -0.611586 -0.791178 0
    outer loop
      vertex -13.124 -21.3649 3.10438
      vertex -13.1077 -21.3775 5.50438
      vertex -13.124 -21.3649 5.50438
    endloop
  endfacet
  facet normal -0.611586 -0.791178 -0
    outer loop
      vertex -13.1077 -21.3775 5.50438
      vertex -13.124 -21.3649 3.10438
      vertex -13.1077 -21.3775 3.10438
    endloop
  endfacet
  facet normal 0.5547 -0.83205 0
    outer loop
      vertex 12.6716 -21.6897 3.10438
      vertex 12.689 -21.6781 5.50438
      vertex 12.6716 -21.6897 5.50438
    endloop
  endfacet
  facet normal 0.5547 -0.83205 0
    outer loop
      vertex 12.689 -21.6781 5.50438
      vertex 12.6716 -21.6897 3.10438
      vertex 12.689 -21.6781 3.10438
    endloop
  endfacet
  facet normal 0.493606 -0.869686 0
    outer loop
      vertex 12.2183 -21.9686 3.10438
      vertex 12.2368 -21.9581 5.50438
      vertex 12.2183 -21.9686 5.50438
    endloop
  endfacet
  facet normal 0.493606 -0.869686 0
    outer loop
      vertex 12.2368 -21.9581 5.50438
      vertex 12.2183 -21.9686 3.10438
      vertex 12.2368 -21.9581 3.10438
    endloop
  endfacet
  facet normal 0.187387 -0.982286 0
    outer loop
      vertex 9.78644 -22.8203 3.10438
      vertex 10.2729 -22.7275 5.50438
      vertex 9.78644 -22.8203 5.50438
    endloop
  endfacet
  facet normal 0.187387 -0.982286 0
    outer loop
      vertex 10.2729 -22.7275 5.50438
      vertex 9.78644 -22.8203 3.10438
      vertex 10.2729 -22.7275 3.10438
    endloop
  endfacet
  facet normal 0.183844 -0.682769 0.707127
    outer loop
      vertex 10.6969 -22.3035 5.80438
      vertex 10.2947 -22.7225 5.50438
      vertex 10.7749 -22.5932 5.50438
    endloop
  endfacet
  facet normal 0.183844 -0.682769 0.707127
    outer loop
      vertex 10.2947 -22.7225 5.50438
      vertex 10.6969 -22.3035 5.80438
      vertex 10.2167 -22.4328 5.80438
    endloop
  endfacet
  facet normal 0.158127 -0.689435 0.706877
    outer loop
      vertex 10.2947 -22.7225 5.50438
      vertex 10.2167 -22.4328 5.80438
      vertex 10.2729 -22.7275 5.50438
    endloop
  endfacet
  facet normal -0.5547 -0.83205 0
    outer loop
      vertex -12.689 -21.6781 3.10438
      vertex -12.6716 -21.6897 5.50438
      vertex -12.689 -21.6781 5.50438
    endloop
  endfacet
  facet normal -0.5547 -0.83205 -0
    outer loop
      vertex -12.6716 -21.6897 5.50438
      vertex -12.689 -21.6781 3.10438
      vertex -12.6716 -21.6897 3.10438
    endloop
  endfacet
  facet normal -0.588502 -0.392335 0.706922
    outer loop
      vertex -14.7243 -19.1962 5.80438
      vertex -14.9792 -19.3544 5.50438
      vertex -14.9688 -19.37 5.50438
    endloop
  endfacet
  facet normal -0.641758 -0.297041 -0.707046
    outer loop
      vertex -15.5441 -18.376 3.10438
      vertex -15.5043 -17.7479 2.80438
      vertex -15.2719 -18.25 2.80438
    endloop
  endfacet
  facet normal -0.641758 -0.297041 -0.707046
    outer loop
      vertex -15.5043 -17.7479 2.80438
      vertex -15.5441 -18.376 3.10438
      vertex -15.7765 -17.8739 3.10438
    endloop
  endfacet
  facet normal -0.930895 -0.365286 0
    outer loop
      vertex -15.7835 -17.8575 3.10438
      vertex -15.987 -17.3389 5.50438
      vertex -15.987 -17.3389 3.10438
    endloop
  endfacet
  facet normal -0.930895 -0.365286 0
    outer loop
      vertex -15.987 -17.3389 5.50438
      vertex -15.7835 -17.8575 3.10438
      vertex -15.7835 -17.8575 5.50438
    endloop
  endfacet
  facet normal -0.260002 -0.965608 0
    outer loop
      vertex -10.7749 -22.5932 3.10438
      vertex -10.2947 -22.7225 5.50438
      vertex -10.7749 -22.5932 5.50438
    endloop
  endfacet
  facet normal -0.260002 -0.965608 -0
    outer loop
      vertex -10.2947 -22.7225 5.50438
      vertex -10.7749 -22.5932 3.10438
      vertex -10.2947 -22.7225 3.10438
    endloop
  endfacet
  facet normal -0.330653 -0.943752 0
    outer loop
      vertex -11.2679 -22.4214 3.10438
      vertex -10.7961 -22.5867 5.50438
      vertex -11.2679 -22.4214 5.50438
    endloop
  endfacet
  facet normal -0.330653 -0.943752 -0
    outer loop
      vertex -10.7961 -22.5867 5.50438
      vertex -11.2679 -22.4214 3.10438
      vertex -10.7961 -22.5867 3.10438
    endloop
  endfacet
  facet normal -0.467767 -0.530601 0.706864
    outer loop
      vertex -13.3335 -20.8022 5.80438
      vertex -13.5399 -21.0199 5.50438
      vertex -13.5247 -21.0333 5.50438
    endloop
  endfacet
  facet normal -0.450747 -0.544811 -0.707112
    outer loop
      vertex -13.124 -21.3649 3.10438
      vertex -13.3335 -20.8022 2.80438
      vertex -12.9327 -21.1338 2.80438
    endloop
  endfacet
  facet normal -0.450862 -0.544814 -0.707037
    outer loop
      vertex -13.3335 -20.8022 2.80438
      vertex -13.124 -21.3649 3.10438
      vertex -13.5247 -21.0333 3.10438
    endloop
  endfacet
  facet normal -0.5832 -0.812328 0
    outer loop
      vertex -13.1077 -21.3775 3.10438
      vertex -12.689 -21.6781 5.50438
      vertex -13.1077 -21.3775 5.50438
    endloop
  endfacet
  facet normal -0.5832 -0.812328 -0
    outer loop
      vertex -12.689 -21.6781 5.50438
      vertex -13.1077 -21.3775 3.10438
      vertex -12.689 -21.6781 3.10438
    endloop
  endfacet
  facet normal -0.32768 -0.626484 0.707208
    outer loop
      vertex -12.0792 -21.7028 5.80438
      vertex -11.7692 -22.2036 5.50438
      vertex -11.6301 -21.9377 5.80438
    endloop
  endfacet
  facet normal -0.327838 -0.626519 0.707104
    outer loop
      vertex -11.7692 -22.2036 5.50438
      vertex -12.0792 -21.7028 5.80438
      vertex -12.2183 -21.9686 5.50438
    endloop
  endfacet
  facet normal -0.30445 -0.638364 -0.706967
    outer loop
      vertex -11.7497 -22.2129 3.10438
      vertex -11.7692 -22.2036 3.10438
      vertex -11.6301 -21.9377 2.80438
    endloop
  endfacet
  facet normal -0.365088 -0.930973 0
    outer loop
      vertex -11.2883 -22.4134 3.10438
      vertex -11.2679 -22.4214 5.50438
      vertex -11.2883 -22.4134 5.50438
    endloop
  endfacet
  facet normal -0.365088 -0.930973 -0
    outer loop
      vertex -11.2679 -22.4214 5.50438
      vertex -11.2883 -22.4134 3.10438
      vertex -11.2679 -22.4214 3.10438
    endloop
  endfacet
  facet normal -0.794951 -0.606673 0
    outer loop
      vertex -14.6445 -19.8253 3.10438
      vertex -14.6561 -19.8101 5.50438
      vertex -14.6561 -19.8101 3.10438
    endloop
  endfacet
  facet normal -0.794951 -0.606673 0
    outer loop
      vertex -14.6561 -19.8101 5.50438
      vertex -14.6445 -19.8253 3.10438
      vertex -14.6445 -19.8253 5.50438
    endloop
  endfacet
  facet normal -0.734203 -0.67893 0
    outer loop
      vertex -13.9349 -20.6447 3.10438
      vertex -14.2948 -20.2555 5.50438
      vertex -14.2948 -20.2555 3.10438
    endloop
  endfacet
  facet normal -0.734203 -0.67893 0
    outer loop
      vertex -14.2948 -20.2555 5.50438
      vertex -13.9349 -20.6447 3.10438
      vertex -13.9349 -20.6447 5.50438
    endloop
  endfacet
  facet normal -0.712139 -0.702038 0
    outer loop
      vertex -13.921 -20.6588 3.10438
      vertex -13.9349 -20.6447 5.50438
      vertex -13.9349 -20.6447 3.10438
    endloop
  endfacet
  facet normal -0.712139 -0.702038 0
    outer loop
      vertex -13.9349 -20.6447 5.50438
      vertex -13.921 -20.6588 3.10438
      vertex -13.921 -20.6588 5.50438
    endloop
  endfacet
  facet normal -0.486429 -0.513228 0.707095
    outer loop
      vertex -13.7146 -20.441 5.80438
      vertex -13.5399 -21.0199 5.50438
      vertex -13.3335 -20.8022 5.80438
    endloop
  endfacet
  facet normal -0.486299 -0.513233 0.707181
    outer loop
      vertex -13.5399 -21.0199 5.50438
      vertex -13.7146 -20.441 5.80438
      vertex -13.921 -20.6588 5.50438
    endloop
  endfacet
  facet normal -0.958452 -0.285254 0
    outer loop
      vertex -16.1666 -16.7895 3.10438
      vertex -16.1716 -16.7727 5.50438
      vertex -16.1716 -16.7727 3.10438
    endloop
  endfacet
  facet normal -0.958452 -0.285254 0
    outer loop
      vertex -16.1716 -16.7727 5.50438
      vertex -16.1666 -16.7895 3.10438
      vertex -16.1666 -16.7895 5.50438
    endloop
  endfacet
  facet normal -0.30445 0.638364 -0.706967
    outer loop
      vertex -11.6301 21.9377 2.80438
      vertex -11.7692 22.2036 3.10438
      vertex -11.7497 22.2129 3.10438
    endloop
  endfacet
  facet normal -0.430473 0.902604 0
    outer loop
      vertex -11.7497 22.2129 3.10438
      vertex -11.7692 22.2036 5.50438
      vertex -11.7497 22.2129 5.50438
    endloop
  endfacet
  facet normal -0.430473 0.902604 0
    outer loop
      vertex -11.7692 22.2036 5.50438
      vertex -11.7497 22.2129 3.10438
      vertex -11.7692 22.2036 3.10438
    endloop
  endfacet
  facet normal -0.392371 0.588557 0.706856
    outer loop
      vertex -12.6716 21.6897 5.50438
      vertex -12.689 21.6781 5.50438
      vertex -12.5141 21.4344 5.80438
    endloop
  endfacet
  facet normal 0.794951 0.606673 0
    outer loop
      vertex 14.6561 19.8101 5.50438
      vertex 14.6445 19.8253 3.10438
      vertex 14.6445 19.8253 5.50438
    endloop
  endfacet
  facet normal 0.794951 0.606673 0
    outer loop
      vertex 14.6445 19.8253 3.10438
      vertex 14.6561 19.8101 5.50438
      vertex 14.6561 19.8101 3.10438
    endloop
  endfacet
  facet normal 0.776657 0.629924 0
    outer loop
      vertex 14.6445 19.8253 5.50438
      vertex 14.3075 20.2408 3.10438
      vertex 14.3075 20.2408 5.50438
    endloop
  endfacet
  facet normal 0.776657 0.629924 0
    outer loop
      vertex 14.3075 20.2408 3.10438
      vertex 14.6445 19.8253 5.50438
      vertex 14.6445 19.8253 3.10438
    endloop
  endfacet
  facet normal -0.503651 0.496507 0.706976
    outer loop
      vertex -13.921 20.6588 5.50438
      vertex -13.9349 20.6447 5.50438
      vertex -13.7146 20.441 5.80438
    endloop
  endfacet
  facet normal -0.486429 0.513228 0.707095
    outer loop
      vertex -13.5399 21.0199 5.50438
      vertex -13.7146 20.441 5.80438
      vertex -13.3335 20.8022 5.80438
    endloop
  endfacet
  facet normal -0.486299 0.513233 0.707181
    outer loop
      vertex -13.7146 20.441 5.80438
      vertex -13.5399 21.0199 5.50438
      vertex -13.921 20.6588 5.50438
    endloop
  endfacet
  facet normal -0.549164 0.445411 -0.707126
    outer loop
      vertex -14.4115 19.6363 2.80438
      vertex -14.3075 20.2408 3.10438
      vertex -14.0745 20.0518 2.80438
    endloop
  endfacet
  facet normal -0.549164 0.445411 -0.707126
    outer loop
      vertex -14.3075 20.2408 3.10438
      vertex -14.4115 19.6363 2.80438
      vertex -14.6445 19.8253 3.10438
    endloop
  endfacet
  facet normal 0.993739 0.111722 0
    outer loop
      vertex 16.5157 15.0611 5.50438
      vertex 16.5138 15.078 3.10438
      vertex 16.5138 15.078 5.50438
    endloop
  endfacet
  facet normal 0.993739 0.111722 0
    outer loop
      vertex 16.5138 15.078 3.10438
      vertex 16.5157 15.0611 5.50438
      vertex 16.5157 15.0611 3.10438
    endloop
  endfacet
  facet normal 0.702823 0.0790156 -0.706963
    outer loop
      vertex 16.5157 15.0611 3.10438
      vertex 16.2168 15.0356 2.80438
      vertex 16.5138 15.078 3.10438
    endloop
  endfacet
  facet normal 0.980198 0.19802 0
    outer loop
      vertex 16.4306 15.6567 5.50438
      vertex 16.3186 16.2111 3.10438
      vertex 16.3186 16.2111 5.50438
    endloop
  endfacet
  facet normal 0.980198 0.19802 0
    outer loop
      vertex 16.3186 16.2111 3.10438
      vertex 16.4306 15.6567 5.50438
      vertex 16.4306 15.6567 3.10438
    endloop
  endfacet
  facet normal 0.880389 -0.474252 0
    outer loop
      vertex 15.2756 -18.8757 5.50438
      vertex 15.536 -18.3923 3.10438
      vertex 15.536 -18.3923 5.50438
    endloop
  endfacet
  facet normal 0.880389 -0.474252 0
    outer loop
      vertex 15.536 -18.3923 3.10438
      vertex 15.2756 -18.8757 5.50438
      vertex 15.2756 -18.8757 3.10438
    endloop
  endfacet
  facet normal 0.658205 -0.258281 -0.707147
    outer loop
      vertex 15.7835 -17.8575 3.10438
      vertex 15.7077 -17.2293 2.80438
      vertex 15.987 -17.3389 3.10438
    endloop
  endfacet
  facet normal 0.65835 -0.258211 -0.707038
    outer loop
      vertex 15.7077 -17.2293 2.80438
      vertex 15.7835 -17.8575 3.10438
      vertex 15.5043 -17.7479 2.80438
    endloop
  endfacet
  facet normal 0.576443 -0.409574 -0.707081
    outer loop
      vertex 14.6561 -19.8101 3.10438
      vertex 14.7243 -19.1962 2.80438
      vertex 14.9688 -19.37 3.10438
    endloop
  endfacet
  facet normal 0.576302 -0.409606 -0.707177
    outer loop
      vertex 14.7243 -19.1962 2.80438
      vertex 14.6561 -19.8101 3.10438
      vertex 14.4115 -19.6363 2.80438
    endloop
  endfacet
  facet normal -0.0266701 -0.706587 -0.707124
    outer loop
      vertex -8.75818 -22.8998 3.10438
      vertex -9.23962 -22.5814 2.80438
      vertex -8.74684 -22.6 2.80438
    endloop
  endfacet
  facet normal -0.0268178 -0.706699 -0.707006
    outer loop
      vertex -9.23962 -22.5814 2.80438
      vertex -8.75818 -22.8998 3.10438
      vertex -9.25096 -22.8811 3.10438
    endloop
  endfacet
  facet normal -0.756707 -0.653754 0
    outer loop
      vertex -14.2948 -20.2555 3.10438
      vertex -14.3075 -20.2408 5.50438
      vertex -14.3075 -20.2408 3.10438
    endloop
  endfacet
  facet normal -0.756707 -0.653754 0
    outer loop
      vertex -14.3075 -20.2408 5.50438
      vertex -14.2948 -20.2555 3.10438
      vertex -14.2948 -20.2555 5.50438
    endloop
  endfacet
  facet normal -0.633407 -0.31476 0.70691
    outer loop
      vertex -15.2719 -18.25 5.80438
      vertex -15.5441 -18.376 5.50438
      vertex -15.536 -18.3923 5.50438
    endloop
  endfacet
  facet normal -0.919724 -0.392565 0
    outer loop
      vertex -15.7765 -17.8739 3.10438
      vertex -15.7835 -17.8575 5.50438
      vertex -15.7835 -17.8575 3.10438
    endloop
  endfacet
  facet normal -0.919724 -0.392565 0
    outer loop
      vertex -15.7835 -17.8575 5.50438
      vertex -15.7765 -17.8739 3.10438
      vertex -15.7765 -17.8739 5.50438
    endloop
  endfacet
  facet normal -0.661295 -0.750126 0
    outer loop
      vertex -13.5399 -21.0199 3.10438
      vertex -13.5247 -21.0333 5.50438
      vertex -13.5399 -21.0199 5.50438
    endloop
  endfacet
  facet normal -0.661295 -0.750126 -0
    outer loop
      vertex -13.5247 -21.0333 5.50438
      vertex -13.5399 -21.0199 3.10438
      vertex -13.5247 -21.0333 3.10438
    endloop
  endfacet
  facet normal -0.467767 -0.530601 -0.706864
    outer loop
      vertex -13.5247 -21.0333 3.10438
      vertex -13.5399 -21.0199 3.10438
      vertex -13.3335 -20.8022 2.80438
    endloop
  endfacet
  facet normal -0.371348 -0.601711 -0.707138
    outer loop
      vertex -12.2368 -21.9581 3.10438
      vertex -12.5141 -21.4344 2.80438
      vertex -12.0792 -21.7028 2.80438
    endloop
  endfacet
  facet normal -0.371443 -0.601726 -0.707076
    outer loop
      vertex -12.5141 -21.4344 2.80438
      vertex -12.2368 -21.9581 3.10438
      vertex -12.6716 -21.6897 3.10438
    endloop
  endfacet
  facet normal -0.687803 -0.725898 0
    outer loop
      vertex -13.921 -20.6588 3.10438
      vertex -13.5399 -21.0199 5.50438
      vertex -13.921 -20.6588 5.50438
    endloop
  endfacet
  facet normal -0.687803 -0.725898 -0
    outer loop
      vertex -13.5399 -21.0199 5.50438
      vertex -13.921 -20.6588 3.10438
      vertex -13.5399 -21.0199 3.10438
    endloop
  endfacet
  facet normal 0.895523 -0.445015 0
    outer loop
      vertex 15.536 -18.3923 5.50438
      vertex 15.5441 -18.376 3.10438
      vertex 15.5441 -18.376 5.50438
    endloop
  endfacet
  facet normal 0.895523 -0.445015 0
    outer loop
      vertex 15.5441 -18.376 3.10438
      vertex 15.536 -18.3923 5.50438
      vertex 15.536 -18.3923 3.10438
    endloop
  endfacet
  facet normal 0.588502 -0.392335 -0.706922
    outer loop
      vertex 14.9688 -19.37 3.10438
      vertex 14.7243 -19.1962 2.80438
      vertex 14.9792 -19.3544 3.10438
    endloop
  endfacet
  facet normal 0.83205 -0.5547 0
    outer loop
      vertex 14.9688 -19.37 5.50438
      vertex 14.9792 -19.3544 3.10438
      vertex 14.9792 -19.3544 5.50438
    endloop
  endfacet
  facet normal 0.83205 -0.5547 0
    outer loop
      vertex 14.9792 -19.3544 3.10438
      vertex 14.9688 -19.37 5.50438
      vertex 14.9688 -19.37 3.10438
    endloop
  endfacet
  facet normal -0.562223 -0.429065 0.706971
    outer loop
      vertex -14.4115 -19.6363 5.80438
      vertex -14.6561 -19.8101 5.50438
      vertex -14.6445 -19.8253 5.50438
    endloop
  endfacet
  facet normal -0.576302 -0.409606 -0.707177
    outer loop
      vertex -14.6561 -19.8101 3.10438
      vertex -14.7243 -19.1962 2.80438
      vertex -14.4115 -19.6363 2.80438
    endloop
  endfacet
  facet normal -0.576443 -0.409574 -0.707081
    outer loop
      vertex -14.7243 -19.1962 2.80438
      vertex -14.6561 -19.8101 3.10438
      vertex -14.9688 -19.37 3.10438
    endloop
  endfacet
  facet normal -0.622611 -0.335321 0.707047
    outer loop
      vertex -15.2719 -18.25 5.80438
      vertex -15.2756 -18.8757 5.50438
      vertex -15.0115 -18.7335 5.80438
    endloop
  endfacet
  facet normal -0.622532 -0.335348 0.707103
    outer loop
      vertex -15.2756 -18.8757 5.50438
      vertex -15.2719 -18.25 5.80438
      vertex -15.536 -18.3923 5.50438
    endloop
  endfacet
  facet normal -0.612232 -0.354247 -0.706881
    outer loop
      vertex -15.2664 -18.8916 3.10438
      vertex -15.2756 -18.8757 3.10438
      vertex -15.0115 -18.7335 2.80438
    endloop
  endfacet
  facet normal -0.895523 -0.445015 0
    outer loop
      vertex -15.536 -18.3923 3.10438
      vertex -15.5441 -18.376 5.50438
      vertex -15.5441 -18.376 3.10438
    endloop
  endfacet
  facet normal -0.895523 -0.445015 0
    outer loop
      vertex -15.5441 -18.376 5.50438
      vertex -15.536 -18.3923 3.10438
      vertex -15.536 -18.3923 5.50438
    endloop
  endfacet
  facet normal -0.880389 -0.474252 0
    outer loop
      vertex -15.2756 -18.8757 3.10438
      vertex -15.536 -18.3923 5.50438
      vertex -15.536 -18.3923 3.10438
    endloop
  endfacet
  facet normal -0.880389 -0.474252 0
    outer loop
      vertex -15.536 -18.3923 5.50438
      vertex -15.2756 -18.8757 3.10438
      vertex -15.2756 -18.8757 5.50438
    endloop
  endfacet
  facet normal -0.650547 -0.277672 0.706885
    outer loop
      vertex -15.5043 -17.7479 5.80438
      vertex -15.7835 -17.8575 5.50438
      vertex -15.7765 -17.8739 5.50438
    endloop
  endfacet
  facet normal 0.707107 0 0.707107
    outer loop
      vertex 16.2813 13.9 9.80438
      vertex 16.5813 -13.9 9.50438
      vertex 16.5813 13.9 9.50438
    endloop
  endfacet
  facet normal 0.707107 0 0.707107
    outer loop
      vertex 16.5813 -13.9 9.50438
      vertex 16.2813 13.9 9.80438
      vertex 16.2813 -13.9 9.80438
    endloop
  endfacet
  facet normal 0.707009 0.0166355 0.707009
    outer loop
      vertex 16.5811 13.9085 9.50438
      vertex 16.2813 13.9 9.80438
      vertex 16.5813 13.9 9.50438
    endloop
  endfacet
  facet normal -0.349135 0.615142 0.706898
    outer loop
      vertex -12.2183 21.9686 9.50438
      vertex -12.2368 21.9581 9.50438
      vertex -12.0792 21.7028 9.80438
    endloop
  endfacet
  facet normal 0.707009 -0.0166355 0.707009
    outer loop
      vertex 16.5813 -13.9 9.50438
      vertex 16.2813 -13.9 9.80438
      vertex 16.5811 -13.9085 9.50438
    endloop
  endfacet
  facet normal 0.707009 0.0166355 -0.707009
    outer loop
      vertex 16.5813 13.9 7.10438
      vertex 16.2813 13.9 6.80438
      vertex 16.5811 13.9085 7.10438
    endloop
  endfacet
  facet normal -0.930895 -0.365286 0
    outer loop
      vertex -15.7835 -17.8575 7.10438
      vertex -15.987 -17.3389 9.50438
      vertex -15.987 -17.3389 7.10438
    endloop
  endfacet
  facet normal -0.930895 -0.365286 0
    outer loop
      vertex -15.987 -17.3389 9.50438
      vertex -15.7835 -17.8575 7.10438
      vertex -15.7835 -17.8575 9.50438
    endloop
  endfacet
  facet normal 0.158127 0.689435 -0.706877
    outer loop
      vertex 10.2947 22.7225 7.10438
      vertex 10.2167 22.4328 6.80438
      vertex 10.2729 22.7275 7.10438
    endloop
  endfacet
  facet normal 0.702823 -0.0790156 0.706963
    outer loop
      vertex 16.5157 -15.0611 9.50438
      vertex 16.2168 -15.0356 9.80438
      vertex 16.5138 -15.078 9.50438
    endloop
  endfacet
  facet normal 0.371443 0.601726 -0.707076
    outer loop
      vertex 12.5141 21.4344 6.80438
      vertex 12.2368 21.9581 7.10438
      vertex 12.6716 21.6897 7.10438
    endloop
  endfacet
  facet normal 0.371348 0.601711 -0.707138
    outer loop
      vertex 12.2368 21.9581 7.10438
      vertex 12.5141 21.4344 6.80438
      vertex 12.0792 21.7028 6.80438
    endloop
  endfacet
  facet normal 0.665085 -0.240392 -0.707017
    outer loop
      vertex 15.987 -17.3389 7.10438
      vertex 15.7077 -17.2293 6.80438
      vertex 15.993 -17.3223 7.10438
    endloop
  endfacet
  facet normal 0.519123 0.480042 0.707157
    outer loop
      vertex 13.9349 20.6447 9.50438
      vertex 14.0745 20.0518 9.80438
      vertex 14.2948 20.2555 9.50438
    endloop
  endfacet
  facet normal 0.519123 0.480042 0.707157
    outer loop
      vertex 14.0745 20.0518 9.80438
      vertex 13.9349 20.6447 9.50438
      vertex 13.7146 20.441 9.80438
    endloop
  endfacet
  facet normal -0.60078 0.372907 -0.707109
    outer loop
      vertex -15.0115 18.7335 6.80438
      vertex -14.9792 19.3544 7.10438
      vertex -14.7243 19.1962 6.80438
    endloop
  endfacet
  facet normal -0.600869 0.372882 -0.707047
    outer loop
      vertex -14.9792 19.3544 7.10438
      vertex -15.0115 18.7335 6.80438
      vertex -15.2664 18.8916 7.10438
    endloop
  endfacet
  facet normal 0.734203 0.67893 0
    outer loop
      vertex 14.2948 20.2555 9.50438
      vertex 13.9349 20.6447 7.10438
      vertex 13.9349 20.6447 9.50438
    endloop
  endfacet
  facet normal 0.734203 0.67893 0
    outer loop
      vertex 13.9349 20.6447 7.10438
      vertex 14.2948 20.2555 9.50438
      vertex 14.2948 20.2555 7.10438
    endloop
  endfacet
  facet normal -0.0799121 0.702668 -0.707016
    outer loop
      vertex -9.73027 22.5256 6.80438
      vertex -9.27353 22.8794 7.10438
      vertex -9.23962 22.5814 6.80438
    endloop
  endfacet
  facet normal -0.0799121 0.702668 -0.707016
    outer loop
      vertex -9.27353 22.8794 7.10438
      vertex -9.73027 22.5256 6.80438
      vertex -9.76418 22.8236 7.10438
    endloop
  endfacet
  facet normal 0.69306 -0.140012 0.707152
    outer loop
      vertex 16.1365 -15.5973 9.80438
      vertex 16.3186 -16.2111 9.50438
      vertex 16.4306 -15.6567 9.50438
    endloop
  endfacet
  facet normal 0.69306 -0.140012 0.707152
    outer loop
      vertex 16.3186 -16.2111 9.50438
      vertex 16.1365 -15.5973 9.80438
      vertex 16.0245 -16.1517 9.80438
    endloop
  endfacet
  facet normal -0.412473 0.574389 -0.707067
    outer loop
      vertex -12.9327 21.1338 6.80438
      vertex -12.689 21.6781 7.10438
      vertex -12.5141 21.4344 6.80438
    endloop
  endfacet
  facet normal -0.412368 0.57438 -0.707136
    outer loop
      vertex -12.689 21.6781 7.10438
      vertex -12.9327 21.1338 6.80438
      vertex -13.1077 21.3775 7.10438
    endloop
  endfacet
  facet normal -0.707107 0 -0.707107
    outer loop
      vertex -16.5813 -13.9 7.10438
      vertex -16.2813 13.9 6.80438
      vertex -16.2813 -13.9 6.80438
    endloop
  endfacet
  facet normal -0.707107 0 -0.707107
    outer loop
      vertex -16.2813 13.9 6.80438
      vertex -16.5813 -13.9 7.10438
      vertex -16.5813 13.9 7.10438
    endloop
  endfacet
  facet normal 0.392371 0.588557 -0.706856
    outer loop
      vertex 12.689 21.6781 7.10438
      vertex 12.5141 21.4344 6.80438
      vertex 12.6716 21.6897 7.10438
    endloop
  endfacet
  facet normal 0.432573 0.559599 -0.706915
    outer loop
      vertex 13.124 21.3649 7.10438
      vertex 12.9327 21.1338 6.80438
      vertex 13.1077 21.3775 7.10438
    endloop
  endfacet
  facet normal 0.467767 -0.530601 -0.706864
    outer loop
      vertex 13.5247 -21.0333 7.10438
      vertex 13.3335 -20.8022 6.80438
      vertex 13.5399 -21.0199 7.10438
    endloop
  endfacet
  facet normal -0.734203 0.67893 0
    outer loop
      vertex -14.2948 20.2555 7.10438
      vertex -13.9349 20.6447 9.50438
      vertex -13.9349 20.6447 7.10438
    endloop
  endfacet
  facet normal -0.734203 0.67893 0
    outer loop
      vertex -13.9349 20.6447 9.50438
      vertex -14.2948 20.2555 7.10438
      vertex -14.2948 20.2555 9.50438
    endloop
  endfacet
  facet normal 0.677865 0.201745 0.706964
    outer loop
      vertex 16.1666 16.7895 9.50438
      vertex 15.8814 16.6965 9.80438
      vertex 16.1716 16.7727 9.50438
    endloop
  endfacet
  facet normal -0.993739 0.111722 0
    outer loop
      vertex -16.5157 15.0611 7.10438
      vertex -16.5138 15.078 9.50438
      vertex -16.5138 15.078 7.10438
    endloop
  endfacet
  facet normal -0.993739 0.111722 0
    outer loop
      vertex -16.5138 15.078 9.50438
      vertex -16.5157 15.0611 7.10438
      vertex -16.5157 15.0611 9.50438
    endloop
  endfacet
  facet normal 0.349135 -0.615142 -0.706898
    outer loop
      vertex 12.2183 -21.9686 7.10438
      vertex 12.0792 -21.7028 6.80438
      vertex 12.2368 -21.9581 7.10438
    endloop
  endfacet
  facet normal -0.183844 0.682769 -0.707127
    outer loop
      vertex -10.6969 22.3035 6.80438
      vertex -10.2947 22.7225 7.10438
      vertex -10.2167 22.4328 6.80438
    endloop
  endfacet
  facet normal -0.183844 0.682769 -0.707127
    outer loop
      vertex -10.2947 22.7225 7.10438
      vertex -10.6969 22.3035 6.80438
      vertex -10.7749 22.5932 7.10438
    endloop
  endfacet
  facet normal 0.999723 0.0235229 0
    outer loop
      vertex 16.5813 13.9 9.50438
      vertex 16.5811 13.9085 7.10438
      vertex 16.5811 13.9085 9.50438
    endloop
  endfacet
  facet normal 0.999723 0.0235229 0
    outer loop
      vertex 16.5811 13.9085 7.10438
      vertex 16.5813 13.9 9.50438
      vertex 16.5813 13.9 7.10438
    endloop
  endfacet
  facet normal 0.83205 -0.5547 0
    outer loop
      vertex 14.9688 -19.37 9.50438
      vertex 14.9792 -19.3544 7.10438
      vertex 14.9792 -19.3544 9.50438
    endloop
  endfacet
  facet normal 0.83205 -0.5547 0
    outer loop
      vertex 14.9792 -19.3544 7.10438
      vertex 14.9688 -19.37 9.50438
      vertex 14.9688 -19.37 7.10438
    endloop
  endfacet
  facet normal 0.707107 0 -0.707107
    outer loop
      vertex 16.2813 -13.9 6.80438
      vertex 16.5813 13.9 7.10438
      vertex 16.5813 -13.9 7.10438
    endloop
  endfacet
  facet normal 0.707107 0 -0.707107
    outer loop
      vertex 16.5813 13.9 7.10438
      vertex 16.2813 -13.9 6.80438
      vertex 16.2813 13.9 6.80438
    endloop
  endfacet
  facet normal 1 -0 0
    outer loop
      vertex 16.5813 -13.9 9.50438
      vertex 16.5813 13.9 7.10438
      vertex 16.5813 13.9 9.50438
    endloop
  endfacet
  facet normal 1 0 0
    outer loop
      vertex 16.5813 13.9 7.10438
      vertex 16.5813 -13.9 9.50438
      vertex 16.5813 -13.9 7.10438
    endloop
  endfacet
  facet normal 0.683865 -0.179628 -0.707151
    outer loop
      vertex 16.1716 -16.7727 7.10438
      vertex 16.0245 -16.1517 6.80438
      vertex 16.3147 -16.2279 7.10438
    endloop
  endfacet
  facet normal 0.683865 -0.179628 -0.707151
    outer loop
      vertex 16.0245 -16.1517 6.80438
      vertex 16.1716 -16.7727 7.10438
      vertex 15.8814 -16.6965 6.80438
    endloop
  endfacet
  facet normal 0.327838 -0.626519 -0.707104
    outer loop
      vertex 11.7692 -22.2036 7.10438
      vertex 12.0792 -21.7028 6.80438
      vertex 12.2183 -21.9686 7.10438
    endloop
  endfacet
  facet normal 0.32768 -0.626484 -0.707208
    outer loop
      vertex 12.0792 -21.7028 6.80438
      vertex 11.7692 -22.2036 7.10438
      vertex 11.6301 -21.9377 6.80438
    endloop
  endfacet
  facet normal 0.907504 -0.420044 0
    outer loop
      vertex 15.5441 -18.376 9.50438
      vertex 15.7765 -17.8739 7.10438
      vertex 15.7765 -17.8739 9.50438
    endloop
  endfacet
  facet normal 0.907504 -0.420044 0
    outer loop
      vertex 15.7765 -17.8739 7.10438
      vertex 15.5441 -18.376 9.50438
      vertex 15.5441 -18.376 7.10438
    endloop
  endfacet
  facet normal -0.650547 0.277672 -0.706885
    outer loop
      vertex -15.5043 17.7479 6.80438
      vertex -15.7835 17.8575 7.10438
      vertex -15.7765 17.8739 7.10438
    endloop
  endfacet
  facet normal 0.486299 -0.513233 -0.707181
    outer loop
      vertex 13.5399 -21.0199 7.10438
      vertex 13.7146 -20.441 6.80438
      vertex 13.921 -20.6588 7.10438
    endloop
  endfacet
  facet normal 0.486429 -0.513228 -0.707095
    outer loop
      vertex 13.7146 -20.441 6.80438
      vertex 13.5399 -21.0199 7.10438
      vertex 13.3335 -20.8022 6.80438
    endloop
  endfacet
  facet normal 0.665085 -0.240392 0.707017
    outer loop
      vertex 15.993 -17.3223 9.50438
      vertex 15.7077 -17.2293 9.80438
      vertex 15.987 -17.3389 9.50438
    endloop
  endfacet
  facet normal -0.0531358 0.705456 -0.706759
    outer loop
      vertex -9.23962 22.5814 6.80438
      vertex -9.27353 22.8794 7.10438
      vertex -9.25096 22.8811 7.10438
    endloop
  endfacet
  facet normal -0.815183 -0.579204 0
    outer loop
      vertex -14.6561 -19.8101 7.10438
      vertex -14.9688 -19.37 9.50438
      vertex -14.9688 -19.37 7.10438
    endloop
  endfacet
  facet normal -0.815183 -0.579204 0
    outer loop
      vertex -14.9688 -19.37 9.50438
      vertex -14.6561 -19.8101 7.10438
      vertex -14.6561 -19.8101 9.50438
    endloop
  endfacet
  facet normal -1 0 0
    outer loop
      vertex -16.5813 -13.9 7.10438
      vertex -16.5813 13.9 9.50438
      vertex -16.5813 13.9 7.10438
    endloop
  endfacet
  facet normal -1 -0 0
    outer loop
      vertex -16.5813 13.9 9.50438
      vertex -16.5813 -13.9 7.10438
      vertex -16.5813 -13.9 9.50438
    endloop
  endfacet
  facet normal -0.706796 0.0201232 -0.707131
    outer loop
      vertex -16.2813 13.9 6.80438
      vertex -16.565 14.4775 7.10438
      vertex -16.2651 14.469 6.80438
    endloop
  endfacet
  facet normal -0.706918 0.0200024 -0.707013
    outer loop
      vertex -16.565 14.4775 7.10438
      vertex -16.2813 13.9 6.80438
      vertex -16.5811 13.9085 7.10438
    endloop
  endfacet
  facet normal -0.83205 0.5547 0
    outer loop
      vertex -14.9792 19.3544 7.10438
      vertex -14.9688 19.37 9.50438
      vertex -14.9688 19.37 7.10438
    endloop
  endfacet
  facet normal -0.83205 0.5547 0
    outer loop
      vertex -14.9688 19.37 9.50438
      vertex -14.9792 19.3544 7.10438
      vertex -14.9792 19.3544 9.50438
    endloop
  endfacet
  facet normal -0.707107 0 0.707107
    outer loop
      vertex -16.5813 13.9 9.50438
      vertex -16.2813 -13.9 9.80438
      vertex -16.2813 13.9 9.80438
    endloop
  endfacet
  facet normal -0.707107 0 0.707107
    outer loop
      vertex -16.2813 -13.9 9.80438
      vertex -16.5813 13.9 9.50438
      vertex -16.5813 -13.9 9.50438
    endloop
  endfacet
  facet normal 0.650547 0.277672 0.706885
    outer loop
      vertex 15.7765 17.8739 9.50438
      vertex 15.5043 17.7479 9.80438
      vertex 15.7835 17.8575 9.50438
    endloop
  endfacet
  facet normal 0.611586 0.791178 -0
    outer loop
      vertex 13.124 21.3649 7.10438
      vertex 13.1077 21.3775 9.50438
      vertex 13.124 21.3649 9.50438
    endloop
  endfacet
  facet normal 0.611586 0.791178 0
    outer loop
      vertex 13.1077 21.3775 9.50438
      vertex 13.124 21.3649 7.10438
      vertex 13.1077 21.3775 7.10438
    endloop
  endfacet
  facet normal -0.880389 0.474252 0
    outer loop
      vertex -15.536 18.3923 7.10438
      vertex -15.2756 18.8757 9.50438
      vertex -15.2756 18.8757 7.10438
    endloop
  endfacet
  facet normal -0.880389 0.474252 0
    outer loop
      vertex -15.2756 18.8757 9.50438
      vertex -15.536 18.3923 7.10438
      vertex -15.536 18.3923 9.50438
    endloop
  endfacet
  facet normal 0.683865 0.179628 -0.707151
    outer loop
      vertex 16.0245 16.1517 6.80438
      vertex 16.1716 16.7727 7.10438
      vertex 16.3147 16.2279 7.10438
    endloop
  endfacet
  facet normal 0.683865 0.179628 -0.707151
    outer loop
      vertex 16.1716 16.7727 7.10438
      vertex 16.0245 16.1517 6.80438
      vertex 15.8814 16.6965 6.80438
    endloop
  endfacet
  facet normal 0.146645 0.989189 -0
    outer loop
      vertex 9.78644 22.8203 7.10438
      vertex 9.76418 22.8236 9.50438
      vertex 9.78644 22.8203 9.50438
    endloop
  endfacet
  facet normal 0.146645 0.989189 0
    outer loop
      vertex 9.76418 22.8236 9.50438
      vertex 9.78644 22.8203 7.10438
      vertex 9.76418 22.8236 7.10438
    endloop
  endfacet
  facet normal -0.32768 0.626484 0.707208
    outer loop
      vertex -11.7692 22.2036 9.50438
      vertex -12.0792 21.7028 9.80438
      vertex -11.6301 21.9377 9.80438
    endloop
  endfacet
  facet normal -0.327838 0.626519 0.707104
    outer loop
      vertex -12.0792 21.7028 9.80438
      vertex -11.7692 22.2036 9.50438
      vertex -12.2183 21.9686 9.50438
    endloop
  endfacet
  facet normal 0.525276 0.850932 -0
    outer loop
      vertex 12.6716 21.6897 7.10438
      vertex 12.2368 21.9581 9.50438
      vertex 12.6716 21.6897 9.50438
    endloop
  endfacet
  facet normal 0.525276 0.850932 0
    outer loop
      vertex 12.2368 21.9581 9.50438
      vertex 12.6716 21.6897 7.10438
      vertex 12.2368 21.9581 7.10438
    endloop
  endfacet
  facet normal 0.958452 -0.285254 0
    outer loop
      vertex 16.1666 -16.7895 9.50438
      vertex 16.1716 -16.7727 7.10438
      vertex 16.1716 -16.7727 9.50438
    endloop
  endfacet
  facet normal 0.958452 -0.285254 0
    outer loop
      vertex 16.1716 -16.7727 7.10438
      vertex 16.1666 -16.7895 9.50438
      vertex 16.1666 -16.7895 7.10438
    endloop
  endfacet
  facet normal -0.349135 0.615142 -0.706898
    outer loop
      vertex -12.0792 21.7028 6.80438
      vertex -12.2368 21.9581 7.10438
      vertex -12.2183 21.9686 7.10438
    endloop
  endfacet
  facet normal -0.7062 0.0373871 -0.707024
    outer loop
      vertex -16.2651 14.469 6.80438
      vertex -16.565 14.4775 7.10438
      vertex -16.5641 14.4945 7.10438
    endloop
  endfacet
  facet normal 0.69306 -0.140012 -0.707152
    outer loop
      vertex 16.3186 -16.2111 7.10438
      vertex 16.1365 -15.5973 6.80438
      vertex 16.4306 -15.6567 7.10438
    endloop
  endfacet
  facet normal 0.69306 -0.140012 -0.707152
    outer loop
      vertex 16.1365 -15.5973 6.80438
      vertex 16.3186 -16.2111 7.10438
      vertex 16.0245 -16.1517 6.80438
    endloop
  endfacet
  facet normal -0.687803 0.725898 0
    outer loop
      vertex -13.5399 21.0199 7.10438
      vertex -13.921 20.6588 9.50438
      vertex -13.5399 21.0199 9.50438
    endloop
  endfacet
  facet normal -0.687803 0.725898 0
    outer loop
      vertex -13.921 20.6588 9.50438
      vertex -13.5399 21.0199 7.10438
      vertex -13.921 20.6588 7.10438
    endloop
  endfacet
  facet normal -0.0266701 0.706587 0.707124
    outer loop
      vertex -8.75818 22.8998 9.50438
      vertex -9.23962 22.5814 9.80438
      vertex -8.74684 22.6 9.80438
    endloop
  endfacet
  facet normal -0.0268178 0.706699 0.707006
    outer loop
      vertex -9.23962 22.5814 9.80438
      vertex -8.75818 22.8998 9.50438
      vertex -9.25096 22.8811 9.50438
    endloop
  endfacet
  facet normal -0 0.707107 0.707107
    outer loop
      vertex -8.74684 22.9 9.50438
      vertex 8.74684 22.6 9.80438
      vertex 8.74684 22.9 9.50438
    endloop
  endfacet
  facet normal 0 0.707107 0.707107
    outer loop
      vertex 8.74684 22.6 9.80438
      vertex -8.74684 22.9 9.50438
      vertex -8.74684 22.6 9.80438
    endloop
  endfacet
  facet normal -0.30445 0.638364 -0.706967
    outer loop
      vertex -11.6301 21.9377 6.80438
      vertex -11.7692 22.2036 7.10438
      vertex -11.7497 22.2129 7.10438
    endloop
  endfacet
  facet normal 0.7062 -0.0373871 -0.707024
    outer loop
      vertex 16.5641 -14.4945 7.10438
      vertex 16.2651 -14.469 6.80438
      vertex 16.565 -14.4775 7.10438
    endloop
  endfacet
  facet normal 0.0268178 0.706699 -0.707006
    outer loop
      vertex 9.23962 22.5814 6.80438
      vertex 8.75818 22.8998 7.10438
      vertex 9.25096 22.8811 7.10438
    endloop
  endfacet
  facet normal 0.0266701 0.706587 -0.707124
    outer loop
      vertex 8.75818 22.8998 7.10438
      vertex 9.23962 22.5814 6.80438
      vertex 8.74684 22.6 6.80438
    endloop
  endfacet
  facet normal -0.207334 -0.676227 0.706916
    outer loop
      vertex -10.6969 -22.3035 9.80438
      vertex -10.7961 -22.5867 9.50438
      vertex -10.7749 -22.5932 9.50438
    endloop
  endfacet
  facet normal 0.622532 -0.335348 0.707103
    outer loop
      vertex 15.2719 -18.25 9.80438
      vertex 15.2756 -18.8757 9.50438
      vertex 15.536 -18.3923 9.50438
    endloop
  endfacet
  facet normal 0.622611 -0.335321 0.707047
    outer loop
      vertex 15.2756 -18.8757 9.50438
      vertex 15.2719 -18.25 9.80438
      vertex 15.0115 -18.7335 9.80438
    endloop
  endfacet
  facet normal 0.9996 -0.0282839 0
    outer loop
      vertex 16.565 -14.4775 9.50438
      vertex 16.5811 -13.9085 7.10438
      vertex 16.5811 -13.9085 9.50438
    endloop
  endfacet
  facet normal 0.9996 -0.0282839 0
    outer loop
      vertex 16.5811 -13.9085 7.10438
      vertex 16.565 -14.4775 9.50438
      vertex 16.565 -14.4775 7.10438
    endloop
  endfacet
  facet normal 0.672342 -0.219066 -0.707083
    outer loop
      vertex 15.993 -17.3223 7.10438
      vertex 15.8814 -16.6965 6.80438
      vertex 16.1666 -16.7895 7.10438
    endloop
  endfacet
  facet normal 0.672198 -0.219146 -0.707195
    outer loop
      vertex 15.8814 -16.6965 6.80438
      vertex 15.993 -17.3223 7.10438
      vertex 15.7077 -17.2293 6.80438
    endloop
  endfacet
  facet normal 0.967192 -0.254048 0
    outer loop
      vertex 16.1716 -16.7727 9.50438
      vertex 16.3147 -16.2279 7.10438
      vertex 16.3147 -16.2279 9.50438
    endloop
  endfacet
  facet normal 0.967192 -0.254048 0
    outer loop
      vertex 16.3147 -16.2279 7.10438
      vertex 16.1716 -16.7727 9.50438
      vertex 16.1716 -16.7727 7.10438
    endloop
  endfacet
  facet normal -0.704568 0.0600611 0.70709
    outer loop
      vertex -16.5157 15.0611 9.50438
      vertex -16.2651 14.469 9.80438
      vertex -16.2168 15.0356 9.80438
    endloop
  endfacet
  facet normal -0.704441 0.0601746 0.707207
    outer loop
      vertex -16.2651 14.469 9.80438
      vertex -16.5157 15.0611 9.50438
      vertex -16.5641 14.4945 9.50438
    endloop
  endfacet
  facet normal 0.633407 -0.31476 0.70691
    outer loop
      vertex 15.5441 -18.376 9.50438
      vertex 15.2719 -18.25 9.80438
      vertex 15.536 -18.3923 9.50438
    endloop
  endfacet
  facet normal -0.665085 0.240392 0.707017
    outer loop
      vertex -15.987 17.3389 9.50438
      vertex -15.993 17.3223 9.50438
      vertex -15.7077 17.2293 9.80438
    endloop
  endfacet
  facet normal 0.83205 0.5547 0
    outer loop
      vertex 14.9792 19.3544 9.50438
      vertex 14.9688 19.37 7.10438
      vertex 14.9688 19.37 9.50438
    endloop
  endfacet
  facet normal 0.83205 0.5547 0
    outer loop
      vertex 14.9688 19.37 7.10438
      vertex 14.9792 19.3544 9.50438
      vertex 14.9792 19.3544 7.10438
    endloop
  endfacet
  facet normal 0.998602 -0.0528671 0
    outer loop
      vertex 16.5641 -14.4945 9.50438
      vertex 16.565 -14.4775 7.10438
      vertex 16.565 -14.4775 9.50438
    endloop
  endfacet
  facet normal 0.998602 -0.0528671 0
    outer loop
      vertex 16.565 -14.4775 7.10438
      vertex 16.5641 -14.4945 9.50438
      vertex 16.5641 -14.4945 7.10438
    endloop
  endfacet
  facet normal 0.412368 0.57438 0.707136
    outer loop
      vertex 12.689 21.6781 9.50438
      vertex 12.9327 21.1338 9.80438
      vertex 13.1077 21.3775 9.50438
    endloop
  endfacet
  facet normal 0.412473 0.574389 0.707067
    outer loop
      vertex 12.9327 21.1338 9.80438
      vertex 12.689 21.6781 9.50438
      vertex 12.5141 21.4344 9.80438
    endloop
  endfacet
  facet normal 0.562223 0.429065 0.706971
    outer loop
      vertex 14.6445 19.8253 9.50438
      vertex 14.4115 19.6363 9.80438
      vertex 14.6561 19.8101 9.50438
    endloop
  endfacet
  facet normal 0.637552 -0.770407 0
    outer loop
      vertex 13.124 -21.3649 7.10438
      vertex 13.5247 -21.0333 9.50438
      vertex 13.124 -21.3649 9.50438
    endloop
  endfacet
  facet normal 0.637552 -0.770407 0
    outer loop
      vertex 13.5247 -21.0333 9.50438
      vertex 13.124 -21.3649 7.10438
      vertex 13.5247 -21.0333 7.10438
    endloop
  endfacet
  facet normal -0.919724 -0.392565 0
    outer loop
      vertex -15.7765 -17.8739 7.10438
      vertex -15.7835 -17.8575 9.50438
      vertex -15.7835 -17.8575 7.10438
    endloop
  endfacet
  facet normal -0.919724 -0.392565 0
    outer loop
      vertex -15.7835 -17.8575 9.50438
      vertex -15.7765 -17.8739 7.10438
      vertex -15.7765 -17.8739 9.50438
    endloop
  endfacet
  facet normal 0 -0.707107 -0.707107
    outer loop
      vertex -8.74684 -22.9 7.10438
      vertex 8.74684 -22.6 6.80438
      vertex 8.74684 -22.9 7.10438
    endloop
  endfacet
  facet normal -0 -0.707107 -0.707107
    outer loop
      vertex 8.74684 -22.6 6.80438
      vertex -8.74684 -22.9 7.10438
      vertex -8.74684 -22.6 6.80438
    endloop
  endfacet
  facet normal -0.7062 0.0373871 0.707024
    outer loop
      vertex -16.5641 14.4945 9.50438
      vertex -16.565 14.4775 9.50438
      vertex -16.2651 14.469 9.80438
    endloop
  endfacet
  facet normal -0.9996 0.0282839 0
    outer loop
      vertex -16.5811 13.9085 7.10438
      vertex -16.565 14.4775 9.50438
      vertex -16.565 14.4775 7.10438
    endloop
  endfacet
  facet normal -0.9996 0.0282839 0
    outer loop
      vertex -16.565 14.4775 9.50438
      vertex -16.5811 13.9085 7.10438
      vertex -16.5811 13.9085 9.50438
    endloop
  endfacet
  facet normal -0.707009 -0.0166355 0.707009
    outer loop
      vertex -16.2813 -13.9 9.80438
      vertex -16.5813 -13.9 9.50438
      vertex -16.5811 -13.9085 9.50438
    endloop
  endfacet
  facet normal -0.9996 -0.0282839 0
    outer loop
      vertex -16.565 -14.4775 7.10438
      vertex -16.5811 -13.9085 9.50438
      vertex -16.5811 -13.9085 7.10438
    endloop
  endfacet
  facet normal -0.9996 -0.0282839 0
    outer loop
      vertex -16.5811 -13.9085 9.50438
      vertex -16.565 -14.4775 7.10438
      vertex -16.565 -14.4775 9.50438
    endloop
  endfacet
  facet normal 0.293135 0.956071 -0
    outer loop
      vertex 10.7961 22.5867 7.10438
      vertex 10.7749 22.5932 9.50438
      vertex 10.7961 22.5867 9.50438
    endloop
  endfacet
  facet normal 0.293135 0.956071 0
    outer loop
      vertex 10.7749 22.5932 9.50438
      vertex 10.7961 22.5867 7.10438
      vertex 10.7749 22.5932 7.10438
    endloop
  endfacet
  facet normal -0.950803 0.309796 0
    outer loop
      vertex -16.1666 16.7895 7.10438
      vertex -15.993 17.3223 9.50438
      vertex -15.993 17.3223 7.10438
    endloop
  endfacet
  facet normal -0.950803 0.309796 0
    outer loop
      vertex -15.993 17.3223 9.50438
      vertex -16.1666 16.7895 7.10438
      vertex -16.1666 16.7895 9.50438
    endloop
  endfacet
  facet normal 0.0531358 0.705456 0.706759
    outer loop
      vertex 9.25096 22.8811 9.50438
      vertex 9.23962 22.5814 9.80438
      vertex 9.27353 22.8794 9.50438
    endloop
  endfacet
  facet normal 0.349135 0.615142 -0.706898
    outer loop
      vertex 12.2368 21.9581 7.10438
      vertex 12.0792 21.7028 6.80438
      vertex 12.2183 21.9686 7.10438
    endloop
  endfacet
  facet normal 0.895523 0.445015 0
    outer loop
      vertex 15.5441 18.376 9.50438
      vertex 15.536 18.3923 7.10438
      vertex 15.536 18.3923 9.50438
    endloop
  endfacet
  facet normal 0.895523 0.445015 0
    outer loop
      vertex 15.536 18.3923 7.10438
      vertex 15.5441 18.376 9.50438
      vertex 15.5441 18.376 7.10438
    endloop
  endfacet
  facet normal -0.672198 0.219146 -0.707195
    outer loop
      vertex -15.8814 16.6965 6.80438
      vertex -15.993 17.3223 7.10438
      vertex -15.7077 17.2293 6.80438
    endloop
  endfacet
  facet normal -0.672342 0.219066 -0.707083
    outer loop
      vertex -15.993 17.3223 7.10438
      vertex -15.8814 16.6965 6.80438
      vertex -16.1666 16.7895 7.10438
    endloop
  endfacet
  facet normal 0.412368 -0.57438 -0.707136
    outer loop
      vertex 12.689 -21.6781 7.10438
      vertex 12.9327 -21.1338 6.80438
      vertex 13.1077 -21.3775 7.10438
    endloop
  endfacet
  facet normal 0.412473 -0.574389 -0.707067
    outer loop
      vertex 12.9327 -21.1338 6.80438
      vertex 12.689 -21.6781 7.10438
      vertex 12.5141 -21.4344 6.80438
    endloop
  endfacet
  facet normal -0.467767 0.530601 0.706864
    outer loop
      vertex -13.5247 21.0333 9.50438
      vertex -13.5399 21.0199 9.50438
      vertex -13.3335 20.8022 9.80438
    endloop
  endfacet
  facet normal 0.1325 0.694569 -0.70712
    outer loop
      vertex 10.2167 22.4328 6.80438
      vertex 9.78644 22.8203 7.10438
      vertex 10.2729 22.7275 7.10438
    endloop
  endfacet
  facet normal 0.132509 0.694574 -0.707113
    outer loop
      vertex 9.78644 22.8203 7.10438
      vertex 10.2167 22.4328 6.80438
      vertex 9.73027 22.5256 6.80438
    endloop
  endfacet
  facet normal -0.980198 -0.19802 0
    outer loop
      vertex -16.3186 -16.2111 7.10438
      vertex -16.4306 -15.6567 9.50438
      vertex -16.4306 -15.6567 7.10438
    endloop
  endfacet
  facet normal -0.980198 -0.19802 0
    outer loop
      vertex -16.4306 -15.6567 9.50438
      vertex -16.3186 -16.2111 7.10438
      vertex -16.3186 -16.2111 9.50438
    endloop
  endfacet
  facet normal -0.0266701 -0.706587 -0.707124
    outer loop
      vertex -8.75818 -22.8998 7.10438
      vertex -9.23962 -22.5814 6.80438
      vertex -8.74684 -22.6 6.80438
    endloop
  endfacet
  facet normal -0.0268178 -0.706699 -0.707006
    outer loop
      vertex -9.23962 -22.5814 6.80438
      vertex -8.75818 -22.8998 7.10438
      vertex -9.25096 -22.8811 7.10438
    endloop
  endfacet
  facet normal -0.467767 0.530601 -0.706864
    outer loop
      vertex -13.3335 20.8022 6.80438
      vertex -13.5399 21.0199 7.10438
      vertex -13.5247 21.0333 7.10438
    endloop
  endfacet
  facet normal 0.187387 -0.982286 0
    outer loop
      vertex 9.78644 -22.8203 7.10438
      vertex 10.2729 -22.7275 9.50438
      vertex 9.78644 -22.8203 9.50438
    endloop
  endfacet
  facet normal 0.187387 -0.982286 0
    outer loop
      vertex 10.2729 -22.7275 9.50438
      vertex 9.78644 -22.8203 7.10438
      vertex 10.2729 -22.7275 7.10438
    endloop
  endfacet
  facet normal 0.612232 0.354247 -0.706881
    outer loop
      vertex 15.2756 18.8757 7.10438
      vertex 15.0115 18.7335 6.80438
      vertex 15.2664 18.8916 7.10438
    endloop
  endfacet
  facet normal 0.794951 0.606673 0
    outer loop
      vertex 14.6561 19.8101 9.50438
      vertex 14.6445 19.8253 7.10438
      vertex 14.6445 19.8253 9.50438
    endloop
  endfacet
  facet normal 0.794951 0.606673 0
    outer loop
      vertex 14.6445 19.8253 7.10438
      vertex 14.6561 19.8101 9.50438
      vertex 14.6561 19.8101 7.10438
    endloop
  endfacet
  facet normal 0.281783 -0.648452 -0.707184
    outer loop
      vertex 11.2883 -22.4134 7.10438
      vertex 11.6301 -21.9377 6.80438
      vertex 11.7497 -22.2129 7.10438
    endloop
  endfacet
  facet normal 0.281944 -0.648499 -0.707076
    outer loop
      vertex 11.6301 -21.9377 6.80438
      vertex 11.2883 -22.4134 7.10438
      vertex 11.1687 -22.1383 6.80438
    endloop
  endfacet
  facet normal 0.112998 0.993595 -0
    outer loop
      vertex 9.76418 22.8236 7.10438
      vertex 9.27353 22.8794 9.50438
      vertex 9.76418 22.8236 9.50438
    endloop
  endfacet
  facet normal 0.112998 0.993595 0
    outer loop
      vertex 9.27353 22.8794 9.50438
      vertex 9.76418 22.8236 7.10438
      vertex 9.27353 22.8794 7.10438
    endloop
  endfacet
  facet normal -0.69306 0.140012 0.707152
    outer loop
      vertex -16.3186 16.2111 9.50438
      vertex -16.1365 15.5973 9.80438
      vertex -16.0245 16.1517 9.80438
    endloop
  endfacet
  facet normal -0.69306 0.140012 0.707152
    outer loop
      vertex -16.1365 15.5973 9.80438
      vertex -16.3186 16.2111 9.50438
      vertex -16.4306 15.6567 9.50438
    endloop
  endfacet
  facet normal -0.103737 -0.699753 -0.706813
    outer loop
      vertex -9.76418 -22.8236 7.10438
      vertex -9.78644 -22.8203 7.10438
      vertex -9.73027 -22.5256 6.80438
    endloop
  endfacet
  facet normal 0.637552 0.770407 -0
    outer loop
      vertex 13.5247 21.0333 7.10438
      vertex 13.124 21.3649 9.50438
      vertex 13.5247 21.0333 9.50438
    endloop
  endfacet
  facet normal 0.637552 0.770407 0
    outer loop
      vertex 13.124 21.3649 9.50438
      vertex 13.5247 21.0333 7.10438
      vertex 13.124 21.3649 7.10438
    endloop
  endfacet
  facet normal 0.549164 0.445411 0.707126
    outer loop
      vertex 14.3075 20.2408 9.50438
      vertex 14.4115 19.6363 9.80438
      vertex 14.6445 19.8253 9.50438
    endloop
  endfacet
  facet normal 0.549164 0.445411 0.707126
    outer loop
      vertex 14.4115 19.6363 9.80438
      vertex 14.3075 20.2408 9.50438
      vertex 14.0745 20.0518 9.80438
    endloop
  endfacet
  facet normal 0.967192 0.254048 0
    outer loop
      vertex 16.3147 16.2279 9.50438
      vertex 16.1716 16.7727 7.10438
      vertex 16.1716 16.7727 9.50438
    endloop
  endfacet
  facet normal 0.967192 0.254048 0
    outer loop
      vertex 16.1716 16.7727 7.10438
      vertex 16.3147 16.2279 9.50438
      vertex 16.3147 16.2279 7.10438
    endloop
  endfacet
  facet normal -0.293135 0.956071 0
    outer loop
      vertex -10.7749 22.5932 7.10438
      vertex -10.7961 22.5867 9.50438
      vertex -10.7749 22.5932 9.50438
    endloop
  endfacet
  facet normal -0.293135 0.956071 0
    outer loop
      vertex -10.7961 22.5867 9.50438
      vertex -10.7749 22.5932 7.10438
      vertex -10.7961 22.5867 7.10438
    endloop
  endfacet
  facet normal 0.702823 -0.0790156 -0.706963
    outer loop
      vertex 16.5138 -15.078 7.10438
      vertex 16.2168 -15.0356 6.80438
      vertex 16.5157 -15.0611 7.10438
    endloop
  endfacet
  facet normal -0.562223 0.429065 -0.706971
    outer loop
      vertex -14.4115 19.6363 6.80438
      vertex -14.6561 19.8101 7.10438
      vertex -14.6445 19.8253 7.10438
    endloop
  endfacet
  facet normal 0.549164 -0.445411 -0.707126
    outer loop
      vertex 14.3075 -20.2408 7.10438
      vertex 14.4115 -19.6363 6.80438
      vertex 14.6445 -19.8253 7.10438
    endloop
  endfacet
  facet normal 0.549164 -0.445411 -0.707126
    outer loop
      vertex 14.4115 -19.6363 6.80438
      vertex 14.3075 -20.2408 7.10438
      vertex 14.0745 -20.0518 6.80438
    endloop
  endfacet
  facet normal 0.0751085 -0.997175 0
    outer loop
      vertex 9.25096 -22.8811 7.10438
      vertex 9.27353 -22.8794 9.50438
      vertex 9.25096 -22.8811 9.50438
    endloop
  endfacet
  facet normal 0.0751085 -0.997175 0
    outer loop
      vertex 9.27353 -22.8794 9.50438
      vertex 9.25096 -22.8811 7.10438
      vertex 9.27353 -22.8794 7.10438
    endloop
  endfacet
  facet normal 0.815183 -0.579204 0
    outer loop
      vertex 14.6561 -19.8101 9.50438
      vertex 14.9688 -19.37 7.10438
      vertex 14.9688 -19.37 9.50438
    endloop
  endfacet
  facet normal 0.815183 -0.579204 0
    outer loop
      vertex 14.9688 -19.37 7.10438
      vertex 14.6561 -19.8101 9.50438
      vertex 14.6561 -19.8101 7.10438
    endloop
  endfacet
  facet normal -0.0176339 0.999845 0
    outer loop
      vertex -8.74684 22.9 7.10438
      vertex -8.75818 22.8998 9.50438
      vertex -8.74684 22.9 9.50438
    endloop
  endfacet
  facet normal -0.0176339 0.999845 0
    outer loop
      vertex -8.75818 22.8998 9.50438
      vertex -8.74684 22.9 7.10438
      vertex -8.75818 22.8998 7.10438
    endloop
  endfacet
  facet normal 0.281783 0.648452 -0.707184
    outer loop
      vertex 11.6301 21.9377 6.80438
      vertex 11.2883 22.4134 7.10438
      vertex 11.7497 22.2129 7.10438
    endloop
  endfacet
  facet normal 0.281944 0.648499 -0.707076
    outer loop
      vertex 11.2883 22.4134 7.10438
      vertex 11.6301 21.9377 6.80438
      vertex 11.1687 22.1383 6.80438
    endloop
  endfacet
  facet normal 0.996371 0.0851119 0
    outer loop
      vertex 16.5641 14.4945 9.50438
      vertex 16.5157 15.0611 7.10438
      vertex 16.5157 15.0611 9.50438
    endloop
  endfacet
  facet normal 0.996371 0.0851119 0
    outer loop
      vertex 16.5157 15.0611 7.10438
      vertex 16.5641 14.4945 9.50438
      vertex 16.5641 14.4945 7.10438
    endloop
  endfacet
  facet normal 0.467767 0.530601 -0.706864
    outer loop
      vertex 13.5399 21.0199 7.10438
      vertex 13.3335 20.8022 6.80438
      vertex 13.5247 21.0333 7.10438
    endloop
  endfacet
  facet normal 0.576443 0.409574 -0.707081
    outer loop
      vertex 14.7243 19.1962 6.80438
      vertex 14.6561 19.8101 7.10438
      vertex 14.9688 19.37 7.10438
    endloop
  endfacet
  facet normal 0.576302 0.409606 -0.707177
    outer loop
      vertex 14.6561 19.8101 7.10438
      vertex 14.7243 19.1962 6.80438
      vertex 14.4115 19.6363 6.80438
    endloop
  endfacet
  facet normal 0.01247 -0.707052 0.707052
    outer loop
      vertex 8.74684 -22.6 9.80438
      vertex 8.74684 -22.9 9.50438
      vertex 8.75818 -22.8998 9.50438
    endloop
  endfacet
  facet normal 0.704441 -0.0601746 -0.707207
    outer loop
      vertex 16.5157 -15.0611 7.10438
      vertex 16.2651 -14.469 6.80438
      vertex 16.5641 -14.4945 7.10438
    endloop
  endfacet
  facet normal 0.704568 -0.0600611 -0.70709
    outer loop
      vertex 16.2651 -14.469 6.80438
      vertex 16.5157 -15.0611 7.10438
      vertex 16.2168 -15.0356 6.80438
    endloop
  endfacet
  facet normal 0.688889 -0.159921 -0.707006
    outer loop
      vertex 16.3147 -16.2279 7.10438
      vertex 16.0245 -16.1517 6.80438
      vertex 16.3186 -16.2111 7.10438
    endloop
  endfacet
  facet normal 0.183844 -0.682769 0.707127
    outer loop
      vertex 10.6969 -22.3035 9.80438
      vertex 10.2947 -22.7225 9.50438
      vertex 10.7749 -22.5932 9.50438
    endloop
  endfacet
  facet normal 0.183844 -0.682769 0.707127
    outer loop
      vertex 10.2947 -22.7225 9.50438
      vertex 10.6969 -22.3035 9.80438
      vertex 10.2167 -22.4328 9.80438
    endloop
  endfacet
  facet normal 0.0799121 -0.702668 -0.707016
    outer loop
      vertex 9.27353 -22.8794 7.10438
      vertex 9.73027 -22.5256 6.80438
      vertex 9.76418 -22.8236 7.10438
    endloop
  endfacet
  facet normal 0.0799121 -0.702668 -0.707016
    outer loop
      vertex 9.73027 -22.5256 6.80438
      vertex 9.27353 -22.8794 7.10438
      vertex 9.23962 -22.5814 6.80438
    endloop
  endfacet
  facet normal 0.974097 -0.22613 0
    outer loop
      vertex 16.3147 -16.2279 9.50438
      vertex 16.3186 -16.2111 7.10438
      vertex 16.3186 -16.2111 9.50438
    endloop
  endfacet
  facet normal 0.974097 -0.22613 0
    outer loop
      vertex 16.3186 -16.2111 7.10438
      vertex 16.3147 -16.2279 9.50438
      vertex 16.3147 -16.2279 7.10438
    endloop
  endfacet
  facet normal 0.0379207 0.999281 -0
    outer loop
      vertex 9.25096 22.8811 7.10438
      vertex 8.75818 22.8998 9.50438
      vertex 9.25096 22.8811 9.50438
    endloop
  endfacet
  facet normal 0.0379207 0.999281 0
    outer loop
      vertex 8.75818 22.8998 9.50438
      vertex 9.25096 22.8811 7.10438
      vertex 8.75818 22.8998 7.10438
    endloop
  endfacet
  facet normal -0.207334 -0.676227 -0.706916
    outer loop
      vertex -10.7749 -22.5932 7.10438
      vertex -10.7961 -22.5867 7.10438
      vertex -10.6969 -22.3035 6.80438
    endloop
  endfacet
  facet normal 0.223553 0.974692 -0
    outer loop
      vertex 10.2947 22.7225 7.10438
      vertex 10.2729 22.7275 9.50438
      vertex 10.2947 22.7225 9.50438
    endloop
  endfacet
  facet normal 0.223553 0.974692 0
    outer loop
      vertex 10.2729 22.7275 9.50438
      vertex 10.2947 22.7225 7.10438
      vertex 10.2729 22.7275 7.10438
    endloop
  endfacet
  facet normal 0.7062 -0.0373871 0.707024
    outer loop
      vertex 16.565 -14.4775 9.50438
      vertex 16.2651 -14.469 9.80438
      vertex 16.5641 -14.4945 9.50438
    endloop
  endfacet
  facet normal -0.535187 -0.462372 0.706956
    outer loop
      vertex -14.0745 -20.0518 9.80438
      vertex -14.3075 -20.2408 9.50438
      vertex -14.2948 -20.2555 9.50438
    endloop
  endfacet
  facet normal 0.706918 -0.0200024 -0.707013
    outer loop
      vertex 16.565 -14.4775 7.10438
      vertex 16.2813 -13.9 6.80438
      vertex 16.5811 -13.9085 7.10438
    endloop
  endfacet
  facet normal 0.706796 -0.0201232 -0.707131
    outer loop
      vertex 16.2813 -13.9 6.80438
      vertex 16.565 -14.4775 7.10438
      vertex 16.2651 -14.469 6.80438
    endloop
  endfacet
  facet normal 0.706918 -0.0200024 0.707013
    outer loop
      vertex 16.2813 -13.9 9.80438
      vertex 16.565 -14.4775 9.50438
      vertex 16.5811 -13.9085 9.50438
    endloop
  endfacet
  facet normal 0.706796 -0.0201232 0.707131
    outer loop
      vertex 16.565 -14.4775 9.50438
      vertex 16.2813 -13.9 9.80438
      vertex 16.2651 -14.469 9.80438
    endloop
  endfacet
  facet normal -0.704568 -0.0600611 -0.70709
    outer loop
      vertex -16.5157 -15.0611 7.10438
      vertex -16.2651 -14.469 6.80438
      vertex -16.2168 -15.0356 6.80438
    endloop
  endfacet
  facet normal -0.704441 -0.0601746 -0.707207
    outer loop
      vertex -16.2651 -14.469 6.80438
      vertex -16.5157 -15.0611 7.10438
      vertex -16.5641 -14.4945 7.10438
    endloop
  endfacet
  facet normal 0.503651 -0.496507 -0.706976
    outer loop
      vertex 13.921 -20.6588 7.10438
      vertex 13.7146 -20.441 6.80438
      vertex 13.9349 -20.6447 7.10438
    endloop
  endfacet
  facet normal -0.32768 -0.626484 0.707208
    outer loop
      vertex -12.0792 -21.7028 9.80438
      vertex -11.7692 -22.2036 9.50438
      vertex -11.6301 -21.9377 9.80438
    endloop
  endfacet
  facet normal -0.327838 -0.626519 0.707104
    outer loop
      vertex -11.7692 -22.2036 9.50438
      vertex -12.0792 -21.7028 9.80438
      vertex -12.2183 -21.9686 9.50438
    endloop
  endfacet
  facet normal -0.0531358 -0.705456 -0.706759
    outer loop
      vertex -9.25096 -22.8811 7.10438
      vertex -9.27353 -22.8794 7.10438
      vertex -9.23962 -22.5814 6.80438
    endloop
  endfacet
  facet normal 0.233816 -0.667359 -0.70708
    outer loop
      vertex 10.7961 -22.5867 7.10438
      vertex 11.1687 -22.1383 6.80438
      vertex 11.2679 -22.4214 7.10438
    endloop
  endfacet
  facet normal 0.233653 -0.667298 -0.707191
    outer loop
      vertex 11.1687 -22.1383 6.80438
      vertex 10.7961 -22.5867 7.10438
      vertex 10.6969 -22.3035 6.80438
    endloop
  endfacet
  facet normal 0.207334 0.676227 -0.706916
    outer loop
      vertex 10.7961 22.5867 7.10438
      vertex 10.6969 22.3035 6.80438
      vertex 10.7749 22.5932 7.10438
    endloop
  endfacet
  facet normal -0.699977 -0.100068 0.70712
    outer loop
      vertex -16.2168 -15.0356 9.80438
      vertex -16.4335 -15.6397 9.50438
      vertex -16.1365 -15.5973 9.80438
    endloop
  endfacet
  facet normal -0.699977 -0.100068 0.70712
    outer loop
      vertex -16.4335 -15.6397 9.50438
      vertex -16.2168 -15.0356 9.80438
      vertex -16.5138 -15.078 9.50438
    endloop
  endfacet
  facet normal -0.688889 0.159921 -0.707006
    outer loop
      vertex -16.0245 16.1517 6.80438
      vertex -16.3186 16.2111 7.10438
      vertex -16.3147 16.2279 7.10438
    endloop
  endfacet
  facet normal -0.707009 0.0166355 0.707009
    outer loop
      vertex -16.5811 13.9085 9.50438
      vertex -16.5813 13.9 9.50438
      vertex -16.2813 13.9 9.80438
    endloop
  endfacet
  facet normal -0.706796 0.0201232 0.707131
    outer loop
      vertex -16.565 14.4775 9.50438
      vertex -16.2813 13.9 9.80438
      vertex -16.2651 14.469 9.80438
    endloop
  endfacet
  facet normal -0.706918 0.0200024 0.707013
    outer loop
      vertex -16.2813 13.9 9.80438
      vertex -16.565 14.4775 9.50438
      vertex -16.5811 13.9085 9.50438
    endloop
  endfacet
  facet normal -0.998602 0.0528671 0
    outer loop
      vertex -16.565 14.4775 7.10438
      vertex -16.5641 14.4945 9.50438
      vertex -16.5641 14.4945 7.10438
    endloop
  endfacet
  facet normal -0.998602 0.0528671 0
    outer loop
      vertex -16.5641 14.4945 9.50438
      vertex -16.565 14.4775 7.10438
      vertex -16.565 14.4775 9.50438
    endloop
  endfacet
  facet normal -0.704568 0.0600611 -0.70709
    outer loop
      vertex -16.2651 14.469 6.80438
      vertex -16.5157 15.0611 7.10438
      vertex -16.2168 15.0356 6.80438
    endloop
  endfacet
  facet normal -0.704441 0.0601746 -0.707207
    outer loop
      vertex -16.5157 15.0611 7.10438
      vertex -16.2651 14.469 6.80438
      vertex -16.5641 14.4945 7.10438
    endloop
  endfacet
  facet normal -0.661295 0.750126 0
    outer loop
      vertex -13.5247 21.0333 7.10438
      vertex -13.5399 21.0199 9.50438
      vertex -13.5247 21.0333 9.50438
    endloop
  endfacet
  facet normal -0.661295 0.750126 0
    outer loop
      vertex -13.5399 21.0199 9.50438
      vertex -13.5247 21.0333 7.10438
      vertex -13.5399 21.0199 7.10438
    endloop
  endfacet
  facet normal -0.486429 0.513228 0.707095
    outer loop
      vertex -13.5399 21.0199 9.50438
      vertex -13.7146 20.441 9.80438
      vertex -13.3335 20.8022 9.80438
    endloop
  endfacet
  facet normal -0.486299 0.513233 0.707181
    outer loop
      vertex -13.7146 20.441 9.80438
      vertex -13.5399 21.0199 9.50438
      vertex -13.921 20.6588 9.50438
    endloop
  endfacet
  facet normal 0 -0.707107 0.707107
    outer loop
      vertex -8.74684 -22.6 9.80438
      vertex 8.74684 -22.9 9.50438
      vertex 8.74684 -22.6 9.80438
    endloop
  endfacet
  facet normal 0 -0.707107 0.707107
    outer loop
      vertex 8.74684 -22.9 9.50438
      vertex -8.74684 -22.6 9.80438
      vertex -8.74684 -22.9 9.50438
    endloop
  endfacet
  facet normal 0.371443 -0.601726 -0.707076
    outer loop
      vertex 12.2368 -21.9581 7.10438
      vertex 12.5141 -21.4344 6.80438
      vertex 12.6716 -21.6897 7.10438
    endloop
  endfacet
  facet normal 0.371348 -0.601711 -0.707138
    outer loop
      vertex 12.5141 -21.4344 6.80438
      vertex 12.2368 -21.9581 7.10438
      vertex 12.0792 -21.7028 6.80438
    endloop
  endfacet
  facet normal -0.01247 0.707052 0.707052
    outer loop
      vertex -8.74684 22.9 9.50438
      vertex -8.75818 22.8998 9.50438
      vertex -8.74684 22.6 9.80438
    endloop
  endfacet
  facet normal 0.677865 0.201745 -0.706964
    outer loop
      vertex 16.1716 16.7727 7.10438
      vertex 15.8814 16.6965 6.80438
      vertex 16.1666 16.7895 7.10438
    endloop
  endfacet
  facet normal -0.980198 0.19802 0
    outer loop
      vertex -16.4306 15.6567 7.10438
      vertex -16.3186 16.2111 9.50438
      vertex -16.3186 16.2111 7.10438
    endloop
  endfacet
  facet normal -0.980198 0.19802 0
    outer loop
      vertex -16.3186 16.2111 9.50438
      vertex -16.4306 15.6567 7.10438
      vertex -16.4306 15.6567 9.50438
    endloop
  endfacet
  facet normal -0.702823 0.0790156 0.706963
    outer loop
      vertex -16.5138 15.078 9.50438
      vertex -16.5157 15.0611 9.50438
      vertex -16.2168 15.0356 9.80438
    endloop
  endfacet
  facet normal -0.815183 0.579204 0
    outer loop
      vertex -14.9688 19.37 7.10438
      vertex -14.6561 19.8101 9.50438
      vertex -14.6561 19.8101 7.10438
    endloop
  endfacet
  facet normal -0.815183 0.579204 0
    outer loop
      vertex -14.6561 19.8101 9.50438
      vertex -14.9688 19.37 7.10438
      vertex -14.9688 19.37 9.50438
    endloop
  endfacet
  facet normal -0.641758 0.297041 -0.707046
    outer loop
      vertex -15.5043 17.7479 6.80438
      vertex -15.5441 18.376 7.10438
      vertex -15.2719 18.25 6.80438
    endloop
  endfacet
  facet normal -0.641758 0.297041 -0.707046
    outer loop
      vertex -15.5441 18.376 7.10438
      vertex -15.5043 17.7479 6.80438
      vertex -15.7765 17.8739 7.10438
    endloop
  endfacet
  facet normal 0 -1 0
    outer loop
      vertex -8.74684 -22.9 7.10438
      vertex 8.74684 -22.9 9.50438
      vertex -8.74684 -22.9 9.50438
    endloop
  endfacet
  facet normal 0 -1 -0
    outer loop
      vertex 8.74684 -22.9 9.50438
      vertex -8.74684 -22.9 7.10438
      vertex 8.74684 -22.9 7.10438
    endloop
  endfacet
  facet normal 0 0.707107 -0.707107
    outer loop
      vertex -8.74684 22.6 6.80438
      vertex 8.74684 22.9 7.10438
      vertex 8.74684 22.6 6.80438
    endloop
  endfacet
  facet normal 0 0.707107 -0.707107
    outer loop
      vertex 8.74684 22.9 7.10438
      vertex -8.74684 22.6 6.80438
      vertex -8.74684 22.9 7.10438
    endloop
  endfacet
  facet normal 0.588502 0.392335 -0.706922
    outer loop
      vertex 14.9792 19.3544 7.10438
      vertex 14.7243 19.1962 6.80438
      vertex 14.9688 19.37 7.10438
    endloop
  endfacet
  facet normal 0.697153 0.118926 -0.70699
    outer loop
      vertex 16.4335 15.6397 7.10438
      vertex 16.1365 15.5973 6.80438
      vertex 16.4306 15.6567 7.10438
    endloop
  endfacet
  facet normal -0.7062 -0.0373871 0.707024
    outer loop
      vertex -16.2651 -14.469 9.80438
      vertex -16.565 -14.4775 9.50438
      vertex -16.5641 -14.4945 9.50438
    endloop
  endfacet
  facet normal -0.60078 -0.372907 0.707109
    outer loop
      vertex -15.0115 -18.7335 9.80438
      vertex -14.9792 -19.3544 9.50438
      vertex -14.7243 -19.1962 9.80438
    endloop
  endfacet
  facet normal -0.600869 -0.372882 0.707047
    outer loop
      vertex -14.9792 -19.3544 9.50438
      vertex -15.0115 -18.7335 9.80438
      vertex -15.2664 -18.8916 9.50438
    endloop
  endfacet
  facet normal 0.1325 0.694569 0.70712
    outer loop
      vertex 9.78644 22.8203 9.50438
      vertex 10.2167 22.4328 9.80438
      vertex 10.2729 22.7275 9.50438
    endloop
  endfacet
  facet normal 0.132509 0.694574 0.707113
    outer loop
      vertex 10.2167 22.4328 9.80438
      vertex 9.78644 22.8203 9.50438
      vertex 9.73027 22.5256 9.80438
    endloop
  endfacet
  facet normal 0.01247 0.707052 -0.707052
    outer loop
      vertex 8.75818 22.8998 7.10438
      vertex 8.74684 22.6 6.80438
      vertex 8.74684 22.9 7.10438
    endloop
  endfacet
  facet normal 0.158127 -0.689435 0.706877
    outer loop
      vertex 10.2947 -22.7225 9.50438
      vertex 10.2167 -22.4328 9.80438
      vertex 10.2729 -22.7275 9.50438
    endloop
  endfacet
  facet normal -0.158127 0.689435 0.706877
    outer loop
      vertex -10.2729 22.7275 9.50438
      vertex -10.2947 22.7225 9.50438
      vertex -10.2167 22.4328 9.80438
    endloop
  endfacet
  facet normal -0.183844 0.682769 0.707127
    outer loop
      vertex -10.2947 22.7225 9.50438
      vertex -10.6969 22.3035 9.80438
      vertex -10.2167 22.4328 9.80438
    endloop
  endfacet
  facet normal -0.183844 0.682769 0.707127
    outer loop
      vertex -10.6969 22.3035 9.80438
      vertex -10.2947 22.7225 9.50438
      vertex -10.7749 22.5932 9.50438
    endloop
  endfacet
  facet normal -0.233653 -0.667298 0.707191
    outer loop
      vertex -11.1687 -22.1383 9.80438
      vertex -10.7961 -22.5867 9.50438
      vertex -10.6969 -22.3035 9.80438
    endloop
  endfacet
  facet normal -0.233816 -0.667359 0.70708
    outer loop
      vertex -10.7961 -22.5867 9.50438
      vertex -11.1687 -22.1383 9.80438
      vertex -11.2679 -22.4214 9.50438
    endloop
  endfacet
  facet normal 0.974097 0.22613 0
    outer loop
      vertex 16.3186 16.2111 9.50438
      vertex 16.3147 16.2279 7.10438
      vertex 16.3147 16.2279 9.50438
    endloop
  endfacet
  facet normal 0.974097 0.22613 0
    outer loop
      vertex 16.3147 16.2279 7.10438
      vertex 16.3186 16.2111 9.50438
      vertex 16.3186 16.2111 7.10438
    endloop
  endfacet
  facet normal 0.706918 0.0200024 -0.707013
    outer loop
      vertex 16.2813 13.9 6.80438
      vertex 16.565 14.4775 7.10438
      vertex 16.5811 13.9085 7.10438
    endloop
  endfacet
  facet normal 0.706796 0.0201232 -0.707131
    outer loop
      vertex 16.565 14.4775 7.10438
      vertex 16.2813 13.9 6.80438
      vertex 16.2651 14.469 6.80438
    endloop
  endfacet
  facet normal 0.658205 0.258281 -0.707147
    outer loop
      vertex 15.7077 17.2293 6.80438
      vertex 15.7835 17.8575 7.10438
      vertex 15.987 17.3389 7.10438
    endloop
  endfacet
  facet normal 0.65835 0.258211 -0.707038
    outer loop
      vertex 15.7835 17.8575 7.10438
      vertex 15.7077 17.2293 6.80438
      vertex 15.5043 17.7479 6.80438
    endloop
  endfacet
  facet normal -0.463631 0.886028 0
    outer loop
      vertex -11.7692 22.2036 7.10438
      vertex -12.2183 21.9686 9.50438
      vertex -11.7692 22.2036 9.50438
    endloop
  endfacet
  facet normal -0.463631 0.886028 0
    outer loop
      vertex -12.2183 21.9686 9.50438
      vertex -11.7692 22.2036 7.10438
      vertex -12.2183 21.9686 7.10438
    endloop
  endfacet
  facet normal 0.880389 0.474252 0
    outer loop
      vertex 15.536 18.3923 9.50438
      vertex 15.2756 18.8757 7.10438
      vertex 15.2756 18.8757 9.50438
    endloop
  endfacet
  facet normal 0.880389 0.474252 0
    outer loop
      vertex 15.2756 18.8757 7.10438
      vertex 15.536 18.3923 9.50438
      vertex 15.536 18.3923 7.10438
    endloop
  endfacet
  facet normal -0.699977 -0.100068 -0.70712
    outer loop
      vertex -16.4335 -15.6397 7.10438
      vertex -16.2168 -15.0356 6.80438
      vertex -16.1365 -15.5973 6.80438
    endloop
  endfacet
  facet normal -0.699977 -0.100068 -0.70712
    outer loop
      vertex -16.2168 -15.0356 6.80438
      vertex -16.4335 -15.6397 7.10438
      vertex -16.5138 -15.078 7.10438
    endloop
  endfacet
  facet normal 0.661295 0.750126 -0
    outer loop
      vertex 13.5399 21.0199 7.10438
      vertex 13.5247 21.0333 9.50438
      vertex 13.5399 21.0199 9.50438
    endloop
  endfacet
  facet normal 0.661295 0.750126 0
    outer loop
      vertex 13.5247 21.0333 9.50438
      vertex 13.5399 21.0199 7.10438
      vertex 13.5247 21.0333 7.10438
    endloop
  endfacet
  facet normal 0.535187 0.462372 -0.706956
    outer loop
      vertex 14.3075 20.2408 7.10438
      vertex 14.0745 20.0518 6.80438
      vertex 14.2948 20.2555 7.10438
    endloop
  endfacet
  facet normal 0.562223 0.429065 -0.706971
    outer loop
      vertex 14.6561 19.8101 7.10438
      vertex 14.4115 19.6363 6.80438
      vertex 14.6445 19.8253 7.10438
    endloop
  endfacet
  facet normal 0.576443 0.409574 0.707081
    outer loop
      vertex 14.6561 19.8101 9.50438
      vertex 14.7243 19.1962 9.80438
      vertex 14.9688 19.37 9.50438
    endloop
  endfacet
  facet normal 0.576302 0.409606 0.707177
    outer loop
      vertex 14.7243 19.1962 9.80438
      vertex 14.6561 19.8101 9.50438
      vertex 14.4115 19.6363 9.80438
    endloop
  endfacet
  facet normal 0.260002 -0.965608 0
    outer loop
      vertex 10.2947 -22.7225 7.10438
      vertex 10.7749 -22.5932 9.50438
      vertex 10.2947 -22.7225 9.50438
    endloop
  endfacet
  facet normal 0.260002 -0.965608 0
    outer loop
      vertex 10.7749 -22.5932 9.50438
      vertex 10.2947 -22.7225 7.10438
      vertex 10.7749 -22.5932 7.10438
    endloop
  endfacet
  facet normal 0.672342 0.219066 -0.707083
    outer loop
      vertex 15.8814 16.6965 6.80438
      vertex 15.993 17.3223 7.10438
      vertex 16.1666 16.7895 7.10438
    endloop
  endfacet
  facet normal 0.672198 0.219146 -0.707195
    outer loop
      vertex 15.993 17.3223 7.10438
      vertex 15.8814 16.6965 6.80438
      vertex 15.7077 17.2293 6.80438
    endloop
  endfacet
  facet normal 0.622532 0.335348 -0.707103
    outer loop
      vertex 15.2719 18.25 6.80438
      vertex 15.2756 18.8757 7.10438
      vertex 15.536 18.3923 7.10438
    endloop
  endfacet
  facet normal 0.622611 0.335321 -0.707047
    outer loop
      vertex 15.2756 18.8757 7.10438
      vertex 15.2719 18.25 6.80438
      vertex 15.0115 18.7335 6.80438
    endloop
  endfacet
  facet normal 0.650547 0.277672 -0.706885
    outer loop
      vertex 15.7835 17.8575 7.10438
      vertex 15.5043 17.7479 6.80438
      vertex 15.7765 17.8739 7.10438
    endloop
  endfacet
  facet normal 0.919724 0.392565 0
    outer loop
      vertex 15.7835 17.8575 9.50438
      vertex 15.7765 17.8739 7.10438
      vertex 15.7765 17.8739 9.50438
    endloop
  endfacet
  facet normal 0.919724 0.392565 0
    outer loop
      vertex 15.7765 17.8739 7.10438
      vertex 15.7835 17.8575 9.50438
      vertex 15.7835 17.8575 7.10438
    endloop
  endfacet
  facet normal 0.588502 -0.392335 0.706922
    outer loop
      vertex 14.9792 -19.3544 9.50438
      vertex 14.7243 -19.1962 9.80438
      vertex 14.9688 -19.37 9.50438
    endloop
  endfacet
  facet normal -0.683865 0.179628 -0.707151
    outer loop
      vertex -16.0245 16.1517 6.80438
      vertex -16.1716 16.7727 7.10438
      vertex -15.8814 16.6965 6.80438
    endloop
  endfacet
  facet normal -0.683865 0.179628 -0.707151
    outer loop
      vertex -16.1716 16.7727 7.10438
      vertex -16.0245 16.1517 6.80438
      vertex -16.3147 16.2279 7.10438
    endloop
  endfacet
  facet normal -0.672198 -0.219146 -0.707195
    outer loop
      vertex -15.993 -17.3223 7.10438
      vertex -15.8814 -16.6965 6.80438
      vertex -15.7077 -17.2293 6.80438
    endloop
  endfacet
  facet normal -0.672342 -0.219066 -0.707083
    outer loop
      vertex -15.8814 -16.6965 6.80438
      vertex -15.993 -17.3223 7.10438
      vertex -16.1666 -16.7895 7.10438
    endloop
  endfacet
  facet normal -0.0751085 0.997175 0
    outer loop
      vertex -9.25096 22.8811 7.10438
      vertex -9.27353 22.8794 9.50438
      vertex -9.25096 22.8811 9.50438
    endloop
  endfacet
  facet normal -0.0751085 0.997175 0
    outer loop
      vertex -9.27353 22.8794 9.50438
      vertex -9.25096 22.8811 7.10438
      vertex -9.27353 22.8794 7.10438
    endloop
  endfacet
  facet normal -0.392371 0.588557 -0.706856
    outer loop
      vertex -12.5141 21.4344 6.80438
      vertex -12.689 21.6781 7.10438
      vertex -12.6716 21.6897 7.10438
    endloop
  endfacet
  facet normal -0.233653 -0.667298 -0.707191
    outer loop
      vertex -10.7961 -22.5867 7.10438
      vertex -11.1687 -22.1383 6.80438
      vertex -10.6969 -22.3035 6.80438
    endloop
  endfacet
  facet normal -0.233816 -0.667359 -0.70708
    outer loop
      vertex -11.1687 -22.1383 6.80438
      vertex -10.7961 -22.5867 7.10438
      vertex -11.2679 -22.4214 7.10438
    endloop
  endfacet
  facet normal 0 1 -0
    outer loop
      vertex 8.74684 22.9 7.10438
      vertex -8.74684 22.9 9.50438
      vertex 8.74684 22.9 9.50438
    endloop
  endfacet
  facet normal 0 1 0
    outer loop
      vertex -8.74684 22.9 9.50438
      vertex 8.74684 22.9 7.10438
      vertex -8.74684 22.9 7.10438
    endloop
  endfacet
  facet normal 0.562223 -0.429065 -0.706971
    outer loop
      vertex 14.6445 -19.8253 7.10438
      vertex 14.4115 -19.6363 6.80438
      vertex 14.6561 -19.8101 7.10438
    endloop
  endfacet
  facet normal -0.576302 -0.409606 -0.707177
    outer loop
      vertex -14.6561 -19.8101 7.10438
      vertex -14.7243 -19.1962 6.80438
      vertex -14.4115 -19.6363 6.80438
    endloop
  endfacet
  facet normal -0.576443 -0.409574 -0.707081
    outer loop
      vertex -14.7243 -19.1962 6.80438
      vertex -14.6561 -19.8101 7.10438
      vertex -14.9688 -19.37 7.10438
    endloop
  endfacet
  facet normal -0.103737 0.699753 0.706813
    outer loop
      vertex -9.76418 22.8236 9.50438
      vertex -9.78644 22.8203 9.50438
      vertex -9.73027 22.5256 9.80438
    endloop
  endfacet
  facet normal -0.677865 -0.201745 -0.706964
    outer loop
      vertex -16.1666 -16.7895 7.10438
      vertex -16.1716 -16.7727 7.10438
      vertex -15.8814 -16.6965 6.80438
    endloop
  endfacet
  facet normal -0.588502 0.392335 -0.706922
    outer loop
      vertex -14.7243 19.1962 6.80438
      vertex -14.9792 19.3544 7.10438
      vertex -14.9688 19.37 7.10438
    endloop
  endfacet
  facet normal 0.702823 0.0790156 -0.706963
    outer loop
      vertex 16.5157 15.0611 7.10438
      vertex 16.2168 15.0356 6.80438
      vertex 16.5138 15.078 7.10438
    endloop
  endfacet
  facet normal 0.688889 0.159921 -0.707006
    outer loop
      vertex 16.3186 16.2111 7.10438
      vertex 16.0245 16.1517 6.80438
      vertex 16.3147 16.2279 7.10438
    endloop
  endfacet
  facet normal -0.0176339 -0.999845 0
    outer loop
      vertex -8.75818 -22.8998 7.10438
      vertex -8.74684 -22.9 9.50438
      vertex -8.75818 -22.8998 9.50438
    endloop
  endfacet
  facet normal -0.0176339 -0.999845 -0
    outer loop
      vertex -8.74684 -22.9 9.50438
      vertex -8.75818 -22.8998 7.10438
      vertex -8.74684 -22.9 7.10438
    endloop
  endfacet
  facet normal -0.132509 -0.694574 -0.707113
    outer loop
      vertex -9.78644 -22.8203 7.10438
      vertex -10.2167 -22.4328 6.80438
      vertex -9.73027 -22.5256 6.80438
    endloop
  endfacet
  facet normal -0.1325 -0.694569 -0.70712
    outer loop
      vertex -10.2167 -22.4328 6.80438
      vertex -9.78644 -22.8203 7.10438
      vertex -10.2729 -22.7275 7.10438
    endloop
  endfacet
  facet normal 0.704441 -0.0601746 0.707207
    outer loop
      vertex 16.2651 -14.469 9.80438
      vertex 16.5157 -15.0611 9.50438
      vertex 16.5641 -14.4945 9.50438
    endloop
  endfacet
  facet normal 0.704568 -0.0600611 0.70709
    outer loop
      vertex 16.5157 -15.0611 9.50438
      vertex 16.2651 -14.469 9.80438
      vertex 16.2168 -15.0356 9.80438
    endloop
  endfacet
  facet normal 0.486299 -0.513233 0.707181
    outer loop
      vertex 13.7146 -20.441 9.80438
      vertex 13.5399 -21.0199 9.50438
      vertex 13.921 -20.6588 9.50438
    endloop
  endfacet
  facet normal 0.486429 -0.513228 0.707095
    outer loop
      vertex 13.5399 -21.0199 9.50438
      vertex 13.7146 -20.441 9.80438
      vertex 13.3335 -20.8022 9.80438
    endloop
  endfacet
  facet normal 0.467767 -0.530601 0.706864
    outer loop
      vertex 13.5399 -21.0199 9.50438
      vertex 13.3335 -20.8022 9.80438
      vertex 13.5247 -21.0333 9.50438
    endloop
  endfacet
  facet normal 0.103737 0.699753 -0.706813
    outer loop
      vertex 9.78644 22.8203 7.10438
      vertex 9.73027 22.5256 6.80438
      vertex 9.76418 22.8236 7.10438
    endloop
  endfacet
  facet normal 0.699977 -0.100068 0.70712
    outer loop
      vertex 16.2168 -15.0356 9.80438
      vertex 16.4335 -15.6397 9.50438
      vertex 16.5138 -15.078 9.50438
    endloop
  endfacet
  facet normal 0.699977 -0.100068 0.70712
    outer loop
      vertex 16.4335 -15.6397 9.50438
      vertex 16.2168 -15.0356 9.80438
      vertex 16.1365 -15.5973 9.80438
    endloop
  endfacet
  facet normal 0.183844 -0.682769 -0.707127
    outer loop
      vertex 10.2947 -22.7225 7.10438
      vertex 10.6969 -22.3035 6.80438
      vertex 10.7749 -22.5932 7.10438
    endloop
  endfacet
  facet normal 0.183844 -0.682769 -0.707127
    outer loop
      vertex 10.6969 -22.3035 6.80438
      vertex 10.2947 -22.7225 7.10438
      vertex 10.2167 -22.4328 6.80438
    endloop
  endfacet
  facet normal 0.650547 -0.277672 0.706885
    outer loop
      vertex 15.7835 -17.8575 9.50438
      vertex 15.5043 -17.7479 9.80438
      vertex 15.7765 -17.8739 9.50438
    endloop
  endfacet
  facet normal 0.707009 -0.0166355 -0.707009
    outer loop
      vertex 16.5811 -13.9085 7.10438
      vertex 16.2813 -13.9 6.80438
      vertex 16.5813 -13.9 7.10438
    endloop
  endfacet
  facet normal 0.450862 -0.544814 0.707037
    outer loop
      vertex 13.3335 -20.8022 9.80438
      vertex 13.124 -21.3649 9.50438
      vertex 13.5247 -21.0333 9.50438
    endloop
  endfacet
  facet normal 0.450747 -0.544811 0.707112
    outer loop
      vertex 13.124 -21.3649 9.50438
      vertex 13.3335 -20.8022 9.80438
      vertex 12.9327 -21.1338 9.80438
    endloop
  endfacet
  facet normal 0.0531358 -0.705456 0.706759
    outer loop
      vertex 9.27353 -22.8794 9.50438
      vertex 9.23962 -22.5814 9.80438
      vertex 9.25096 -22.8811 9.50438
    endloop
  endfacet
  facet normal -0.503651 -0.496507 0.706976
    outer loop
      vertex -13.7146 -20.441 9.80438
      vertex -13.9349 -20.6447 9.50438
      vertex -13.921 -20.6588 9.50438
    endloop
  endfacet
  facet normal 0.697153 -0.118926 0.70699
    outer loop
      vertex 16.4335 -15.6397 9.50438
      vertex 16.1365 -15.5973 9.80438
      vertex 16.4306 -15.6567 9.50438
    endloop
  endfacet
  facet normal 0.600869 -0.372882 0.707047
    outer loop
      vertex 15.0115 -18.7335 9.80438
      vertex 14.9792 -19.3544 9.50438
      vertex 15.2664 -18.8916 9.50438
    endloop
  endfacet
  facet normal 0.60078 -0.372907 0.707109
    outer loop
      vertex 14.9792 -19.3544 9.50438
      vertex 15.0115 -18.7335 9.80438
      vertex 14.7243 -19.1962 9.80438
    endloop
  endfacet
  facet normal 0.576443 -0.409574 0.707081
    outer loop
      vertex 14.7243 -19.1962 9.80438
      vertex 14.6561 -19.8101 9.50438
      vertex 14.9688 -19.37 9.50438
    endloop
  endfacet
  facet normal 0.576302 -0.409606 0.707177
    outer loop
      vertex 14.6561 -19.8101 9.50438
      vertex 14.7243 -19.1962 9.80438
      vertex 14.4115 -19.6363 9.80438
    endloop
  endfacet
  facet normal -0.677865 0.201745 -0.706964
    outer loop
      vertex -15.8814 16.6965 6.80438
      vertex -16.1716 16.7727 7.10438
      vertex -16.1666 16.7895 7.10438
    endloop
  endfacet
  facet normal -0.697153 0.118926 -0.70699
    outer loop
      vertex -16.1365 15.5973 6.80438
      vertex -16.4335 15.6397 7.10438
      vertex -16.4306 15.6567 7.10438
    endloop
  endfacet
  facet normal 0.330653 0.943752 -0
    outer loop
      vertex 11.2679 22.4214 7.10438
      vertex 10.7961 22.5867 9.50438
      vertex 11.2679 22.4214 9.50438
    endloop
  endfacet
  facet normal 0.330653 0.943752 0
    outer loop
      vertex 10.7961 22.5867 9.50438
      vertex 11.2679 22.4214 7.10438
      vertex 10.7961 22.5867 7.10438
    endloop
  endfacet
  facet normal -0.622611 0.335321 -0.707047
    outer loop
      vertex -15.2719 18.25 6.80438
      vertex -15.2756 18.8757 7.10438
      vertex -15.0115 18.7335 6.80438
    endloop
  endfacet
  facet normal -0.622532 0.335348 -0.707103
    outer loop
      vertex -15.2756 18.8757 7.10438
      vertex -15.2719 18.25 6.80438
      vertex -15.536 18.3923 7.10438
    endloop
  endfacet
  facet normal -0.69306 0.140012 -0.707152
    outer loop
      vertex -16.1365 15.5973 6.80438
      vertex -16.3186 16.2111 7.10438
      vertex -16.0245 16.1517 6.80438
    endloop
  endfacet
  facet normal -0.69306 0.140012 -0.707152
    outer loop
      vertex -16.3186 16.2111 7.10438
      vertex -16.1365 15.5973 6.80438
      vertex -16.4306 15.6567 7.10438
    endloop
  endfacet
  facet normal -0.576302 -0.409606 0.707177
    outer loop
      vertex -14.7243 -19.1962 9.80438
      vertex -14.6561 -19.8101 9.50438
      vertex -14.4115 -19.6363 9.80438
    endloop
  endfacet
  facet normal -0.576443 -0.409574 0.707081
    outer loop
      vertex -14.6561 -19.8101 9.50438
      vertex -14.7243 -19.1962 9.80438
      vertex -14.9688 -19.37 9.50438
    endloop
  endfacet
  facet normal -0.260002 -0.965608 0
    outer loop
      vertex -10.7749 -22.5932 7.10438
      vertex -10.2947 -22.7225 9.50438
      vertex -10.7749 -22.5932 9.50438
    endloop
  endfacet
  facet normal -0.260002 -0.965608 -0
    outer loop
      vertex -10.2947 -22.7225 9.50438
      vertex -10.7749 -22.5932 7.10438
      vertex -10.2947 -22.7225 7.10438
    endloop
  endfacet
  facet normal -0.996371 0.0851119 0
    outer loop
      vertex -16.5641 14.4945 7.10438
      vertex -16.5157 15.0611 9.50438
      vertex -16.5157 15.0611 7.10438
    endloop
  endfacet
  facet normal -0.996371 0.0851119 0
    outer loop
      vertex -16.5157 15.0611 9.50438
      vertex -16.5641 14.4945 7.10438
      vertex -16.5641 14.4945 9.50438
    endloop
  endfacet
  facet normal -0.707009 0.0166355 -0.707009
    outer loop
      vertex -16.2813 13.9 6.80438
      vertex -16.5813 13.9 7.10438
      vertex -16.5811 13.9085 7.10438
    endloop
  endfacet
  facet normal -0.999723 0.0235229 0
    outer loop
      vertex -16.5813 13.9 7.10438
      vertex -16.5811 13.9085 9.50438
      vertex -16.5811 13.9085 7.10438
    endloop
  endfacet
  facet normal -0.999723 0.0235229 0
    outer loop
      vertex -16.5811 13.9085 9.50438
      vertex -16.5813 13.9 7.10438
      vertex -16.5813 13.9 9.50438
    endloop
  endfacet
  facet normal -0.688889 -0.159921 -0.707006
    outer loop
      vertex -16.3147 -16.2279 7.10438
      vertex -16.3186 -16.2111 7.10438
      vertex -16.0245 -16.1517 6.80438
    endloop
  endfacet
  facet normal -0.258253 0.658544 0.706842
    outer loop
      vertex -11.2679 22.4214 9.50438
      vertex -11.2883 22.4134 9.50438
      vertex -11.1687 22.1383 9.80438
    endloop
  endfacet
  facet normal -0.683865 0.179628 0.707151
    outer loop
      vertex -16.1716 16.7727 9.50438
      vertex -16.0245 16.1517 9.80438
      vertex -15.8814 16.6965 9.80438
    endloop
  endfacet
  facet normal -0.683865 0.179628 0.707151
    outer loop
      vertex -16.0245 16.1517 9.80438
      vertex -16.1716 16.7727 9.50438
      vertex -16.3147 16.2279 9.50438
    endloop
  endfacet
  facet normal -0.549164 -0.445411 0.707126
    outer loop
      vertex -14.4115 -19.6363 9.80438
      vertex -14.3075 -20.2408 9.50438
      vertex -14.0745 -20.0518 9.80438
    endloop
  endfacet
  facet normal -0.549164 -0.445411 0.707126
    outer loop
      vertex -14.3075 -20.2408 9.50438
      vertex -14.4115 -19.6363 9.80438
      vertex -14.6445 -19.8253 9.50438
    endloop
  endfacet
  facet normal -0.699977 0.100068 -0.70712
    outer loop
      vertex -16.2168 15.0356 6.80438
      vertex -16.4335 15.6397 7.10438
      vertex -16.1365 15.5973 6.80438
    endloop
  endfacet
  facet normal -0.699977 0.100068 -0.70712
    outer loop
      vertex -16.4335 15.6397 7.10438
      vertex -16.2168 15.0356 6.80438
      vertex -16.5138 15.078 7.10438
    endloop
  endfacet
  facet normal -0.702823 0.0790156 -0.706963
    outer loop
      vertex -16.2168 15.0356 6.80438
      vertex -16.5157 15.0611 7.10438
      vertex -16.5138 15.078 7.10438
    endloop
  endfacet
  facet normal -0.699977 0.100068 0.70712
    outer loop
      vertex -16.4335 15.6397 9.50438
      vertex -16.2168 15.0356 9.80438
      vertex -16.1365 15.5973 9.80438
    endloop
  endfacet
  facet normal -0.699977 0.100068 0.70712
    outer loop
      vertex -16.2168 15.0356 9.80438
      vertex -16.4335 15.6397 9.50438
      vertex -16.5138 15.078 9.50438
    endloop
  endfacet
  facet normal -0.688889 0.159921 0.707006
    outer loop
      vertex -16.3147 16.2279 9.50438
      vertex -16.3186 16.2111 9.50438
      vertex -16.0245 16.1517 9.80438
    endloop
  endfacet
  facet normal -0.187387 0.982286 0
    outer loop
      vertex -9.78644 22.8203 7.10438
      vertex -10.2729 22.7275 9.50438
      vertex -9.78644 22.8203 9.50438
    endloop
  endfacet
  facet normal -0.187387 0.982286 0
    outer loop
      vertex -10.2729 22.7275 9.50438
      vertex -9.78644 22.8203 7.10438
      vertex -10.2729 22.7275 7.10438
    endloop
  endfacet
  facet normal 0.327838 0.626519 0.707104
    outer loop
      vertex 11.7692 22.2036 9.50438
      vertex 12.0792 21.7028 9.80438
      vertex 12.2183 21.9686 9.50438
    endloop
  endfacet
  facet normal 0.32768 0.626484 0.707208
    outer loop
      vertex 12.0792 21.7028 9.80438
      vertex 11.7692 22.2036 9.50438
      vertex 11.6301 21.9377 9.80438
    endloop
  endfacet
  facet normal 0.0799121 0.702668 0.707016
    outer loop
      vertex 9.27353 22.8794 9.50438
      vertex 9.73027 22.5256 9.80438
      vertex 9.76418 22.8236 9.50438
    endloop
  endfacet
  facet normal 0.0799121 0.702668 0.707016
    outer loop
      vertex 9.73027 22.5256 9.80438
      vertex 9.27353 22.8794 9.50438
      vertex 9.23962 22.5814 9.80438
    endloop
  endfacet
  facet normal -0.486429 0.513228 -0.707095
    outer loop
      vertex -13.7146 20.441 6.80438
      vertex -13.5399 21.0199 7.10438
      vertex -13.3335 20.8022 6.80438
    endloop
  endfacet
  facet normal -0.486299 0.513233 -0.707181
    outer loop
      vertex -13.5399 21.0199 7.10438
      vertex -13.7146 20.441 6.80438
      vertex -13.921 20.6588 7.10438
    endloop
  endfacet
  facet normal 0.665085 0.240392 -0.707017
    outer loop
      vertex 15.993 17.3223 7.10438
      vertex 15.7077 17.2293 6.80438
      vertex 15.987 17.3389 7.10438
    endloop
  endfacet
  facet normal -0.665085 0.240392 -0.707017
    outer loop
      vertex -15.7077 17.2293 6.80438
      vertex -15.993 17.3223 7.10438
      vertex -15.987 17.3389 7.10438
    endloop
  endfacet
  facet normal -0.930895 0.365286 0
    outer loop
      vertex -15.987 17.3389 7.10438
      vertex -15.7835 17.8575 9.50438
      vertex -15.7835 17.8575 7.10438
    endloop
  endfacet
  facet normal -0.930895 0.365286 0
    outer loop
      vertex -15.7835 17.8575 9.50438
      vertex -15.987 17.3389 7.10438
      vertex -15.987 17.3389 9.50438
    endloop
  endfacet
  facet normal -0.919724 0.392565 0
    outer loop
      vertex -15.7835 17.8575 7.10438
      vertex -15.7765 17.8739 9.50438
      vertex -15.7765 17.8739 7.10438
    endloop
  endfacet
  facet normal -0.919724 0.392565 0
    outer loop
      vertex -15.7765 17.8739 9.50438
      vertex -15.7835 17.8575 7.10438
      vertex -15.7835 17.8575 9.50438
    endloop
  endfacet
  facet normal -0.907504 0.420044 0
    outer loop
      vertex -15.7765 17.8739 7.10438
      vertex -15.5441 18.376 9.50438
      vertex -15.5441 18.376 7.10438
    endloop
  endfacet
  facet normal -0.907504 0.420044 0
    outer loop
      vertex -15.5441 18.376 9.50438
      vertex -15.7765 17.8739 7.10438
      vertex -15.7765 17.8739 9.50438
    endloop
  endfacet
  facet normal -0.65835 0.258211 -0.707038
    outer loop
      vertex -15.7077 17.2293 6.80438
      vertex -15.7835 17.8575 7.10438
      vertex -15.5043 17.7479 6.80438
    endloop
  endfacet
  facet normal -0.658205 0.258281 -0.707147
    outer loop
      vertex -15.7835 17.8575 7.10438
      vertex -15.7077 17.2293 6.80438
      vertex -15.987 17.3389 7.10438
    endloop
  endfacet
  facet normal -0.633407 0.31476 -0.70691
    outer loop
      vertex -15.2719 18.25 6.80438
      vertex -15.5441 18.376 7.10438
      vertex -15.536 18.3923 7.10438
    endloop
  endfacet
  facet normal -0.702823 -0.0790156 0.706963
    outer loop
      vertex -16.2168 -15.0356 9.80438
      vertex -16.5157 -15.0611 9.50438
      vertex -16.5138 -15.078 9.50438
    endloop
  endfacet
  facet normal 0.98576 0.168159 0
    outer loop
      vertex 16.4335 15.6397 9.50438
      vertex 16.4306 15.6567 7.10438
      vertex 16.4306 15.6567 9.50438
    endloop
  endfacet
  facet normal 0.98576 0.168159 0
    outer loop
      vertex 16.4306 15.6567 7.10438
      vertex 16.4335 15.6397 9.50438
      vertex 16.4335 15.6397 7.10438
    endloop
  endfacet
  facet normal -0.398544 0.917149 0
    outer loop
      vertex -11.2883 22.4134 7.10438
      vertex -11.7497 22.2129 9.50438
      vertex -11.2883 22.4134 9.50438
    endloop
  endfacet
  facet normal -0.398544 0.917149 0
    outer loop
      vertex -11.7497 22.2129 9.50438
      vertex -11.2883 22.4134 7.10438
      vertex -11.7497 22.2129 7.10438
    endloop
  endfacet
  facet normal -0.281944 0.648499 -0.707076
    outer loop
      vertex -11.6301 21.9377 6.80438
      vertex -11.2883 22.4134 7.10438
      vertex -11.1687 22.1383 6.80438
    endloop
  endfacet
  facet normal -0.281783 0.648452 -0.707184
    outer loop
      vertex -11.2883 22.4134 7.10438
      vertex -11.6301 21.9377 6.80438
      vertex -11.7497 22.2129 7.10438
    endloop
  endfacet
  facet normal -0.672198 0.219146 0.707195
    outer loop
      vertex -15.993 17.3223 9.50438
      vertex -15.8814 16.6965 9.80438
      vertex -15.7077 17.2293 9.80438
    endloop
  endfacet
  facet normal -0.672342 0.219066 0.707083
    outer loop
      vertex -15.8814 16.6965 9.80438
      vertex -15.993 17.3223 9.50438
      vertex -16.1666 16.7895 9.50438
    endloop
  endfacet
  facet normal 0.519123 0.480042 -0.707157
    outer loop
      vertex 14.0745 20.0518 6.80438
      vertex 13.9349 20.6447 7.10438
      vertex 14.2948 20.2555 7.10438
    endloop
  endfacet
  facet normal 0.519123 0.480042 -0.707157
    outer loop
      vertex 13.9349 20.6447 7.10438
      vertex 14.0745 20.0518 6.80438
      vertex 13.7146 20.441 6.80438
    endloop
  endfacet
  facet normal 0.01247 0.707052 0.707052
    outer loop
      vertex 8.74684 22.9 9.50438
      vertex 8.74684 22.6 9.80438
      vertex 8.75818 22.8998 9.50438
    endloop
  endfacet
  facet normal 0.0176339 0.999845 -0
    outer loop
      vertex 8.75818 22.8998 7.10438
      vertex 8.74684 22.9 9.50438
      vertex 8.75818 22.8998 9.50438
    endloop
  endfacet
  facet normal 0.0176339 0.999845 0
    outer loop
      vertex 8.74684 22.9 9.50438
      vertex 8.75818 22.8998 7.10438
      vertex 8.74684 22.9 7.10438
    endloop
  endfacet
  facet normal 0.0268178 0.706699 0.707006
    outer loop
      vertex 8.75818 22.8998 9.50438
      vertex 9.23962 22.5814 9.80438
      vertex 9.25096 22.8811 9.50438
    endloop
  endfacet
  facet normal 0.0266701 0.706587 0.707124
    outer loop
      vertex 9.23962 22.5814 9.80438
      vertex 8.75818 22.8998 9.50438
      vertex 8.74684 22.6 9.80438
    endloop
  endfacet
  facet normal 0.0531358 0.705456 -0.706759
    outer loop
      vertex 9.27353 22.8794 7.10438
      vertex 9.23962 22.5814 6.80438
      vertex 9.25096 22.8811 7.10438
    endloop
  endfacet
  facet normal 0.0751085 0.997175 -0
    outer loop
      vertex 9.27353 22.8794 7.10438
      vertex 9.25096 22.8811 9.50438
      vertex 9.27353 22.8794 9.50438
    endloop
  endfacet
  facet normal 0.0751085 0.997175 0
    outer loop
      vertex 9.25096 22.8811 9.50438
      vertex 9.27353 22.8794 7.10438
      vertex 9.25096 22.8811 7.10438
    endloop
  endfacet
  facet normal 0.677865 -0.201745 -0.706964
    outer loop
      vertex 16.1666 -16.7895 7.10438
      vertex 15.8814 -16.6965 6.80438
      vertex 16.1716 -16.7727 7.10438
    endloop
  endfacet
  facet normal -0.993739 -0.111722 0
    outer loop
      vertex -16.5138 -15.078 7.10438
      vertex -16.5157 -15.0611 9.50438
      vertex -16.5157 -15.0611 7.10438
    endloop
  endfacet
  facet normal -0.993739 -0.111722 0
    outer loop
      vertex -16.5157 -15.0611 9.50438
      vertex -16.5138 -15.078 7.10438
      vertex -16.5138 -15.078 9.50438
    endloop
  endfacet
  facet normal -0.622611 0.335321 0.707047
    outer loop
      vertex -15.2756 18.8757 9.50438
      vertex -15.2719 18.25 9.80438
      vertex -15.0115 18.7335 9.80438
    endloop
  endfacet
  facet normal -0.622532 0.335348 0.707103
    outer loop
      vertex -15.2719 18.25 9.80438
      vertex -15.2756 18.8757 9.50438
      vertex -15.536 18.3923 9.50438
    endloop
  endfacet
  facet normal 0.398544 0.917149 -0
    outer loop
      vertex 11.7497 22.2129 7.10438
      vertex 11.2883 22.4134 9.50438
      vertex 11.7497 22.2129 9.50438
    endloop
  endfacet
  facet normal 0.398544 0.917149 0
    outer loop
      vertex 11.2883 22.4134 9.50438
      vertex 11.7497 22.2129 7.10438
      vertex 11.2883 22.4134 7.10438
    endloop
  endfacet
  facet normal 0.493606 0.869686 -0
    outer loop
      vertex 12.2368 21.9581 7.10438
      vertex 12.2183 21.9686 9.50438
      vertex 12.2368 21.9581 9.50438
    endloop
  endfacet
  facet normal 0.493606 0.869686 0
    outer loop
      vertex 12.2183 21.9686 9.50438
      vertex 12.2368 21.9581 7.10438
      vertex 12.2183 21.9686 7.10438
    endloop
  endfacet
  facet normal 0.392371 0.588557 0.706856
    outer loop
      vertex 12.6716 21.6897 9.50438
      vertex 12.5141 21.4344 9.80438
      vertex 12.689 21.6781 9.50438
    endloop
  endfacet
  facet normal 0.258253 0.658544 -0.706842
    outer loop
      vertex 11.2883 22.4134 7.10438
      vertex 11.1687 22.1383 6.80438
      vertex 11.2679 22.4214 7.10438
    endloop
  endfacet
  facet normal -0.940453 -0.339923 0
    outer loop
      vertex -15.987 -17.3389 7.10438
      vertex -15.993 -17.3223 9.50438
      vertex -15.993 -17.3223 7.10438
    endloop
  endfacet
  facet normal -0.940453 -0.339923 0
    outer loop
      vertex -15.993 -17.3223 9.50438
      vertex -15.987 -17.3389 7.10438
      vertex -15.987 -17.3389 9.50438
    endloop
  endfacet
  facet normal 0.672342 0.219066 0.707083
    outer loop
      vertex 15.993 17.3223 9.50438
      vertex 15.8814 16.6965 9.80438
      vertex 16.1666 16.7895 9.50438
    endloop
  endfacet
  facet normal 0.672198 0.219146 0.707195
    outer loop
      vertex 15.8814 16.6965 9.80438
      vertex 15.993 17.3223 9.50438
      vertex 15.7077 17.2293 9.80438
    endloop
  endfacet
  facet normal -0.525276 -0.850932 0
    outer loop
      vertex -12.6716 -21.6897 7.10438
      vertex -12.2368 -21.9581 9.50438
      vertex -12.6716 -21.6897 9.50438
    endloop
  endfacet
  facet normal -0.525276 -0.850932 -0
    outer loop
      vertex -12.2368 -21.9581 9.50438
      vertex -12.6716 -21.6897 7.10438
      vertex -12.2368 -21.9581 7.10438
    endloop
  endfacet
  facet normal 0.187387 0.982286 -0
    outer loop
      vertex 10.2729 22.7275 7.10438
      vertex 9.78644 22.8203 9.50438
      vertex 10.2729 22.7275 9.50438
    endloop
  endfacet
  facet normal 0.187387 0.982286 0
    outer loop
      vertex 9.78644 22.8203 9.50438
      vertex 10.2729 22.7275 7.10438
      vertex 9.78644 22.8203 7.10438
    endloop
  endfacet
  facet normal 0.588502 -0.392335 -0.706922
    outer loop
      vertex 14.9688 -19.37 7.10438
      vertex 14.7243 -19.1962 6.80438
      vertex 14.9792 -19.3544 7.10438
    endloop
  endfacet
  facet normal 0.600869 0.372882 -0.707047
    outer loop
      vertex 15.0115 18.7335 6.80438
      vertex 14.9792 19.3544 7.10438
      vertex 15.2664 18.8916 7.10438
    endloop
  endfacet
  facet normal 0.60078 0.372907 -0.707109
    outer loop
      vertex 14.9792 19.3544 7.10438
      vertex 15.0115 18.7335 6.80438
      vertex 14.7243 19.1962 6.80438
    endloop
  endfacet
  facet normal 0.5832 0.812328 -0
    outer loop
      vertex 13.1077 21.3775 7.10438
      vertex 12.689 21.6781 9.50438
      vertex 13.1077 21.3775 9.50438
    endloop
  endfacet
  facet normal 0.5832 0.812328 0
    outer loop
      vertex 12.689 21.6781 9.50438
      vertex 13.1077 21.3775 7.10438
      vertex 12.689 21.6781 7.10438
    endloop
  endfacet
  facet normal 0.463631 0.886028 -0
    outer loop
      vertex 12.2183 21.9686 7.10438
      vertex 11.7692 22.2036 9.50438
      vertex 12.2183 21.9686 9.50438
    endloop
  endfacet
  facet normal 0.463631 0.886028 0
    outer loop
      vertex 11.7692 22.2036 9.50438
      vertex 12.2183 21.9686 7.10438
      vertex 11.7692 22.2036 7.10438
    endloop
  endfacet
  facet normal -0.132509 0.694574 -0.707113
    outer loop
      vertex -10.2167 22.4328 6.80438
      vertex -9.78644 22.8203 7.10438
      vertex -9.73027 22.5256 6.80438
    endloop
  endfacet
  facet normal -0.1325 0.694569 -0.70712
    outer loop
      vertex -9.78644 22.8203 7.10438
      vertex -10.2167 22.4328 6.80438
      vertex -10.2729 22.7275 7.10438
    endloop
  endfacet
  facet normal -0.650547 -0.277672 -0.706885
    outer loop
      vertex -15.7765 -17.8739 7.10438
      vertex -15.7835 -17.8575 7.10438
      vertex -15.5043 -17.7479 6.80438
    endloop
  endfacet
  facet normal 0.919724 -0.392565 0
    outer loop
      vertex 15.7765 -17.8739 9.50438
      vertex 15.7835 -17.8575 7.10438
      vertex 15.7835 -17.8575 9.50438
    endloop
  endfacet
  facet normal 0.919724 -0.392565 0
    outer loop
      vertex 15.7835 -17.8575 7.10438
      vertex 15.7765 -17.8739 9.50438
      vertex 15.7765 -17.8739 7.10438
    endloop
  endfacet
  facet normal 0.463631 -0.886028 0
    outer loop
      vertex 11.7692 -22.2036 7.10438
      vertex 12.2183 -21.9686 9.50438
      vertex 11.7692 -22.2036 9.50438
    endloop
  endfacet
  facet normal 0.463631 -0.886028 0
    outer loop
      vertex 12.2183 -21.9686 9.50438
      vertex 11.7692 -22.2036 7.10438
      vertex 12.2183 -21.9686 7.10438
    endloop
  endfacet
  facet normal -0.687803 -0.725898 0
    outer loop
      vertex -13.921 -20.6588 7.10438
      vertex -13.5399 -21.0199 9.50438
      vertex -13.921 -20.6588 9.50438
    endloop
  endfacet
  facet normal -0.687803 -0.725898 -0
    outer loop
      vertex -13.5399 -21.0199 9.50438
      vertex -13.921 -20.6588 7.10438
      vertex -13.5399 -21.0199 7.10438
    endloop
  endfacet
  facet normal 0.327838 -0.626519 0.707104
    outer loop
      vertex 12.0792 -21.7028 9.80438
      vertex 11.7692 -22.2036 9.50438
      vertex 12.2183 -21.9686 9.50438
    endloop
  endfacet
  facet normal 0.32768 -0.626484 0.707208
    outer loop
      vertex 11.7692 -22.2036 9.50438
      vertex 12.0792 -21.7028 9.80438
      vertex 11.6301 -21.9377 9.80438
    endloop
  endfacet
  facet normal 0.940453 0.339923 0
    outer loop
      vertex 15.993 17.3223 9.50438
      vertex 15.987 17.3389 7.10438
      vertex 15.987 17.3389 9.50438
    endloop
  endfacet
  facet normal 0.940453 0.339923 0
    outer loop
      vertex 15.987 17.3389 7.10438
      vertex 15.993 17.3223 9.50438
      vertex 15.993 17.3223 7.10438
    endloop
  endfacet
  facet normal -0.5832 0.812328 0
    outer loop
      vertex -12.689 21.6781 7.10438
      vertex -13.1077 21.3775 9.50438
      vertex -12.689 21.6781 9.50438
    endloop
  endfacet
  facet normal -0.5832 0.812328 0
    outer loop
      vertex -13.1077 21.3775 9.50438
      vertex -12.689 21.6781 7.10438
      vertex -13.1077 21.3775 7.10438
    endloop
  endfacet
  facet normal -0.450747 0.544811 -0.707112
    outer loop
      vertex -13.3335 20.8022 6.80438
      vertex -13.124 21.3649 7.10438
      vertex -12.9327 21.1338 6.80438
    endloop
  endfacet
  facet normal -0.450862 0.544814 -0.707037
    outer loop
      vertex -13.124 21.3649 7.10438
      vertex -13.3335 20.8022 6.80438
      vertex -13.5247 21.0333 7.10438
    endloop
  endfacet
  facet normal 0.950803 0.309796 0
    outer loop
      vertex 16.1666 16.7895 9.50438
      vertex 15.993 17.3223 7.10438
      vertex 15.993 17.3223 9.50438
    endloop
  endfacet
  facet normal 0.950803 0.309796 0
    outer loop
      vertex 15.993 17.3223 7.10438
      vertex 16.1666 16.7895 9.50438
      vertex 16.1666 16.7895 7.10438
    endloop
  endfacet
  facet normal -0.519123 0.480042 -0.707157
    outer loop
      vertex -14.0745 20.0518 6.80438
      vertex -13.9349 20.6447 7.10438
      vertex -13.7146 20.441 6.80438
    endloop
  endfacet
  facet normal -0.519123 0.480042 -0.707157
    outer loop
      vertex -13.9349 20.6447 7.10438
      vertex -14.0745 20.0518 6.80438
      vertex -14.2948 20.2555 7.10438
    endloop
  endfacet
  facet normal -0.576302 0.409606 -0.707177
    outer loop
      vertex -14.7243 19.1962 6.80438
      vertex -14.6561 19.8101 7.10438
      vertex -14.4115 19.6363 6.80438
    endloop
  endfacet
  facet normal -0.576443 0.409574 -0.707081
    outer loop
      vertex -14.6561 19.8101 7.10438
      vertex -14.7243 19.1962 6.80438
      vertex -14.9688 19.37 7.10438
    endloop
  endfacet
  facet normal 0.467767 0.530601 0.706864
    outer loop
      vertex 13.5247 21.0333 9.50438
      vertex 13.3335 20.8022 9.80438
      vertex 13.5399 21.0199 9.50438
    endloop
  endfacet
  facet normal -0.622611 -0.335321 0.707047
    outer loop
      vertex -15.2719 -18.25 9.80438
      vertex -15.2756 -18.8757 9.50438
      vertex -15.0115 -18.7335 9.80438
    endloop
  endfacet
  facet normal -0.622532 -0.335348 0.707103
    outer loop
      vertex -15.2756 -18.8757 9.50438
      vertex -15.2719 -18.25 9.80438
      vertex -15.536 -18.3923 9.50438
    endloop
  endfacet
  facet normal -0.0266701 0.706587 -0.707124
    outer loop
      vertex -9.23962 22.5814 6.80438
      vertex -8.75818 22.8998 7.10438
      vertex -8.74684 22.6 6.80438
    endloop
  endfacet
  facet normal -0.0268178 0.706699 -0.707006
    outer loop
      vertex -8.75818 22.8998 7.10438
      vertex -9.23962 22.5814 6.80438
      vertex -9.25096 22.8811 7.10438
    endloop
  endfacet
  facet normal -0.01247 0.707052 -0.707052
    outer loop
      vertex -8.74684 22.6 6.80438
      vertex -8.75818 22.8998 7.10438
      vertex -8.74684 22.9 7.10438
    endloop
  endfacet
  facet normal -0.0799121 0.702668 0.707016
    outer loop
      vertex -9.27353 22.8794 9.50438
      vertex -9.73027 22.5256 9.80438
      vertex -9.23962 22.5814 9.80438
    endloop
  endfacet
  facet normal -0.0799121 0.702668 0.707016
    outer loop
      vertex -9.73027 22.5256 9.80438
      vertex -9.27353 22.8794 9.50438
      vertex -9.76418 22.8236 9.50438
    endloop
  endfacet
  facet normal -0.112998 0.993595 0
    outer loop
      vertex -9.27353 22.8794 7.10438
      vertex -9.76418 22.8236 9.50438
      vertex -9.27353 22.8794 9.50438
    endloop
  endfacet
  facet normal -0.112998 0.993595 0
    outer loop
      vertex -9.76418 22.8236 9.50438
      vertex -9.27353 22.8794 7.10438
      vertex -9.76418 22.8236 7.10438
    endloop
  endfacet
  facet normal -0.702823 -0.0790156 -0.706963
    outer loop
      vertex -16.5138 -15.078 7.10438
      vertex -16.5157 -15.0611 7.10438
      vertex -16.2168 -15.0356 6.80438
    endloop
  endfacet
  facet normal 0.365088 -0.930973 0
    outer loop
      vertex 11.2679 -22.4214 7.10438
      vertex 11.2883 -22.4134 9.50438
      vertex 11.2679 -22.4214 9.50438
    endloop
  endfacet
  facet normal 0.365088 -0.930973 0
    outer loop
      vertex 11.2883 -22.4134 9.50438
      vertex 11.2679 -22.4214 7.10438
      vertex 11.2883 -22.4134 7.10438
    endloop
  endfacet
  facet normal -0.187387 -0.982286 0
    outer loop
      vertex -10.2729 -22.7275 7.10438
      vertex -9.78644 -22.8203 9.50438
      vertex -10.2729 -22.7275 9.50438
    endloop
  endfacet
  facet normal -0.187387 -0.982286 -0
    outer loop
      vertex -9.78644 -22.8203 9.50438
      vertex -10.2729 -22.7275 7.10438
      vertex -9.78644 -22.8203 7.10438
    endloop
  endfacet
  facet normal -0.158127 0.689435 -0.706877
    outer loop
      vertex -10.2167 22.4328 6.80438
      vertex -10.2947 22.7225 7.10438
      vertex -10.2729 22.7275 7.10438
    endloop
  endfacet
  facet normal 0.7062 0.0373871 0.707024
    outer loop
      vertex 16.5641 14.4945 9.50438
      vertex 16.2651 14.469 9.80438
      vertex 16.565 14.4775 9.50438
    endloop
  endfacet
  facet normal -0.432573 -0.559599 0.706915
    outer loop
      vertex -12.9327 -21.1338 9.80438
      vertex -13.124 -21.3649 9.50438
      vertex -13.1077 -21.3775 9.50438
    endloop
  endfacet
  facet normal -0.158127 -0.689435 0.706877
    outer loop
      vertex -10.2167 -22.4328 9.80438
      vertex -10.2947 -22.7225 9.50438
      vertex -10.2729 -22.7275 9.50438
    endloop
  endfacet
  facet normal -0.588502 -0.392335 0.706922
    outer loop
      vertex -14.7243 -19.1962 9.80438
      vertex -14.9792 -19.3544 9.50438
      vertex -14.9688 -19.37 9.50438
    endloop
  endfacet
  facet normal 0.450862 -0.544814 -0.707037
    outer loop
      vertex 13.124 -21.3649 7.10438
      vertex 13.3335 -20.8022 6.80438
      vertex 13.5247 -21.0333 7.10438
    endloop
  endfacet
  facet normal 0.450747 -0.544811 -0.707112
    outer loop
      vertex 13.3335 -20.8022 6.80438
      vertex 13.124 -21.3649 7.10438
      vertex 12.9327 -21.1338 6.80438
    endloop
  endfacet
  facet normal 0.503651 -0.496507 0.706976
    outer loop
      vertex 13.9349 -20.6447 9.50438
      vertex 13.7146 -20.441 9.80438
      vertex 13.921 -20.6588 9.50438
    endloop
  endfacet
  facet normal 0.687803 -0.725898 0
    outer loop
      vertex 13.5399 -21.0199 7.10438
      vertex 13.921 -20.6588 9.50438
      vertex 13.5399 -21.0199 9.50438
    endloop
  endfacet
  facet normal 0.687803 -0.725898 0
    outer loop
      vertex 13.921 -20.6588 9.50438
      vertex 13.5399 -21.0199 7.10438
      vertex 13.921 -20.6588 7.10438
    endloop
  endfacet
  facet normal 0.980198 -0.19802 0
    outer loop
      vertex 16.3186 -16.2111 9.50438
      vertex 16.4306 -15.6567 7.10438
      vertex 16.4306 -15.6567 9.50438
    endloop
  endfacet
  facet normal 0.980198 -0.19802 0
    outer loop
      vertex 16.4306 -15.6567 7.10438
      vertex 16.3186 -16.2111 9.50438
      vertex 16.3186 -16.2111 7.10438
    endloop
  endfacet
  facet normal -0.467767 -0.530601 -0.706864
    outer loop
      vertex -13.5247 -21.0333 7.10438
      vertex -13.5399 -21.0199 7.10438
      vertex -13.3335 -20.8022 6.80438
    endloop
  endfacet
  facet normal 0.183844 0.682769 0.707127
    outer loop
      vertex 10.2947 22.7225 9.50438
      vertex 10.6969 22.3035 9.80438
      vertex 10.7749 22.5932 9.50438
    endloop
  endfacet
  facet normal 0.183844 0.682769 0.707127
    outer loop
      vertex 10.6969 22.3035 9.80438
      vertex 10.2947 22.7225 9.50438
      vertex 10.2167 22.4328 9.80438
    endloop
  endfacet
  facet normal -0.32768 -0.626484 -0.707208
    outer loop
      vertex -11.7692 -22.2036 7.10438
      vertex -12.0792 -21.7028 6.80438
      vertex -11.6301 -21.9377 6.80438
    endloop
  endfacet
  facet normal -0.327838 -0.626519 -0.707104
    outer loop
      vertex -12.0792 -21.7028 6.80438
      vertex -11.7692 -22.2036 7.10438
      vertex -12.2183 -21.9686 7.10438
    endloop
  endfacet
  facet normal 0.612232 -0.354247 -0.706881
    outer loop
      vertex 15.2664 -18.8916 7.10438
      vertex 15.0115 -18.7335 6.80438
      vertex 15.2756 -18.8757 7.10438
    endloop
  endfacet
  facet normal 0.697153 -0.118926 -0.70699
    outer loop
      vertex 16.4306 -15.6567 7.10438
      vertex 16.1365 -15.5973 6.80438
      vertex 16.4335 -15.6397 7.10438
    endloop
  endfacet
  facet normal -0.612232 -0.354247 -0.706881
    outer loop
      vertex -15.2664 -18.8916 7.10438
      vertex -15.2756 -18.8757 7.10438
      vertex -15.0115 -18.7335 6.80438
    endloop
  endfacet
  facet normal 0.641758 -0.297041 0.707046
    outer loop
      vertex 15.5043 -17.7479 9.80438
      vertex 15.5441 -18.376 9.50438
      vertex 15.7765 -17.8739 9.50438
    endloop
  endfacet
  facet normal 0.641758 -0.297041 0.707046
    outer loop
      vertex 15.5441 -18.376 9.50438
      vertex 15.5043 -17.7479 9.80438
      vertex 15.2719 -18.25 9.80438
    endloop
  endfacet
  facet normal 0.940453 -0.339923 0
    outer loop
      vertex 15.987 -17.3389 9.50438
      vertex 15.993 -17.3223 7.10438
      vertex 15.993 -17.3223 9.50438
    endloop
  endfacet
  facet normal 0.940453 -0.339923 0
    outer loop
      vertex 15.993 -17.3223 7.10438
      vertex 15.987 -17.3389 9.50438
      vertex 15.987 -17.3389 7.10438
    endloop
  endfacet
  facet normal 0.999723 -0.0235229 0
    outer loop
      vertex 16.5811 -13.9085 9.50438
      vertex 16.5813 -13.9 7.10438
      vertex 16.5813 -13.9 9.50438
    endloop
  endfacet
  facet normal 0.999723 -0.0235229 0
    outer loop
      vertex 16.5813 -13.9 7.10438
      vertex 16.5811 -13.9085 9.50438
      vertex 16.5811 -13.9085 7.10438
    endloop
  endfacet
  facet normal 0.5832 -0.812328 0
    outer loop
      vertex 12.689 -21.6781 7.10438
      vertex 13.1077 -21.3775 9.50438
      vertex 12.689 -21.6781 9.50438
    endloop
  endfacet
  facet normal 0.5832 -0.812328 0
    outer loop
      vertex 13.1077 -21.3775 9.50438
      vertex 12.689 -21.6781 7.10438
      vertex 13.1077 -21.3775 7.10438
    endloop
  endfacet
  facet normal 0.258253 -0.658544 0.706842
    outer loop
      vertex 11.2883 -22.4134 9.50438
      vertex 11.1687 -22.1383 9.80438
      vertex 11.2679 -22.4214 9.50438
    endloop
  endfacet
  facet normal 0.0379207 -0.999281 0
    outer loop
      vertex 8.75818 -22.8998 7.10438
      vertex 9.25096 -22.8811 9.50438
      vertex 8.75818 -22.8998 9.50438
    endloop
  endfacet
  facet normal 0.0379207 -0.999281 0
    outer loop
      vertex 9.25096 -22.8811 9.50438
      vertex 8.75818 -22.8998 7.10438
      vertex 9.25096 -22.8811 7.10438
    endloop
  endfacet
  facet normal 0.158127 -0.689435 -0.706877
    outer loop
      vertex 10.2729 -22.7275 7.10438
      vertex 10.2167 -22.4328 6.80438
      vertex 10.2947 -22.7225 7.10438
    endloop
  endfacet
  facet normal -0.683865 -0.179628 0.707151
    outer loop
      vertex -16.0245 -16.1517 9.80438
      vertex -16.1716 -16.7727 9.50438
      vertex -15.8814 -16.6965 9.80438
    endloop
  endfacet
  facet normal -0.683865 -0.179628 0.707151
    outer loop
      vertex -16.1716 -16.7727 9.50438
      vertex -16.0245 -16.1517 9.80438
      vertex -16.3147 -16.2279 9.50438
    endloop
  endfacet
  facet normal 0.562223 -0.429065 0.706971
    outer loop
      vertex 14.6561 -19.8101 9.50438
      vertex 14.4115 -19.6363 9.80438
      vertex 14.6445 -19.8253 9.50438
    endloop
  endfacet
  facet normal 0.734203 -0.67893 0
    outer loop
      vertex 13.9349 -20.6447 9.50438
      vertex 14.2948 -20.2555 7.10438
      vertex 14.2948 -20.2555 9.50438
    endloop
  endfacet
  facet normal 0.734203 -0.67893 0
    outer loop
      vertex 14.2948 -20.2555 7.10438
      vertex 13.9349 -20.6447 9.50438
      vertex 13.9349 -20.6447 7.10438
    endloop
  endfacet
  facet normal -0.612232 0.354247 -0.706881
    outer loop
      vertex -15.0115 18.7335 6.80438
      vertex -15.2756 18.8757 7.10438
      vertex -15.2664 18.8916 7.10438
    endloop
  endfacet
  facet normal -0.588502 -0.392335 -0.706922
    outer loop
      vertex -14.9688 -19.37 7.10438
      vertex -14.9792 -19.3544 7.10438
      vertex -14.7243 -19.1962 6.80438
    endloop
  endfacet
  facet normal -0.86555 0.500822 0
    outer loop
      vertex -15.2756 18.8757 7.10438
      vertex -15.2664 18.8916 9.50438
      vertex -15.2664 18.8916 7.10438
    endloop
  endfacet
  facet normal -0.86555 0.500822 0
    outer loop
      vertex -15.2664 18.8916 9.50438
      vertex -15.2756 18.8757 7.10438
      vertex -15.2756 18.8757 9.50438
    endloop
  endfacet
  facet normal -0.467767 -0.530601 0.706864
    outer loop
      vertex -13.3335 -20.8022 9.80438
      vertex -13.5399 -21.0199 9.50438
      vertex -13.5247 -21.0333 9.50438
    endloop
  endfacet
  facet normal -0.281944 -0.648499 0.707076
    outer loop
      vertex -11.6301 -21.9377 9.80438
      vertex -11.2883 -22.4134 9.50438
      vertex -11.1687 -22.1383 9.80438
    endloop
  endfacet
  facet normal -0.281783 -0.648452 0.707184
    outer loop
      vertex -11.2883 -22.4134 9.50438
      vertex -11.6301 -21.9377 9.80438
      vertex -11.7497 -22.2129 9.50438
    endloop
  endfacet
  facet normal -0.463631 -0.886028 0
    outer loop
      vertex -12.2183 -21.9686 7.10438
      vertex -11.7692 -22.2036 9.50438
      vertex -12.2183 -21.9686 9.50438
    endloop
  endfacet
  facet normal -0.463631 -0.886028 -0
    outer loop
      vertex -11.7692 -22.2036 9.50438
      vertex -12.2183 -21.9686 7.10438
      vertex -11.7692 -22.2036 7.10438
    endloop
  endfacet
  facet normal 0.1325 -0.694569 -0.70712
    outer loop
      vertex 9.78644 -22.8203 7.10438
      vertex 10.2167 -22.4328 6.80438
      vertex 10.2729 -22.7275 7.10438
    endloop
  endfacet
  facet normal 0.132509 -0.694574 -0.707113
    outer loop
      vertex 10.2167 -22.4328 6.80438
      vertex 9.78644 -22.8203 7.10438
      vertex 9.73027 -22.5256 6.80438
    endloop
  endfacet
  facet normal -0.967192 -0.254048 0
    outer loop
      vertex -16.1716 -16.7727 7.10438
      vertex -16.3147 -16.2279 9.50438
      vertex -16.3147 -16.2279 7.10438
    endloop
  endfacet
  facet normal -0.967192 -0.254048 0
    outer loop
      vertex -16.3147 -16.2279 9.50438
      vertex -16.1716 -16.7727 7.10438
      vertex -16.1716 -16.7727 9.50438
    endloop
  endfacet
  facet normal -0.989935 -0.14152 0
    outer loop
      vertex -16.4335 -15.6397 7.10438
      vertex -16.5138 -15.078 9.50438
      vertex -16.5138 -15.078 7.10438
    endloop
  endfacet
  facet normal -0.989935 -0.14152 0
    outer loop
      vertex -16.5138 -15.078 9.50438
      vertex -16.4335 -15.6397 7.10438
      vertex -16.4335 -15.6397 9.50438
    endloop
  endfacet
  facet normal -0.69306 -0.140012 0.707152
    outer loop
      vertex -16.1365 -15.5973 9.80438
      vertex -16.3186 -16.2111 9.50438
      vertex -16.0245 -16.1517 9.80438
    endloop
  endfacet
  facet normal -0.69306 -0.140012 0.707152
    outer loop
      vertex -16.3186 -16.2111 9.50438
      vertex -16.1365 -15.5973 9.80438
      vertex -16.4306 -15.6567 9.50438
    endloop
  endfacet
  facet normal -0.998602 -0.0528671 0
    outer loop
      vertex -16.5641 -14.4945 7.10438
      vertex -16.565 -14.4775 9.50438
      vertex -16.565 -14.4775 7.10438
    endloop
  endfacet
  facet normal -0.998602 -0.0528671 0
    outer loop
      vertex -16.565 -14.4775 9.50438
      vertex -16.5641 -14.4945 7.10438
      vertex -16.5641 -14.4945 9.50438
    endloop
  endfacet
  facet normal 0.600869 -0.372882 -0.707047
    outer loop
      vertex 14.9792 -19.3544 7.10438
      vertex 15.0115 -18.7335 6.80438
      vertex 15.2664 -18.8916 7.10438
    endloop
  endfacet
  facet normal 0.60078 -0.372907 -0.707109
    outer loop
      vertex 15.0115 -18.7335 6.80438
      vertex 14.9792 -19.3544 7.10438
      vertex 14.7243 -19.1962 6.80438
    endloop
  endfacet
  facet normal -0.677865 0.201745 0.706964
    outer loop
      vertex -16.1666 16.7895 9.50438
      vertex -16.1716 16.7727 9.50438
      vertex -15.8814 16.6965 9.80438
    endloop
  endfacet
  facet normal -0.637552 0.770407 0
    outer loop
      vertex -13.124 21.3649 7.10438
      vertex -13.5247 21.0333 9.50438
      vertex -13.124 21.3649 9.50438
    endloop
  endfacet
  facet normal -0.637552 0.770407 0
    outer loop
      vertex -13.5247 21.0333 9.50438
      vertex -13.124 21.3649 7.10438
      vertex -13.5247 21.0333 7.10438
    endloop
  endfacet
  facet normal -0.989935 0.14152 0
    outer loop
      vertex -16.5138 15.078 7.10438
      vertex -16.4335 15.6397 9.50438
      vertex -16.4335 15.6397 7.10438
    endloop
  endfacet
  facet normal -0.989935 0.14152 0
    outer loop
      vertex -16.4335 15.6397 9.50438
      vertex -16.5138 15.078 7.10438
      vertex -16.5138 15.078 9.50438
    endloop
  endfacet
  facet normal -0.697153 0.118926 0.70699
    outer loop
      vertex -16.4306 15.6567 9.50438
      vertex -16.4335 15.6397 9.50438
      vertex -16.1365 15.5973 9.80438
    endloop
  endfacet
  facet normal -0.65835 0.258211 0.707038
    outer loop
      vertex -15.7835 17.8575 9.50438
      vertex -15.7077 17.2293 9.80438
      vertex -15.5043 17.7479 9.80438
    endloop
  endfacet
  facet normal -0.658205 0.258281 0.707147
    outer loop
      vertex -15.7077 17.2293 9.80438
      vertex -15.7835 17.8575 9.50438
      vertex -15.987 17.3389 9.50438
    endloop
  endfacet
  facet normal 0.688889 0.159921 0.707006
    outer loop
      vertex 16.3147 16.2279 9.50438
      vertex 16.0245 16.1517 9.80438
      vertex 16.3186 16.2111 9.50438
    endloop
  endfacet
  facet normal -0.940453 0.339923 0
    outer loop
      vertex -15.993 17.3223 7.10438
      vertex -15.987 17.3389 9.50438
      vertex -15.987 17.3389 7.10438
    endloop
  endfacet
  facet normal -0.940453 0.339923 0
    outer loop
      vertex -15.987 17.3389 9.50438
      vertex -15.993 17.3223 7.10438
      vertex -15.993 17.3223 9.50438
    endloop
  endfacet
  facet normal -0.612232 0.354247 0.706881
    outer loop
      vertex -15.2664 18.8916 9.50438
      vertex -15.2756 18.8757 9.50438
      vertex -15.0115 18.7335 9.80438
    endloop
  endfacet
  facet normal -0.588502 0.392335 0.706922
    outer loop
      vertex -14.9688 19.37 9.50438
      vertex -14.9792 19.3544 9.50438
      vertex -14.7243 19.1962 9.80438
    endloop
  endfacet
  facet normal -0.103737 0.699753 -0.706813
    outer loop
      vertex -9.73027 22.5256 6.80438
      vertex -9.78644 22.8203 7.10438
      vertex -9.76418 22.8236 7.10438
    endloop
  endfacet
  facet normal 0.980198 0.19802 0
    outer loop
      vertex 16.4306 15.6567 9.50438
      vertex 16.3186 16.2111 7.10438
      vertex 16.3186 16.2111 9.50438
    endloop
  endfacet
  facet normal 0.980198 0.19802 0
    outer loop
      vertex 16.3186 16.2111 7.10438
      vertex 16.4306 15.6567 9.50438
      vertex 16.4306 15.6567 7.10438
    endloop
  endfacet
  facet normal -0.365088 0.930973 0
    outer loop
      vertex -11.2679 22.4214 7.10438
      vertex -11.2883 22.4134 9.50438
      vertex -11.2679 22.4214 9.50438
    endloop
  endfacet
  facet normal -0.365088 0.930973 0
    outer loop
      vertex -11.2883 22.4134 9.50438
      vertex -11.2679 22.4214 7.10438
      vertex -11.2883 22.4134 7.10438
    endloop
  endfacet
  facet normal -0.258253 -0.658544 0.706842
    outer loop
      vertex -11.1687 -22.1383 9.80438
      vertex -11.2883 -22.4134 9.50438
      vertex -11.2679 -22.4214 9.50438
    endloop
  endfacet
  facet normal -0.430473 0.902604 0
    outer loop
      vertex -11.7497 22.2129 7.10438
      vertex -11.7692 22.2036 9.50438
      vertex -11.7497 22.2129 9.50438
    endloop
  endfacet
  facet normal -0.430473 0.902604 0
    outer loop
      vertex -11.7692 22.2036 9.50438
      vertex -11.7497 22.2129 7.10438
      vertex -11.7692 22.2036 7.10438
    endloop
  endfacet
  facet normal 0.1325 -0.694569 0.70712
    outer loop
      vertex 10.2167 -22.4328 9.80438
      vertex 9.78644 -22.8203 9.50438
      vertex 10.2729 -22.7275 9.50438
    endloop
  endfacet
  facet normal 0.132509 -0.694574 0.707113
    outer loop
      vertex 9.78644 -22.8203 9.50438
      vertex 10.2167 -22.4328 9.80438
      vertex 9.73027 -22.5256 9.80438
    endloop
  endfacet
  facet normal -0.525276 0.850932 0
    outer loop
      vertex -12.2368 21.9581 7.10438
      vertex -12.6716 21.6897 9.50438
      vertex -12.2368 21.9581 9.50438
    endloop
  endfacet
  facet normal -0.525276 0.850932 0
    outer loop
      vertex -12.6716 21.6897 9.50438
      vertex -12.2368 21.9581 7.10438
      vertex -12.6716 21.6897 7.10438
    endloop
  endfacet
  facet normal 0.665085 0.240392 0.707017
    outer loop
      vertex 15.987 17.3389 9.50438
      vertex 15.7077 17.2293 9.80438
      vertex 15.993 17.3223 9.50438
    endloop
  endfacet
  facet normal 0.633407 0.31476 -0.70691
    outer loop
      vertex 15.5441 18.376 7.10438
      vertex 15.2719 18.25 6.80438
      vertex 15.536 18.3923 7.10438
    endloop
  endfacet
  facet normal 0.641758 0.297041 -0.707046
    outer loop
      vertex 15.5043 17.7479 6.80438
      vertex 15.5441 18.376 7.10438
      vertex 15.7765 17.8739 7.10438
    endloop
  endfacet
  facet normal 0.641758 0.297041 -0.707046
    outer loop
      vertex 15.5441 18.376 7.10438
      vertex 15.5043 17.7479 6.80438
      vertex 15.2719 18.25 6.80438
    endloop
  endfacet
  facet normal 0.0799121 0.702668 -0.707016
    outer loop
      vertex 9.73027 22.5256 6.80438
      vertex 9.27353 22.8794 7.10438
      vertex 9.76418 22.8236 7.10438
    endloop
  endfacet
  facet normal 0.0799121 0.702668 -0.707016
    outer loop
      vertex 9.27353 22.8794 7.10438
      vertex 9.73027 22.5256 6.80438
      vertex 9.23962 22.5814 6.80438
    endloop
  endfacet
  facet normal -0.704568 -0.0600611 0.70709
    outer loop
      vertex -16.2651 -14.469 9.80438
      vertex -16.5157 -15.0611 9.50438
      vertex -16.2168 -15.0356 9.80438
    endloop
  endfacet
  facet normal -0.704441 -0.0601746 0.707207
    outer loop
      vertex -16.5157 -15.0611 9.50438
      vertex -16.2651 -14.469 9.80438
      vertex -16.5641 -14.4945 9.50438
    endloop
  endfacet
  facet normal 0.103737 0.699753 0.706813
    outer loop
      vertex 9.76418 22.8236 9.50438
      vertex 9.73027 22.5256 9.80438
      vertex 9.78644 22.8203 9.50438
    endloop
  endfacet
  facet normal 0.683865 -0.179628 0.707151
    outer loop
      vertex 16.0245 -16.1517 9.80438
      vertex 16.1716 -16.7727 9.50438
      vertex 16.3147 -16.2279 9.50438
    endloop
  endfacet
  facet normal 0.683865 -0.179628 0.707151
    outer loop
      vertex 16.1716 -16.7727 9.50438
      vertex 16.0245 -16.1517 9.80438
      vertex 15.8814 -16.6965 9.80438
    endloop
  endfacet
  facet normal 0.260002 0.965608 -0
    outer loop
      vertex 10.7749 22.5932 7.10438
      vertex 10.2947 22.7225 9.50438
      vertex 10.7749 22.5932 9.50438
    endloop
  endfacet
  facet normal 0.260002 0.965608 0
    outer loop
      vertex 10.2947 22.7225 9.50438
      vertex 10.7749 22.5932 7.10438
      vertex 10.2947 22.7225 7.10438
    endloop
  endfacet
  facet normal 0.258253 0.658544 0.706842
    outer loop
      vertex 11.2679 22.4214 9.50438
      vertex 11.1687 22.1383 9.80438
      vertex 11.2883 22.4134 9.50438
    endloop
  endfacet
  facet normal 0.281783 0.648452 0.707184
    outer loop
      vertex 11.2883 22.4134 9.50438
      vertex 11.6301 21.9377 9.80438
      vertex 11.7497 22.2129 9.50438
    endloop
  endfacet
  facet normal 0.281944 0.648499 0.707076
    outer loop
      vertex 11.6301 21.9377 9.80438
      vertex 11.2883 22.4134 9.50438
      vertex 11.1687 22.1383 9.80438
    endloop
  endfacet
  facet normal 0.30445 0.638364 -0.706967
    outer loop
      vertex 11.7692 22.2036 7.10438
      vertex 11.6301 21.9377 6.80438
      vertex 11.7497 22.2129 7.10438
    endloop
  endfacet
  facet normal 0.430473 0.902604 -0
    outer loop
      vertex 11.7692 22.2036 7.10438
      vertex 11.7497 22.2129 9.50438
      vertex 11.7692 22.2036 9.50438
    endloop
  endfacet
  facet normal 0.430473 0.902604 0
    outer loop
      vertex 11.7497 22.2129 9.50438
      vertex 11.7692 22.2036 7.10438
      vertex 11.7497 22.2129 7.10438
    endloop
  endfacet
  facet normal 0.612232 0.354247 0.706881
    outer loop
      vertex 15.2664 18.8916 9.50438
      vertex 15.0115 18.7335 9.80438
      vertex 15.2756 18.8757 9.50438
    endloop
  endfacet
  facet normal 0.907504 0.420044 0
    outer loop
      vertex 15.7765 17.8739 9.50438
      vertex 15.5441 18.376 7.10438
      vertex 15.5441 18.376 9.50438
    endloop
  endfacet
  facet normal 0.907504 0.420044 0
    outer loop
      vertex 15.5441 18.376 7.10438
      vertex 15.7765 17.8739 9.50438
      vertex 15.7765 17.8739 7.10438
    endloop
  endfacet
  facet normal -0.132509 -0.694574 0.707113
    outer loop
      vertex -10.2167 -22.4328 9.80438
      vertex -9.78644 -22.8203 9.50438
      vertex -9.73027 -22.5256 9.80438
    endloop
  endfacet
  facet normal -0.1325 -0.694569 0.70712
    outer loop
      vertex -9.78644 -22.8203 9.50438
      vertex -10.2167 -22.4328 9.80438
      vertex -10.2729 -22.7275 9.50438
    endloop
  endfacet
  facet normal -0.103737 -0.699753 0.706813
    outer loop
      vertex -9.73027 -22.5256 9.80438
      vertex -9.78644 -22.8203 9.50438
      vertex -9.76418 -22.8236 9.50438
    endloop
  endfacet
  facet normal 0.600869 0.372882 0.707047
    outer loop
      vertex 14.9792 19.3544 9.50438
      vertex 15.0115 18.7335 9.80438
      vertex 15.2664 18.8916 9.50438
    endloop
  endfacet
  facet normal 0.60078 0.372907 0.707109
    outer loop
      vertex 15.0115 18.7335 9.80438
      vertex 14.9792 19.3544 9.50438
      vertex 14.7243 19.1962 9.80438
    endloop
  endfacet
  facet normal 0.815183 0.579204 0
    outer loop
      vertex 14.9688 19.37 9.50438
      vertex 14.6561 19.8101 7.10438
      vertex 14.6561 19.8101 9.50438
    endloop
  endfacet
  facet normal 0.815183 0.579204 0
    outer loop
      vertex 14.6561 19.8101 7.10438
      vertex 14.9688 19.37 9.50438
      vertex 14.9688 19.37 7.10438
    endloop
  endfacet
  facet normal -0.549164 0.445411 -0.707126
    outer loop
      vertex -14.4115 19.6363 6.80438
      vertex -14.3075 20.2408 7.10438
      vertex -14.0745 20.0518 6.80438
    endloop
  endfacet
  facet normal -0.549164 0.445411 -0.707126
    outer loop
      vertex -14.3075 20.2408 7.10438
      vertex -14.4115 19.6363 6.80438
      vertex -14.6445 19.8253 7.10438
    endloop
  endfacet
  facet normal 0.5547 0.83205 -0
    outer loop
      vertex 12.689 21.6781 7.10438
      vertex 12.6716 21.6897 9.50438
      vertex 12.689 21.6781 9.50438
    endloop
  endfacet
  facet normal 0.5547 0.83205 0
    outer loop
      vertex 12.6716 21.6897 9.50438
      vertex 12.689 21.6781 7.10438
      vertex 12.6716 21.6897 7.10438
    endloop
  endfacet
  facet normal -0.65835 -0.258211 0.707038
    outer loop
      vertex -15.7077 -17.2293 9.80438
      vertex -15.7835 -17.8575 9.50438
      vertex -15.5043 -17.7479 9.80438
    endloop
  endfacet
  facet normal -0.658205 -0.258281 0.707147
    outer loop
      vertex -15.7835 -17.8575 9.50438
      vertex -15.7077 -17.2293 9.80438
      vertex -15.987 -17.3389 9.50438
    endloop
  endfacet
  facet normal 0.349135 0.615142 0.706898
    outer loop
      vertex 12.2183 21.9686 9.50438
      vertex 12.0792 21.7028 9.80438
      vertex 12.2368 21.9581 9.50438
    endloop
  endfacet
  facet normal 0.371443 0.601726 0.707076
    outer loop
      vertex 12.2368 21.9581 9.50438
      vertex 12.5141 21.4344 9.80438
      vertex 12.6716 21.6897 9.50438
    endloop
  endfacet
  facet normal 0.371348 0.601711 0.707138
    outer loop
      vertex 12.5141 21.4344 9.80438
      vertex 12.2368 21.9581 9.50438
      vertex 12.0792 21.7028 9.80438
    endloop
  endfacet
  facet normal 0.7062 0.0373871 -0.707024
    outer loop
      vertex 16.565 14.4775 7.10438
      vertex 16.2651 14.469 6.80438
      vertex 16.5641 14.4945 7.10438
    endloop
  endfacet
  facet normal 0.503651 0.496507 -0.706976
    outer loop
      vertex 13.9349 20.6447 7.10438
      vertex 13.7146 20.441 6.80438
      vertex 13.921 20.6588 7.10438
    endloop
  endfacet
  facet normal 0.486299 0.513233 -0.707181
    outer loop
      vertex 13.7146 20.441 6.80438
      vertex 13.5399 21.0199 7.10438
      vertex 13.921 20.6588 7.10438
    endloop
  endfacet
  facet normal 0.486429 0.513228 -0.707095
    outer loop
      vertex 13.5399 21.0199 7.10438
      vertex 13.7146 20.441 6.80438
      vertex 13.3335 20.8022 6.80438
    endloop
  endfacet
  facet normal 0.549164 0.445411 -0.707126
    outer loop
      vertex 14.4115 19.6363 6.80438
      vertex 14.3075 20.2408 7.10438
      vertex 14.6445 19.8253 7.10438
    endloop
  endfacet
  facet normal 0.549164 0.445411 -0.707126
    outer loop
      vertex 14.3075 20.2408 7.10438
      vertex 14.4115 19.6363 6.80438
      vertex 14.0745 20.0518 6.80438
    endloop
  endfacet
  facet normal 0.658205 0.258281 0.707147
    outer loop
      vertex 15.7835 17.8575 9.50438
      vertex 15.7077 17.2293 9.80438
      vertex 15.987 17.3389 9.50438
    endloop
  endfacet
  facet normal 0.65835 0.258211 0.707038
    outer loop
      vertex 15.7077 17.2293 9.80438
      vertex 15.7835 17.8575 9.50438
      vertex 15.5043 17.7479 9.80438
    endloop
  endfacet
  facet normal 0.958452 0.285254 0
    outer loop
      vertex 16.1716 16.7727 9.50438
      vertex 16.1666 16.7895 7.10438
      vertex 16.1666 16.7895 9.50438
    endloop
  endfacet
  facet normal 0.958452 0.285254 0
    outer loop
      vertex 16.1666 16.7895 7.10438
      vertex 16.1716 16.7727 9.50438
      vertex 16.1716 16.7727 7.10438
    endloop
  endfacet
  facet normal -0.849686 0.52729 0
    outer loop
      vertex -15.2664 18.8916 7.10438
      vertex -14.9792 19.3544 9.50438
      vertex -14.9792 19.3544 7.10438
    endloop
  endfacet
  facet normal -0.849686 0.52729 0
    outer loop
      vertex -14.9792 19.3544 9.50438
      vertex -15.2664 18.8916 7.10438
      vertex -15.2664 18.8916 9.50438
    endloop
  endfacet
  facet normal 0.233816 0.667359 0.70708
    outer loop
      vertex 10.7961 22.5867 9.50438
      vertex 11.1687 22.1383 9.80438
      vertex 11.2679 22.4214 9.50438
    endloop
  endfacet
  facet normal 0.233653 0.667298 0.707191
    outer loop
      vertex 11.1687 22.1383 9.80438
      vertex 10.7961 22.5867 9.50438
      vertex 10.6969 22.3035 9.80438
    endloop
  endfacet
  facet normal -0.562223 0.429065 0.706971
    outer loop
      vertex -14.6445 19.8253 9.50438
      vertex -14.6561 19.8101 9.50438
      vertex -14.4115 19.6363 9.80438
    endloop
  endfacet
  facet normal -0.450747 -0.544811 0.707112
    outer loop
      vertex -13.3335 -20.8022 9.80438
      vertex -13.124 -21.3649 9.50438
      vertex -12.9327 -21.1338 9.80438
    endloop
  endfacet
  facet normal -0.450862 -0.544814 0.707037
    outer loop
      vertex -13.124 -21.3649 9.50438
      vertex -13.3335 -20.8022 9.80438
      vertex -13.5247 -21.0333 9.50438
    endloop
  endfacet
  facet normal 0.412368 -0.57438 0.707136
    outer loop
      vertex 12.9327 -21.1338 9.80438
      vertex 12.689 -21.6781 9.50438
      vertex 13.1077 -21.3775 9.50438
    endloop
  endfacet
  facet normal 0.412473 -0.574389 0.707067
    outer loop
      vertex 12.689 -21.6781 9.50438
      vertex 12.9327 -21.1338 9.80438
      vertex 12.5141 -21.4344 9.80438
    endloop
  endfacet
  facet normal 0.430473 -0.902604 0
    outer loop
      vertex 11.7497 -22.2129 7.10438
      vertex 11.7692 -22.2036 9.50438
      vertex 11.7497 -22.2129 9.50438
    endloop
  endfacet
  facet normal 0.430473 -0.902604 0
    outer loop
      vertex 11.7692 -22.2036 9.50438
      vertex 11.7497 -22.2129 7.10438
      vertex 11.7692 -22.2036 7.10438
    endloop
  endfacet
  facet normal -0.432573 0.559599 -0.706915
    outer loop
      vertex -12.9327 21.1338 6.80438
      vertex -13.124 21.3649 7.10438
      vertex -13.1077 21.3775 7.10438
    endloop
  endfacet
  facet normal -0.0379207 0.999281 0
    outer loop
      vertex -8.75818 22.8998 7.10438
      vertex -9.25096 22.8811 9.50438
      vertex -8.75818 22.8998 9.50438
    endloop
  endfacet
  facet normal -0.0379207 0.999281 0
    outer loop
      vertex -9.25096 22.8811 9.50438
      vertex -8.75818 22.8998 7.10438
      vertex -9.25096 22.8811 7.10438
    endloop
  endfacet
  facet normal -0.223553 0.974692 0
    outer loop
      vertex -10.2729 22.7275 7.10438
      vertex -10.2947 22.7225 9.50438
      vertex -10.2729 22.7275 9.50438
    endloop
  endfacet
  facet normal -0.223553 0.974692 0
    outer loop
      vertex -10.2947 22.7225 9.50438
      vertex -10.2729 22.7275 7.10438
      vertex -10.2947 22.7225 7.10438
    endloop
  endfacet
  facet normal 0.9996 0.0282839 0
    outer loop
      vertex 16.5811 13.9085 9.50438
      vertex 16.565 14.4775 7.10438
      vertex 16.565 14.4775 9.50438
    endloop
  endfacet
  facet normal 0.9996 0.0282839 0
    outer loop
      vertex 16.565 14.4775 7.10438
      vertex 16.5811 13.9085 9.50438
      vertex 16.5811 13.9085 7.10438
    endloop
  endfacet
  facet normal 0.576443 -0.409574 -0.707081
    outer loop
      vertex 14.6561 -19.8101 7.10438
      vertex 14.7243 -19.1962 6.80438
      vertex 14.9688 -19.37 7.10438
    endloop
  endfacet
  facet normal 0.576302 -0.409606 -0.707177
    outer loop
      vertex 14.7243 -19.1962 6.80438
      vertex 14.6561 -19.8101 7.10438
      vertex 14.4115 -19.6363 6.80438
    endloop
  endfacet
  facet normal 0.706918 0.0200024 0.707013
    outer loop
      vertex 16.565 14.4775 9.50438
      vertex 16.2813 13.9 9.80438
      vertex 16.5811 13.9085 9.50438
    endloop
  endfacet
  facet normal 0.706796 0.0201232 0.707131
    outer loop
      vertex 16.2813 13.9 9.80438
      vertex 16.565 14.4775 9.50438
      vertex 16.2651 14.469 9.80438
    endloop
  endfacet
  facet normal 0.69306 0.140012 -0.707152
    outer loop
      vertex 16.1365 15.5973 6.80438
      vertex 16.3186 16.2111 7.10438
      vertex 16.4306 15.6567 7.10438
    endloop
  endfacet
  facet normal 0.69306 0.140012 -0.707152
    outer loop
      vertex 16.3186 16.2111 7.10438
      vertex 16.1365 15.5973 6.80438
      vertex 16.0245 16.1517 6.80438
    endloop
  endfacet
  facet normal -0.158127 -0.689435 -0.706877
    outer loop
      vertex -10.2729 -22.7275 7.10438
      vertex -10.2947 -22.7225 7.10438
      vertex -10.2167 -22.4328 6.80438
    endloop
  endfacet
  facet normal -0.01247 -0.707052 0.707052
    outer loop
      vertex -8.74684 -22.6 9.80438
      vertex -8.75818 -22.8998 9.50438
      vertex -8.74684 -22.9 9.50438
    endloop
  endfacet
  facet normal -0.0266701 -0.706587 0.707124
    outer loop
      vertex -9.23962 -22.5814 9.80438
      vertex -8.75818 -22.8998 9.50438
      vertex -8.74684 -22.6 9.80438
    endloop
  endfacet
  facet normal -0.0268178 -0.706699 0.707006
    outer loop
      vertex -8.75818 -22.8998 9.50438
      vertex -9.23962 -22.5814 9.80438
      vertex -9.25096 -22.8811 9.50438
    endloop
  endfacet
  facet normal -0.112998 -0.993595 0
    outer loop
      vertex -9.76418 -22.8236 7.10438
      vertex -9.27353 -22.8794 9.50438
      vertex -9.76418 -22.8236 9.50438
    endloop
  endfacet
  facet normal -0.112998 -0.993595 -0
    outer loop
      vertex -9.27353 -22.8794 9.50438
      vertex -9.76418 -22.8236 7.10438
      vertex -9.27353 -22.8794 7.10438
    endloop
  endfacet
  facet normal -0.223553 -0.974692 0
    outer loop
      vertex -10.2947 -22.7225 7.10438
      vertex -10.2729 -22.7275 9.50438
      vertex -10.2947 -22.7225 9.50438
    endloop
  endfacet
  facet normal -0.223553 -0.974692 -0
    outer loop
      vertex -10.2729 -22.7275 9.50438
      vertex -10.2947 -22.7225 7.10438
      vertex -10.2729 -22.7275 7.10438
    endloop
  endfacet
  facet normal 0.661295 -0.750126 0
    outer loop
      vertex 13.5247 -21.0333 7.10438
      vertex 13.5399 -21.0199 9.50438
      vertex 13.5247 -21.0333 9.50438
    endloop
  endfacet
  facet normal 0.661295 -0.750126 0
    outer loop
      vertex 13.5399 -21.0199 9.50438
      vertex 13.5247 -21.0333 7.10438
      vertex 13.5399 -21.0199 7.10438
    endloop
  endfacet
  facet normal 0.712139 -0.702038 0
    outer loop
      vertex 13.921 -20.6588 9.50438
      vertex 13.9349 -20.6447 7.10438
      vertex 13.9349 -20.6447 9.50438
    endloop
  endfacet
  facet normal 0.712139 -0.702038 0
    outer loop
      vertex 13.9349 -20.6447 7.10438
      vertex 13.921 -20.6588 9.50438
      vertex 13.921 -20.6588 7.10438
    endloop
  endfacet
  facet normal 0.519123 -0.480042 0.707157
    outer loop
      vertex 14.0745 -20.0518 9.80438
      vertex 13.9349 -20.6447 9.50438
      vertex 14.2948 -20.2555 9.50438
    endloop
  endfacet
  facet normal 0.519123 -0.480042 0.707157
    outer loop
      vertex 13.9349 -20.6447 9.50438
      vertex 14.0745 -20.0518 9.80438
      vertex 13.7146 -20.441 9.80438
    endloop
  endfacet
  facet normal 0.98576 -0.168159 0
    outer loop
      vertex 16.4306 -15.6567 9.50438
      vertex 16.4335 -15.6397 7.10438
      vertex 16.4335 -15.6397 9.50438
    endloop
  endfacet
  facet normal 0.98576 -0.168159 0
    outer loop
      vertex 16.4335 -15.6397 7.10438
      vertex 16.4306 -15.6567 9.50438
      vertex 16.4306 -15.6567 7.10438
    endloop
  endfacet
  facet normal 0.633407 -0.31476 -0.70691
    outer loop
      vertex 15.536 -18.3923 7.10438
      vertex 15.2719 -18.25 6.80438
      vertex 15.5441 -18.376 7.10438
    endloop
  endfacet
  facet normal 0.895523 -0.445015 0
    outer loop
      vertex 15.536 -18.3923 9.50438
      vertex 15.5441 -18.376 7.10438
      vertex 15.5441 -18.376 9.50438
    endloop
  endfacet
  facet normal 0.895523 -0.445015 0
    outer loop
      vertex 15.5441 -18.376 7.10438
      vertex 15.536 -18.3923 9.50438
      vertex 15.536 -18.3923 7.10438
    endloop
  endfacet
  facet normal -0.183844 -0.682769 -0.707127
    outer loop
      vertex -10.2947 -22.7225 7.10438
      vertex -10.6969 -22.3035 6.80438
      vertex -10.2167 -22.4328 6.80438
    endloop
  endfacet
  facet normal -0.183844 -0.682769 -0.707127
    outer loop
      vertex -10.6969 -22.3035 6.80438
      vertex -10.2947 -22.7225 7.10438
      vertex -10.7749 -22.5932 7.10438
    endloop
  endfacet
  facet normal -0.412473 -0.574389 -0.707067
    outer loop
      vertex -12.689 -21.6781 7.10438
      vertex -12.9327 -21.1338 6.80438
      vertex -12.5141 -21.4344 6.80438
    endloop
  endfacet
  facet normal -0.412368 -0.57438 -0.707136
    outer loop
      vertex -12.9327 -21.1338 6.80438
      vertex -12.689 -21.6781 7.10438
      vertex -13.1077 -21.3775 7.10438
    endloop
  endfacet
  facet normal 0.996371 -0.0851119 0
    outer loop
      vertex 16.5157 -15.0611 9.50438
      vertex 16.5641 -14.4945 7.10438
      vertex 16.5641 -14.4945 9.50438
    endloop
  endfacet
  facet normal 0.996371 -0.0851119 0
    outer loop
      vertex 16.5641 -14.4945 7.10438
      vertex 16.5157 -15.0611 9.50438
      vertex 16.5157 -15.0611 7.10438
    endloop
  endfacet
  facet normal 0.950803 -0.309796 0
    outer loop
      vertex 15.993 -17.3223 9.50438
      vertex 16.1666 -16.7895 7.10438
      vertex 16.1666 -16.7895 9.50438
    endloop
  endfacet
  facet normal 0.950803 -0.309796 0
    outer loop
      vertex 16.1666 -16.7895 7.10438
      vertex 15.993 -17.3223 9.50438
      vertex 15.993 -17.3223 7.10438
    endloop
  endfacet
  facet normal 0.658205 -0.258281 0.707147
    outer loop
      vertex 15.7077 -17.2293 9.80438
      vertex 15.7835 -17.8575 9.50438
      vertex 15.987 -17.3389 9.50438
    endloop
  endfacet
  facet normal 0.65835 -0.258211 0.707038
    outer loop
      vertex 15.7835 -17.8575 9.50438
      vertex 15.7077 -17.2293 9.80438
      vertex 15.5043 -17.7479 9.80438
    endloop
  endfacet
  facet normal 0.519123 -0.480042 -0.707157
    outer loop
      vertex 13.9349 -20.6447 7.10438
      vertex 14.0745 -20.0518 6.80438
      vertex 14.2948 -20.2555 7.10438
    endloop
  endfacet
  facet normal 0.519123 -0.480042 -0.707157
    outer loop
      vertex 14.0745 -20.0518 6.80438
      vertex 13.9349 -20.6447 7.10438
      vertex 13.7146 -20.441 6.80438
    endloop
  endfacet
  facet normal 0.432573 -0.559599 0.706915
    outer loop
      vertex 13.124 -21.3649 9.50438
      vertex 12.9327 -21.1338 9.80438
      vertex 13.1077 -21.3775 9.50438
    endloop
  endfacet
  facet normal -0.233653 0.667298 0.707191
    outer loop
      vertex -10.7961 22.5867 9.50438
      vertex -11.1687 22.1383 9.80438
      vertex -10.6969 22.3035 9.80438
    endloop
  endfacet
  facet normal -0.233816 0.667359 0.70708
    outer loop
      vertex -11.1687 22.1383 9.80438
      vertex -10.7961 22.5867 9.50438
      vertex -11.2679 22.4214 9.50438
    endloop
  endfacet
  facet normal 0.0176339 -0.999845 0
    outer loop
      vertex 8.74684 -22.9 7.10438
      vertex 8.75818 -22.8998 9.50438
      vertex 8.74684 -22.9 9.50438
    endloop
  endfacet
  facet normal 0.0176339 -0.999845 0
    outer loop
      vertex 8.75818 -22.8998 9.50438
      vertex 8.74684 -22.9 7.10438
      vertex 8.75818 -22.8998 7.10438
    endloop
  endfacet
  facet normal 0.207334 -0.676227 -0.706916
    outer loop
      vertex 10.7749 -22.5932 7.10438
      vertex 10.6969 -22.3035 6.80438
      vertex 10.7961 -22.5867 7.10438
    endloop
  endfacet
  facet normal 0.432573 0.559599 0.706915
    outer loop
      vertex 13.1077 21.3775 9.50438
      vertex 12.9327 21.1338 9.80438
      vertex 13.124 21.3649 9.50438
    endloop
  endfacet
  facet normal 0.794951 -0.606673 0
    outer loop
      vertex 14.6445 -19.8253 9.50438
      vertex 14.6561 -19.8101 7.10438
      vertex 14.6561 -19.8101 9.50438
    endloop
  endfacet
  facet normal 0.794951 -0.606673 0
    outer loop
      vertex 14.6561 -19.8101 7.10438
      vertex 14.6445 -19.8253 9.50438
      vertex 14.6445 -19.8253 7.10438
    endloop
  endfacet
  facet normal 0.525276 -0.850932 0
    outer loop
      vertex 12.2368 -21.9581 7.10438
      vertex 12.6716 -21.6897 9.50438
      vertex 12.2368 -21.9581 9.50438
    endloop
  endfacet
  facet normal 0.525276 -0.850932 0
    outer loop
      vertex 12.6716 -21.6897 9.50438
      vertex 12.2368 -21.9581 7.10438
      vertex 12.6716 -21.6897 7.10438
    endloop
  endfacet
  facet normal 0.0268178 -0.706699 -0.707006
    outer loop
      vertex 8.75818 -22.8998 7.10438
      vertex 9.23962 -22.5814 6.80438
      vertex 9.25096 -22.8811 7.10438
    endloop
  endfacet
  facet normal 0.0266701 -0.706587 -0.707124
    outer loop
      vertex 9.23962 -22.5814 6.80438
      vertex 8.75818 -22.8998 7.10438
      vertex 8.74684 -22.6 6.80438
    endloop
  endfacet
  facet normal 0.450862 0.544814 -0.707037
    outer loop
      vertex 13.3335 20.8022 6.80438
      vertex 13.124 21.3649 7.10438
      vertex 13.5247 21.0333 7.10438
    endloop
  endfacet
  facet normal 0.450747 0.544811 -0.707112
    outer loop
      vertex 13.124 21.3649 7.10438
      vertex 13.3335 20.8022 6.80438
      vertex 12.9327 21.1338 6.80438
    endloop
  endfacet
  facet normal 0.146645 -0.989189 0
    outer loop
      vertex 9.76418 -22.8236 7.10438
      vertex 9.78644 -22.8203 9.50438
      vertex 9.76418 -22.8236 9.50438
    endloop
  endfacet
  facet normal 0.146645 -0.989189 0
    outer loop
      vertex 9.78644 -22.8203 9.50438
      vertex 9.76418 -22.8236 7.10438
      vertex 9.78644 -22.8203 7.10438
    endloop
  endfacet
  facet normal 0.103737 -0.699753 0.706813
    outer loop
      vertex 9.78644 -22.8203 9.50438
      vertex 9.73027 -22.5256 9.80438
      vertex 9.76418 -22.8236 9.50438
    endloop
  endfacet
  facet normal 0.412368 0.57438 -0.707136
    outer loop
      vertex 12.9327 21.1338 6.80438
      vertex 12.689 21.6781 7.10438
      vertex 13.1077 21.3775 7.10438
    endloop
  endfacet
  facet normal 0.412473 0.574389 -0.707067
    outer loop
      vertex 12.689 21.6781 7.10438
      vertex 12.9327 21.1338 6.80438
      vertex 12.5141 21.4344 6.80438
    endloop
  endfacet
  facet normal 0.293135 -0.956071 0
    outer loop
      vertex 10.7749 -22.5932 7.10438
      vertex 10.7961 -22.5867 9.50438
      vertex 10.7749 -22.5932 9.50438
    endloop
  endfacet
  facet normal 0.293135 -0.956071 0
    outer loop
      vertex 10.7961 -22.5867 9.50438
      vertex 10.7749 -22.5932 7.10438
      vertex 10.7961 -22.5867 7.10438
    endloop
  endfacet
  facet normal 0.622532 -0.335348 -0.707103
    outer loop
      vertex 15.2756 -18.8757 7.10438
      vertex 15.2719 -18.25 6.80438
      vertex 15.536 -18.3923 7.10438
    endloop
  endfacet
  facet normal 0.622611 -0.335321 -0.707047
    outer loop
      vertex 15.2719 -18.25 6.80438
      vertex 15.2756 -18.8757 7.10438
      vertex 15.0115 -18.7335 6.80438
    endloop
  endfacet
  facet normal -0.633407 -0.31476 0.70691
    outer loop
      vertex -15.2719 -18.25 9.80438
      vertex -15.5441 -18.376 9.50438
      vertex -15.536 -18.3923 9.50438
    endloop
  endfacet
  facet normal 0.699977 -0.100068 -0.70712
    outer loop
      vertex 16.4335 -15.6397 7.10438
      vertex 16.2168 -15.0356 6.80438
      vertex 16.5138 -15.078 7.10438
    endloop
  endfacet
  facet normal 0.699977 -0.100068 -0.70712
    outer loop
      vertex 16.2168 -15.0356 6.80438
      vertex 16.4335 -15.6397 7.10438
      vertex 16.1365 -15.5973 6.80438
    endloop
  endfacet
  facet normal -0.450747 0.544811 0.707112
    outer loop
      vertex -13.124 21.3649 9.50438
      vertex -13.3335 20.8022 9.80438
      vertex -12.9327 21.1338 9.80438
    endloop
  endfacet
  facet normal -0.450862 0.544814 0.707037
    outer loop
      vertex -13.3335 20.8022 9.80438
      vertex -13.124 21.3649 9.50438
      vertex -13.5247 21.0333 9.50438
    endloop
  endfacet
  facet normal -0.0799121 -0.702668 0.707016
    outer loop
      vertex -9.73027 -22.5256 9.80438
      vertex -9.27353 -22.8794 9.50438
      vertex -9.23962 -22.5814 9.80438
    endloop
  endfacet
  facet normal -0.0799121 -0.702668 0.707016
    outer loop
      vertex -9.27353 -22.8794 9.50438
      vertex -9.73027 -22.5256 9.80438
      vertex -9.76418 -22.8236 9.50438
    endloop
  endfacet
  facet normal -0.281944 -0.648499 -0.707076
    outer loop
      vertex -11.2883 -22.4134 7.10438
      vertex -11.6301 -21.9377 6.80438
      vertex -11.1687 -22.1383 6.80438
    endloop
  endfacet
  facet normal -0.281783 -0.648452 -0.707184
    outer loop
      vertex -11.6301 -21.9377 6.80438
      vertex -11.2883 -22.4134 7.10438
      vertex -11.7497 -22.2129 7.10438
    endloop
  endfacet
  facet normal -0.5547 -0.83205 0
    outer loop
      vertex -12.689 -21.6781 7.10438
      vertex -12.6716 -21.6897 9.50438
      vertex -12.689 -21.6781 9.50438
    endloop
  endfacet
  facet normal -0.5547 -0.83205 -0
    outer loop
      vertex -12.6716 -21.6897 9.50438
      vertex -12.689 -21.6781 7.10438
      vertex -12.6716 -21.6897 7.10438
    endloop
  endfacet
  facet normal 0.450862 0.544814 0.707037
    outer loop
      vertex 13.124 21.3649 9.50438
      vertex 13.3335 20.8022 9.80438
      vertex 13.5247 21.0333 9.50438
    endloop
  endfacet
  facet normal 0.450747 0.544811 0.707112
    outer loop
      vertex 13.3335 20.8022 9.80438
      vertex 13.124 21.3649 9.50438
      vertex 12.9327 21.1338 9.80438
    endloop
  endfacet
  facet normal -0.734203 -0.67893 0
    outer loop
      vertex -13.9349 -20.6447 7.10438
      vertex -14.2948 -20.2555 9.50438
      vertex -14.2948 -20.2555 7.10438
    endloop
  endfacet
  facet normal -0.734203 -0.67893 0
    outer loop
      vertex -14.2948 -20.2555 9.50438
      vertex -13.9349 -20.6447 7.10438
      vertex -13.9349 -20.6447 9.50438
    endloop
  endfacet
  facet normal -0.706796 -0.0201232 0.707131
    outer loop
      vertex -16.2813 -13.9 9.80438
      vertex -16.565 -14.4775 9.50438
      vertex -16.2651 -14.469 9.80438
    endloop
  endfacet
  facet normal -0.706918 -0.0200024 0.707013
    outer loop
      vertex -16.565 -14.4775 9.50438
      vertex -16.2813 -13.9 9.80438
      vertex -16.5811 -13.9085 9.50438
    endloop
  endfacet
  facet normal -0.683865 -0.179628 -0.707151
    outer loop
      vertex -16.1716 -16.7727 7.10438
      vertex -16.0245 -16.1517 6.80438
      vertex -15.8814 -16.6965 6.80438
    endloop
  endfacet
  facet normal -0.683865 -0.179628 -0.707151
    outer loop
      vertex -16.0245 -16.1517 6.80438
      vertex -16.1716 -16.7727 7.10438
      vertex -16.3147 -16.2279 7.10438
    endloop
  endfacet
  facet normal -0.69306 -0.140012 -0.707152
    outer loop
      vertex -16.3186 -16.2111 7.10438
      vertex -16.1365 -15.5973 6.80438
      vertex -16.0245 -16.1517 6.80438
    endloop
  endfacet
  facet normal -0.69306 -0.140012 -0.707152
    outer loop
      vertex -16.1365 -15.5973 6.80438
      vertex -16.3186 -16.2111 7.10438
      vertex -16.4306 -15.6567 7.10438
    endloop
  endfacet
  facet normal -0.697153 -0.118926 0.70699
    outer loop
      vertex -16.1365 -15.5973 9.80438
      vertex -16.4335 -15.6397 9.50438
      vertex -16.4306 -15.6567 9.50438
    endloop
  endfacet
  facet normal -0.98576 -0.168159 0
    outer loop
      vertex -16.4306 -15.6567 7.10438
      vertex -16.4335 -15.6397 9.50438
      vertex -16.4335 -15.6397 7.10438
    endloop
  endfacet
  facet normal -0.98576 -0.168159 0
    outer loop
      vertex -16.4335 -15.6397 9.50438
      vertex -16.4306 -15.6567 7.10438
      vertex -16.4306 -15.6567 9.50438
    endloop
  endfacet
  facet normal -0.697153 -0.118926 -0.70699
    outer loop
      vertex -16.4306 -15.6567 7.10438
      vertex -16.4335 -15.6397 7.10438
      vertex -16.1365 -15.5973 6.80438
    endloop
  endfacet
  facet normal -0.688889 -0.159921 0.707006
    outer loop
      vertex -16.0245 -16.1517 9.80438
      vertex -16.3186 -16.2111 9.50438
      vertex -16.3147 -16.2279 9.50438
    endloop
  endfacet
  facet normal -0.7062 -0.0373871 -0.707024
    outer loop
      vertex -16.5641 -14.4945 7.10438
      vertex -16.565 -14.4775 7.10438
      vertex -16.2651 -14.469 6.80438
    endloop
  endfacet
  facet normal -0.450747 -0.544811 -0.707112
    outer loop
      vertex -13.124 -21.3649 7.10438
      vertex -13.3335 -20.8022 6.80438
      vertex -12.9327 -21.1338 6.80438
    endloop
  endfacet
  facet normal -0.450862 -0.544814 -0.707037
    outer loop
      vertex -13.3335 -20.8022 6.80438
      vertex -13.124 -21.3649 7.10438
      vertex -13.5247 -21.0333 7.10438
    endloop
  endfacet
  facet normal -0.706796 -0.0201232 -0.707131
    outer loop
      vertex -16.565 -14.4775 7.10438
      vertex -16.2813 -13.9 6.80438
      vertex -16.2651 -14.469 6.80438
    endloop
  endfacet
  facet normal -0.706918 -0.0200024 -0.707013
    outer loop
      vertex -16.2813 -13.9 6.80438
      vertex -16.565 -14.4775 7.10438
      vertex -16.5811 -13.9085 7.10438
    endloop
  endfacet
  facet normal -0.98576 0.168159 0
    outer loop
      vertex -16.4335 15.6397 7.10438
      vertex -16.4306 15.6567 9.50438
      vertex -16.4306 15.6567 7.10438
    endloop
  endfacet
  facet normal -0.98576 0.168159 0
    outer loop
      vertex -16.4306 15.6567 9.50438
      vertex -16.4335 15.6397 7.10438
      vertex -16.4335 15.6397 9.50438
    endloop
  endfacet
  facet normal -0.958452 0.285254 0
    outer loop
      vertex -16.1716 16.7727 7.10438
      vertex -16.1666 16.7895 9.50438
      vertex -16.1666 16.7895 7.10438
    endloop
  endfacet
  facet normal -0.958452 0.285254 0
    outer loop
      vertex -16.1666 16.7895 9.50438
      vertex -16.1716 16.7727 7.10438
      vertex -16.1716 16.7727 9.50438
    endloop
  endfacet
  facet normal -0.967192 0.254048 0
    outer loop
      vertex -16.3147 16.2279 7.10438
      vertex -16.1716 16.7727 9.50438
      vertex -16.1716 16.7727 7.10438
    endloop
  endfacet
  facet normal -0.967192 0.254048 0
    outer loop
      vertex -16.1716 16.7727 9.50438
      vertex -16.3147 16.2279 7.10438
      vertex -16.3147 16.2279 9.50438
    endloop
  endfacet
  facet normal -0.974097 0.22613 0
    outer loop
      vertex -16.3186 16.2111 7.10438
      vertex -16.3147 16.2279 9.50438
      vertex -16.3147 16.2279 7.10438
    endloop
  endfacet
  facet normal -0.974097 0.22613 0
    outer loop
      vertex -16.3147 16.2279 9.50438
      vertex -16.3186 16.2111 7.10438
      vertex -16.3186 16.2111 9.50438
    endloop
  endfacet
  facet normal -0.712139 -0.702038 0
    outer loop
      vertex -13.921 -20.6588 7.10438
      vertex -13.9349 -20.6447 9.50438
      vertex -13.9349 -20.6447 7.10438
    endloop
  endfacet
  facet normal -0.712139 -0.702038 0
    outer loop
      vertex -13.9349 -20.6447 9.50438
      vertex -13.921 -20.6588 7.10438
      vertex -13.921 -20.6588 9.50438
    endloop
  endfacet
  facet normal -0.60078 0.372907 0.707109
    outer loop
      vertex -14.9792 19.3544 9.50438
      vertex -15.0115 18.7335 9.80438
      vertex -14.7243 19.1962 9.80438
    endloop
  endfacet
  facet normal -0.600869 0.372882 0.707047
    outer loop
      vertex -15.0115 18.7335 9.80438
      vertex -14.9792 19.3544 9.50438
      vertex -15.2664 18.8916 9.50438
    endloop
  endfacet
  facet normal -0.895523 0.445015 0
    outer loop
      vertex -15.5441 18.376 7.10438
      vertex -15.536 18.3923 9.50438
      vertex -15.536 18.3923 7.10438
    endloop
  endfacet
  facet normal -0.895523 0.445015 0
    outer loop
      vertex -15.536 18.3923 9.50438
      vertex -15.5441 18.376 7.10438
      vertex -15.5441 18.376 9.50438
    endloop
  endfacet
  facet normal -0.633407 0.31476 0.70691
    outer loop
      vertex -15.536 18.3923 9.50438
      vertex -15.5441 18.376 9.50438
      vertex -15.2719 18.25 9.80438
    endloop
  endfacet
  facet normal -0.650547 0.277672 0.706885
    outer loop
      vertex -15.7765 17.8739 9.50438
      vertex -15.7835 17.8575 9.50438
      vertex -15.5043 17.7479 9.80438
    endloop
  endfacet
  facet normal -0.641758 0.297041 0.707046
    outer loop
      vertex -15.5441 18.376 9.50438
      vertex -15.5043 17.7479 9.80438
      vertex -15.2719 18.25 9.80438
    endloop
  endfacet
  facet normal -0.641758 0.297041 0.707046
    outer loop
      vertex -15.5043 17.7479 9.80438
      vertex -15.5441 18.376 9.50438
      vertex -15.7765 17.8739 9.50438
    endloop
  endfacet
  facet normal -0.281944 0.648499 0.707076
    outer loop
      vertex -11.2883 22.4134 9.50438
      vertex -11.6301 21.9377 9.80438
      vertex -11.1687 22.1383 9.80438
    endloop
  endfacet
  facet normal -0.281783 0.648452 0.707184
    outer loop
      vertex -11.6301 21.9377 9.80438
      vertex -11.2883 22.4134 9.50438
      vertex -11.7497 22.2129 9.50438
    endloop
  endfacet
  facet normal -0.207334 0.676227 0.706916
    outer loop
      vertex -10.7749 22.5932 9.50438
      vertex -10.7961 22.5867 9.50438
      vertex -10.6969 22.3035 9.80438
    endloop
  endfacet
  facet normal -0.535187 0.462372 0.706956
    outer loop
      vertex -14.2948 20.2555 9.50438
      vertex -14.3075 20.2408 9.50438
      vertex -14.0745 20.0518 9.80438
    endloop
  endfacet
  facet normal -0.665085 -0.240392 0.707017
    outer loop
      vertex -15.7077 -17.2293 9.80438
      vertex -15.993 -17.3223 9.50438
      vertex -15.987 -17.3389 9.50438
    endloop
  endfacet
  facet normal -0.233653 0.667298 -0.707191
    outer loop
      vertex -11.1687 22.1383 6.80438
      vertex -10.7961 22.5867 7.10438
      vertex -10.6969 22.3035 6.80438
    endloop
  endfacet
  facet normal -0.233816 0.667359 -0.70708
    outer loop
      vertex -10.7961 22.5867 7.10438
      vertex -11.1687 22.1383 6.80438
      vertex -11.2679 22.4214 7.10438
    endloop
  endfacet
  facet normal -0.330653 0.943752 0
    outer loop
      vertex -10.7961 22.5867 7.10438
      vertex -11.2679 22.4214 9.50438
      vertex -10.7961 22.5867 9.50438
    endloop
  endfacet
  facet normal -0.330653 0.943752 0
    outer loop
      vertex -11.2679 22.4214 9.50438
      vertex -10.7961 22.5867 7.10438
      vertex -11.2679 22.4214 7.10438
    endloop
  endfacet
  facet normal -0.258253 0.658544 -0.706842
    outer loop
      vertex -11.1687 22.1383 6.80438
      vertex -11.2883 22.4134 7.10438
      vertex -11.2679 22.4214 7.10438
    endloop
  endfacet
  facet normal -0.371348 0.601711 0.707138
    outer loop
      vertex -12.2368 21.9581 9.50438
      vertex -12.5141 21.4344 9.80438
      vertex -12.0792 21.7028 9.80438
    endloop
  endfacet
  facet normal -0.371443 0.601726 0.707076
    outer loop
      vertex -12.5141 21.4344 9.80438
      vertex -12.2368 21.9581 9.50438
      vertex -12.6716 21.6897 9.50438
    endloop
  endfacet
  facet normal -0.493606 0.869686 0
    outer loop
      vertex -12.2183 21.9686 7.10438
      vertex -12.2368 21.9581 9.50438
      vertex -12.2183 21.9686 9.50438
    endloop
  endfacet
  facet normal -0.493606 0.869686 0
    outer loop
      vertex -12.2368 21.9581 9.50438
      vertex -12.2183 21.9686 7.10438
      vertex -12.2368 21.9581 7.10438
    endloop
  endfacet
  facet normal 0.158127 0.689435 0.706877
    outer loop
      vertex 10.2729 22.7275 9.50438
      vertex 10.2167 22.4328 9.80438
      vertex 10.2947 22.7225 9.50438
    endloop
  endfacet
  facet normal 0.30445 0.638364 0.706967
    outer loop
      vertex 11.7497 22.2129 9.50438
      vertex 11.6301 21.9377 9.80438
      vertex 11.7692 22.2036 9.50438
    endloop
  endfacet
  facet normal 0.233816 0.667359 -0.70708
    outer loop
      vertex 11.1687 22.1383 6.80438
      vertex 10.7961 22.5867 7.10438
      vertex 11.2679 22.4214 7.10438
    endloop
  endfacet
  facet normal 0.233653 0.667298 -0.707191
    outer loop
      vertex 10.7961 22.5867 7.10438
      vertex 11.1687 22.1383 6.80438
      vertex 10.6969 22.3035 6.80438
    endloop
  endfacet
  facet normal 0.365088 0.930973 -0
    outer loop
      vertex 11.2883 22.4134 7.10438
      vertex 11.2679 22.4214 9.50438
      vertex 11.2883 22.4134 9.50438
    endloop
  endfacet
  facet normal 0.365088 0.930973 0
    outer loop
      vertex 11.2679 22.4214 9.50438
      vertex 11.2883 22.4134 7.10438
      vertex 11.2679 22.4214 7.10438
    endloop
  endfacet
  facet normal 0.327838 0.626519 -0.707104
    outer loop
      vertex 12.0792 21.7028 6.80438
      vertex 11.7692 22.2036 7.10438
      vertex 12.2183 21.9686 7.10438
    endloop
  endfacet
  facet normal 0.32768 0.626484 -0.707208
    outer loop
      vertex 11.7692 22.2036 7.10438
      vertex 12.0792 21.7028 6.80438
      vertex 11.6301 21.9377 6.80438
    endloop
  endfacet
  facet normal 0.633407 0.31476 0.70691
    outer loop
      vertex 15.536 18.3923 9.50438
      vertex 15.2719 18.25 9.80438
      vertex 15.5441 18.376 9.50438
    endloop
  endfacet
  facet normal 0.641758 0.297041 0.707046
    outer loop
      vertex 15.5441 18.376 9.50438
      vertex 15.5043 17.7479 9.80438
      vertex 15.7765 17.8739 9.50438
    endloop
  endfacet
  facet normal 0.641758 0.297041 0.707046
    outer loop
      vertex 15.5043 17.7479 9.80438
      vertex 15.5441 18.376 9.50438
      vertex 15.2719 18.25 9.80438
    endloop
  endfacet
  facet normal -0.549164 0.445411 0.707126
    outer loop
      vertex -14.3075 20.2408 9.50438
      vertex -14.4115 19.6363 9.80438
      vertex -14.0745 20.0518 9.80438
    endloop
  endfacet
  facet normal -0.549164 0.445411 0.707126
    outer loop
      vertex -14.4115 19.6363 9.80438
      vertex -14.3075 20.2408 9.50438
      vertex -14.6445 19.8253 9.50438
    endloop
  endfacet
  facet normal 0.86555 0.500822 0
    outer loop
      vertex 15.2756 18.8757 9.50438
      vertex 15.2664 18.8916 7.10438
      vertex 15.2664 18.8916 9.50438
    endloop
  endfacet
  facet normal 0.86555 0.500822 0
    outer loop
      vertex 15.2664 18.8916 7.10438
      vertex 15.2756 18.8757 9.50438
      vertex 15.2756 18.8757 7.10438
    endloop
  endfacet
  facet normal 0.930895 0.365286 0
    outer loop
      vertex 15.987 17.3389 9.50438
      vertex 15.7835 17.8575 7.10438
      vertex 15.7835 17.8575 9.50438
    endloop
  endfacet
  facet normal 0.930895 0.365286 0
    outer loop
      vertex 15.7835 17.8575 7.10438
      vertex 15.987 17.3389 9.50438
      vertex 15.987 17.3389 7.10438
    endloop
  endfacet
  facet normal -0.430473 -0.902604 0
    outer loop
      vertex -11.7692 -22.2036 7.10438
      vertex -11.7497 -22.2129 9.50438
      vertex -11.7692 -22.2036 9.50438
    endloop
  endfacet
  facet normal -0.430473 -0.902604 -0
    outer loop
      vertex -11.7497 -22.2129 9.50438
      vertex -11.7692 -22.2036 7.10438
      vertex -11.7497 -22.2129 7.10438
    endloop
  endfacet
  facet normal -0.672198 -0.219146 0.707195
    outer loop
      vertex -15.8814 -16.6965 9.80438
      vertex -15.993 -17.3223 9.50438
      vertex -15.7077 -17.2293 9.80438
    endloop
  endfacet
  facet normal -0.672342 -0.219066 0.707083
    outer loop
      vertex -15.993 -17.3223 9.50438
      vertex -15.8814 -16.6965 9.80438
      vertex -16.1666 -16.7895 9.50438
    endloop
  endfacet
  facet normal 0.683865 0.179628 0.707151
    outer loop
      vertex 16.1716 16.7727 9.50438
      vertex 16.0245 16.1517 9.80438
      vertex 16.3147 16.2279 9.50438
    endloop
  endfacet
  facet normal 0.683865 0.179628 0.707151
    outer loop
      vertex 16.0245 16.1517 9.80438
      vertex 16.1716 16.7727 9.50438
      vertex 15.8814 16.6965 9.80438
    endloop
  endfacet
  facet normal -0.503651 0.496507 0.706976
    outer loop
      vertex -13.921 20.6588 9.50438
      vertex -13.9349 20.6447 9.50438
      vertex -13.7146 20.441 9.80438
    endloop
  endfacet
  facet normal -0.756707 0.653754 0
    outer loop
      vertex -14.3075 20.2408 7.10438
      vertex -14.2948 20.2555 9.50438
      vertex -14.2948 20.2555 7.10438
    endloop
  endfacet
  facet normal -0.756707 0.653754 0
    outer loop
      vertex -14.2948 20.2555 9.50438
      vertex -14.3075 20.2408 7.10438
      vertex -14.3075 20.2408 9.50438
    endloop
  endfacet
  facet normal -0.794951 0.606673 0
    outer loop
      vertex -14.6561 19.8101 7.10438
      vertex -14.6445 19.8253 9.50438
      vertex -14.6445 19.8253 7.10438
    endloop
  endfacet
  facet normal -0.794951 0.606673 0
    outer loop
      vertex -14.6445 19.8253 9.50438
      vertex -14.6561 19.8101 7.10438
      vertex -14.6561 19.8101 9.50438
    endloop
  endfacet
  facet normal -0.611586 0.791178 0
    outer loop
      vertex -13.1077 21.3775 7.10438
      vertex -13.124 21.3649 9.50438
      vertex -13.1077 21.3775 9.50438
    endloop
  endfacet
  facet normal -0.611586 0.791178 0
    outer loop
      vertex -13.124 21.3649 9.50438
      vertex -13.1077 21.3775 7.10438
      vertex -13.124 21.3649 7.10438
    endloop
  endfacet
  facet normal -0.146645 0.989189 0
    outer loop
      vertex -9.76418 22.8236 7.10438
      vertex -9.78644 22.8203 9.50438
      vertex -9.76418 22.8236 9.50438
    endloop
  endfacet
  facet normal -0.146645 0.989189 0
    outer loop
      vertex -9.78644 22.8203 9.50438
      vertex -9.76418 22.8236 7.10438
      vertex -9.78644 22.8203 7.10438
    endloop
  endfacet
  facet normal -0.132509 0.694574 0.707113
    outer loop
      vertex -9.78644 22.8203 9.50438
      vertex -10.2167 22.4328 9.80438
      vertex -9.73027 22.5256 9.80438
    endloop
  endfacet
  facet normal -0.1325 0.694569 0.70712
    outer loop
      vertex -10.2167 22.4328 9.80438
      vertex -9.78644 22.8203 9.50438
      vertex -10.2729 22.7275 9.50438
    endloop
  endfacet
  facet normal 0.998602 0.0528671 0
    outer loop
      vertex 16.565 14.4775 9.50438
      vertex 16.5641 14.4945 7.10438
      vertex 16.5641 14.4945 9.50438
    endloop
  endfacet
  facet normal 0.998602 0.0528671 0
    outer loop
      vertex 16.5641 14.4945 7.10438
      vertex 16.565 14.4775 9.50438
      vertex 16.565 14.4775 7.10438
    endloop
  endfacet
  facet normal 0.69306 0.140012 0.707152
    outer loop
      vertex 16.3186 16.2111 9.50438
      vertex 16.1365 15.5973 9.80438
      vertex 16.4306 15.6567 9.50438
    endloop
  endfacet
  facet normal 0.69306 0.140012 0.707152
    outer loop
      vertex 16.1365 15.5973 9.80438
      vertex 16.3186 16.2111 9.50438
      vertex 16.0245 16.1517 9.80438
    endloop
  endfacet
  facet normal -0.183844 -0.682769 0.707127
    outer loop
      vertex -10.6969 -22.3035 9.80438
      vertex -10.2947 -22.7225 9.50438
      vertex -10.2167 -22.4328 9.80438
    endloop
  endfacet
  facet normal -0.183844 -0.682769 0.707127
    outer loop
      vertex -10.2947 -22.7225 9.50438
      vertex -10.6969 -22.3035 9.80438
      vertex -10.7749 -22.5932 9.50438
    endloop
  endfacet
  facet normal -0.0751085 -0.997175 0
    outer loop
      vertex -9.27353 -22.8794 7.10438
      vertex -9.25096 -22.8811 9.50438
      vertex -9.27353 -22.8794 9.50438
    endloop
  endfacet
  facet normal -0.0751085 -0.997175 -0
    outer loop
      vertex -9.25096 -22.8811 9.50438
      vertex -9.27353 -22.8794 7.10438
      vertex -9.25096 -22.8811 7.10438
    endloop
  endfacet
  facet normal -0.0379207 -0.999281 0
    outer loop
      vertex -9.25096 -22.8811 7.10438
      vertex -8.75818 -22.8998 9.50438
      vertex -9.25096 -22.8811 9.50438
    endloop
  endfacet
  facet normal -0.0379207 -0.999281 -0
    outer loop
      vertex -8.75818 -22.8998 9.50438
      vertex -9.25096 -22.8811 7.10438
      vertex -8.75818 -22.8998 7.10438
    endloop
  endfacet
  facet normal 0.01247 -0.707052 -0.707052
    outer loop
      vertex 8.75818 -22.8998 7.10438
      vertex 8.74684 -22.9 7.10438
      vertex 8.74684 -22.6 6.80438
    endloop
  endfacet
  facet normal -0.86555 -0.500822 0
    outer loop
      vertex -15.2664 -18.8916 7.10438
      vertex -15.2756 -18.8757 9.50438
      vertex -15.2756 -18.8757 7.10438
    endloop
  endfacet
  facet normal -0.86555 -0.500822 0
    outer loop
      vertex -15.2756 -18.8757 9.50438
      vertex -15.2664 -18.8916 7.10438
      vertex -15.2664 -18.8916 9.50438
    endloop
  endfacet
  facet normal -0.0799121 -0.702668 -0.707016
    outer loop
      vertex -9.27353 -22.8794 7.10438
      vertex -9.73027 -22.5256 6.80438
      vertex -9.23962 -22.5814 6.80438
    endloop
  endfacet
  facet normal -0.0799121 -0.702668 -0.707016
    outer loop
      vertex -9.73027 -22.5256 6.80438
      vertex -9.27353 -22.8794 7.10438
      vertex -9.76418 -22.8236 7.10438
    endloop
  endfacet
  facet normal 0.993739 -0.111722 0
    outer loop
      vertex 16.5138 -15.078 9.50438
      vertex 16.5157 -15.0611 7.10438
      vertex 16.5157 -15.0611 9.50438
    endloop
  endfacet
  facet normal 0.993739 -0.111722 0
    outer loop
      vertex 16.5157 -15.0611 7.10438
      vertex 16.5138 -15.078 9.50438
      vertex 16.5138 -15.078 7.10438
    endloop
  endfacet
  facet normal 0.989935 -0.14152 0
    outer loop
      vertex 16.4335 -15.6397 9.50438
      vertex 16.5138 -15.078 7.10438
      vertex 16.5138 -15.078 9.50438
    endloop
  endfacet
  facet normal 0.989935 -0.14152 0
    outer loop
      vertex 16.5138 -15.078 7.10438
      vertex 16.4335 -15.6397 9.50438
      vertex 16.4335 -15.6397 7.10438
    endloop
  endfacet
  facet normal 0.103737 -0.699753 -0.706813
    outer loop
      vertex 9.76418 -22.8236 7.10438
      vertex 9.73027 -22.5256 6.80438
      vertex 9.78644 -22.8203 7.10438
    endloop
  endfacet
  facet normal 0.849686 -0.52729 0
    outer loop
      vertex 14.9792 -19.3544 9.50438
      vertex 15.2664 -18.8916 7.10438
      vertex 15.2664 -18.8916 9.50438
    endloop
  endfacet
  facet normal 0.849686 -0.52729 0
    outer loop
      vertex 15.2664 -18.8916 7.10438
      vertex 14.9792 -19.3544 9.50438
      vertex 14.9792 -19.3544 7.10438
    endloop
  endfacet
  facet normal 0.776657 -0.629924 0
    outer loop
      vertex 14.3075 -20.2408 9.50438
      vertex 14.6445 -19.8253 7.10438
      vertex 14.6445 -19.8253 9.50438
    endloop
  endfacet
  facet normal 0.776657 -0.629924 0
    outer loop
      vertex 14.6445 -19.8253 7.10438
      vertex 14.3075 -20.2408 9.50438
      vertex 14.3075 -20.2408 7.10438
    endloop
  endfacet
  facet normal 0.756707 -0.653754 0
    outer loop
      vertex 14.2948 -20.2555 9.50438
      vertex 14.3075 -20.2408 7.10438
      vertex 14.3075 -20.2408 9.50438
    endloop
  endfacet
  facet normal 0.756707 -0.653754 0
    outer loop
      vertex 14.3075 -20.2408 7.10438
      vertex 14.2948 -20.2555 9.50438
      vertex 14.2948 -20.2555 7.10438
    endloop
  endfacet
  facet normal 0.672342 -0.219066 0.707083
    outer loop
      vertex 15.8814 -16.6965 9.80438
      vertex 15.993 -17.3223 9.50438
      vertex 16.1666 -16.7895 9.50438
    endloop
  endfacet
  facet normal 0.672198 -0.219146 0.707195
    outer loop
      vertex 15.993 -17.3223 9.50438
      vertex 15.8814 -16.6965 9.80438
      vertex 15.7077 -17.2293 9.80438
    endloop
  endfacet
  facet normal 0.658205 -0.258281 -0.707147
    outer loop
      vertex 15.7835 -17.8575 7.10438
      vertex 15.7077 -17.2293 6.80438
      vertex 15.987 -17.3389 7.10438
    endloop
  endfacet
  facet normal 0.65835 -0.258211 -0.707038
    outer loop
      vertex 15.7077 -17.2293 6.80438
      vertex 15.7835 -17.8575 7.10438
      vertex 15.5043 -17.7479 6.80438
    endloop
  endfacet
  facet normal 0.486299 0.513233 0.707181
    outer loop
      vertex 13.5399 21.0199 9.50438
      vertex 13.7146 20.441 9.80438
      vertex 13.921 20.6588 9.50438
    endloop
  endfacet
  facet normal 0.486429 0.513228 0.707095
    outer loop
      vertex 13.7146 20.441 9.80438
      vertex 13.5399 21.0199 9.50438
      vertex 13.3335 20.8022 9.80438
    endloop
  endfacet
  facet normal 0.392371 -0.588557 -0.706856
    outer loop
      vertex 12.6716 -21.6897 7.10438
      vertex 12.5141 -21.4344 6.80438
      vertex 12.689 -21.6781 7.10438
    endloop
  endfacet
  facet normal 0.349135 -0.615142 0.706898
    outer loop
      vertex 12.2368 -21.9581 9.50438
      vertex 12.0792 -21.7028 9.80438
      vertex 12.2183 -21.9686 9.50438
    endloop
  endfacet
  facet normal 0.0268178 -0.706699 0.707006
    outer loop
      vertex 9.23962 -22.5814 9.80438
      vertex 8.75818 -22.8998 9.50438
      vertex 9.25096 -22.8811 9.50438
    endloop
  endfacet
  facet normal 0.0266701 -0.706587 0.707124
    outer loop
      vertex 8.75818 -22.8998 9.50438
      vertex 9.23962 -22.5814 9.80438
      vertex 8.74684 -22.6 9.80438
    endloop
  endfacet
  facet normal 0.0799121 -0.702668 0.707016
    outer loop
      vertex 9.73027 -22.5256 9.80438
      vertex 9.27353 -22.8794 9.50438
      vertex 9.76418 -22.8236 9.50438
    endloop
  endfacet
  facet normal 0.0799121 -0.702668 0.707016
    outer loop
      vertex 9.27353 -22.8794 9.50438
      vertex 9.73027 -22.5256 9.80438
      vertex 9.23962 -22.5814 9.80438
    endloop
  endfacet
  facet normal 0.233816 -0.667359 0.70708
    outer loop
      vertex 11.1687 -22.1383 9.80438
      vertex 10.7961 -22.5867 9.50438
      vertex 11.2679 -22.4214 9.50438
    endloop
  endfacet
  facet normal 0.233653 -0.667298 0.707191
    outer loop
      vertex 10.7961 -22.5867 9.50438
      vertex 11.1687 -22.1383 9.80438
      vertex 10.6969 -22.3035 9.80438
    endloop
  endfacet
  facet normal 0.432573 -0.559599 -0.706915
    outer loop
      vertex 13.1077 -21.3775 7.10438
      vertex 12.9327 -21.1338 6.80438
      vertex 13.124 -21.3649 7.10438
    endloop
  endfacet
  facet normal 0.611586 -0.791178 0
    outer loop
      vertex 13.1077 -21.3775 7.10438
      vertex 13.124 -21.3649 9.50438
      vertex 13.1077 -21.3775 9.50438
    endloop
  endfacet
  facet normal 0.611586 -0.791178 0
    outer loop
      vertex 13.124 -21.3649 9.50438
      vertex 13.1077 -21.3775 7.10438
      vertex 13.124 -21.3649 7.10438
    endloop
  endfacet
  facet normal 0.392371 -0.588557 0.706856
    outer loop
      vertex 12.689 -21.6781 9.50438
      vertex 12.5141 -21.4344 9.80438
      vertex 12.6716 -21.6897 9.50438
    endloop
  endfacet
  facet normal 0.371443 -0.601726 0.707076
    outer loop
      vertex 12.5141 -21.4344 9.80438
      vertex 12.2368 -21.9581 9.50438
      vertex 12.6716 -21.6897 9.50438
    endloop
  endfacet
  facet normal 0.371348 -0.601711 0.707138
    outer loop
      vertex 12.2368 -21.9581 9.50438
      vertex 12.5141 -21.4344 9.80438
      vertex 12.0792 -21.7028 9.80438
    endloop
  endfacet
  facet normal 0.30445 -0.638364 -0.706967
    outer loop
      vertex 11.7497 -22.2129 7.10438
      vertex 11.6301 -21.9377 6.80438
      vertex 11.7692 -22.2036 7.10438
    endloop
  endfacet
  facet normal 0.30445 -0.638364 0.706967
    outer loop
      vertex 11.7692 -22.2036 9.50438
      vertex 11.6301 -21.9377 9.80438
      vertex 11.7497 -22.2129 9.50438
    endloop
  endfacet
  facet normal 0.281783 -0.648452 0.707184
    outer loop
      vertex 11.6301 -21.9377 9.80438
      vertex 11.2883 -22.4134 9.50438
      vertex 11.7497 -22.2129 9.50438
    endloop
  endfacet
  facet normal 0.281944 -0.648499 0.707076
    outer loop
      vertex 11.2883 -22.4134 9.50438
      vertex 11.6301 -21.9377 9.80438
      vertex 11.1687 -22.1383 9.80438
    endloop
  endfacet
  facet normal 0.398544 -0.917149 0
    outer loop
      vertex 11.2883 -22.4134 7.10438
      vertex 11.7497 -22.2129 9.50438
      vertex 11.2883 -22.4134 9.50438
    endloop
  endfacet
  facet normal 0.398544 -0.917149 0
    outer loop
      vertex 11.7497 -22.2129 9.50438
      vertex 11.2883 -22.4134 7.10438
      vertex 11.7497 -22.2129 7.10438
    endloop
  endfacet
  facet normal 0.112998 -0.993595 0
    outer loop
      vertex 9.27353 -22.8794 7.10438
      vertex 9.76418 -22.8236 9.50438
      vertex 9.27353 -22.8794 9.50438
    endloop
  endfacet
  facet normal 0.112998 -0.993595 0
    outer loop
      vertex 9.76418 -22.8236 9.50438
      vertex 9.27353 -22.8794 7.10438
      vertex 9.76418 -22.8236 7.10438
    endloop
  endfacet
  facet normal 0.0531358 -0.705456 -0.706759
    outer loop
      vertex 9.25096 -22.8811 7.10438
      vertex 9.23962 -22.5814 6.80438
      vertex 9.27353 -22.8794 7.10438
    endloop
  endfacet
  facet normal 0.207334 -0.676227 0.706916
    outer loop
      vertex 10.7961 -22.5867 9.50438
      vertex 10.6969 -22.3035 9.80438
      vertex 10.7749 -22.5932 9.50438
    endloop
  endfacet
  facet normal 0.223553 -0.974692 0
    outer loop
      vertex 10.2729 -22.7275 7.10438
      vertex 10.2947 -22.7225 9.50438
      vertex 10.2729 -22.7275 9.50438
    endloop
  endfacet
  facet normal 0.223553 -0.974692 0
    outer loop
      vertex 10.2947 -22.7225 9.50438
      vertex 10.2729 -22.7275 7.10438
      vertex 10.2947 -22.7225 7.10438
    endloop
  endfacet
  facet normal 0.330653 -0.943752 0
    outer loop
      vertex 10.7961 -22.5867 7.10438
      vertex 11.2679 -22.4214 9.50438
      vertex 10.7961 -22.5867 9.50438
    endloop
  endfacet
  facet normal 0.330653 -0.943752 0
    outer loop
      vertex 11.2679 -22.4214 9.50438
      vertex 10.7961 -22.5867 7.10438
      vertex 11.2679 -22.4214 7.10438
    endloop
  endfacet
  facet normal -0.432573 -0.559599 -0.706915
    outer loop
      vertex -13.1077 -21.3775 7.10438
      vertex -13.124 -21.3649 7.10438
      vertex -12.9327 -21.1338 6.80438
    endloop
  endfacet
  facet normal -0.776657 0.629924 0
    outer loop
      vertex -14.6445 19.8253 7.10438
      vertex -14.3075 20.2408 9.50438
      vertex -14.3075 20.2408 7.10438
    endloop
  endfacet
  facet normal -0.776657 0.629924 0
    outer loop
      vertex -14.3075 20.2408 9.50438
      vertex -14.6445 19.8253 7.10438
      vertex -14.6445 19.8253 9.50438
    endloop
  endfacet
  facet normal -0.611586 -0.791178 0
    outer loop
      vertex -13.124 -21.3649 7.10438
      vertex -13.1077 -21.3775 9.50438
      vertex -13.124 -21.3649 9.50438
    endloop
  endfacet
  facet normal -0.611586 -0.791178 -0
    outer loop
      vertex -13.1077 -21.3775 9.50438
      vertex -13.124 -21.3649 7.10438
      vertex -13.1077 -21.3775 7.10438
    endloop
  endfacet
  facet normal -0.65835 -0.258211 -0.707038
    outer loop
      vertex -15.7835 -17.8575 7.10438
      vertex -15.7077 -17.2293 6.80438
      vertex -15.5043 -17.7479 6.80438
    endloop
  endfacet
  facet normal -0.658205 -0.258281 -0.707147
    outer loop
      vertex -15.7077 -17.2293 6.80438
      vertex -15.7835 -17.8575 7.10438
      vertex -15.987 -17.3389 7.10438
    endloop
  endfacet
  facet normal -0.958452 -0.285254 0
    outer loop
      vertex -16.1666 -16.7895 7.10438
      vertex -16.1716 -16.7727 9.50438
      vertex -16.1716 -16.7727 7.10438
    endloop
  endfacet
  facet normal -0.958452 -0.285254 0
    outer loop
      vertex -16.1716 -16.7727 9.50438
      vertex -16.1666 -16.7895 7.10438
      vertex -16.1666 -16.7895 9.50438
    endloop
  endfacet
  facet normal -0.677865 -0.201745 0.706964
    outer loop
      vertex -15.8814 -16.6965 9.80438
      vertex -16.1716 -16.7727 9.50438
      vertex -16.1666 -16.7895 9.50438
    endloop
  endfacet
  facet normal -0.665085 -0.240392 -0.707017
    outer loop
      vertex -15.987 -17.3389 7.10438
      vertex -15.993 -17.3223 7.10438
      vertex -15.7077 -17.2293 6.80438
    endloop
  endfacet
  facet normal -0.562223 -0.429065 0.706971
    outer loop
      vertex -14.4115 -19.6363 9.80438
      vertex -14.6561 -19.8101 9.50438
      vertex -14.6445 -19.8253 9.50438
    endloop
  endfacet
  facet normal -0.633407 -0.31476 -0.70691
    outer loop
      vertex -15.536 -18.3923 7.10438
      vertex -15.5441 -18.376 7.10438
      vertex -15.2719 -18.25 6.80438
    endloop
  endfacet
  facet normal -0.895523 -0.445015 0
    outer loop
      vertex -15.536 -18.3923 7.10438
      vertex -15.5441 -18.376 9.50438
      vertex -15.5441 -18.376 7.10438
    endloop
  endfacet
  facet normal -0.895523 -0.445015 0
    outer loop
      vertex -15.5441 -18.376 9.50438
      vertex -15.536 -18.3923 7.10438
      vertex -15.536 -18.3923 9.50438
    endloop
  endfacet
  facet normal -0.60078 -0.372907 -0.707109
    outer loop
      vertex -14.9792 -19.3544 7.10438
      vertex -15.0115 -18.7335 6.80438
      vertex -14.7243 -19.1962 6.80438
    endloop
  endfacet
  facet normal -0.600869 -0.372882 -0.707047
    outer loop
      vertex -15.0115 -18.7335 6.80438
      vertex -14.9792 -19.3544 7.10438
      vertex -15.2664 -18.8916 7.10438
    endloop
  endfacet
  facet normal -0.519123 -0.480042 -0.707157
    outer loop
      vertex -13.9349 -20.6447 7.10438
      vertex -14.0745 -20.0518 6.80438
      vertex -13.7146 -20.441 6.80438
    endloop
  endfacet
  facet normal -0.519123 -0.480042 -0.707157
    outer loop
      vertex -14.0745 -20.0518 6.80438
      vertex -13.9349 -20.6447 7.10438
      vertex -14.2948 -20.2555 7.10438
    endloop
  endfacet
  facet normal -0.83205 -0.5547 0
    outer loop
      vertex -14.9688 -19.37 7.10438
      vertex -14.9792 -19.3544 9.50438
      vertex -14.9792 -19.3544 7.10438
    endloop
  endfacet
  facet normal -0.83205 -0.5547 0
    outer loop
      vertex -14.9792 -19.3544 9.50438
      vertex -14.9688 -19.37 7.10438
      vertex -14.9688 -19.37 9.50438
    endloop
  endfacet
  facet normal -0.258253 -0.658544 -0.706842
    outer loop
      vertex -11.2679 -22.4214 7.10438
      vertex -11.2883 -22.4134 7.10438
      vertex -11.1687 -22.1383 6.80438
    endloop
  endfacet
  facet normal -0.349135 -0.615142 -0.706898
    outer loop
      vertex -12.2183 -21.9686 7.10438
      vertex -12.2368 -21.9581 7.10438
      vertex -12.0792 -21.7028 6.80438
    endloop
  endfacet
  facet normal 0.641758 -0.297041 -0.707046
    outer loop
      vertex 15.5441 -18.376 7.10438
      vertex 15.5043 -17.7479 6.80438
      vertex 15.7765 -17.8739 7.10438
    endloop
  endfacet
  facet normal 0.641758 -0.297041 -0.707046
    outer loop
      vertex 15.5043 -17.7479 6.80438
      vertex 15.5441 -18.376 7.10438
      vertex 15.2719 -18.25 6.80438
    endloop
  endfacet
  facet normal 0.207334 0.676227 0.706916
    outer loop
      vertex 10.7749 22.5932 9.50438
      vertex 10.6969 22.3035 9.80438
      vertex 10.7961 22.5867 9.50438
    endloop
  endfacet
  facet normal -0.349135 -0.615142 0.706898
    outer loop
      vertex -12.0792 -21.7028 9.80438
      vertex -12.2368 -21.9581 9.50438
      vertex -12.2183 -21.9686 9.50438
    endloop
  endfacet
  facet normal 0.503651 0.496507 0.706976
    outer loop
      vertex 13.921 20.6588 9.50438
      vertex 13.7146 20.441 9.80438
      vertex 13.9349 20.6447 9.50438
    endloop
  endfacet
  facet normal 0.688889 -0.159921 0.707006
    outer loop
      vertex 16.3186 -16.2111 9.50438
      vertex 16.0245 -16.1517 9.80438
      vertex 16.3147 -16.2279 9.50438
    endloop
  endfacet
  facet normal -0.503651 -0.496507 -0.706976
    outer loop
      vertex -13.921 -20.6588 7.10438
      vertex -13.9349 -20.6447 7.10438
      vertex -13.7146 -20.441 6.80438
    endloop
  endfacet
  facet normal -0.486429 -0.513228 0.707095
    outer loop
      vertex -13.7146 -20.441 9.80438
      vertex -13.5399 -21.0199 9.50438
      vertex -13.3335 -20.8022 9.80438
    endloop
  endfacet
  facet normal -0.486299 -0.513233 0.707181
    outer loop
      vertex -13.5399 -21.0199 9.50438
      vertex -13.7146 -20.441 9.80438
      vertex -13.921 -20.6588 9.50438
    endloop
  endfacet
  facet normal -0.974097 -0.22613 0
    outer loop
      vertex -16.3147 -16.2279 7.10438
      vertex -16.3186 -16.2111 9.50438
      vertex -16.3186 -16.2111 7.10438
    endloop
  endfacet
  facet normal -0.974097 -0.22613 0
    outer loop
      vertex -16.3186 -16.2111 9.50438
      vertex -16.3147 -16.2279 7.10438
      vertex -16.3147 -16.2279 9.50438
    endloop
  endfacet
  facet normal -0.996371 -0.0851119 0
    outer loop
      vertex -16.5157 -15.0611 7.10438
      vertex -16.5641 -14.4945 9.50438
      vertex -16.5641 -14.4945 7.10438
    endloop
  endfacet
  facet normal -0.996371 -0.0851119 0
    outer loop
      vertex -16.5641 -14.4945 9.50438
      vertex -16.5157 -15.0611 7.10438
      vertex -16.5157 -15.0611 9.50438
    endloop
  endfacet
  facet normal -0.999723 -0.0235229 0
    outer loop
      vertex -16.5811 -13.9085 7.10438
      vertex -16.5813 -13.9 9.50438
      vertex -16.5813 -13.9 7.10438
    endloop
  endfacet
  facet normal -0.999723 -0.0235229 0
    outer loop
      vertex -16.5813 -13.9 9.50438
      vertex -16.5811 -13.9085 7.10438
      vertex -16.5811 -13.9085 9.50438
    endloop
  endfacet
  facet normal -0.707009 -0.0166355 -0.707009
    outer loop
      vertex -16.5811 -13.9085 7.10438
      vertex -16.5813 -13.9 7.10438
      vertex -16.2813 -13.9 6.80438
    endloop
  endfacet
  facet normal -0.576302 0.409606 0.707177
    outer loop
      vertex -14.6561 19.8101 9.50438
      vertex -14.7243 19.1962 9.80438
      vertex -14.4115 19.6363 9.80438
    endloop
  endfacet
  facet normal -0.576443 0.409574 0.707081
    outer loop
      vertex -14.7243 19.1962 9.80438
      vertex -14.6561 19.8101 9.50438
      vertex -14.9688 19.37 9.50438
    endloop
  endfacet
  facet normal -0.260002 0.965608 0
    outer loop
      vertex -10.2947 22.7225 7.10438
      vertex -10.7749 22.5932 9.50438
      vertex -10.2947 22.7225 9.50438
    endloop
  endfacet
  facet normal -0.260002 0.965608 0
    outer loop
      vertex -10.7749 22.5932 9.50438
      vertex -10.2947 22.7225 7.10438
      vertex -10.7749 22.5932 7.10438
    endloop
  endfacet
  facet normal -0.207334 0.676227 -0.706916
    outer loop
      vertex -10.6969 22.3035 6.80438
      vertex -10.7961 22.5867 7.10438
      vertex -10.7749 22.5932 7.10438
    endloop
  endfacet
  facet normal -0.371348 0.601711 -0.707138
    outer loop
      vertex -12.5141 21.4344 6.80438
      vertex -12.2368 21.9581 7.10438
      vertex -12.0792 21.7028 6.80438
    endloop
  endfacet
  facet normal -0.371443 0.601726 -0.707076
    outer loop
      vertex -12.2368 21.9581 7.10438
      vertex -12.5141 21.4344 6.80438
      vertex -12.6716 21.6897 7.10438
    endloop
  endfacet
  facet normal -0.32768 0.626484 -0.707208
    outer loop
      vertex -12.0792 21.7028 6.80438
      vertex -11.7692 22.2036 7.10438
      vertex -11.6301 21.9377 6.80438
    endloop
  endfacet
  facet normal -0.327838 0.626519 -0.707104
    outer loop
      vertex -11.7692 22.2036 7.10438
      vertex -12.0792 21.7028 6.80438
      vertex -12.2183 21.9686 7.10438
    endloop
  endfacet
  facet normal -0.432573 0.559599 0.706915
    outer loop
      vertex -13.1077 21.3775 9.50438
      vertex -13.124 21.3649 9.50438
      vertex -12.9327 21.1338 9.80438
    endloop
  endfacet
  facet normal -0.412473 0.574389 0.707067
    outer loop
      vertex -12.689 21.6781 9.50438
      vertex -12.9327 21.1338 9.80438
      vertex -12.5141 21.4344 9.80438
    endloop
  endfacet
  facet normal -0.412368 0.57438 0.707136
    outer loop
      vertex -12.9327 21.1338 9.80438
      vertex -12.689 21.6781 9.50438
      vertex -13.1077 21.3775 9.50438
    endloop
  endfacet
  facet normal 0.183844 0.682769 -0.707127
    outer loop
      vertex 10.6969 22.3035 6.80438
      vertex 10.2947 22.7225 7.10438
      vertex 10.7749 22.5932 7.10438
    endloop
  endfacet
  facet normal 0.183844 0.682769 -0.707127
    outer loop
      vertex 10.2947 22.7225 7.10438
      vertex 10.6969 22.3035 6.80438
      vertex 10.2167 22.4328 6.80438
    endloop
  endfacet
  facet normal 0.622532 0.335348 0.707103
    outer loop
      vertex 15.2756 18.8757 9.50438
      vertex 15.2719 18.25 9.80438
      vertex 15.536 18.3923 9.50438
    endloop
  endfacet
  facet normal 0.622611 0.335321 0.707047
    outer loop
      vertex 15.2719 18.25 9.80438
      vertex 15.2756 18.8757 9.50438
      vertex 15.0115 18.7335 9.80438
    endloop
  endfacet
  facet normal 0.849686 0.52729 0
    outer loop
      vertex 15.2664 18.8916 9.50438
      vertex 14.9792 19.3544 7.10438
      vertex 14.9792 19.3544 9.50438
    endloop
  endfacet
  facet normal 0.849686 0.52729 0
    outer loop
      vertex 14.9792 19.3544 7.10438
      vertex 15.2664 18.8916 9.50438
      vertex 15.2664 18.8916 7.10438
    endloop
  endfacet
  facet normal 0.756707 0.653754 0
    outer loop
      vertex 14.3075 20.2408 9.50438
      vertex 14.2948 20.2555 7.10438
      vertex 14.2948 20.2555 9.50438
    endloop
  endfacet
  facet normal 0.756707 0.653754 0
    outer loop
      vertex 14.2948 20.2555 7.10438
      vertex 14.3075 20.2408 9.50438
      vertex 14.3075 20.2408 7.10438
    endloop
  endfacet
  facet normal 0.535187 0.462372 0.706956
    outer loop
      vertex 14.2948 20.2555 9.50438
      vertex 14.0745 20.0518 9.80438
      vertex 14.3075 20.2408 9.50438
    endloop
  endfacet
  facet normal 0.687803 0.725898 -0
    outer loop
      vertex 13.921 20.6588 7.10438
      vertex 13.5399 21.0199 9.50438
      vertex 13.921 20.6588 9.50438
    endloop
  endfacet
  facet normal 0.687803 0.725898 0
    outer loop
      vertex 13.5399 21.0199 9.50438
      vertex 13.921 20.6588 7.10438
      vertex 13.5399 21.0199 7.10438
    endloop
  endfacet
  facet normal -0.412473 -0.574389 0.707067
    outer loop
      vertex -12.9327 -21.1338 9.80438
      vertex -12.689 -21.6781 9.50438
      vertex -12.5141 -21.4344 9.80438
    endloop
  endfacet
  facet normal -0.412368 -0.57438 0.707136
    outer loop
      vertex -12.689 -21.6781 9.50438
      vertex -12.9327 -21.1338 9.80438
      vertex -13.1077 -21.3775 9.50438
    endloop
  endfacet
  facet normal -0.503651 0.496507 -0.706976
    outer loop
      vertex -13.7146 20.441 6.80438
      vertex -13.9349 20.6447 7.10438
      vertex -13.921 20.6588 7.10438
    endloop
  endfacet
  facet normal -0.712139 0.702038 0
    outer loop
      vertex -13.9349 20.6447 7.10438
      vertex -13.921 20.6588 9.50438
      vertex -13.921 20.6588 7.10438
    endloop
  endfacet
  facet normal -0.712139 0.702038 0
    outer loop
      vertex -13.921 20.6588 9.50438
      vertex -13.9349 20.6447 7.10438
      vertex -13.9349 20.6447 9.50438
    endloop
  endfacet
  facet normal -0.519123 0.480042 0.707157
    outer loop
      vertex -13.9349 20.6447 9.50438
      vertex -14.0745 20.0518 9.80438
      vertex -13.7146 20.441 9.80438
    endloop
  endfacet
  facet normal -0.519123 0.480042 0.707157
    outer loop
      vertex -14.0745 20.0518 9.80438
      vertex -13.9349 20.6447 9.50438
      vertex -14.2948 20.2555 9.50438
    endloop
  endfacet
  facet normal -0.0531358 0.705456 0.706759
    outer loop
      vertex -9.25096 22.8811 9.50438
      vertex -9.27353 22.8794 9.50438
      vertex -9.23962 22.5814 9.80438
    endloop
  endfacet
  facet normal 0.704441 0.0601746 0.707207
    outer loop
      vertex 16.5157 15.0611 9.50438
      vertex 16.2651 14.469 9.80438
      vertex 16.5641 14.4945 9.50438
    endloop
  endfacet
  facet normal 0.704568 0.0600611 0.70709
    outer loop
      vertex 16.2651 14.469 9.80438
      vertex 16.5157 15.0611 9.50438
      vertex 16.2168 15.0356 9.80438
    endloop
  endfacet
  facet normal 0.704441 0.0601746 -0.707207
    outer loop
      vertex 16.2651 14.469 6.80438
      vertex 16.5157 15.0611 7.10438
      vertex 16.5641 14.4945 7.10438
    endloop
  endfacet
  facet normal 0.704568 0.0600611 -0.70709
    outer loop
      vertex 16.5157 15.0611 7.10438
      vertex 16.2651 14.469 6.80438
      vertex 16.2168 15.0356 6.80438
    endloop
  endfacet
  facet normal 0.993739 0.111722 0
    outer loop
      vertex 16.5157 15.0611 9.50438
      vertex 16.5138 15.078 7.10438
      vertex 16.5138 15.078 9.50438
    endloop
  endfacet
  facet normal 0.993739 0.111722 0
    outer loop
      vertex 16.5138 15.078 7.10438
      vertex 16.5157 15.0611 9.50438
      vertex 16.5157 15.0611 7.10438
    endloop
  endfacet
  facet normal 0.699977 0.100068 0.70712
    outer loop
      vertex 16.4335 15.6397 9.50438
      vertex 16.2168 15.0356 9.80438
      vertex 16.5138 15.078 9.50438
    endloop
  endfacet
  facet normal 0.699977 0.100068 0.70712
    outer loop
      vertex 16.2168 15.0356 9.80438
      vertex 16.4335 15.6397 9.50438
      vertex 16.1365 15.5973 9.80438
    endloop
  endfacet
  facet normal 0.702823 0.0790156 0.706963
    outer loop
      vertex 16.5138 15.078 9.50438
      vertex 16.2168 15.0356 9.80438
      vertex 16.5157 15.0611 9.50438
    endloop
  endfacet
  facet normal -0.01247 -0.707052 -0.707052
    outer loop
      vertex -8.74684 -22.9 7.10438
      vertex -8.75818 -22.8998 7.10438
      vertex -8.74684 -22.6 6.80438
    endloop
  endfacet
  facet normal -0.0531358 -0.705456 0.706759
    outer loop
      vertex -9.23962 -22.5814 9.80438
      vertex -9.27353 -22.8794 9.50438
      vertex -9.25096 -22.8811 9.50438
    endloop
  endfacet
  facet normal -0.146645 -0.989189 0
    outer loop
      vertex -9.78644 -22.8203 7.10438
      vertex -9.76418 -22.8236 9.50438
      vertex -9.78644 -22.8203 9.50438
    endloop
  endfacet
  facet normal -0.146645 -0.989189 -0
    outer loop
      vertex -9.76418 -22.8236 9.50438
      vertex -9.78644 -22.8203 7.10438
      vertex -9.76418 -22.8236 7.10438
    endloop
  endfacet
  facet normal 0.650547 -0.277672 -0.706885
    outer loop
      vertex 15.7765 -17.8739 7.10438
      vertex 15.5043 -17.7479 6.80438
      vertex 15.7835 -17.8575 7.10438
    endloop
  endfacet
  facet normal 0.258253 -0.658544 -0.706842
    outer loop
      vertex 11.2679 -22.4214 7.10438
      vertex 11.1687 -22.1383 6.80438
      vertex 11.2883 -22.4134 7.10438
    endloop
  endfacet
  facet normal 0.535187 -0.462372 -0.706956
    outer loop
      vertex 14.2948 -20.2555 7.10438
      vertex 14.0745 -20.0518 6.80438
      vertex 14.3075 -20.2408 7.10438
    endloop
  endfacet
  facet normal 0.549164 -0.445411 0.707126
    outer loop
      vertex 14.4115 -19.6363 9.80438
      vertex 14.3075 -20.2408 9.50438
      vertex 14.6445 -19.8253 9.50438
    endloop
  endfacet
  facet normal 0.549164 -0.445411 0.707126
    outer loop
      vertex 14.3075 -20.2408 9.50438
      vertex 14.4115 -19.6363 9.80438
      vertex 14.0745 -20.0518 9.80438
    endloop
  endfacet
  facet normal 0.535187 -0.462372 0.706956
    outer loop
      vertex 14.3075 -20.2408 9.50438
      vertex 14.0745 -20.0518 9.80438
      vertex 14.2948 -20.2555 9.50438
    endloop
  endfacet
  facet normal 0.677865 -0.201745 0.706964
    outer loop
      vertex 16.1716 -16.7727 9.50438
      vertex 15.8814 -16.6965 9.80438
      vertex 16.1666 -16.7895 9.50438
    endloop
  endfacet
  facet normal 0.493606 -0.869686 0
    outer loop
      vertex 12.2183 -21.9686 7.10438
      vertex 12.2368 -21.9581 9.50438
      vertex 12.2183 -21.9686 9.50438
    endloop
  endfacet
  facet normal 0.493606 -0.869686 0
    outer loop
      vertex 12.2368 -21.9581 9.50438
      vertex 12.2183 -21.9686 7.10438
      vertex 12.2368 -21.9581 7.10438
    endloop
  endfacet
  facet normal -0.330653 -0.943752 0
    outer loop
      vertex -11.2679 -22.4214 7.10438
      vertex -10.7961 -22.5867 9.50438
      vertex -11.2679 -22.4214 9.50438
    endloop
  endfacet
  facet normal -0.330653 -0.943752 -0
    outer loop
      vertex -10.7961 -22.5867 9.50438
      vertex -11.2679 -22.4214 7.10438
      vertex -10.7961 -22.5867 7.10438
    endloop
  endfacet
  facet normal -0.637552 -0.770407 0
    outer loop
      vertex -13.5247 -21.0333 7.10438
      vertex -13.124 -21.3649 9.50438
      vertex -13.5247 -21.0333 9.50438
    endloop
  endfacet
  facet normal -0.637552 -0.770407 -0
    outer loop
      vertex -13.124 -21.3649 9.50438
      vertex -13.5247 -21.0333 7.10438
      vertex -13.124 -21.3649 7.10438
    endloop
  endfacet
  facet normal -0.950803 -0.309796 0
    outer loop
      vertex -15.993 -17.3223 7.10438
      vertex -16.1666 -16.7895 9.50438
      vertex -16.1666 -16.7895 7.10438
    endloop
  endfacet
  facet normal -0.950803 -0.309796 0
    outer loop
      vertex -16.1666 -16.7895 9.50438
      vertex -15.993 -17.3223 7.10438
      vertex -15.993 -17.3223 9.50438
    endloop
  endfacet
  facet normal -0.641758 -0.297041 -0.707046
    outer loop
      vertex -15.5441 -18.376 7.10438
      vertex -15.5043 -17.7479 6.80438
      vertex -15.2719 -18.25 6.80438
    endloop
  endfacet
  facet normal -0.641758 -0.297041 -0.707046
    outer loop
      vertex -15.5043 -17.7479 6.80438
      vertex -15.5441 -18.376 7.10438
      vertex -15.7765 -17.8739 7.10438
    endloop
  endfacet
  facet normal -0.907504 -0.420044 0
    outer loop
      vertex -15.5441 -18.376 7.10438
      vertex -15.7765 -17.8739 9.50438
      vertex -15.7765 -17.8739 7.10438
    endloop
  endfacet
  facet normal -0.907504 -0.420044 0
    outer loop
      vertex -15.7765 -17.8739 9.50438
      vertex -15.5441 -18.376 7.10438
      vertex -15.5441 -18.376 9.50438
    endloop
  endfacet
  facet normal -0.880389 -0.474252 0
    outer loop
      vertex -15.2756 -18.8757 7.10438
      vertex -15.536 -18.3923 9.50438
      vertex -15.536 -18.3923 7.10438
    endloop
  endfacet
  facet normal -0.880389 -0.474252 0
    outer loop
      vertex -15.536 -18.3923 9.50438
      vertex -15.2756 -18.8757 7.10438
      vertex -15.2756 -18.8757 9.50438
    endloop
  endfacet
  facet normal -0.622611 -0.335321 -0.707047
    outer loop
      vertex -15.2756 -18.8757 7.10438
      vertex -15.2719 -18.25 6.80438
      vertex -15.0115 -18.7335 6.80438
    endloop
  endfacet
  facet normal -0.622532 -0.335348 -0.707103
    outer loop
      vertex -15.2719 -18.25 6.80438
      vertex -15.2756 -18.8757 7.10438
      vertex -15.536 -18.3923 7.10438
    endloop
  endfacet
  facet normal -0.794951 -0.606673 0
    outer loop
      vertex -14.6445 -19.8253 7.10438
      vertex -14.6561 -19.8101 9.50438
      vertex -14.6561 -19.8101 7.10438
    endloop
  endfacet
  facet normal -0.794951 -0.606673 0
    outer loop
      vertex -14.6561 -19.8101 9.50438
      vertex -14.6445 -19.8253 7.10438
      vertex -14.6445 -19.8253 9.50438
    endloop
  endfacet
  facet normal -0.849686 -0.52729 0
    outer loop
      vertex -14.9792 -19.3544 7.10438
      vertex -15.2664 -18.8916 9.50438
      vertex -15.2664 -18.8916 7.10438
    endloop
  endfacet
  facet normal -0.849686 -0.52729 0
    outer loop
      vertex -15.2664 -18.8916 9.50438
      vertex -14.9792 -19.3544 7.10438
      vertex -14.9792 -19.3544 9.50438
    endloop
  endfacet
  facet normal -0.293135 -0.956071 0
    outer loop
      vertex -10.7961 -22.5867 7.10438
      vertex -10.7749 -22.5932 9.50438
      vertex -10.7961 -22.5867 9.50438
    endloop
  endfacet
  facet normal -0.293135 -0.956071 -0
    outer loop
      vertex -10.7749 -22.5932 9.50438
      vertex -10.7961 -22.5867 7.10438
      vertex -10.7749 -22.5932 7.10438
    endloop
  endfacet
  facet normal -0.5832 -0.812328 0
    outer loop
      vertex -13.1077 -21.3775 7.10438
      vertex -12.689 -21.6781 9.50438
      vertex -13.1077 -21.3775 9.50438
    endloop
  endfacet
  facet normal -0.5832 -0.812328 -0
    outer loop
      vertex -12.689 -21.6781 9.50438
      vertex -13.1077 -21.3775 7.10438
      vertex -12.689 -21.6781 7.10438
    endloop
  endfacet
  facet normal -0.493606 -0.869686 0
    outer loop
      vertex -12.2368 -21.9581 7.10438
      vertex -12.2183 -21.9686 9.50438
      vertex -12.2368 -21.9581 9.50438
    endloop
  endfacet
  facet normal -0.493606 -0.869686 -0
    outer loop
      vertex -12.2183 -21.9686 9.50438
      vertex -12.2368 -21.9581 7.10438
      vertex -12.2183 -21.9686 7.10438
    endloop
  endfacet
  facet normal -0.30445 -0.638364 0.706967
    outer loop
      vertex -11.6301 -21.9377 9.80438
      vertex -11.7692 -22.2036 9.50438
      vertex -11.7497 -22.2129 9.50438
    endloop
  endfacet
  facet normal -0.30445 -0.638364 -0.706967
    outer loop
      vertex -11.7497 -22.2129 7.10438
      vertex -11.7692 -22.2036 7.10438
      vertex -11.6301 -21.9377 6.80438
    endloop
  endfacet
  facet normal -0.398544 -0.917149 0
    outer loop
      vertex -11.7497 -22.2129 7.10438
      vertex -11.2883 -22.4134 9.50438
      vertex -11.7497 -22.2129 9.50438
    endloop
  endfacet
  facet normal -0.398544 -0.917149 -0
    outer loop
      vertex -11.2883 -22.4134 9.50438
      vertex -11.7497 -22.2129 7.10438
      vertex -11.2883 -22.4134 7.10438
    endloop
  endfacet
  facet normal -0.365088 -0.930973 0
    outer loop
      vertex -11.2883 -22.4134 7.10438
      vertex -11.2679 -22.4214 9.50438
      vertex -11.2883 -22.4134 9.50438
    endloop
  endfacet
  facet normal -0.365088 -0.930973 -0
    outer loop
      vertex -11.2679 -22.4214 9.50438
      vertex -11.2883 -22.4134 7.10438
      vertex -11.2679 -22.4214 7.10438
    endloop
  endfacet
  facet normal -0.486429 -0.513228 -0.707095
    outer loop
      vertex -13.5399 -21.0199 7.10438
      vertex -13.7146 -20.441 6.80438
      vertex -13.3335 -20.8022 6.80438
    endloop
  endfacet
  facet normal -0.486299 -0.513233 -0.707181
    outer loop
      vertex -13.7146 -20.441 6.80438
      vertex -13.5399 -21.0199 7.10438
      vertex -13.921 -20.6588 7.10438
    endloop
  endfacet
  facet normal -0.519123 -0.480042 0.707157
    outer loop
      vertex -14.0745 -20.0518 9.80438
      vertex -13.9349 -20.6447 9.50438
      vertex -13.7146 -20.441 9.80438
    endloop
  endfacet
  facet normal -0.519123 -0.480042 0.707157
    outer loop
      vertex -13.9349 -20.6447 9.50438
      vertex -14.0745 -20.0518 9.80438
      vertex -14.2948 -20.2555 9.50438
    endloop
  endfacet
  facet normal -0.30445 0.638364 0.706967
    outer loop
      vertex -11.7497 22.2129 9.50438
      vertex -11.7692 22.2036 9.50438
      vertex -11.6301 21.9377 9.80438
    endloop
  endfacet
  facet normal -0.5547 0.83205 0
    outer loop
      vertex -12.6716 21.6897 7.10438
      vertex -12.689 21.6781 9.50438
      vertex -12.6716 21.6897 9.50438
    endloop
  endfacet
  facet normal -0.5547 0.83205 0
    outer loop
      vertex -12.689 21.6781 9.50438
      vertex -12.6716 21.6897 7.10438
      vertex -12.689 21.6781 7.10438
    endloop
  endfacet
  facet normal -0.392371 0.588557 0.706856
    outer loop
      vertex -12.6716 21.6897 9.50438
      vertex -12.689 21.6781 9.50438
      vertex -12.5141 21.4344 9.80438
    endloop
  endfacet
  facet normal 0.588502 0.392335 0.706922
    outer loop
      vertex 14.9688 19.37 9.50438
      vertex 14.7243 19.1962 9.80438
      vertex 14.9792 19.3544 9.50438
    endloop
  endfacet
  facet normal 0.776657 0.629924 0
    outer loop
      vertex 14.6445 19.8253 9.50438
      vertex 14.3075 20.2408 7.10438
      vertex 14.3075 20.2408 9.50438
    endloop
  endfacet
  facet normal 0.776657 0.629924 0
    outer loop
      vertex 14.3075 20.2408 7.10438
      vertex 14.6445 19.8253 9.50438
      vertex 14.6445 19.8253 7.10438
    endloop
  endfacet
  facet normal 0.712139 0.702038 0
    outer loop
      vertex 13.9349 20.6447 9.50438
      vertex 13.921 20.6588 7.10438
      vertex 13.921 20.6588 9.50438
    endloop
  endfacet
  facet normal 0.712139 0.702038 0
    outer loop
      vertex 13.921 20.6588 7.10438
      vertex 13.9349 20.6447 9.50438
      vertex 13.9349 20.6447 7.10438
    endloop
  endfacet
  facet normal -0.535187 0.462372 -0.706956
    outer loop
      vertex -14.0745 20.0518 6.80438
      vertex -14.3075 20.2408 7.10438
      vertex -14.2948 20.2555 7.10438
    endloop
  endfacet
  facet normal 0.697153 0.118926 0.70699
    outer loop
      vertex 16.4306 15.6567 9.50438
      vertex 16.1365 15.5973 9.80438
      vertex 16.4335 15.6397 9.50438
    endloop
  endfacet
  facet normal 0.989935 0.14152 0
    outer loop
      vertex 16.5138 15.078 9.50438
      vertex 16.4335 15.6397 7.10438
      vertex 16.4335 15.6397 9.50438
    endloop
  endfacet
  facet normal 0.989935 0.14152 0
    outer loop
      vertex 16.4335 15.6397 7.10438
      vertex 16.5138 15.078 9.50438
      vertex 16.5138 15.078 7.10438
    endloop
  endfacet
  facet normal 0.612232 -0.354247 0.706881
    outer loop
      vertex 15.2756 -18.8757 9.50438
      vertex 15.0115 -18.7335 9.80438
      vertex 15.2664 -18.8916 9.50438
    endloop
  endfacet
  facet normal 0.86555 -0.500822 0
    outer loop
      vertex 15.2664 -18.8916 9.50438
      vertex 15.2756 -18.8757 7.10438
      vertex 15.2756 -18.8757 9.50438
    endloop
  endfacet
  facet normal 0.86555 -0.500822 0
    outer loop
      vertex 15.2756 -18.8757 7.10438
      vertex 15.2664 -18.8916 9.50438
      vertex 15.2664 -18.8916 7.10438
    endloop
  endfacet
  facet normal 0.880389 -0.474252 0
    outer loop
      vertex 15.2756 -18.8757 9.50438
      vertex 15.536 -18.3923 7.10438
      vertex 15.536 -18.3923 9.50438
    endloop
  endfacet
  facet normal 0.880389 -0.474252 0
    outer loop
      vertex 15.536 -18.3923 7.10438
      vertex 15.2756 -18.8757 9.50438
      vertex 15.2756 -18.8757 7.10438
    endloop
  endfacet
  facet normal 0.930895 -0.365286 0
    outer loop
      vertex 15.7835 -17.8575 9.50438
      vertex 15.987 -17.3389 7.10438
      vertex 15.987 -17.3389 9.50438
    endloop
  endfacet
  facet normal 0.930895 -0.365286 0
    outer loop
      vertex 15.987 -17.3389 7.10438
      vertex 15.7835 -17.8575 9.50438
      vertex 15.7835 -17.8575 7.10438
    endloop
  endfacet
  facet normal 0.5547 -0.83205 0
    outer loop
      vertex 12.6716 -21.6897 7.10438
      vertex 12.689 -21.6781 9.50438
      vertex 12.6716 -21.6897 9.50438
    endloop
  endfacet
  facet normal 0.5547 -0.83205 0
    outer loop
      vertex 12.689 -21.6781 9.50438
      vertex 12.6716 -21.6897 7.10438
      vertex 12.689 -21.6781 7.10438
    endloop
  endfacet
  facet normal -0.661295 -0.750126 0
    outer loop
      vertex -13.5399 -21.0199 7.10438
      vertex -13.5247 -21.0333 9.50438
      vertex -13.5399 -21.0199 9.50438
    endloop
  endfacet
  facet normal -0.661295 -0.750126 -0
    outer loop
      vertex -13.5247 -21.0333 9.50438
      vertex -13.5399 -21.0199 7.10438
      vertex -13.5247 -21.0333 7.10438
    endloop
  endfacet
  facet normal -0.392371 -0.588557 -0.706856
    outer loop
      vertex -12.6716 -21.6897 7.10438
      vertex -12.689 -21.6781 7.10438
      vertex -12.5141 -21.4344 6.80438
    endloop
  endfacet
  facet normal -0.371348 -0.601711 -0.707138
    outer loop
      vertex -12.2368 -21.9581 7.10438
      vertex -12.5141 -21.4344 6.80438
      vertex -12.0792 -21.7028 6.80438
    endloop
  endfacet
  facet normal -0.371443 -0.601726 -0.707076
    outer loop
      vertex -12.5141 -21.4344 6.80438
      vertex -12.2368 -21.9581 7.10438
      vertex -12.6716 -21.6897 7.10438
    endloop
  endfacet
  facet normal -0.641758 -0.297041 0.707046
    outer loop
      vertex -15.5043 -17.7479 9.80438
      vertex -15.5441 -18.376 9.50438
      vertex -15.2719 -18.25 9.80438
    endloop
  endfacet
  facet normal -0.641758 -0.297041 0.707046
    outer loop
      vertex -15.5441 -18.376 9.50438
      vertex -15.5043 -17.7479 9.80438
      vertex -15.7765 -17.8739 9.50438
    endloop
  endfacet
  facet normal -0.650547 -0.277672 0.706885
    outer loop
      vertex -15.5043 -17.7479 9.80438
      vertex -15.7835 -17.8575 9.50438
      vertex -15.7765 -17.8739 9.50438
    endloop
  endfacet
  facet normal -0.612232 -0.354247 0.706881
    outer loop
      vertex -15.0115 -18.7335 9.80438
      vertex -15.2756 -18.8757 9.50438
      vertex -15.2664 -18.8916 9.50438
    endloop
  endfacet
  facet normal -0.756707 -0.653754 0
    outer loop
      vertex -14.2948 -20.2555 7.10438
      vertex -14.3075 -20.2408 9.50438
      vertex -14.3075 -20.2408 7.10438
    endloop
  endfacet
  facet normal -0.756707 -0.653754 0
    outer loop
      vertex -14.3075 -20.2408 9.50438
      vertex -14.2948 -20.2555 7.10438
      vertex -14.2948 -20.2555 9.50438
    endloop
  endfacet
  facet normal -0.535187 -0.462372 -0.706956
    outer loop
      vertex -14.2948 -20.2555 7.10438
      vertex -14.3075 -20.2408 7.10438
      vertex -14.0745 -20.0518 6.80438
    endloop
  endfacet
  facet normal -0.776657 -0.629924 0
    outer loop
      vertex -14.3075 -20.2408 7.10438
      vertex -14.6445 -19.8253 9.50438
      vertex -14.6445 -19.8253 7.10438
    endloop
  endfacet
  facet normal -0.776657 -0.629924 0
    outer loop
      vertex -14.6445 -19.8253 9.50438
      vertex -14.3075 -20.2408 7.10438
      vertex -14.3075 -20.2408 9.50438
    endloop
  endfacet
  facet normal -0.371348 -0.601711 0.707138
    outer loop
      vertex -12.5141 -21.4344 9.80438
      vertex -12.2368 -21.9581 9.50438
      vertex -12.0792 -21.7028 9.80438
    endloop
  endfacet
  facet normal -0.371443 -0.601726 0.707076
    outer loop
      vertex -12.2368 -21.9581 9.50438
      vertex -12.5141 -21.4344 9.80438
      vertex -12.6716 -21.6897 9.50438
    endloop
  endfacet
  facet normal -0.392371 -0.588557 0.706856
    outer loop
      vertex -12.5141 -21.4344 9.80438
      vertex -12.689 -21.6781 9.50438
      vertex -12.6716 -21.6897 9.50438
    endloop
  endfacet
  facet normal 0.699977 0.100068 -0.70712
    outer loop
      vertex 16.2168 15.0356 6.80438
      vertex 16.4335 15.6397 7.10438
      vertex 16.5138 15.078 7.10438
    endloop
  endfacet
  facet normal 0.699977 0.100068 -0.70712
    outer loop
      vertex 16.4335 15.6397 7.10438
      vertex 16.2168 15.0356 6.80438
      vertex 16.1365 15.5973 6.80438
    endloop
  endfacet
  facet normal -0.562223 -0.429065 -0.706971
    outer loop
      vertex -14.6445 -19.8253 7.10438
      vertex -14.6561 -19.8101 7.10438
      vertex -14.4115 -19.6363 6.80438
    endloop
  endfacet
  facet normal -0.549164 -0.445411 -0.707126
    outer loop
      vertex -14.3075 -20.2408 7.10438
      vertex -14.4115 -19.6363 6.80438
      vertex -14.0745 -20.0518 6.80438
    endloop
  endfacet
  facet normal -0.549164 -0.445411 -0.707126
    outer loop
      vertex -14.4115 -19.6363 6.80438
      vertex -14.3075 -20.2408 7.10438
      vertex -14.6445 -19.8253 7.10438
    endloop
  endfacet
  facet normal -0.704534 0.0600583 -0.707124
    outer loop
      vertex -15.8192 14.9902 0
      vertex -16.2651 14.469 0.4
      vertex -16.2168 15.0356 0.4
    endloop
  endfacet
  facet normal -0.707107 0 -0.707107
    outer loop
      vertex -15.8813 -13.894 0
      vertex -16.2813 13.9 0.4
      vertex -15.8813 13.894 0
    endloop
  endfacet
  facet normal -0.707107 -0 -0.707107
    outer loop
      vertex -16.2813 13.9 0.4
      vertex -15.8813 -13.894 0
      vertex -16.2813 -13.9 0.4
    endloop
  endfacet
  facet normal 0.330475 -0.943815 0
    outer loop
      vertex 10.6969 -22.3035 0.4
      vertex 11.1687 -22.1383 2.80438
      vertex 10.6969 -22.3035 2.80438
    endloop
  endfacet
  facet normal 0.330475 -0.943815 0
    outer loop
      vertex 11.1687 -22.1383 2.80438
      vertex 10.6969 -22.3035 0.4
      vertex 11.1687 -22.1383 0.4
    endloop
  endfacet
  facet normal 0.330475 -0.943815 0
    outer loop
      vertex 10.6969 -22.3035 5.80438
      vertex 11.1687 -22.1383 6.80438
      vertex 10.6969 -22.3035 6.80438
    endloop
  endfacet
  facet normal 0.330475 -0.943815 0
    outer loop
      vertex 11.1687 -22.1383 6.80438
      vertex 10.6969 -22.3035 5.80438
      vertex 11.1687 -22.1383 5.80438
    endloop
  endfacet
  facet normal 0.330475 -0.943815 0
    outer loop
      vertex 11.1687 -22.1383 9.80438
      vertex 10.6969 -22.3035 28.1731
      vertex 10.6969 -22.3035 9.80438
    endloop
  endfacet
  facet normal 0.330475 -0.943815 0
    outer loop
      vertex 10.6969 -22.3035 28.1731
      vertex 11.1687 -22.1383 9.80438
      vertex 11.1687 -22.1383 28.4455
    endloop
  endfacet
  facet normal 0.37138 -0.601736 -0.7071
    outer loop
      vertex 12.0792 -21.7028 0.4
      vertex 11.8813 -21.3549 0
      vertex 12.2922 -21.1013 0
    endloop
  endfacet
  facet normal -0.693137 -0.140028 -0.707074
    outer loop
      vertex -16.0245 -16.1517 0.4
      vertex -16.1365 -15.5973 0.4
      vertex -15.6347 -16.0614 0
    endloop
  endfacet
  facet normal 0.999595 0.0284595 0
    outer loop
      vertex 16.2813 13.9 2.80438
      vertex 16.2651 14.469 0.4
      vertex 16.2651 14.469 2.80438
    endloop
  endfacet
  facet normal 0.999595 0.0284595 0
    outer loop
      vertex 16.2651 14.469 0.4
      vertex 16.2813 13.9 2.80438
      vertex 16.2813 13.9 0.4
    endloop
  endfacet
  facet normal 0.999595 0.0284595 0
    outer loop
      vertex 16.2813 13.9 6.80438
      vertex 16.2651 14.469 5.80438
      vertex 16.2651 14.469 6.80438
    endloop
  endfacet
  facet normal 0.999595 0.0284595 0
    outer loop
      vertex 16.2651 14.469 5.80438
      vertex 16.2813 13.9 6.80438
      vertex 16.2813 13.9 5.80438
    endloop
  endfacet
  facet normal 0.999595 0.0284595 -0
    outer loop
      vertex 16.2813 13.9 9.80438
      vertex 16.2651 14.469 31.3879
      vertex 16.2813 13.9 31.3972
    endloop
  endfacet
  facet normal 0.999595 0.0284595 0
    outer loop
      vertex 16.2651 14.469 31.3879
      vertex 16.2813 13.9 9.80438
      vertex 16.2651 14.469 9.80438
    endloop
  endfacet
  facet normal -0.187398 -0.982284 0
    outer loop
      vertex -10.2167 -22.4328 0.4
      vertex -9.73027 -22.5256 2.80438
      vertex -10.2167 -22.4328 2.80438
    endloop
  endfacet
  facet normal -0.187398 -0.982284 -0
    outer loop
      vertex -9.73027 -22.5256 2.80438
      vertex -10.2167 -22.4328 0.4
      vertex -9.73027 -22.5256 0.4
    endloop
  endfacet
  facet normal -0.187398 -0.982284 0
    outer loop
      vertex -10.2167 -22.4328 5.80438
      vertex -9.73027 -22.5256 6.80438
      vertex -10.2167 -22.4328 6.80438
    endloop
  endfacet
  facet normal -0.187398 -0.982284 -0
    outer loop
      vertex -9.73027 -22.5256 6.80438
      vertex -10.2167 -22.4328 5.80438
      vertex -9.73027 -22.5256 5.80438
    endloop
  endfacet
  facet normal -0.187398 -0.982284 0
    outer loop
      vertex -9.73027 -22.5256 9.80438
      vertex -10.2167 -22.4328 16.1101
      vertex -10.2167 -22.4328 9.80438
    endloop
  endfacet
  facet normal -0.187398 -0.982284 0
    outer loop
      vertex -10.2167 -22.4328 16.1101
      vertex -9.73027 -22.5256 9.80438
      vertex -9.73027 -22.5256 16.3909
    endloop
  endfacet
  facet normal -0.281959 0.648534 -0.707038
    outer loop
      vertex -11.4574 21.5767 0
      vertex -11.6301 21.9377 0.4
      vertex -11.1687 22.1383 0.4
    endloop
  endfacet
  facet normal 0.486407 0.513205 -0.707128
    outer loop
      vertex 13.7146 20.441 0.4
      vertex 13.0682 20.5025 0
      vertex 13.3335 20.8022 0.4
    endloop
  endfacet
  facet normal 0.930956 0.36513 0
    outer loop
      vertex 15.7077 17.2293 2.80438
      vertex 15.5043 17.7479 0.4
      vertex 15.5043 17.7479 2.80438
    endloop
  endfacet
  facet normal 0.930956 0.36513 0
    outer loop
      vertex 15.5043 17.7479 0.4
      vertex 15.7077 17.2293 2.80438
      vertex 15.7077 17.2293 0.4
    endloop
  endfacet
  facet normal 0.930956 0.36513 0
    outer loop
      vertex 15.7077 17.2293 6.80438
      vertex 15.5043 17.7479 5.80438
      vertex 15.5043 17.7479 6.80438
    endloop
  endfacet
  facet normal 0.930956 0.36513 0
    outer loop
      vertex 15.5043 17.7479 5.80438
      vertex 15.7077 17.2293 6.80438
      vertex 15.7077 17.2293 5.80438
    endloop
  endfacet
  facet normal 0.930956 0.36513 -0
    outer loop
      vertex 15.7077 17.2293 9.80438
      vertex 15.5043 17.7479 30.9486
      vertex 15.7077 17.2293 31.0661
    endloop
  endfacet
  facet normal 0.930956 0.36513 0
    outer loop
      vertex 15.5043 17.7479 30.9486
      vertex 15.7077 17.2293 9.80438
      vertex 15.5043 17.7479 9.80438
    endloop
  endfacet
  facet normal -0.815095 0.579327 0
    outer loop
      vertex -14.7243 19.1962 0.4
      vertex -14.4115 19.6363 2.80438
      vertex -14.4115 19.6363 0.4
    endloop
  endfacet
  facet normal -0.815095 0.579327 0
    outer loop
      vertex -14.4115 19.6363 2.80438
      vertex -14.7243 19.1962 0.4
      vertex -14.7243 19.1962 2.80438
    endloop
  endfacet
  facet normal -0.815095 0.579327 0
    outer loop
      vertex -14.7243 19.1962 5.80438
      vertex -14.4115 19.6363 6.80438
      vertex -14.4115 19.6363 5.80438
    endloop
  endfacet
  facet normal -0.815095 0.579327 0
    outer loop
      vertex -14.4115 19.6363 6.80438
      vertex -14.7243 19.1962 5.80438
      vertex -14.7243 19.1962 6.80438
    endloop
  endfacet
  facet normal -0.815095 0.579327 0
    outer loop
      vertex -14.7243 19.1962 13.5077
      vertex -14.4115 19.6363 9.80438
      vertex -14.7243 19.1962 9.80438
    endloop
  endfacet
  facet normal -0.815095 0.579327 0
    outer loop
      vertex -14.4115 19.6363 9.80438
      vertex -14.7243 19.1962 13.5077
      vertex -14.4115 19.6363 13.6882
    endloop
  endfacet
  facet normal 0.672267 0.219168 -0.707123
    outer loop
      vertex 15.8814 16.6965 0.4
      vertex 15.4975 16.5835 0
      vertex 15.7077 17.2293 0.4
    endloop
  endfacet
  facet normal -0.996386 0.0849373 0
    outer loop
      vertex -16.2651 14.469 0.4
      vertex -16.2168 15.0356 2.80438
      vertex -16.2168 15.0356 0.4
    endloop
  endfacet
  facet normal -0.996386 0.0849373 0
    outer loop
      vertex -16.2168 15.0356 2.80438
      vertex -16.2651 14.469 0.4
      vertex -16.2651 14.469 2.80438
    endloop
  endfacet
  facet normal -0.996386 0.0849373 0
    outer loop
      vertex -16.2651 14.469 5.80438
      vertex -16.2168 15.0356 6.80438
      vertex -16.2168 15.0356 5.80438
    endloop
  endfacet
  facet normal -0.996386 0.0849373 0
    outer loop
      vertex -16.2168 15.0356 6.80438
      vertex -16.2651 14.469 5.80438
      vertex -16.2651 14.469 6.80438
    endloop
  endfacet
  facet normal -0.996386 0.0849373 0
    outer loop
      vertex -16.2651 14.469 12.6181
      vertex -16.2168 15.0356 9.80438
      vertex -16.2651 14.469 9.80438
    endloop
  endfacet
  facet normal -0.996386 0.0849373 0
    outer loop
      vertex -16.2168 15.0356 9.80438
      vertex -16.2651 14.469 12.6181
      vertex -16.2168 15.0356 12.646
    endloop
  endfacet
  facet normal -0.706833 0.0200965 -0.707095
    outer loop
      vertex -15.8813 13.894 0
      vertex -16.2651 14.469 0.4
      vertex -15.8656 14.4462 0
    endloop
  endfacet
  facet normal -0.704555 0.0600944 -0.7071
    outer loop
      vertex -15.8656 14.4462 0
      vertex -16.2651 14.469 0.4
      vertex -15.8192 14.9902 0
    endloop
  endfacet
  facet normal 0.996386 -0.0849373 0
    outer loop
      vertex 16.2168 -15.0356 2.80438
      vertex 16.2651 -14.469 0.4
      vertex 16.2651 -14.469 2.80438
    endloop
  endfacet
  facet normal 0.996386 -0.0849373 0
    outer loop
      vertex 16.2651 -14.469 0.4
      vertex 16.2168 -15.0356 2.80438
      vertex 16.2168 -15.0356 0.4
    endloop
  endfacet
  facet normal 0.996386 -0.0849373 0
    outer loop
      vertex 16.2168 -15.0356 6.80438
      vertex 16.2651 -14.469 5.80438
      vertex 16.2651 -14.469 6.80438
    endloop
  endfacet
  facet normal 0.996386 -0.0849373 0
    outer loop
      vertex 16.2651 -14.469 5.80438
      vertex 16.2168 -15.0356 6.80438
      vertex 16.2168 -15.0356 5.80438
    endloop
  endfacet
  facet normal 0.996386 -0.0849373 0
    outer loop
      vertex 16.2168 -15.0356 31.36
      vertex 16.2651 -14.469 9.80438
      vertex 16.2651 -14.469 31.3879
    endloop
  endfacet
  facet normal 0.996386 -0.0849373 0
    outer loop
      vertex 16.2651 -14.469 9.80438
      vertex 16.2168 -15.0356 31.36
      vertex 16.2168 -15.0356 9.80438
    endloop
  endfacet
  facet normal 0.989935 0.14152 0
    outer loop
      vertex 16.2168 15.0356 2.80438
      vertex 16.1365 15.5973 0.4
      vertex 16.1365 15.5973 2.80438
    endloop
  endfacet
  facet normal 0.989935 0.14152 0
    outer loop
      vertex 16.1365 15.5973 0.4
      vertex 16.2168 15.0356 2.80438
      vertex 16.2168 15.0356 0.4
    endloop
  endfacet
  facet normal 0.989935 0.14152 0
    outer loop
      vertex 16.2168 15.0356 6.80438
      vertex 16.1365 15.5973 5.80438
      vertex 16.1365 15.5973 6.80438
    endloop
  endfacet
  facet normal 0.989935 0.14152 0
    outer loop
      vertex 16.1365 15.5973 5.80438
      vertex 16.2168 15.0356 6.80438
      vertex 16.2168 15.0356 5.80438
    endloop
  endfacet
  facet normal 0.989935 0.14152 -0
    outer loop
      vertex 16.2168 15.0356 9.80438
      vertex 16.1365 15.5973 31.3136
      vertex 16.2168 15.0356 31.36
    endloop
  endfacet
  facet normal 0.989935 0.14152 0
    outer loop
      vertex 16.1365 15.5973 31.3136
      vertex 16.2168 15.0356 9.80438
      vertex 16.1365 15.5973 9.80438
    endloop
  endfacet
  facet normal -0.989935 0.14152 0
    outer loop
      vertex -16.2168 15.0356 0.4
      vertex -16.1365 15.5973 2.80438
      vertex -16.1365 15.5973 0.4
    endloop
  endfacet
  facet normal -0.989935 0.14152 0
    outer loop
      vertex -16.1365 15.5973 2.80438
      vertex -16.2168 15.0356 0.4
      vertex -16.2168 15.0356 2.80438
    endloop
  endfacet
  facet normal -0.989935 0.14152 0
    outer loop
      vertex -16.2168 15.0356 5.80438
      vertex -16.1365 15.5973 6.80438
      vertex -16.1365 15.5973 5.80438
    endloop
  endfacet
  facet normal -0.989935 0.14152 0
    outer loop
      vertex -16.1365 15.5973 6.80438
      vertex -16.2168 15.0356 5.80438
      vertex -16.2168 15.0356 6.80438
    endloop
  endfacet
  facet normal -0.989935 0.14152 0
    outer loop
      vertex -16.2168 15.0356 12.646
      vertex -16.1365 15.5973 9.80438
      vertex -16.2168 15.0356 9.80438
    endloop
  endfacet
  facet normal -0.989935 0.14152 0
    outer loop
      vertex -16.1365 15.5973 9.80438
      vertex -16.2168 15.0356 12.646
      vertex -16.1365 15.5973 12.6923
    endloop
  endfacet
  facet normal -0.281813 0.648514 -0.707115
    outer loop
      vertex -11.0227 21.7656 0
      vertex -11.4574 21.5767 0
      vertex -11.1687 22.1383 0.4
    endloop
  endfacet
  facet normal -0.683876 0.179712 -0.707119
    outer loop
      vertex -15.6347 16.0614 0
      vertex -15.8814 16.6965 0.4
      vertex -15.4975 16.5835 0
    endloop
  endfacet
  facet normal -0.0377182 0.999288 0
    outer loop
      vertex -8.74684 22.6 0.4
      vertex -9.23962 22.5814 2.80438
      vertex -8.74684 22.6 2.80438
    endloop
  endfacet
  facet normal -0.0377182 0.999288 0
    outer loop
      vertex -9.23962 22.5814 2.80438
      vertex -8.74684 22.6 0.4
      vertex -9.23962 22.5814 0.4
    endloop
  endfacet
  facet normal -0.0377182 0.999288 0
    outer loop
      vertex -8.74684 22.6 5.80438
      vertex -9.23962 22.5814 6.80438
      vertex -8.74684 22.6 6.80438
    endloop
  endfacet
  facet normal -0.0377182 0.999288 0
    outer loop
      vertex -9.23962 22.5814 6.80438
      vertex -8.74684 22.6 5.80438
      vertex -9.23962 22.5814 5.80438
    endloop
  endfacet
  facet normal -0.0377182 0.999288 0
    outer loop
      vertex -8.74684 22.6 9.80438
      vertex -9.23962 22.5814 16.6742
      vertex -8.74684 22.6 16.9587
    endloop
  endfacet
  facet normal -0.0377182 0.999288 0
    outer loop
      vertex -9.23962 22.5814 16.6742
      vertex -8.74684 22.6 9.80438
      vertex -9.23962 22.5814 9.80438
    endloop
  endfacet
  facet normal -0.930956 -0.36513 0
    outer loop
      vertex -15.5043 -17.7479 0.4
      vertex -15.7077 -17.2293 2.80438
      vertex -15.7077 -17.2293 0.4
    endloop
  endfacet
  facet normal -0.930956 -0.36513 0
    outer loop
      vertex -15.7077 -17.2293 2.80438
      vertex -15.5043 -17.7479 0.4
      vertex -15.5043 -17.7479 2.80438
    endloop
  endfacet
  facet normal -0.930956 -0.36513 0
    outer loop
      vertex -15.5043 -17.7479 5.80438
      vertex -15.7077 -17.2293 6.80438
      vertex -15.7077 -17.2293 5.80438
    endloop
  endfacet
  facet normal -0.930956 -0.36513 0
    outer loop
      vertex -15.7077 -17.2293 6.80438
      vertex -15.5043 -17.7479 5.80438
      vertex -15.5043 -17.7479 6.80438
    endloop
  endfacet
  facet normal -0.930956 -0.36513 0
    outer loop
      vertex -15.5043 -17.7479 9.80438
      vertex -15.7077 -17.2293 12.9399
      vertex -15.7077 -17.2293 9.80438
    endloop
  endfacet
  facet normal -0.930956 -0.36513 0
    outer loop
      vertex -15.7077 -17.2293 12.9399
      vertex -15.5043 -17.7479 9.80438
      vertex -15.5043 -17.7479 13.0573
    endloop
  endfacet
  facet normal 0.693091 -0.139921 -0.70714
    outer loop
      vertex 16.1365 -15.5973 0.4
      vertex 15.6347 -16.0614 0
      vertex 15.7421 -15.5294 0
    endloop
  endfacet
  facet normal 0.622548 0.335288 -0.707118
    outer loop
      vertex 15.2719 18.25 0.4
      vertex 14.6652 18.5329 0
      vertex 15.0115 18.7335 0.4
    endloop
  endfacet
  facet normal -0.699967 0.100088 -0.707127
    outer loop
      vertex -15.8192 14.9902 0
      vertex -16.2168 15.0356 0.4
      vertex -15.7421 15.5294 0
    endloop
  endfacet
  facet normal -0.0266692 -0.706561 -0.70715
    outer loop
      vertex -8.74684 -22.6 0.4
      vertex -9.23962 -22.5814 0.4
      vertex -9.20959 -22.1822 0
    endloop
  endfacet
  facet normal -0.233679 -0.66737 -0.707115
    outer loop
      vertex -10.6969 -22.3035 0.4
      vertex -11.1687 -22.1383 0.4
      vertex -11.0227 -21.7656 0
    endloop
  endfacet
  facet normal -0.549043 0.445508 -0.707159
    outer loop
      vertex -13.7719 19.7898 0
      vertex -14.0929 19.3942 0
      vertex -14.0745 20.0518 0.4
    endloop
  endfacet
  facet normal 0.371363 0.601736 -0.707109
    outer loop
      vertex 12.2922 21.1013 0
      vertex 12.0792 21.7028 0.4
      vertex 12.5141 21.4344 0.4
    endloop
  endfacet
  facet normal 0.327727 0.626574 -0.707106
    outer loop
      vertex 11.8813 21.3549 0
      vertex 11.6301 21.9377 0.4
      vertex 12.0792 21.7028 0.4
    endloop
  endfacet
  facet normal 0 0.707107 -0.707107
    outer loop
      vertex 8.739 22.2 0
      vertex -8.74684 22.6 0.4
      vertex 8.74684 22.6 0.4
    endloop
  endfacet
  facet normal 0 0.707107 -0.707107
    outer loop
      vertex -8.74684 22.6 0.4
      vertex 8.739 22.2 0
      vertex -8.739 22.2 0
    endloop
  endfacet
  facet normal 0.37138 0.601736 -0.7071
    outer loop
      vertex 12.2922 21.1013 0
      vertex 11.8813 21.3549 0
      vertex 12.0792 21.7028 0.4
    endloop
  endfacet
  facet normal -0.0377182 -0.999288 0
    outer loop
      vertex -9.23962 -22.5814 0.4
      vertex -8.74684 -22.6 2.80438
      vertex -9.23962 -22.5814 2.80438
    endloop
  endfacet
  facet normal -0.0377182 -0.999288 -0
    outer loop
      vertex -8.74684 -22.6 2.80438
      vertex -9.23962 -22.5814 0.4
      vertex -8.74684 -22.6 0.4
    endloop
  endfacet
  facet normal -0.0377182 -0.999288 0
    outer loop
      vertex -9.23962 -22.5814 5.80438
      vertex -8.74684 -22.6 6.80438
      vertex -9.23962 -22.5814 6.80438
    endloop
  endfacet
  facet normal -0.0377182 -0.999288 -0
    outer loop
      vertex -8.74684 -22.6 6.80438
      vertex -9.23962 -22.5814 5.80438
      vertex -8.74684 -22.6 5.80438
    endloop
  endfacet
  facet normal -0.0377182 -0.999288 0
    outer loop
      vertex -8.74684 -22.6 9.80438
      vertex -9.23962 -22.5814 16.6742
      vertex -9.23962 -22.5814 9.80438
    endloop
  endfacet
  facet normal -0.0377182 -0.999288 0
    outer loop
      vertex -9.23962 -22.5814 16.6742
      vertex -8.74684 -22.6 9.80438
      vertex -8.74684 -22.6 16.9587
    endloop
  endfacet
  facet normal 0.576402 -0.409596 -0.707101
    outer loop
      vertex 14.7243 -19.1962 0.4
      vertex 14.0929 -19.3942 0
      vertex 14.391 -18.9747 0
    endloop
  endfacet
  facet normal 0.776657 -0.629924 0
    outer loop
      vertex 14.0745 -20.0518 2.80438
      vertex 14.4115 -19.6363 0.4
      vertex 14.4115 -19.6363 2.80438
    endloop
  endfacet
  facet normal 0.776657 -0.629924 0
    outer loop
      vertex 14.4115 -19.6363 0.4
      vertex 14.0745 -20.0518 2.80438
      vertex 14.0745 -20.0518 0.4
    endloop
  endfacet
  facet normal 0.776657 -0.629924 0
    outer loop
      vertex 14.0745 -20.0518 6.80438
      vertex 14.4115 -19.6363 5.80438
      vertex 14.4115 -19.6363 6.80438
    endloop
  endfacet
  facet normal 0.776657 -0.629924 0
    outer loop
      vertex 14.4115 -19.6363 5.80438
      vertex 14.0745 -20.0518 6.80438
      vertex 14.0745 -20.0518 5.80438
    endloop
  endfacet
  facet normal 0.776657 -0.629924 0
    outer loop
      vertex 14.0745 -20.0518 30.1231
      vertex 14.4115 -19.6363 9.80438
      vertex 14.4115 -19.6363 30.3177
    endloop
  endfacet
  facet normal 0.776657 -0.629924 0
    outer loop
      vertex 14.4115 -19.6363 9.80438
      vertex 14.0745 -20.0518 30.1231
      vertex 14.0745 -20.0518 9.80438
    endloop
  endfacet
  facet normal 0.260002 -0.965608 0
    outer loop
      vertex 10.2167 -22.4328 0.4
      vertex 10.6969 -22.3035 2.80438
      vertex 10.2167 -22.4328 2.80438
    endloop
  endfacet
  facet normal 0.260002 -0.965608 0
    outer loop
      vertex 10.6969 -22.3035 2.80438
      vertex 10.2167 -22.4328 0.4
      vertex 10.6969 -22.3035 0.4
    endloop
  endfacet
  facet normal 0.260002 -0.965608 0
    outer loop
      vertex 10.2167 -22.4328 5.80438
      vertex 10.6969 -22.3035 6.80438
      vertex 10.2167 -22.4328 6.80438
    endloop
  endfacet
  facet normal 0.260002 -0.965608 0
    outer loop
      vertex 10.6969 -22.3035 6.80438
      vertex 10.2167 -22.4328 5.80438
      vertex 10.6969 -22.3035 5.80438
    endloop
  endfacet
  facet normal 0.260002 -0.965608 0
    outer loop
      vertex 10.6969 -22.3035 9.80438
      vertex 10.2167 -22.4328 27.8958
      vertex 10.2167 -22.4328 9.80438
    endloop
  endfacet
  facet normal 0.260002 -0.965608 0
    outer loop
      vertex 10.2167 -22.4328 27.8958
      vertex 10.6969 -22.3035 9.80438
      vertex 10.6969 -22.3035 28.1731
    endloop
  endfacet
  facet normal -0.622548 -0.335288 -0.707118
    outer loop
      vertex -15.0115 -18.7335 0.4
      vertex -15.2719 -18.25 0.4
      vertex -14.6652 -18.5329 0
    endloop
  endfacet
  facet normal -0.704555 -0.0600944 -0.7071
    outer loop
      vertex -15.8192 -14.9902 0
      vertex -16.2651 -14.469 0.4
      vertex -15.8656 -14.4462 0
    endloop
  endfacet
  facet normal 0.683876 -0.179712 -0.707119
    outer loop
      vertex 15.8814 -16.6965 0.4
      vertex 15.4975 -16.5835 0
      vertex 15.6347 -16.0614 0
    endloop
  endfacet
  facet normal 0.0377182 0.999288 -0
    outer loop
      vertex 9.23962 22.5814 0.4
      vertex 8.74684 22.6 2.80438
      vertex 9.23962 22.5814 2.80438
    endloop
  endfacet
  facet normal 0.0377182 0.999288 0
    outer loop
      vertex 8.74684 22.6 2.80438
      vertex 9.23962 22.5814 0.4
      vertex 8.74684 22.6 0.4
    endloop
  endfacet
  facet normal 0.0377182 0.999288 -0
    outer loop
      vertex 9.23962 22.5814 5.80438
      vertex 8.74684 22.6 6.80438
      vertex 9.23962 22.5814 6.80438
    endloop
  endfacet
  facet normal 0.0377182 0.999288 0
    outer loop
      vertex 8.74684 22.6 6.80438
      vertex 9.23962 22.5814 5.80438
      vertex 8.74684 22.6 5.80438
    endloop
  endfacet
  facet normal 0.0377182 0.999288 -0
    outer loop
      vertex 9.23962 22.5814 9.80438
      vertex 8.74684 22.6 27.0472
      vertex 9.23962 22.5814 27.3317
    endloop
  endfacet
  facet normal 0.0377182 0.999288 0
    outer loop
      vertex 8.74684 22.6 27.0472
      vertex 9.23962 22.5814 9.80438
      vertex 8.74684 22.6 9.80438
    endloop
  endfacet
  facet normal 0.398712 0.917076 -0
    outer loop
      vertex 11.6301 21.9377 0.4
      vertex 11.1687 22.1383 2.80438
      vertex 11.6301 21.9377 2.80438
    endloop
  endfacet
  facet normal 0.398712 0.917076 0
    outer loop
      vertex 11.1687 22.1383 2.80438
      vertex 11.6301 21.9377 0.4
      vertex 11.1687 22.1383 0.4
    endloop
  endfacet
  facet normal 0.398712 0.917076 -0
    outer loop
      vertex 11.6301 21.9377 5.80438
      vertex 11.1687 22.1383 6.80438
      vertex 11.6301 21.9377 6.80438
    endloop
  endfacet
  facet normal 0.398712 0.917076 0
    outer loop
      vertex 11.1687 22.1383 6.80438
      vertex 11.6301 21.9377 5.80438
      vertex 11.1687 22.1383 5.80438
    endloop
  endfacet
  facet normal 0.398712 0.917076 -0
    outer loop
      vertex 11.6301 21.9377 9.80438
      vertex 11.1687 22.1383 28.4455
      vertex 11.6301 21.9377 28.7119
    endloop
  endfacet
  facet normal 0.398712 0.917076 0
    outer loop
      vertex 11.1687 22.1383 28.4455
      vertex 11.6301 21.9377 9.80438
      vertex 11.1687 22.1383 9.80438
    endloop
  endfacet
  facet normal -0.907504 -0.420044 0
    outer loop
      vertex -15.2719 -18.25 0.4
      vertex -15.5043 -17.7479 2.80438
      vertex -15.5043 -17.7479 0.4
    endloop
  endfacet
  facet normal -0.907504 -0.420044 0
    outer loop
      vertex -15.5043 -17.7479 2.80438
      vertex -15.2719 -18.25 0.4
      vertex -15.2719 -18.25 2.80438
    endloop
  endfacet
  facet normal -0.907504 -0.420044 0
    outer loop
      vertex -15.2719 -18.25 5.80438
      vertex -15.5043 -17.7479 6.80438
      vertex -15.5043 -17.7479 5.80438
    endloop
  endfacet
  facet normal -0.907504 -0.420044 0
    outer loop
      vertex -15.5043 -17.7479 6.80438
      vertex -15.2719 -18.25 5.80438
      vertex -15.2719 -18.25 6.80438
    endloop
  endfacet
  facet normal -0.907504 -0.420044 0
    outer loop
      vertex -15.2719 -18.25 9.80438
      vertex -15.5043 -17.7479 13.0573
      vertex -15.5043 -17.7479 9.80438
    endloop
  endfacet
  facet normal -0.907504 -0.420044 0
    outer loop
      vertex -15.5043 -17.7479 13.0573
      vertex -15.2719 -18.25 9.80438
      vertex -15.2719 -18.25 13.1915
    endloop
  endfacet
  facet normal 0.980198 -0.19802 0
    outer loop
      vertex 16.0245 -16.1517 2.80438
      vertex 16.1365 -15.5973 0.4
      vertex 16.1365 -15.5973 2.80438
    endloop
  endfacet
  facet normal 0.980198 -0.19802 0
    outer loop
      vertex 16.1365 -15.5973 0.4
      vertex 16.0245 -16.1517 2.80438
      vertex 16.0245 -16.1517 0.4
    endloop
  endfacet
  facet normal 0.980198 -0.19802 0
    outer loop
      vertex 16.0245 -16.1517 6.80438
      vertex 16.1365 -15.5973 5.80438
      vertex 16.1365 -15.5973 6.80438
    endloop
  endfacet
  facet normal 0.980198 -0.19802 0
    outer loop
      vertex 16.1365 -15.5973 5.80438
      vertex 16.0245 -16.1517 6.80438
      vertex 16.0245 -16.1517 5.80438
    endloop
  endfacet
  facet normal 0.980198 -0.19802 0
    outer loop
      vertex 16.0245 -16.1517 31.249
      vertex 16.1365 -15.5973 9.80438
      vertex 16.1365 -15.5973 31.3136
    endloop
  endfacet
  facet normal 0.980198 -0.19802 0
    outer loop
      vertex 16.1365 -15.5973 9.80438
      vertex 16.0245 -16.1517 31.249
      vertex 16.0245 -16.1517 9.80438
    endloop
  endfacet
  facet normal 0.815095 -0.579327 0
    outer loop
      vertex 14.4115 -19.6363 2.80438
      vertex 14.7243 -19.1962 0.4
      vertex 14.7243 -19.1962 2.80438
    endloop
  endfacet
  facet normal 0.815095 -0.579327 0
    outer loop
      vertex 14.7243 -19.1962 0.4
      vertex 14.4115 -19.6363 2.80438
      vertex 14.4115 -19.6363 0.4
    endloop
  endfacet
  facet normal 0.815095 -0.579327 0
    outer loop
      vertex 14.4115 -19.6363 6.80438
      vertex 14.7243 -19.1962 5.80438
      vertex 14.7243 -19.1962 6.80438
    endloop
  endfacet
  facet normal 0.815095 -0.579327 0
    outer loop
      vertex 14.7243 -19.1962 5.80438
      vertex 14.4115 -19.6363 6.80438
      vertex 14.4115 -19.6363 5.80438
    endloop
  endfacet
  facet normal 0.815095 -0.579327 0
    outer loop
      vertex 14.4115 -19.6363 30.3177
      vertex 14.7243 -19.1962 9.80438
      vertex 14.7243 -19.1962 30.4983
    endloop
  endfacet
  facet normal 0.815095 -0.579327 0
    outer loop
      vertex 14.7243 -19.1962 9.80438
      vertex 14.4115 -19.6363 30.3177
      vertex 14.4115 -19.6363 9.80438
    endloop
  endfacet
  facet normal 0.641636 -0.296985 -0.70718
    outer loop
      vertex 15.2719 -18.25 0.4
      vertex 15.1362 -17.5907 0
      vertex 15.5043 -17.7479 0.4
    endloop
  endfacet
  facet normal 0.600768 0.372899 -0.707124
    outer loop
      vertex 15.0115 18.7335 0.4
      vertex 14.6652 18.5329 0
      vertex 14.7243 19.1962 0.4
    endloop
  endfacet
  facet normal -0.281813 -0.648514 -0.707115
    outer loop
      vertex -11.1687 -22.1383 0.4
      vertex -11.4574 -21.5767 0
      vertex -11.0227 -21.7656 0
    endloop
  endfacet
  facet normal -0.693091 0.139921 -0.70714
    outer loop
      vertex -15.7421 15.5294 0
      vertex -16.1365 15.5973 0.4
      vertex -15.6347 16.0614 0
    endloop
  endfacet
  facet normal -0.706813 -0.0201237 -0.707115
    outer loop
      vertex -16.2651 -14.469 0.4
      vertex -16.2813 -13.9 0.4
      vertex -15.8813 -13.894 0
    endloop
  endfacet
  facet normal -0.6723 0.219142 -0.707099
    outer loop
      vertex -15.4975 16.5835 0
      vertex -15.7077 17.2293 0.4
      vertex -15.331 17.0943 0
    endloop
  endfacet
  facet normal -0.687903 0.725803 0
    outer loop
      vertex -13.3335 20.8022 0.4
      vertex -13.7146 20.441 2.80438
      vertex -13.3335 20.8022 2.80438
    endloop
  endfacet
  facet normal -0.687903 0.725803 0
    outer loop
      vertex -13.7146 20.441 2.80438
      vertex -13.3335 20.8022 0.4
      vertex -13.7146 20.441 0.4
    endloop
  endfacet
  facet normal -0.687903 0.725803 0
    outer loop
      vertex -13.3335 20.8022 5.80438
      vertex -13.7146 20.441 6.80438
      vertex -13.3335 20.8022 6.80438
    endloop
  endfacet
  facet normal -0.687903 0.725803 0
    outer loop
      vertex -13.7146 20.441 6.80438
      vertex -13.3335 20.8022 5.80438
      vertex -13.7146 20.441 5.80438
    endloop
  endfacet
  facet normal -0.687903 0.725803 0
    outer loop
      vertex -13.3335 20.8022 9.80438
      vertex -13.7146 20.441 14.0906
      vertex -13.3335 20.8022 14.3106
    endloop
  endfacet
  facet normal -0.687903 0.725803 0
    outer loop
      vertex -13.7146 20.441 14.0906
      vertex -13.3335 20.8022 9.80438
      vertex -13.7146 20.441 9.80438
    endloop
  endfacet
  facet normal 0 1 0
    outer loop
      vertex 6.99685 22.6 30.0898
      vertex -0.796516 22.6 24.7217
      vertex -0.875 22.6 24.7243
    endloop
  endfacet
  facet normal 0 1 0
    outer loop
      vertex 6.99685 22.6 30.0898
      vertex -0.718368 22.6 24.714
      vertex -0.796516 22.6 24.7217
    endloop
  endfacet
  facet normal 0 1 0
    outer loop
      vertex 6.99685 22.6 30.0898
      vertex -0.640891 22.6 24.7012
      vertex -0.718368 22.6 24.714
    endloop
  endfacet
  facet normal 0 1 0
    outer loop
      vertex 6.99685 22.6 30.0898
      vertex -0.564417 22.6 24.6834
      vertex -0.640891 22.6 24.7012
    endloop
  endfacet
  facet normal 0 1 0
    outer loop
      vertex 6.99685 22.6 30.0898
      vertex -0.489273 22.6 24.6606
      vertex -0.564417 22.6 24.6834
    endloop
  endfacet
  facet normal 0 1 0
    outer loop
      vertex 6.99685 22.6 30.0898
      vertex -0.41578 22.6 24.633
      vertex -0.489273 22.6 24.6606
    endloop
  endfacet
  facet normal 0 1 0
    outer loop
      vertex 6.99685 22.6 30.0898
      vertex -0.344254 22.6 24.6005
      vertex -0.41578 22.6 24.633
    endloop
  endfacet
  facet normal 0 1 0
    outer loop
      vertex 6.99685 22.6 30.0898
      vertex -0.275 22.6 24.5635
      vertex -0.344254 22.6 24.6005
    endloop
  endfacet
  facet normal 0 1 0
    outer loop
      vertex 6.99685 22.6 30.0898
      vertex -0.208315 22.6 24.5221
      vertex -0.275 22.6 24.5635
    endloop
  endfacet
  facet normal 0 1 0
    outer loop
      vertex 6.99685 22.6 30.0898
      vertex -0.144487 22.6 24.4763
      vertex -0.208315 22.6 24.5221
    endloop
  endfacet
  facet normal 0 1 0
    outer loop
      vertex 6.99685 22.6 30.0898
      vertex -0.0837855 22.6 24.4265
      vertex -0.144487 22.6 24.4763
    endloop
  endfacet
  facet normal 0 1 0
    outer loop
      vertex 6.99685 22.6 30.0898
      vertex -0.0264723 22.6 24.3728
      vertex -0.0837855 22.6 24.4265
    endloop
  endfacet
  facet normal 0 1 0
    outer loop
      vertex 6.99685 22.6 30.0898
      vertex 0.0272076 22.6 24.3155
      vertex -0.0264723 22.6 24.3728
    endloop
  endfacet
  facet normal 0 1 0
    outer loop
      vertex 6.99685 22.6 30.0898
      vertex 0.0770242 22.6 24.2548
      vertex 0.0272076 22.6 24.3155
    endloop
  endfacet
  facet normal 0 1 0
    outer loop
      vertex 6.99685 22.6 30.0898
      vertex 0.122764 22.6 24.191
      vertex 0.0770242 22.6 24.2548
    endloop
  endfacet
  facet normal 0 1 0
    outer loop
      vertex 6.99685 22.6 30.0898
      vertex 0.16423 22.6 24.1243
      vertex 0.122764 22.6 24.191
    endloop
  endfacet
  facet normal 0 1 0
    outer loop
      vertex 8.74684 22.6 27.0472
      vertex 0.201248 22.6 24.055
      vertex 0.16423 22.6 24.1243
    endloop
  endfacet
  facet normal 0 1 0
    outer loop
      vertex 8.74684 22.6 27.0472
      vertex 0.233655 22.6 23.9835
      vertex 0.201248 22.6 24.055
    endloop
  endfacet
  facet normal 0 1 0
    outer loop
      vertex 8.74684 22.6 27.0472
      vertex 0.261316 22.6 23.91
      vertex 0.233655 22.6 23.9835
    endloop
  endfacet
  facet normal 0 1 0
    outer loop
      vertex 8.74684 22.6 27.0472
      vertex 0.28411 22.6 23.8349
      vertex 0.261316 22.6 23.91
    endloop
  endfacet
  facet normal 0 1 0
    outer loop
      vertex 8.74684 22.6 27.0472
      vertex 0.301942 22.6 23.7584
      vertex 0.28411 22.6 23.8349
    endloop
  endfacet
  facet normal 0 1 0
    outer loop
      vertex 8.74684 22.6 27.0472
      vertex 0.314734 22.6 23.6809
      vertex 0.301942 22.6 23.7584
    endloop
  endfacet
  facet normal 0 1 0
    outer loop
      vertex 8.74684 22.6 27.0472
      vertex 0.322431 22.6 23.6028
      vertex 0.314734 22.6 23.6809
    endloop
  endfacet
  facet normal 0 1 0
    outer loop
      vertex 8.74684 22.6 27.0472
      vertex 0.325 22.6 23.5243
      vertex 0.322431 22.6 23.6028
    endloop
  endfacet
  facet normal 0 1 0
    outer loop
      vertex 8.74684 22.6 27.0472
      vertex 0.32243 22.6 23.4458
      vertex 0.325 22.6 23.5243
    endloop
  endfacet
  facet normal 0 1 0
    outer loop
      vertex 8.74684 22.6 27.0472
      vertex 0.314734 22.6 23.3677
      vertex 0.32243 22.6 23.4458
    endloop
  endfacet
  facet normal 0 1 0
    outer loop
      vertex 8.74684 22.6 27.0472
      vertex 0.301942 22.6 23.2902
      vertex 0.314734 22.6 23.3677
    endloop
  endfacet
  facet normal 0 1 0
    outer loop
      vertex 8.74684 22.6 27.0472
      vertex 0.284111 22.6 23.2137
      vertex 0.301942 22.6 23.2902
    endloop
  endfacet
  facet normal 0 1 0
    outer loop
      vertex 8.74684 22.6 27.0472
      vertex 0.261316 22.6 23.1386
      vertex 0.284111 22.6 23.2137
    endloop
  endfacet
  facet normal 0 1 0
    outer loop
      vertex 8.74684 22.6 27.0472
      vertex 0.233656 22.6 23.0651
      vertex 0.261316 22.6 23.1386
    endloop
  endfacet
  facet normal 0 1 0
    outer loop
      vertex 8.74684 22.6 27.0472
      vertex 0.201247 22.6 22.9936
      vertex 0.233656 22.6 23.0651
    endloop
  endfacet
  facet normal 0 1 0
    outer loop
      vertex 8.74684 22.6 27.0472
      vertex 0.16423 22.6 22.9243
      vertex 0.201247 22.6 22.9936
    endloop
  endfacet
  facet normal 0 1 -0
    outer loop
      vertex 8.74684 22.6 9.80438
      vertex 0.16423 22.6 22.9243
      vertex 8.74684 22.6 27.0472
    endloop
  endfacet
  facet normal 0 1 0
    outer loop
      vertex 0.16423 22.6 22.9243
      vertex 8.74684 22.6 9.80438
      vertex 0.122763 22.6 22.8576
    endloop
  endfacet
  facet normal 0 1 0
    outer loop
      vertex 0.122763 22.6 22.8576
      vertex 8.74684 22.6 9.80438
      vertex 0.0770241 22.6 22.7938
    endloop
  endfacet
  facet normal 0 1 0
    outer loop
      vertex 0.0770241 22.6 22.7938
      vertex 8.74684 22.6 9.80438
      vertex 0.0272075 22.6 22.7331
    endloop
  endfacet
  facet normal 0 1 0
    outer loop
      vertex 0.0272075 22.6 22.7331
      vertex 8.74684 22.6 9.80438
      vertex -0.0264724 22.6 22.6758
    endloop
  endfacet
  facet normal 0 1 0
    outer loop
      vertex -0.0264724 22.6 22.6758
      vertex 8.74684 22.6 9.80438
      vertex -0.0837851 22.6 22.6221
    endloop
  endfacet
  facet normal 0 1 0
    outer loop
      vertex -0.0837851 22.6 22.6221
      vertex 8.74684 22.6 9.80438
      vertex -0.144487 22.6 22.5723
    endloop
  endfacet
  facet normal 0 1 0
    outer loop
      vertex -0.144487 22.6 22.5723
      vertex 8.74684 22.6 9.80438
      vertex -0.208315 22.6 22.5265
    endloop
  endfacet
  facet normal 0 1 0
    outer loop
      vertex -0.208315 22.6 22.5265
      vertex 8.74684 22.6 9.80438
      vertex -0.275 22.6 22.4851
    endloop
  endfacet
  facet normal 0 1 0
    outer loop
      vertex -8.74684 22.6 16.9587
      vertex -0.874999 22.6 22.3243
      vertex -0.796515 22.6 22.3269
    endloop
  endfacet
  facet normal 0 1 0
    outer loop
      vertex 8.74684 22.6 9.80438
      vertex -0.796515 22.6 22.3269
      vertex -0.718368 22.6 22.3346
    endloop
  endfacet
  facet normal 0 1 0
    outer loop
      vertex 8.74684 22.6 9.80438
      vertex -0.718368 22.6 22.3346
      vertex -0.640891 22.6 22.3474
    endloop
  endfacet
  facet normal 0 1 0
    outer loop
      vertex 8.74684 22.6 9.80438
      vertex -0.640891 22.6 22.3474
      vertex -0.564417 22.6 22.3652
    endloop
  endfacet
  facet normal 0 1 0
    outer loop
      vertex -0.874999 22.6 22.3243
      vertex -8.74684 22.6 16.9587
      vertex -10.4968 22.6 19.9899
    endloop
  endfacet
  facet normal 0 1 0
    outer loop
      vertex 8.74684 22.6 9.80438
      vertex -0.564417 22.6 22.3652
      vertex -0.489272 22.6 22.388
    endloop
  endfacet
  facet normal 0 1 0
    outer loop
      vertex 8.74684 22.6 9.80438
      vertex -0.489272 22.6 22.388
      vertex -0.415779 22.6 22.4156
    endloop
  endfacet
  facet normal 0 1 0
    outer loop
      vertex 8.74684 22.6 9.80438
      vertex -0.415779 22.6 22.4156
      vertex -0.344253 22.6 22.4481
    endloop
  endfacet
  facet normal 0 1 0
    outer loop
      vertex -0.275 22.6 22.4851
      vertex 8.74684 22.6 9.80438
      vertex -0.344253 22.6 22.4481
    endloop
  endfacet
  facet normal 0 1 0
    outer loop
      vertex -0.796515 22.6 22.3269
      vertex 8.74684 22.6 9.80438
      vertex -8.74684 22.6 9.80438
    endloop
  endfacet
  facet normal 0 1 0
    outer loop
      vertex -0.796515 22.6 22.3269
      vertex -8.74684 22.6 9.80438
      vertex -8.74684 22.6 16.9587
    endloop
  endfacet
  facet normal 0 1 -0
    outer loop
      vertex 8.74684 22.6 27.0472
      vertex 6.99685 22.6 30.0898
      vertex 8.75185 22.6 27.0501
    endloop
  endfacet
  facet normal 0 1 0
    outer loop
      vertex 0.16423 22.6 24.1243
      vertex 6.99685 22.6 30.0898
      vertex 8.74684 22.6 27.0472
    endloop
  endfacet
  facet normal 0 1 0
    outer loop
      vertex -0.953485 22.6 24.7217
      vertex 6.99685 22.6 30.0898
      vertex -0.875 22.6 24.7243
    endloop
  endfacet
  facet normal 0 1 0
    outer loop
      vertex -1.03163 22.6 24.714
      vertex 6.99685 22.6 30.0898
      vertex -0.953485 22.6 24.7217
    endloop
  endfacet
  facet normal 0 1 0
    outer loop
      vertex -1.10911 22.6 24.7012
      vertex 6.99685 22.6 30.0898
      vertex -1.03163 22.6 24.714
    endloop
  endfacet
  facet normal 0 1 0
    outer loop
      vertex -1.18558 22.6 24.6834
      vertex 6.99685 22.6 30.0898
      vertex -1.10911 22.6 24.7012
    endloop
  endfacet
  facet normal 0 1 0
    outer loop
      vertex -1.26073 22.6 24.6606
      vertex 6.99685 22.6 30.0898
      vertex -1.18558 22.6 24.6834
    endloop
  endfacet
  facet normal 0 1 0
    outer loop
      vertex -1.33422 22.6 24.633
      vertex 6.99685 22.6 30.0898
      vertex -1.26073 22.6 24.6606
    endloop
  endfacet
  facet normal 0 1 0
    outer loop
      vertex -1.40575 22.6 24.6005
      vertex 6.99685 22.6 30.0898
      vertex -1.33422 22.6 24.633
    endloop
  endfacet
  facet normal 0 1 0
    outer loop
      vertex -1.475 22.6 24.5635
      vertex 6.99685 22.6 30.0898
      vertex -1.40575 22.6 24.6005
    endloop
  endfacet
  facet normal 0 1 0
    outer loop
      vertex -10.4968 22.6 19.9899
      vertex -1.475 22.6 24.5635
      vertex -1.54168 22.6 24.5221
    endloop
  endfacet
  facet normal 0 1 -0
    outer loop
      vertex -1.475 22.6 24.5635
      vertex -10.4968 22.6 19.9899
      vertex 6.99685 22.6 30.0898
    endloop
  endfacet
  facet normal 0 1 -0
    outer loop
      vertex -1.60551 22.6 24.4763
      vertex -10.4968 22.6 19.9899
      vertex -1.54168 22.6 24.5221
    endloop
  endfacet
  facet normal 0 1 -0
    outer loop
      vertex -1.66621 22.6 24.4265
      vertex -10.4968 22.6 19.9899
      vertex -1.60551 22.6 24.4763
    endloop
  endfacet
  facet normal 0 1 -0
    outer loop
      vertex -1.72353 22.6 24.3728
      vertex -10.4968 22.6 19.9899
      vertex -1.66621 22.6 24.4265
    endloop
  endfacet
  facet normal 0 1 -0
    outer loop
      vertex -1.77721 22.6 24.3155
      vertex -10.4968 22.6 19.9899
      vertex -1.72353 22.6 24.3728
    endloop
  endfacet
  facet normal 0 1 -0
    outer loop
      vertex -1.82702 22.6 24.2548
      vertex -10.4968 22.6 19.9899
      vertex -1.77721 22.6 24.3155
    endloop
  endfacet
  facet normal 0 1 -0
    outer loop
      vertex -1.87276 22.6 24.191
      vertex -10.4968 22.6 19.9899
      vertex -1.82702 22.6 24.2548
    endloop
  endfacet
  facet normal 0 1 -0
    outer loop
      vertex -1.91423 22.6 24.1243
      vertex -10.4968 22.6 19.9899
      vertex -1.87276 22.6 24.191
    endloop
  endfacet
  facet normal 0 1 -0
    outer loop
      vertex -1.95125 22.6 24.055
      vertex -10.4968 22.6 19.9899
      vertex -1.91423 22.6 24.1243
    endloop
  endfacet
  facet normal 0 1 -0
    outer loop
      vertex -1.98366 22.6 23.9835
      vertex -10.4968 22.6 19.9899
      vertex -1.95125 22.6 24.055
    endloop
  endfacet
  facet normal 0 1 -0
    outer loop
      vertex -2.01132 22.6 23.91
      vertex -10.4968 22.6 19.9899
      vertex -1.98366 22.6 23.9835
    endloop
  endfacet
  facet normal 0 1 -0
    outer loop
      vertex -2.03411 22.6 23.8349
      vertex -10.4968 22.6 19.9899
      vertex -2.01132 22.6 23.91
    endloop
  endfacet
  facet normal 0 1 -0
    outer loop
      vertex -2.05194 22.6 23.7584
      vertex -10.4968 22.6 19.9899
      vertex -2.03411 22.6 23.8349
    endloop
  endfacet
  facet normal 0 1 -0
    outer loop
      vertex -2.06473 22.6 23.6809
      vertex -10.4968 22.6 19.9899
      vertex -2.05194 22.6 23.7584
    endloop
  endfacet
  facet normal 0 1 -0
    outer loop
      vertex -2.07243 22.6 23.6028
      vertex -10.4968 22.6 19.9899
      vertex -2.06473 22.6 23.6809
    endloop
  endfacet
  facet normal 0 1 -0
    outer loop
      vertex -2.075 22.6 23.5243
      vertex -10.4968 22.6 19.9899
      vertex -2.07243 22.6 23.6028
    endloop
  endfacet
  facet normal 0 1 0
    outer loop
      vertex -2.07243 22.6 23.4458
      vertex -10.4968 22.6 19.9899
      vertex -2.075 22.6 23.5243
    endloop
  endfacet
  facet normal 0 1 0
    outer loop
      vertex -2.06473 22.6 23.3677
      vertex -10.4968 22.6 19.9899
      vertex -2.07243 22.6 23.4458
    endloop
  endfacet
  facet normal 0 1 0
    outer loop
      vertex -2.05194 22.6 23.2902
      vertex -10.4968 22.6 19.9899
      vertex -2.06473 22.6 23.3677
    endloop
  endfacet
  facet normal 0 1 0
    outer loop
      vertex -2.03411 22.6 23.2137
      vertex -10.4968 22.6 19.9899
      vertex -2.05194 22.6 23.2902
    endloop
  endfacet
  facet normal 0 1 0
    outer loop
      vertex -2.01132 22.6 23.1386
      vertex -10.4968 22.6 19.9899
      vertex -2.03411 22.6 23.2137
    endloop
  endfacet
  facet normal 0 1 0
    outer loop
      vertex -1.98365 22.6 23.0651
      vertex -10.4968 22.6 19.9899
      vertex -2.01132 22.6 23.1386
    endloop
  endfacet
  facet normal 0 1 0
    outer loop
      vertex -1.95125 22.6 22.9936
      vertex -10.4968 22.6 19.9899
      vertex -1.98365 22.6 23.0651
    endloop
  endfacet
  facet normal 0 1 0
    outer loop
      vertex -1.91423 22.6 22.9243
      vertex -10.4968 22.6 19.9899
      vertex -1.95125 22.6 22.9936
    endloop
  endfacet
  facet normal 0 1 0
    outer loop
      vertex -1.87276 22.6 22.8576
      vertex -10.4968 22.6 19.9899
      vertex -1.91423 22.6 22.9243
    endloop
  endfacet
  facet normal 0 1 0
    outer loop
      vertex -1.82702 22.6 22.7938
      vertex -10.4968 22.6 19.9899
      vertex -1.87276 22.6 22.8576
    endloop
  endfacet
  facet normal 0 1 0
    outer loop
      vertex -1.77721 22.6 22.7331
      vertex -10.4968 22.6 19.9899
      vertex -1.82702 22.6 22.7938
    endloop
  endfacet
  facet normal 0 1 0
    outer loop
      vertex -1.72353 22.6 22.6758
      vertex -10.4968 22.6 19.9899
      vertex -1.77721 22.6 22.7331
    endloop
  endfacet
  facet normal 0 1 0
    outer loop
      vertex -1.66621 22.6 22.6221
      vertex -10.4968 22.6 19.9899
      vertex -1.72353 22.6 22.6758
    endloop
  endfacet
  facet normal 0 1 0
    outer loop
      vertex -1.60551 22.6 22.5723
      vertex -10.4968 22.6 19.9899
      vertex -1.66621 22.6 22.6221
    endloop
  endfacet
  facet normal 0 1 0
    outer loop
      vertex -1.54168 22.6 22.5265
      vertex -10.4968 22.6 19.9899
      vertex -1.60551 22.6 22.5723
    endloop
  endfacet
  facet normal 0 1 0
    outer loop
      vertex -1.475 22.6 22.4851
      vertex -10.4968 22.6 19.9899
      vertex -1.54168 22.6 22.5265
    endloop
  endfacet
  facet normal 0 1 0
    outer loop
      vertex -1.40575 22.6 22.4481
      vertex -10.4968 22.6 19.9899
      vertex -1.475 22.6 22.4851
    endloop
  endfacet
  facet normal 0 1 0
    outer loop
      vertex -1.33422 22.6 22.4156
      vertex -10.4968 22.6 19.9899
      vertex -1.40575 22.6 22.4481
    endloop
  endfacet
  facet normal 0 1 0
    outer loop
      vertex -1.26073 22.6 22.388
      vertex -10.4968 22.6 19.9899
      vertex -1.33422 22.6 22.4156
    endloop
  endfacet
  facet normal 0 1 0
    outer loop
      vertex -1.18558 22.6 22.3652
      vertex -10.4968 22.6 19.9899
      vertex -1.26073 22.6 22.388
    endloop
  endfacet
  facet normal 0 1 0
    outer loop
      vertex -1.10911 22.6 22.3474
      vertex -10.4968 22.6 19.9899
      vertex -1.18558 22.6 22.3652
    endloop
  endfacet
  facet normal 0 1 0
    outer loop
      vertex -1.03163 22.6 22.3346
      vertex -10.4968 22.6 19.9899
      vertex -1.10911 22.6 22.3474
    endloop
  endfacet
  facet normal 0 1 0
    outer loop
      vertex -0.953484 22.6 22.3269
      vertex -10.4968 22.6 19.9899
      vertex -1.03163 22.6 22.3346
    endloop
  endfacet
  facet normal 0 1 0
    outer loop
      vertex -10.4968 22.6 19.9899
      vertex -0.953484 22.6 22.3269
      vertex -0.874999 22.6 22.3243
    endloop
  endfacet
  facet normal 0 1 -0
    outer loop
      vertex 8.74684 22.6 0.4
      vertex -8.74684 22.6 2.80438
      vertex 8.74684 22.6 2.80438
    endloop
  endfacet
  facet normal 0 1 0
    outer loop
      vertex -8.74684 22.6 2.80438
      vertex 8.74684 22.6 0.4
      vertex -8.74684 22.6 0.4
    endloop
  endfacet
  facet normal 0 1 -0
    outer loop
      vertex 8.74684 22.6 5.80438
      vertex -8.74684 22.6 6.80438
      vertex 8.74684 22.6 6.80438
    endloop
  endfacet
  facet normal 0 1 0
    outer loop
      vertex -8.74684 22.6 6.80438
      vertex 8.74684 22.6 5.80438
      vertex -8.74684 22.6 5.80438
    endloop
  endfacet
  facet normal -0.706813 0.0201237 -0.707115
    outer loop
      vertex -15.8813 13.894 0
      vertex -16.2813 13.9 0.4
      vertex -16.2651 14.469 0.4
    endloop
  endfacet
  facet normal 0.704534 0.0600583 -0.707124
    outer loop
      vertex 16.2651 14.469 0.4
      vertex 15.8192 14.9902 0
      vertex 16.2168 15.0356 0.4
    endloop
  endfacet
  facet normal 0.699967 0.100088 -0.707127
    outer loop
      vertex 15.8192 14.9902 0
      vertex 15.7421 15.5294 0
      vertex 16.2168 15.0356 0.4
    endloop
  endfacet
  facet normal -0.699967 -0.100088 -0.707127
    outer loop
      vertex -15.7421 -15.5294 0
      vertex -16.2168 -15.0356 0.4
      vertex -15.8192 -14.9902 0
    endloop
  endfacet
  facet normal 0.583292 -0.812262 0
    outer loop
      vertex 12.5141 -21.4344 0.4
      vertex 12.9327 -21.1338 2.80438
      vertex 12.5141 -21.4344 2.80438
    endloop
  endfacet
  facet normal 0.583292 -0.812262 0
    outer loop
      vertex 12.9327 -21.1338 2.80438
      vertex 12.5141 -21.4344 0.4
      vertex 12.9327 -21.1338 0.4
    endloop
  endfacet
  facet normal 0.583292 -0.812262 0
    outer loop
      vertex 12.5141 -21.4344 5.80438
      vertex 12.9327 -21.1338 6.80438
      vertex 12.5141 -21.4344 6.80438
    endloop
  endfacet
  facet normal 0.583292 -0.812262 0
    outer loop
      vertex 12.9327 -21.1338 6.80438
      vertex 12.5141 -21.4344 5.80438
      vertex 12.9327 -21.1338 5.80438
    endloop
  endfacet
  facet normal 0.583292 -0.812262 0
    outer loop
      vertex 12.9327 -21.1338 9.80438
      vertex 12.5141 -21.4344 29.2222
      vertex 12.5141 -21.4344 9.80438
    endloop
  endfacet
  facet normal 0.583292 -0.812262 0
    outer loop
      vertex 12.5141 -21.4344 29.2222
      vertex 12.9327 -21.1338 9.80438
      vertex 12.9327 -21.1338 29.4639
    endloop
  endfacet
  facet normal 0.849634 0.527372 0
    outer loop
      vertex 15.0115 18.7335 2.80438
      vertex 14.7243 19.1962 0.4
      vertex 14.7243 19.1962 2.80438
    endloop
  endfacet
  facet normal 0.849634 0.527372 0
    outer loop
      vertex 14.7243 19.1962 0.4
      vertex 15.0115 18.7335 2.80438
      vertex 15.0115 18.7335 0.4
    endloop
  endfacet
  facet normal 0.849634 0.527372 0
    outer loop
      vertex 15.0115 18.7335 6.80438
      vertex 14.7243 19.1962 5.80438
      vertex 14.7243 19.1962 6.80438
    endloop
  endfacet
  facet normal 0.849634 0.527372 0
    outer loop
      vertex 14.7243 19.1962 5.80438
      vertex 15.0115 18.7335 6.80438
      vertex 15.0115 18.7335 5.80438
    endloop
  endfacet
  facet normal 0.849634 0.527372 -0
    outer loop
      vertex 15.0115 18.7335 9.80438
      vertex 14.7243 19.1962 30.4983
      vertex 15.0115 18.7335 30.6641
    endloop
  endfacet
  facet normal 0.849634 0.527372 0
    outer loop
      vertex 14.7243 19.1962 30.4983
      vertex 15.0115 18.7335 9.80438
      vertex 14.7243 19.1962 9.80438
    endloop
  endfacet
  facet normal 0.463476 0.886109 -0
    outer loop
      vertex 12.0792 21.7028 0.4
      vertex 11.6301 21.9377 2.80438
      vertex 12.0792 21.7028 2.80438
    endloop
  endfacet
  facet normal 0.463476 0.886109 0
    outer loop
      vertex 11.6301 21.9377 2.80438
      vertex 12.0792 21.7028 0.4
      vertex 11.6301 21.9377 0.4
    endloop
  endfacet
  facet normal 0.463476 0.886109 -0
    outer loop
      vertex 12.0792 21.7028 5.80438
      vertex 11.6301 21.9377 6.80438
      vertex 12.0792 21.7028 6.80438
    endloop
  endfacet
  facet normal 0.463476 0.886109 0
    outer loop
      vertex 11.6301 21.9377 6.80438
      vertex 12.0792 21.7028 5.80438
      vertex 11.6301 21.9377 5.80438
    endloop
  endfacet
  facet normal 0.463476 0.886109 -0
    outer loop
      vertex 12.0792 21.7028 9.80438
      vertex 11.6301 21.9377 28.7119
      vertex 12.0792 21.7028 28.9712
    endloop
  endfacet
  facet normal 0.463476 0.886109 0
    outer loop
      vertex 11.6301 21.9377 28.7119
      vertex 12.0792 21.7028 9.80438
      vertex 11.6301 21.9377 9.80438
    endloop
  endfacet
  facet normal 0.907504 -0.420044 0
    outer loop
      vertex 15.2719 -18.25 2.80438
      vertex 15.5043 -17.7479 0.4
      vertex 15.5043 -17.7479 2.80438
    endloop
  endfacet
  facet normal 0.907504 -0.420044 0
    outer loop
      vertex 15.5043 -17.7479 0.4
      vertex 15.2719 -18.25 2.80438
      vertex 15.2719 -18.25 0.4
    endloop
  endfacet
  facet normal 0.907504 -0.420044 0
    outer loop
      vertex 15.2719 -18.25 6.80438
      vertex 15.5043 -17.7479 5.80438
      vertex 15.5043 -17.7479 6.80438
    endloop
  endfacet
  facet normal 0.907504 -0.420044 0
    outer loop
      vertex 15.5043 -17.7479 5.80438
      vertex 15.2719 -18.25 6.80438
      vertex 15.2719 -18.25 5.80438
    endloop
  endfacet
  facet normal 0.907504 -0.420044 0
    outer loop
      vertex 15.2719 -18.25 30.8144
      vertex 15.5043 -17.7479 9.80438
      vertex 15.5043 -17.7479 30.9486
    endloop
  endfacet
  facet normal 0.907504 -0.420044 0
    outer loop
      vertex 15.5043 -17.7479 9.80438
      vertex 15.2719 -18.25 30.8144
      vertex 15.2719 -18.25 9.80438
    endloop
  endfacet
  facet normal -0.693137 0.140028 -0.707074
    outer loop
      vertex -15.6347 16.0614 0
      vertex -16.1365 15.5973 0.4
      vertex -16.0245 16.1517 0.4
    endloop
  endfacet
  facet normal -0.18386 0.682827 -0.707066
    outer loop
      vertex -10.1272 22.0427 0
      vertex -10.6969 22.3035 0.4
      vertex -10.2167 22.4328 0.4
    endloop
  endfacet
  facet normal 0.600802 0.372884 -0.707103
    outer loop
      vertex 14.6652 18.5329 0
      vertex 14.391 18.9747 0
      vertex 14.7243 19.1962 0.4
    endloop
  endfacet
  facet normal 0.112998 -0.993595 0
    outer loop
      vertex 9.23962 -22.5814 0.4
      vertex 9.73027 -22.5256 2.80438
      vertex 9.23962 -22.5814 2.80438
    endloop
  endfacet
  facet normal 0.112998 -0.993595 0
    outer loop
      vertex 9.73027 -22.5256 2.80438
      vertex 9.23962 -22.5814 0.4
      vertex 9.73027 -22.5256 0.4
    endloop
  endfacet
  facet normal 0.112998 -0.993595 0
    outer loop
      vertex 9.23962 -22.5814 5.80438
      vertex 9.73027 -22.5256 6.80438
      vertex 9.23962 -22.5814 6.80438
    endloop
  endfacet
  facet normal 0.112998 -0.993595 0
    outer loop
      vertex 9.73027 -22.5256 6.80438
      vertex 9.23962 -22.5814 5.80438
      vertex 9.73027 -22.5256 5.80438
    endloop
  endfacet
  facet normal 0.112998 -0.993595 0
    outer loop
      vertex 9.73027 -22.5256 9.80438
      vertex 9.23962 -22.5814 27.3317
      vertex 9.23962 -22.5814 9.80438
    endloop
  endfacet
  facet normal 0.112998 -0.993595 0
    outer loop
      vertex 9.23962 -22.5814 27.3317
      vertex 9.73027 -22.5256 9.80438
      vertex 9.73027 -22.5256 27.615
    endloop
  endfacet
  facet normal -0.519164 0.480006 -0.707151
    outer loop
      vertex -13.7719 19.7898 0
      vertex -14.0745 20.0518 0.4
      vertex -13.4299 20.1597 0
    endloop
  endfacet
  facet normal -1 0 0
    outer loop
      vertex -16.2813 -13.9 0.4
      vertex -16.2813 13.9 2.80438
      vertex -16.2813 13.9 0.4
    endloop
  endfacet
  facet normal -1 -0 0
    outer loop
      vertex -16.2813 13.9 2.80438
      vertex -16.2813 -13.9 0.4
      vertex -16.2813 -13.9 2.80438
    endloop
  endfacet
  facet normal -1 0 0
    outer loop
      vertex -16.2813 -13.9 5.80438
      vertex -16.2813 13.9 6.80438
      vertex -16.2813 13.9 5.80438
    endloop
  endfacet
  facet normal -1 -0 0
    outer loop
      vertex -16.2813 13.9 6.80438
      vertex -16.2813 -13.9 5.80438
      vertex -16.2813 -13.9 6.80438
    endloop
  endfacet
  facet normal -1 0 0
    outer loop
      vertex -16.2813 -13.9 9.80438
      vertex -16.2813 13.9 12.6088
      vertex -16.2813 13.9 9.80438
    endloop
  endfacet
  facet normal -1 -0 0
    outer loop
      vertex -16.2813 13.9 12.6088
      vertex -16.2813 -13.9 9.80438
      vertex -16.2813 -13.9 12.6088
    endloop
  endfacet
  facet normal 0.706833 -0.0200965 -0.707095
    outer loop
      vertex 16.2651 -14.469 0.4
      vertex 15.8656 -14.4462 0
      vertex 15.8813 -13.894 0
    endloop
  endfacet
  facet normal 0.88043 0.474176 0
    outer loop
      vertex 15.2719 18.25 2.80438
      vertex 15.0115 18.7335 0.4
      vertex 15.0115 18.7335 2.80438
    endloop
  endfacet
  facet normal 0.88043 0.474176 0
    outer loop
      vertex 15.0115 18.7335 0.4
      vertex 15.2719 18.25 2.80438
      vertex 15.2719 18.25 0.4
    endloop
  endfacet
  facet normal 0.88043 0.474176 0
    outer loop
      vertex 15.2719 18.25 6.80438
      vertex 15.0115 18.7335 5.80438
      vertex 15.0115 18.7335 6.80438
    endloop
  endfacet
  facet normal 0.88043 0.474176 0
    outer loop
      vertex 15.0115 18.7335 5.80438
      vertex 15.2719 18.25 6.80438
      vertex 15.2719 18.25 5.80438
    endloop
  endfacet
  facet normal 0.88043 0.474176 -0
    outer loop
      vertex 15.2719 18.25 9.80438
      vertex 15.0115 18.7335 30.6641
      vertex 15.2719 18.25 30.8144
    endloop
  endfacet
  facet normal 0.88043 0.474176 0
    outer loop
      vertex 15.0115 18.7335 30.6641
      vertex 15.2719 18.25 9.80438
      vertex 15.0115 18.7335 9.80438
    endloop
  endfacet
  facet normal 0.330475 0.943815 -0
    outer loop
      vertex 11.1687 22.1383 0.4
      vertex 10.6969 22.3035 2.80438
      vertex 11.1687 22.1383 2.80438
    endloop
  endfacet
  facet normal 0.330475 0.943815 0
    outer loop
      vertex 10.6969 22.3035 2.80438
      vertex 11.1687 22.1383 0.4
      vertex 10.6969 22.3035 0.4
    endloop
  endfacet
  facet normal 0.330475 0.943815 -0
    outer loop
      vertex 11.1687 22.1383 5.80438
      vertex 10.6969 22.3035 6.80438
      vertex 11.1687 22.1383 6.80438
    endloop
  endfacet
  facet normal 0.330475 0.943815 0
    outer loop
      vertex 10.6969 22.3035 6.80438
      vertex 11.1687 22.1383 5.80438
      vertex 10.6969 22.3035 5.80438
    endloop
  endfacet
  facet normal 0.330475 0.943815 -0
    outer loop
      vertex 11.1687 22.1383 9.80438
      vertex 10.6969 22.3035 28.1731
      vertex 11.1687 22.1383 28.4455
    endloop
  endfacet
  facet normal 0.330475 0.943815 0
    outer loop
      vertex 10.6969 22.3035 28.1731
      vertex 11.1687 22.1383 9.80438
      vertex 10.6969 22.3035 9.80438
    endloop
  endfacet
  facet normal 0.734203 0.67893 0
    outer loop
      vertex 14.0745 20.0518 2.80438
      vertex 13.7146 20.441 0.4
      vertex 13.7146 20.441 2.80438
    endloop
  endfacet
  facet normal 0.734203 0.67893 0
    outer loop
      vertex 13.7146 20.441 0.4
      vertex 14.0745 20.0518 2.80438
      vertex 14.0745 20.0518 0.4
    endloop
  endfacet
  facet normal 0.734203 0.67893 0
    outer loop
      vertex 14.0745 20.0518 6.80438
      vertex 13.7146 20.441 5.80438
      vertex 13.7146 20.441 6.80438
    endloop
  endfacet
  facet normal 0.734203 0.67893 0
    outer loop
      vertex 13.7146 20.441 5.80438
      vertex 14.0745 20.0518 6.80438
      vertex 14.0745 20.0518 5.80438
    endloop
  endfacet
  facet normal 0.734203 0.67893 -0
    outer loop
      vertex 14.0745 20.0518 9.80438
      vertex 13.7146 20.441 29.9154
      vertex 14.0745 20.0518 30.1231
    endloop
  endfacet
  facet normal 0.734203 0.67893 0
    outer loop
      vertex 13.7146 20.441 29.9154
      vertex 14.0745 20.0518 9.80438
      vertex 13.7146 20.441 9.80438
    endloop
  endfacet
  facet normal 0.132517 0.694613 -0.707072
    outer loop
      vertex 10.1272 22.0427 0
      vertex 9.73027 22.5256 0.4
      vertex 10.2167 22.4328 0.4
    endloop
  endfacet
  facet normal 0 -0.707107 -0.707107
    outer loop
      vertex -8.739 -22.2 0
      vertex 8.74684 -22.6 0.4
      vertex -8.74684 -22.6 0.4
    endloop
  endfacet
  facet normal 0 -0.707107 -0.707107
    outer loop
      vertex 8.74684 -22.6 0.4
      vertex -8.739 -22.2 0
      vertex 8.739 -22.2 0
    endloop
  endfacet
  facet normal 0.907504 0.420044 0
    outer loop
      vertex 15.5043 17.7479 2.80438
      vertex 15.2719 18.25 0.4
      vertex 15.2719 18.25 2.80438
    endloop
  endfacet
  facet normal 0.907504 0.420044 0
    outer loop
      vertex 15.2719 18.25 0.4
      vertex 15.5043 17.7479 2.80438
      vertex 15.5043 17.7479 0.4
    endloop
  endfacet
  facet normal 0.907504 0.420044 0
    outer loop
      vertex 15.5043 17.7479 6.80438
      vertex 15.2719 18.25 5.80438
      vertex 15.2719 18.25 6.80438
    endloop
  endfacet
  facet normal 0.907504 0.420044 0
    outer loop
      vertex 15.2719 18.25 5.80438
      vertex 15.5043 17.7479 6.80438
      vertex 15.5043 17.7479 5.80438
    endloop
  endfacet
  facet normal 0.907504 0.420044 -0
    outer loop
      vertex 15.5043 17.7479 9.80438
      vertex 15.2719 18.25 30.8144
      vertex 15.5043 17.7479 30.9486
    endloop
  endfacet
  facet normal 0.907504 0.420044 0
    outer loop
      vertex 15.2719 18.25 30.8144
      vertex 15.5043 17.7479 9.80438
      vertex 15.2719 18.25 9.80438
    endloop
  endfacet
  facet normal 0.683949 -0.17965 -0.707064
    outer loop
      vertex 15.8814 -16.6965 0.4
      vertex 15.6347 -16.0614 0
      vertex 16.0245 -16.1517 0.4
    endloop
  endfacet
  facet normal 0.980198 0.19802 0
    outer loop
      vertex 16.1365 15.5973 2.80438
      vertex 16.0245 16.1517 0.4
      vertex 16.0245 16.1517 2.80438
    endloop
  endfacet
  facet normal 0.980198 0.19802 0
    outer loop
      vertex 16.0245 16.1517 0.4
      vertex 16.1365 15.5973 2.80438
      vertex 16.1365 15.5973 0.4
    endloop
  endfacet
  facet normal 0.980198 0.19802 0
    outer loop
      vertex 16.1365 15.5973 6.80438
      vertex 16.0245 16.1517 5.80438
      vertex 16.0245 16.1517 6.80438
    endloop
  endfacet
  facet normal 0.980198 0.19802 0
    outer loop
      vertex 16.0245 16.1517 5.80438
      vertex 16.1365 15.5973 6.80438
      vertex 16.1365 15.5973 5.80438
    endloop
  endfacet
  facet normal 0.980198 0.19802 -0
    outer loop
      vertex 16.1365 15.5973 9.80438
      vertex 16.0245 16.1517 31.249
      vertex 16.1365 15.5973 31.3136
    endloop
  endfacet
  facet normal 0.980198 0.19802 0
    outer loop
      vertex 16.0245 16.1517 31.249
      vertex 16.1365 15.5973 9.80438
      vertex 16.0245 16.1517 9.80438
    endloop
  endfacet
  facet normal 0.704555 -0.0600944 -0.7071
    outer loop
      vertex 16.2651 -14.469 0.4
      vertex 15.8192 -14.9902 0
      vertex 15.8656 -14.4462 0
    endloop
  endfacet
  facet normal -0.967192 0.254048 0
    outer loop
      vertex -16.0245 16.1517 0.4
      vertex -15.8814 16.6965 2.80438
      vertex -15.8814 16.6965 0.4
    endloop
  endfacet
  facet normal -0.967192 0.254048 0
    outer loop
      vertex -15.8814 16.6965 2.80438
      vertex -16.0245 16.1517 0.4
      vertex -16.0245 16.1517 2.80438
    endloop
  endfacet
  facet normal -0.967192 0.254048 0
    outer loop
      vertex -16.0245 16.1517 5.80438
      vertex -15.8814 16.6965 6.80438
      vertex -15.8814 16.6965 5.80438
    endloop
  endfacet
  facet normal -0.967192 0.254048 0
    outer loop
      vertex -15.8814 16.6965 6.80438
      vertex -16.0245 16.1517 5.80438
      vertex -16.0245 16.1517 6.80438
    endloop
  endfacet
  facet normal -0.967192 0.254048 0
    outer loop
      vertex -16.0245 16.1517 12.757
      vertex -15.8814 16.6965 9.80438
      vertex -16.0245 16.1517 9.80438
    endloop
  endfacet
  facet normal -0.967192 0.254048 0
    outer loop
      vertex -15.8814 16.6965 9.80438
      vertex -16.0245 16.1517 12.757
      vertex -15.8814 16.6965 12.8396
    endloop
  endfacet
  facet normal 0.183925 0.68276 -0.707114
    outer loop
      vertex 10.5786 21.9211 0
      vertex 10.1272 22.0427 0
      vertex 10.6969 22.3035 0.4
    endloop
  endfacet
  facet normal 0.999595 -0.0284595 0
    outer loop
      vertex 16.2651 -14.469 2.80438
      vertex 16.2813 -13.9 0.4
      vertex 16.2813 -13.9 2.80438
    endloop
  endfacet
  facet normal 0.999595 -0.0284595 0
    outer loop
      vertex 16.2813 -13.9 0.4
      vertex 16.2651 -14.469 2.80438
      vertex 16.2651 -14.469 0.4
    endloop
  endfacet
  facet normal 0.999595 -0.0284595 0
    outer loop
      vertex 16.2651 -14.469 6.80438
      vertex 16.2813 -13.9 5.80438
      vertex 16.2813 -13.9 6.80438
    endloop
  endfacet
  facet normal 0.999595 -0.0284595 0
    outer loop
      vertex 16.2813 -13.9 5.80438
      vertex 16.2651 -14.469 6.80438
      vertex 16.2651 -14.469 5.80438
    endloop
  endfacet
  facet normal 0.999595 -0.0284595 0
    outer loop
      vertex 16.2651 -14.469 31.3879
      vertex 16.2813 -13.9 9.80438
      vertex 16.2813 -13.9 31.3972
    endloop
  endfacet
  facet normal 0.999595 -0.0284595 0
    outer loop
      vertex 16.2813 -13.9 9.80438
      vertex 16.2651 -14.469 31.3879
      vertex 16.2651 -14.469 9.80438
    endloop
  endfacet
  facet normal 1 -0 0
    outer loop
      vertex 16.2813 -13.9 2.80438
      vertex 16.2813 13.9 0.4
      vertex 16.2813 13.9 2.80438
    endloop
  endfacet
  facet normal 1 0 0
    outer loop
      vertex 16.2813 13.9 0.4
      vertex 16.2813 -13.9 2.80438
      vertex 16.2813 -13.9 0.4
    endloop
  endfacet
  facet normal 1 -0 0
    outer loop
      vertex 16.2813 -13.9 6.80438
      vertex 16.2813 13.9 5.80438
      vertex 16.2813 13.9 6.80438
    endloop
  endfacet
  facet normal 1 0 0
    outer loop
      vertex 16.2813 13.9 5.80438
      vertex 16.2813 -13.9 6.80438
      vertex 16.2813 -13.9 5.80438
    endloop
  endfacet
  facet normal 1 -0 0
    outer loop
      vertex 16.2813 -13.9 31.3972
      vertex 16.2813 13.9 9.80438
      vertex 16.2813 13.9 31.3972
    endloop
  endfacet
  facet normal 1 0 0
    outer loop
      vertex 16.2813 13.9 9.80438
      vertex 16.2813 -13.9 31.3972
      vertex 16.2813 -13.9 9.80438
    endloop
  endfacet
  facet normal -0.112998 0.993595 0
    outer loop
      vertex -9.23962 22.5814 0.4
      vertex -9.73027 22.5256 2.80438
      vertex -9.23962 22.5814 2.80438
    endloop
  endfacet
  facet normal -0.112998 0.993595 0
    outer loop
      vertex -9.73027 22.5256 2.80438
      vertex -9.23962 22.5814 0.4
      vertex -9.73027 22.5256 0.4
    endloop
  endfacet
  facet normal -0.112998 0.993595 0
    outer loop
      vertex -9.23962 22.5814 5.80438
      vertex -9.73027 22.5256 6.80438
      vertex -9.23962 22.5814 6.80438
    endloop
  endfacet
  facet normal -0.112998 0.993595 0
    outer loop
      vertex -9.73027 22.5256 6.80438
      vertex -9.23962 22.5814 5.80438
      vertex -9.73027 22.5256 5.80438
    endloop
  endfacet
  facet normal -0.112998 0.993595 0
    outer loop
      vertex -9.23962 22.5814 9.80438
      vertex -9.73027 22.5256 16.3909
      vertex -9.23962 22.5814 16.6742
    endloop
  endfacet
  facet normal -0.112998 0.993595 0
    outer loop
      vertex -9.73027 22.5256 16.3909
      vertex -9.23962 22.5814 9.80438
      vertex -9.73027 22.5256 9.80438
    endloop
  endfacet
  facet normal -0.622548 0.335288 -0.707118
    outer loop
      vertex -14.6652 18.5329 0
      vertex -15.2719 18.25 0.4
      vertex -15.0115 18.7335 0.4
    endloop
  endfacet
  facet normal -0.95075 -0.309957 0
    outer loop
      vertex -15.7077 -17.2293 0.4
      vertex -15.8814 -16.6965 2.80438
      vertex -15.8814 -16.6965 0.4
    endloop
  endfacet
  facet normal -0.95075 -0.309957 0
    outer loop
      vertex -15.8814 -16.6965 2.80438
      vertex -15.7077 -17.2293 0.4
      vertex -15.7077 -17.2293 2.80438
    endloop
  endfacet
  facet normal -0.95075 -0.309957 0
    outer loop
      vertex -15.7077 -17.2293 5.80438
      vertex -15.8814 -16.6965 6.80438
      vertex -15.8814 -16.6965 5.80438
    endloop
  endfacet
  facet normal -0.95075 -0.309957 0
    outer loop
      vertex -15.8814 -16.6965 6.80438
      vertex -15.7077 -17.2293 5.80438
      vertex -15.7077 -17.2293 6.80438
    endloop
  endfacet
  facet normal -0.95075 -0.309957 0
    outer loop
      vertex -15.7077 -17.2293 9.80438
      vertex -15.8814 -16.6965 12.8396
      vertex -15.8814 -16.6965 9.80438
    endloop
  endfacet
  facet normal -0.95075 -0.309957 0
    outer loop
      vertex -15.8814 -16.6965 12.8396
      vertex -15.7077 -17.2293 9.80438
      vertex -15.7077 -17.2293 12.9399
    endloop
  endfacet
  facet normal -0.658217 0.258159 -0.707181
    outer loop
      vertex -15.1362 17.5907 0
      vertex -15.7077 17.2293 0.4
      vertex -15.5043 17.7479 0.4
    endloop
  endfacet
  facet normal 0.371363 -0.601736 -0.707109
    outer loop
      vertex 12.5141 -21.4344 0.4
      vertex 12.0792 -21.7028 0.4
      vertex 12.2922 -21.1013 0
    endloop
  endfacet
  facet normal -0.683949 0.17965 -0.707064
    outer loop
      vertex -15.6347 16.0614 0
      vertex -16.0245 16.1517 0.4
      vertex -15.8814 16.6965 0.4
    endloop
  endfacet
  facet normal 0.699955 0.100065 -0.707142
    outer loop
      vertex 16.2168 15.0356 0.4
      vertex 15.7421 15.5294 0
      vertex 16.1365 15.5973 0.4
    endloop
  endfacet
  facet normal -0.706833 -0.0200965 -0.707095
    outer loop
      vertex -15.8656 -14.4462 0
      vertex -16.2651 -14.469 0.4
      vertex -15.8813 -13.894 0
    endloop
  endfacet
  facet normal -0.641636 0.296985 -0.70718
    outer loop
      vertex -15.1362 17.5907 0
      vertex -15.5043 17.7479 0.4
      vertex -15.2719 18.25 0.4
    endloop
  endfacet
  facet normal -0.132315 0.694539 -0.707183
    outer loop
      vertex -9.67 22.1298 0
      vertex -10.1272 22.0427 0
      vertex -9.73027 22.5256 0.4
    endloop
  endfacet
  facet normal 0.281813 0.648514 -0.707115
    outer loop
      vertex 11.4574 21.5767 0
      vertex 11.0227 21.7656 0
      vertex 11.1687 22.1383 0.4
    endloop
  endfacet
  facet normal -0.371363 -0.601736 -0.707109
    outer loop
      vertex -12.0792 -21.7028 0.4
      vertex -12.5141 -21.4344 0.4
      vertex -12.2922 -21.1013 0
    endloop
  endfacet
  facet normal -0.967192 -0.254048 0
    outer loop
      vertex -15.8814 -16.6965 0.4
      vertex -16.0245 -16.1517 2.80438
      vertex -16.0245 -16.1517 0.4
    endloop
  endfacet
  facet normal -0.967192 -0.254048 0
    outer loop
      vertex -16.0245 -16.1517 2.80438
      vertex -15.8814 -16.6965 0.4
      vertex -15.8814 -16.6965 2.80438
    endloop
  endfacet
  facet normal -0.967192 -0.254048 0
    outer loop
      vertex -15.8814 -16.6965 5.80438
      vertex -16.0245 -16.1517 6.80438
      vertex -16.0245 -16.1517 5.80438
    endloop
  endfacet
  facet normal -0.967192 -0.254048 0
    outer loop
      vertex -16.0245 -16.1517 6.80438
      vertex -15.8814 -16.6965 5.80438
      vertex -15.8814 -16.6965 6.80438
    endloop
  endfacet
  facet normal -0.967192 -0.254048 0
    outer loop
      vertex -15.8814 -16.6965 9.80438
      vertex -16.0245 -16.1517 12.757
      vertex -16.0245 -16.1517 9.80438
    endloop
  endfacet
  facet normal -0.967192 -0.254048 0
    outer loop
      vertex -16.0245 -16.1517 12.757
      vertex -15.8814 -16.6965 9.80438
      vertex -15.8814 -16.6965 12.8396
    endloop
  endfacet
  facet normal -0.980198 0.19802 0
    outer loop
      vertex -16.1365 15.5973 0.4
      vertex -16.0245 16.1517 2.80438
      vertex -16.0245 16.1517 0.4
    endloop
  endfacet
  facet normal -0.980198 0.19802 0
    outer loop
      vertex -16.0245 16.1517 2.80438
      vertex -16.1365 15.5973 0.4
      vertex -16.1365 15.5973 2.80438
    endloop
  endfacet
  facet normal -0.980198 0.19802 0
    outer loop
      vertex -16.1365 15.5973 5.80438
      vertex -16.0245 16.1517 6.80438
      vertex -16.0245 16.1517 5.80438
    endloop
  endfacet
  facet normal -0.980198 0.19802 0
    outer loop
      vertex -16.0245 16.1517 6.80438
      vertex -16.1365 15.5973 5.80438
      vertex -16.1365 15.5973 6.80438
    endloop
  endfacet
  facet normal -0.980198 0.19802 0
    outer loop
      vertex -16.1365 15.5973 12.6923
      vertex -16.0245 16.1517 9.80438
      vertex -16.1365 15.5973 9.80438
    endloop
  endfacet
  facet normal -0.980198 0.19802 0
    outer loop
      vertex -16.0245 16.1517 9.80438
      vertex -16.1365 15.5973 12.6923
      vertex -16.0245 16.1517 12.757
    endloop
  endfacet
  facet normal 0.0377182 -0.999288 0
    outer loop
      vertex 8.74684 -22.6 0.4
      vertex 9.23962 -22.5814 2.80438
      vertex 8.74684 -22.6 2.80438
    endloop
  endfacet
  facet normal 0.0377182 -0.999288 0
    outer loop
      vertex 9.23962 -22.5814 2.80438
      vertex 8.74684 -22.6 0.4
      vertex 9.23962 -22.5814 0.4
    endloop
  endfacet
  facet normal 0.0377182 -0.999288 0
    outer loop
      vertex 8.74684 -22.6 5.80438
      vertex 9.23962 -22.5814 6.80438
      vertex 8.74684 -22.6 6.80438
    endloop
  endfacet
  facet normal 0.0377182 -0.999288 0
    outer loop
      vertex 9.23962 -22.5814 6.80438
      vertex 8.74684 -22.6 5.80438
      vertex 9.23962 -22.5814 5.80438
    endloop
  endfacet
  facet normal 0.0377182 -0.999288 0
    outer loop
      vertex 9.23962 -22.5814 9.80438
      vertex 8.74684 -22.6 27.0472
      vertex 8.74684 -22.6 9.80438
    endloop
  endfacet
  facet normal 0.0377182 -0.999288 0
    outer loop
      vertex 8.74684 -22.6 27.0472
      vertex 9.23962 -22.5814 9.80438
      vertex 9.23962 -22.5814 27.3317
    endloop
  endfacet
  facet normal 0.132315 -0.694539 -0.707183
    outer loop
      vertex 9.73027 -22.5256 0.4
      vertex 9.67 -22.1298 0
      vertex 10.1272 -22.0427 0
    endloop
  endfacet
  facet normal 0.95075 -0.309957 0
    outer loop
      vertex 15.7077 -17.2293 2.80438
      vertex 15.8814 -16.6965 0.4
      vertex 15.8814 -16.6965 2.80438
    endloop
  endfacet
  facet normal 0.95075 -0.309957 0
    outer loop
      vertex 15.8814 -16.6965 0.4
      vertex 15.7077 -17.2293 2.80438
      vertex 15.7077 -17.2293 0.4
    endloop
  endfacet
  facet normal 0.95075 -0.309957 0
    outer loop
      vertex 15.7077 -17.2293 6.80438
      vertex 15.8814 -16.6965 5.80438
      vertex 15.8814 -16.6965 6.80438
    endloop
  endfacet
  facet normal 0.95075 -0.309957 0
    outer loop
      vertex 15.8814 -16.6965 5.80438
      vertex 15.7077 -17.2293 6.80438
      vertex 15.7077 -17.2293 5.80438
    endloop
  endfacet
  facet normal 0.95075 -0.309957 0
    outer loop
      vertex 15.7077 -17.2293 31.0661
      vertex 15.8814 -16.6965 9.80438
      vertex 15.8814 -16.6965 31.1663
    endloop
  endfacet
  facet normal 0.95075 -0.309957 0
    outer loop
      vertex 15.8814 -16.6965 9.80438
      vertex 15.7077 -17.2293 31.0661
      vertex 15.7077 -17.2293 9.80438
    endloop
  endfacet
  facet normal 0.519164 0.480006 -0.707151
    outer loop
      vertex 13.7719 19.7898 0
      vertex 13.4299 20.1597 0
      vertex 14.0745 20.0518 0.4
    endloop
  endfacet
  facet normal 0.0798982 0.702546 -0.707139
    outer loop
      vertex 9.73027 22.5256 0.4
      vertex 9.20959 22.1822 0
      vertex 9.23962 22.5814 0.4
    endloop
  endfacet
  facet normal 0.0799531 0.702504 -0.707175
    outer loop
      vertex 9.67 22.1298 0
      vertex 9.20959 22.1822 0
      vertex 9.73027 22.5256 0.4
    endloop
  endfacet
  facet normal -0.999595 0.0284595 0
    outer loop
      vertex -16.2813 13.9 0.4
      vertex -16.2651 14.469 2.80438
      vertex -16.2651 14.469 0.4
    endloop
  endfacet
  facet normal -0.999595 0.0284595 0
    outer loop
      vertex -16.2651 14.469 2.80438
      vertex -16.2813 13.9 0.4
      vertex -16.2813 13.9 2.80438
    endloop
  endfacet
  facet normal -0.999595 0.0284595 0
    outer loop
      vertex -16.2813 13.9 5.80438
      vertex -16.2651 14.469 6.80438
      vertex -16.2651 14.469 5.80438
    endloop
  endfacet
  facet normal -0.999595 0.0284595 0
    outer loop
      vertex -16.2651 14.469 6.80438
      vertex -16.2813 13.9 5.80438
      vertex -16.2813 13.9 6.80438
    endloop
  endfacet
  facet normal -0.999595 0.0284595 0
    outer loop
      vertex -16.2813 13.9 12.6088
      vertex -16.2651 14.469 9.80438
      vertex -16.2813 13.9 9.80438
    endloop
  endfacet
  facet normal -0.999595 0.0284595 0
    outer loop
      vertex -16.2651 14.469 9.80438
      vertex -16.2813 13.9 12.6088
      vertex -16.2651 14.469 12.6181
    endloop
  endfacet
  facet normal -0.0267268 0.706592 -0.707116
    outer loop
      vertex -8.739 22.2 0
      vertex -9.20959 22.1822 0
      vertex -8.74684 22.6 0.4
    endloop
  endfacet
  facet normal -0.849634 -0.527372 0
    outer loop
      vertex -14.7243 -19.1962 0.4
      vertex -15.0115 -18.7335 2.80438
      vertex -15.0115 -18.7335 0.4
    endloop
  endfacet
  facet normal -0.849634 -0.527372 0
    outer loop
      vertex -15.0115 -18.7335 2.80438
      vertex -14.7243 -19.1962 0.4
      vertex -14.7243 -19.1962 2.80438
    endloop
  endfacet
  facet normal -0.849634 -0.527372 0
    outer loop
      vertex -14.7243 -19.1962 5.80438
      vertex -15.0115 -18.7335 6.80438
      vertex -15.0115 -18.7335 5.80438
    endloop
  endfacet
  facet normal -0.849634 -0.527372 0
    outer loop
      vertex -15.0115 -18.7335 6.80438
      vertex -14.7243 -19.1962 5.80438
      vertex -14.7243 -19.1962 6.80438
    endloop
  endfacet
  facet normal -0.849634 -0.527372 0
    outer loop
      vertex -14.7243 -19.1962 9.80438
      vertex -15.0115 -18.7335 13.3419
      vertex -15.0115 -18.7335 9.80438
    endloop
  endfacet
  facet normal -0.849634 -0.527372 0
    outer loop
      vertex -15.0115 -18.7335 13.3419
      vertex -14.7243 -19.1962 9.80438
      vertex -14.7243 -19.1962 13.5077
    endloop
  endfacet
  facet normal 0.706833 0.0200965 -0.707095
    outer loop
      vertex 15.8813 13.894 0
      vertex 15.8656 14.4462 0
      vertex 16.2651 14.469 0.4
    endloop
  endfacet
  facet normal 0.260002 0.965608 -0
    outer loop
      vertex 10.6969 22.3035 0.4
      vertex 10.2167 22.4328 2.80438
      vertex 10.6969 22.3035 2.80438
    endloop
  endfacet
  facet normal 0.260002 0.965608 0
    outer loop
      vertex 10.2167 22.4328 2.80438
      vertex 10.6969 22.3035 0.4
      vertex 10.2167 22.4328 0.4
    endloop
  endfacet
  facet normal 0.260002 0.965608 -0
    outer loop
      vertex 10.6969 22.3035 5.80438
      vertex 10.2167 22.4328 6.80438
      vertex 10.6969 22.3035 6.80438
    endloop
  endfacet
  facet normal 0.260002 0.965608 0
    outer loop
      vertex 10.2167 22.4328 6.80438
      vertex 10.6969 22.3035 5.80438
      vertex 10.2167 22.4328 5.80438
    endloop
  endfacet
  facet normal 0.260002 0.965608 -0
    outer loop
      vertex 10.6969 22.3035 9.80438
      vertex 10.2167 22.4328 27.8958
      vertex 10.6969 22.3035 28.1731
    endloop
  endfacet
  facet normal 0.260002 0.965608 0
    outer loop
      vertex 10.2167 22.4328 27.8958
      vertex 10.6969 22.3035 9.80438
      vertex 10.2167 22.4328 9.80438
    endloop
  endfacet
  facet normal 0.707107 0 -0.707107
    outer loop
      vertex 16.2813 13.9 0.4
      vertex 15.8813 -13.894 0
      vertex 15.8813 13.894 0
    endloop
  endfacet
  facet normal 0.707107 0 -0.707107
    outer loop
      vertex 15.8813 -13.894 0
      vertex 16.2813 13.9 0.4
      vertex 16.2813 -13.9 0.4
    endloop
  endfacet
  facet normal 0.132315 0.694539 -0.707183
    outer loop
      vertex 10.1272 22.0427 0
      vertex 9.67 22.1298 0
      vertex 9.73027 22.5256 0.4
    endloop
  endfacet
  facet normal -0.486407 -0.513205 -0.707128
    outer loop
      vertex -13.3335 -20.8022 0.4
      vertex -13.7146 -20.441 0.4
      vertex -13.0682 -20.5025 0
    endloop
  endfacet
  facet normal -0.776657 -0.629924 0
    outer loop
      vertex -14.0745 -20.0518 0.4
      vertex -14.4115 -19.6363 2.80438
      vertex -14.4115 -19.6363 0.4
    endloop
  endfacet
  facet normal -0.776657 -0.629924 0
    outer loop
      vertex -14.4115 -19.6363 2.80438
      vertex -14.0745 -20.0518 0.4
      vertex -14.0745 -20.0518 2.80438
    endloop
  endfacet
  facet normal -0.776657 -0.629924 0
    outer loop
      vertex -14.0745 -20.0518 5.80438
      vertex -14.4115 -19.6363 6.80438
      vertex -14.4115 -19.6363 5.80438
    endloop
  endfacet
  facet normal -0.776657 -0.629924 0
    outer loop
      vertex -14.4115 -19.6363 6.80438
      vertex -14.0745 -20.0518 5.80438
      vertex -14.0745 -20.0518 6.80438
    endloop
  endfacet
  facet normal -0.776657 -0.629924 0
    outer loop
      vertex -14.0745 -20.0518 9.80438
      vertex -14.4115 -19.6363 13.6882
      vertex -14.4115 -19.6363 9.80438
    endloop
  endfacet
  facet normal -0.776657 -0.629924 0
    outer loop
      vertex -14.4115 -19.6363 13.6882
      vertex -14.0745 -20.0518 9.80438
      vertex -14.0745 -20.0518 13.8828
    endloop
  endfacet
  facet normal 0.687903 0.725803 -0
    outer loop
      vertex 13.7146 20.441 0.4
      vertex 13.3335 20.8022 2.80438
      vertex 13.7146 20.441 2.80438
    endloop
  endfacet
  facet normal 0.687903 0.725803 0
    outer loop
      vertex 13.3335 20.8022 2.80438
      vertex 13.7146 20.441 0.4
      vertex 13.3335 20.8022 0.4
    endloop
  endfacet
  facet normal 0.687903 0.725803 -0
    outer loop
      vertex 13.7146 20.441 5.80438
      vertex 13.3335 20.8022 6.80438
      vertex 13.7146 20.441 6.80438
    endloop
  endfacet
  facet normal 0.687903 0.725803 0
    outer loop
      vertex 13.3335 20.8022 6.80438
      vertex 13.7146 20.441 5.80438
      vertex 13.3335 20.8022 5.80438
    endloop
  endfacet
  facet normal 0.687903 0.725803 -0
    outer loop
      vertex 13.7146 20.441 9.80438
      vertex 13.3335 20.8022 29.6953
      vertex 13.7146 20.441 29.9154
    endloop
  endfacet
  facet normal 0.687903 0.725803 0
    outer loop
      vertex 13.3335 20.8022 29.6953
      vertex 13.7146 20.441 9.80438
      vertex 13.3335 20.8022 9.80438
    endloop
  endfacet
  facet normal -0.641715 -0.296937 -0.707128
    outer loop
      vertex -14.914 -18.0709 0
      vertex -15.2719 -18.25 0.4
      vertex -15.1362 -17.5907 0
    endloop
  endfacet
  facet normal 0.576402 0.409596 -0.707101
    outer loop
      vertex 14.391 18.9747 0
      vertex 14.0929 19.3942 0
      vertex 14.7243 19.1962 0.4
    endloop
  endfacet
  facet normal 0.0267268 -0.706592 -0.707116
    outer loop
      vertex 8.74684 -22.6 0.4
      vertex 8.739 -22.2 0
      vertex 9.20959 -22.1822 0
    endloop
  endfacet
  facet normal 0.706813 0.0201237 -0.707115
    outer loop
      vertex 16.2813 13.9 0.4
      vertex 15.8813 13.894 0
      vertex 16.2651 14.469 0.4
    endloop
  endfacet
  facet normal 0.967192 0.254048 0
    outer loop
      vertex 16.0245 16.1517 2.80438
      vertex 15.8814 16.6965 0.4
      vertex 15.8814 16.6965 2.80438
    endloop
  endfacet
  facet normal 0.967192 0.254048 0
    outer loop
      vertex 15.8814 16.6965 0.4
      vertex 16.0245 16.1517 2.80438
      vertex 16.0245 16.1517 0.4
    endloop
  endfacet
  facet normal 0.967192 0.254048 0
    outer loop
      vertex 16.0245 16.1517 6.80438
      vertex 15.8814 16.6965 5.80438
      vertex 15.8814 16.6965 6.80438
    endloop
  endfacet
  facet normal 0.967192 0.254048 0
    outer loop
      vertex 15.8814 16.6965 5.80438
      vertex 16.0245 16.1517 6.80438
      vertex 16.0245 16.1517 5.80438
    endloop
  endfacet
  facet normal 0.967192 0.254048 -0
    outer loop
      vertex 16.0245 16.1517 9.80438
      vertex 15.8814 16.6965 31.1663
      vertex 16.0245 16.1517 31.249
    endloop
  endfacet
  facet normal 0.967192 0.254048 0
    outer loop
      vertex 15.8814 16.6965 31.1663
      vertex 16.0245 16.1517 9.80438
      vertex 15.8814 16.6965 9.80438
    endloop
  endfacet
  facet normal 0.706813 -0.0201237 -0.707115
    outer loop
      vertex 16.2651 -14.469 0.4
      vertex 15.8813 -13.894 0
      vertex 16.2813 -13.9 0.4
    endloop
  endfacet
  facet normal 0.815095 0.579327 0
    outer loop
      vertex 14.7243 19.1962 2.80438
      vertex 14.4115 19.6363 0.4
      vertex 14.4115 19.6363 2.80438
    endloop
  endfacet
  facet normal 0.815095 0.579327 0
    outer loop
      vertex 14.4115 19.6363 0.4
      vertex 14.7243 19.1962 2.80438
      vertex 14.7243 19.1962 0.4
    endloop
  endfacet
  facet normal 0.815095 0.579327 0
    outer loop
      vertex 14.7243 19.1962 6.80438
      vertex 14.4115 19.6363 5.80438
      vertex 14.4115 19.6363 6.80438
    endloop
  endfacet
  facet normal 0.815095 0.579327 0
    outer loop
      vertex 14.4115 19.6363 5.80438
      vertex 14.7243 19.1962 6.80438
      vertex 14.7243 19.1962 5.80438
    endloop
  endfacet
  facet normal 0.815095 0.579327 -0
    outer loop
      vertex 14.7243 19.1962 9.80438
      vertex 14.4115 19.6363 30.3177
      vertex 14.7243 19.1962 30.4983
    endloop
  endfacet
  facet normal 0.815095 0.579327 0
    outer loop
      vertex 14.4115 19.6363 30.3177
      vertex 14.7243 19.1962 9.80438
      vertex 14.4115 19.6363 9.80438
    endloop
  endfacet
  facet normal -0.412467 -0.574321 -0.707126
    outer loop
      vertex -12.2922 -21.1013 0
      vertex -12.9327 -21.1338 0.4
      vertex -12.6882 -20.8169 0
    endloop
  endfacet
  facet normal 0.183925 -0.68276 -0.707114
    outer loop
      vertex 10.6969 -22.3035 0.4
      vertex 10.1272 -22.0427 0
      vertex 10.5786 -21.9211 0
    endloop
  endfacet
  facet normal 0.637458 -0.770485 0
    outer loop
      vertex 12.9327 -21.1338 0.4
      vertex 13.3335 -20.8022 2.80438
      vertex 12.9327 -21.1338 2.80438
    endloop
  endfacet
  facet normal 0.637458 -0.770485 0
    outer loop
      vertex 13.3335 -20.8022 2.80438
      vertex 12.9327 -21.1338 0.4
      vertex 13.3335 -20.8022 0.4
    endloop
  endfacet
  facet normal 0.637458 -0.770485 0
    outer loop
      vertex 12.9327 -21.1338 5.80438
      vertex 13.3335 -20.8022 6.80438
      vertex 12.9327 -21.1338 6.80438
    endloop
  endfacet
  facet normal 0.637458 -0.770485 0
    outer loop
      vertex 13.3335 -20.8022 6.80438
      vertex 12.9327 -21.1338 5.80438
      vertex 13.3335 -20.8022 5.80438
    endloop
  endfacet
  facet normal 0.637458 -0.770485 0
    outer loop
      vertex 13.3335 -20.8022 9.80438
      vertex 12.9327 -21.1338 29.4639
      vertex 12.9327 -21.1338 9.80438
    endloop
  endfacet
  facet normal 0.637458 -0.770485 0
    outer loop
      vertex 12.9327 -21.1338 29.4639
      vertex 13.3335 -20.8022 9.80438
      vertex 13.3335 -20.8022 29.6953
    endloop
  endfacet
  facet normal -0.525189 0.850986 0
    outer loop
      vertex -12.0792 21.7028 0.4
      vertex -12.5141 21.4344 2.80438
      vertex -12.0792 21.7028 2.80438
    endloop
  endfacet
  facet normal -0.525189 0.850986 0
    outer loop
      vertex -12.5141 21.4344 2.80438
      vertex -12.0792 21.7028 0.4
      vertex -12.5141 21.4344 0.4
    endloop
  endfacet
  facet normal -0.525189 0.850986 0
    outer loop
      vertex -12.0792 21.7028 5.80438
      vertex -12.5141 21.4344 6.80438
      vertex -12.0792 21.7028 6.80438
    endloop
  endfacet
  facet normal -0.525189 0.850986 0
    outer loop
      vertex -12.5141 21.4344 6.80438
      vertex -12.0792 21.7028 5.80438
      vertex -12.5141 21.4344 5.80438
    endloop
  endfacet
  facet normal -0.525189 0.850986 0
    outer loop
      vertex -12.0792 21.7028 9.80438
      vertex -12.5141 21.4344 14.7837
      vertex -12.0792 21.7028 15.0348
    endloop
  endfacet
  facet normal -0.525189 0.850986 0
    outer loop
      vertex -12.5141 21.4344 14.7837
      vertex -12.0792 21.7028 9.80438
      vertex -12.5141 21.4344 9.80438
    endloop
  endfacet
  facet normal -0.699955 0.100065 -0.707142
    outer loop
      vertex -15.7421 15.5294 0
      vertex -16.2168 15.0356 0.4
      vertex -16.1365 15.5973 0.4
    endloop
  endfacet
  facet normal -0.260002 0.965608 0
    outer loop
      vertex -10.2167 22.4328 0.4
      vertex -10.6969 22.3035 2.80438
      vertex -10.2167 22.4328 2.80438
    endloop
  endfacet
  facet normal -0.260002 0.965608 0
    outer loop
      vertex -10.6969 22.3035 2.80438
      vertex -10.2167 22.4328 0.4
      vertex -10.6969 22.3035 0.4
    endloop
  endfacet
  facet normal -0.260002 0.965608 0
    outer loop
      vertex -10.2167 22.4328 5.80438
      vertex -10.6969 22.3035 6.80438
      vertex -10.2167 22.4328 6.80438
    endloop
  endfacet
  facet normal -0.260002 0.965608 0
    outer loop
      vertex -10.6969 22.3035 6.80438
      vertex -10.2167 22.4328 5.80438
      vertex -10.6969 22.3035 5.80438
    endloop
  endfacet
  facet normal -0.260002 0.965608 0
    outer loop
      vertex -10.2167 22.4328 9.80438
      vertex -10.6969 22.3035 15.8329
      vertex -10.2167 22.4328 16.1101
    endloop
  endfacet
  facet normal -0.260002 0.965608 0
    outer loop
      vertex -10.6969 22.3035 15.8329
      vertex -10.2167 22.4328 9.80438
      vertex -10.6969 22.3035 9.80438
    endloop
  endfacet
  facet normal -0.600768 0.372899 -0.707124
    outer loop
      vertex -14.6652 18.5329 0
      vertex -15.0115 18.7335 0.4
      vertex -14.7243 19.1962 0.4
    endloop
  endfacet
  facet normal -0.88043 0.474176 0
    outer loop
      vertex -15.2719 18.25 0.4
      vertex -15.0115 18.7335 2.80438
      vertex -15.0115 18.7335 0.4
    endloop
  endfacet
  facet normal -0.88043 0.474176 0
    outer loop
      vertex -15.0115 18.7335 2.80438
      vertex -15.2719 18.25 0.4
      vertex -15.2719 18.25 2.80438
    endloop
  endfacet
  facet normal -0.88043 0.474176 0
    outer loop
      vertex -15.2719 18.25 5.80438
      vertex -15.0115 18.7335 6.80438
      vertex -15.0115 18.7335 5.80438
    endloop
  endfacet
  facet normal -0.88043 0.474176 0
    outer loop
      vertex -15.0115 18.7335 6.80438
      vertex -15.2719 18.25 5.80438
      vertex -15.2719 18.25 6.80438
    endloop
  endfacet
  facet normal -0.88043 0.474176 0
    outer loop
      vertex -15.2719 18.25 13.1915
      vertex -15.0115 18.7335 9.80438
      vertex -15.2719 18.25 9.80438
    endloop
  endfacet
  facet normal -0.88043 0.474176 0
    outer loop
      vertex -15.0115 18.7335 9.80438
      vertex -15.2719 18.25 13.1915
      vertex -15.0115 18.7335 13.3419
    endloop
  endfacet
  facet normal -0.930956 0.36513 0
    outer loop
      vertex -15.7077 17.2293 0.4
      vertex -15.5043 17.7479 2.80438
      vertex -15.5043 17.7479 0.4
    endloop
  endfacet
  facet normal -0.930956 0.36513 0
    outer loop
      vertex -15.5043 17.7479 2.80438
      vertex -15.7077 17.2293 0.4
      vertex -15.7077 17.2293 2.80438
    endloop
  endfacet
  facet normal -0.930956 0.36513 0
    outer loop
      vertex -15.7077 17.2293 5.80438
      vertex -15.5043 17.7479 6.80438
      vertex -15.5043 17.7479 5.80438
    endloop
  endfacet
  facet normal -0.930956 0.36513 0
    outer loop
      vertex -15.5043 17.7479 6.80438
      vertex -15.7077 17.2293 5.80438
      vertex -15.7077 17.2293 6.80438
    endloop
  endfacet
  facet normal -0.930956 0.36513 0
    outer loop
      vertex -15.7077 17.2293 12.9399
      vertex -15.5043 17.7479 9.80438
      vertex -15.7077 17.2293 9.80438
    endloop
  endfacet
  facet normal -0.930956 0.36513 0
    outer loop
      vertex -15.5043 17.7479 9.80438
      vertex -15.7077 17.2293 12.9399
      vertex -15.5043 17.7479 13.0573
    endloop
  endfacet
  facet normal -0.583292 -0.812262 0
    outer loop
      vertex -12.9327 -21.1338 0.4
      vertex -12.5141 -21.4344 2.80438
      vertex -12.9327 -21.1338 2.80438
    endloop
  endfacet
  facet normal -0.583292 -0.812262 -0
    outer loop
      vertex -12.5141 -21.4344 2.80438
      vertex -12.9327 -21.1338 0.4
      vertex -12.5141 -21.4344 0.4
    endloop
  endfacet
  facet normal -0.583292 -0.812262 0
    outer loop
      vertex -12.9327 -21.1338 5.80438
      vertex -12.5141 -21.4344 6.80438
      vertex -12.9327 -21.1338 6.80438
    endloop
  endfacet
  facet normal -0.583292 -0.812262 -0
    outer loop
      vertex -12.5141 -21.4344 6.80438
      vertex -12.9327 -21.1338 5.80438
      vertex -12.5141 -21.4344 5.80438
    endloop
  endfacet
  facet normal -0.583292 -0.812262 0
    outer loop
      vertex -12.5141 -21.4344 9.80438
      vertex -12.9327 -21.1338 14.542
      vertex -12.9327 -21.1338 9.80438
    endloop
  endfacet
  facet normal -0.583292 -0.812262 0
    outer loop
      vertex -12.9327 -21.1338 14.542
      vertex -12.5141 -21.4344 9.80438
      vertex -12.5141 -21.4344 14.7837
    endloop
  endfacet
  facet normal -0.637458 -0.770485 0
    outer loop
      vertex -13.3335 -20.8022 0.4
      vertex -12.9327 -21.1338 2.80438
      vertex -13.3335 -20.8022 2.80438
    endloop
  endfacet
  facet normal -0.637458 -0.770485 -0
    outer loop
      vertex -12.9327 -21.1338 2.80438
      vertex -13.3335 -20.8022 0.4
      vertex -12.9327 -21.1338 0.4
    endloop
  endfacet
  facet normal -0.637458 -0.770485 0
    outer loop
      vertex -13.3335 -20.8022 5.80438
      vertex -12.9327 -21.1338 6.80438
      vertex -13.3335 -20.8022 6.80438
    endloop
  endfacet
  facet normal -0.637458 -0.770485 -0
    outer loop
      vertex -12.9327 -21.1338 6.80438
      vertex -13.3335 -20.8022 5.80438
      vertex -12.9327 -21.1338 5.80438
    endloop
  endfacet
  facet normal -0.637458 -0.770485 0
    outer loop
      vertex -12.9327 -21.1338 9.80438
      vertex -13.3335 -20.8022 14.3106
      vertex -13.3335 -20.8022 9.80438
    endloop
  endfacet
  facet normal -0.637458 -0.770485 0
    outer loop
      vertex -13.3335 -20.8022 14.3106
      vertex -12.9327 -21.1338 9.80438
      vertex -12.9327 -21.1338 14.542
    endloop
  endfacet
  facet normal 0.549215 0.445453 -0.70706
    outer loop
      vertex 14.0929 19.3942 0
      vertex 14.0745 20.0518 0.4
      vertex 14.4115 19.6363 0.4
    endloop
  endfacet
  facet normal -0.776657 0.629924 0
    outer loop
      vertex -14.4115 19.6363 0.4
      vertex -14.0745 20.0518 2.80438
      vertex -14.0745 20.0518 0.4
    endloop
  endfacet
  facet normal -0.776657 0.629924 0
    outer loop
      vertex -14.0745 20.0518 2.80438
      vertex -14.4115 19.6363 0.4
      vertex -14.4115 19.6363 2.80438
    endloop
  endfacet
  facet normal -0.776657 0.629924 0
    outer loop
      vertex -14.4115 19.6363 5.80438
      vertex -14.0745 20.0518 6.80438
      vertex -14.0745 20.0518 5.80438
    endloop
  endfacet
  facet normal -0.776657 0.629924 0
    outer loop
      vertex -14.0745 20.0518 6.80438
      vertex -14.4115 19.6363 5.80438
      vertex -14.4115 19.6363 6.80438
    endloop
  endfacet
  facet normal -0.776657 0.629924 0
    outer loop
      vertex -14.4115 19.6363 13.6882
      vertex -14.0745 20.0518 9.80438
      vertex -14.4115 19.6363 9.80438
    endloop
  endfacet
  facet normal -0.776657 0.629924 0
    outer loop
      vertex -14.0745 20.0518 9.80438
      vertex -14.4115 19.6363 13.6882
      vertex -14.0745 20.0518 13.8828
    endloop
  endfacet
  facet normal -0.641636 -0.296985 -0.70718
    outer loop
      vertex -15.2719 -18.25 0.4
      vertex -15.5043 -17.7479 0.4
      vertex -15.1362 -17.5907 0
    endloop
  endfacet
  facet normal -0.658252 -0.258315 -0.707091
    outer loop
      vertex -15.1362 -17.5907 0
      vertex -15.7077 -17.2293 0.4
      vertex -15.331 -17.0943 0
    endloop
  endfacet
  facet normal -0.989935 -0.14152 0
    outer loop
      vertex -16.1365 -15.5973 0.4
      vertex -16.2168 -15.0356 2.80438
      vertex -16.2168 -15.0356 0.4
    endloop
  endfacet
  facet normal -0.989935 -0.14152 0
    outer loop
      vertex -16.2168 -15.0356 2.80438
      vertex -16.1365 -15.5973 0.4
      vertex -16.1365 -15.5973 2.80438
    endloop
  endfacet
  facet normal -0.989935 -0.14152 0
    outer loop
      vertex -16.1365 -15.5973 5.80438
      vertex -16.2168 -15.0356 6.80438
      vertex -16.2168 -15.0356 5.80438
    endloop
  endfacet
  facet normal -0.989935 -0.14152 0
    outer loop
      vertex -16.2168 -15.0356 6.80438
      vertex -16.1365 -15.5973 5.80438
      vertex -16.1365 -15.5973 6.80438
    endloop
  endfacet
  facet normal -0.989935 -0.14152 0
    outer loop
      vertex -16.1365 -15.5973 9.80438
      vertex -16.2168 -15.0356 12.646
      vertex -16.2168 -15.0356 9.80438
    endloop
  endfacet
  facet normal -0.989935 -0.14152 0
    outer loop
      vertex -16.2168 -15.0356 12.646
      vertex -16.1365 -15.5973 9.80438
      vertex -16.1365 -15.5973 12.6923
    endloop
  endfacet
  facet normal 0.281959 -0.648534 -0.707038
    outer loop
      vertex 11.6301 -21.9377 0.4
      vertex 11.1687 -22.1383 0.4
      vertex 11.4574 -21.5767 0
    endloop
  endfacet
  facet normal -0.525189 -0.850986 0
    outer loop
      vertex -12.5141 -21.4344 0.4
      vertex -12.0792 -21.7028 2.80438
      vertex -12.5141 -21.4344 2.80438
    endloop
  endfacet
  facet normal -0.525189 -0.850986 -0
    outer loop
      vertex -12.0792 -21.7028 2.80438
      vertex -12.5141 -21.4344 0.4
      vertex -12.0792 -21.7028 0.4
    endloop
  endfacet
  facet normal -0.525189 -0.850986 0
    outer loop
      vertex -12.5141 -21.4344 5.80438
      vertex -12.0792 -21.7028 6.80438
      vertex -12.5141 -21.4344 6.80438
    endloop
  endfacet
  facet normal -0.525189 -0.850986 -0
    outer loop
      vertex -12.0792 -21.7028 6.80438
      vertex -12.5141 -21.4344 5.80438
      vertex -12.0792 -21.7028 5.80438
    endloop
  endfacet
  facet normal -0.525189 -0.850986 0
    outer loop
      vertex -12.0792 -21.7028 9.80438
      vertex -12.5141 -21.4344 14.7837
      vertex -12.5141 -21.4344 9.80438
    endloop
  endfacet
  facet normal -0.525189 -0.850986 0
    outer loop
      vertex -12.5141 -21.4344 14.7837
      vertex -12.0792 -21.7028 9.80438
      vertex -12.0792 -21.7028 15.0348
    endloop
  endfacet
  facet normal -0.999595 -0.0284595 0
    outer loop
      vertex -16.2651 -14.469 0.4
      vertex -16.2813 -13.9 2.80438
      vertex -16.2813 -13.9 0.4
    endloop
  endfacet
  facet normal -0.999595 -0.0284595 0
    outer loop
      vertex -16.2813 -13.9 2.80438
      vertex -16.2651 -14.469 0.4
      vertex -16.2651 -14.469 2.80438
    endloop
  endfacet
  facet normal -0.999595 -0.0284595 0
    outer loop
      vertex -16.2651 -14.469 5.80438
      vertex -16.2813 -13.9 6.80438
      vertex -16.2813 -13.9 5.80438
    endloop
  endfacet
  facet normal -0.999595 -0.0284595 0
    outer loop
      vertex -16.2813 -13.9 6.80438
      vertex -16.2651 -14.469 5.80438
      vertex -16.2651 -14.469 6.80438
    endloop
  endfacet
  facet normal -0.999595 -0.0284595 0
    outer loop
      vertex -16.2651 -14.469 9.80438
      vertex -16.2813 -13.9 12.6088
      vertex -16.2813 -13.9 9.80438
    endloop
  endfacet
  facet normal -0.999595 -0.0284595 0
    outer loop
      vertex -16.2813 -13.9 12.6088
      vertex -16.2651 -14.469 9.80438
      vertex -16.2651 -14.469 12.6181
    endloop
  endfacet
  facet normal 0 -1 0
    outer loop
      vertex 6.99685 -22.6 30.0898
      vertex 8.74684 -22.6 27.0472
      vertex 8.75185 -22.6 27.0501
    endloop
  endfacet
  facet normal 0 -1 0
    outer loop
      vertex -0.796516 -22.6 24.7217
      vertex 6.99685 -22.6 30.0898
      vertex -0.875 -22.6 24.7243
    endloop
  endfacet
  facet normal 0 -1 0
    outer loop
      vertex 6.99685 -22.6 30.0898
      vertex -0.953485 -22.6 24.7217
      vertex -0.875 -22.6 24.7243
    endloop
  endfacet
  facet normal 0 -1 0
    outer loop
      vertex 6.99685 -22.6 30.0898
      vertex -1.03163 -22.6 24.714
      vertex -0.953485 -22.6 24.7217
    endloop
  endfacet
  facet normal 0 -1 0
    outer loop
      vertex 6.99685 -22.6 30.0898
      vertex -1.10911 -22.6 24.7012
      vertex -1.03163 -22.6 24.714
    endloop
  endfacet
  facet normal 0 -1 0
    outer loop
      vertex 6.99685 -22.6 30.0898
      vertex -1.18558 -22.6 24.6834
      vertex -1.10911 -22.6 24.7012
    endloop
  endfacet
  facet normal 0 -1 0
    outer loop
      vertex 6.99685 -22.6 30.0898
      vertex -1.26073 -22.6 24.6606
      vertex -1.18558 -22.6 24.6834
    endloop
  endfacet
  facet normal 0 -1 0
    outer loop
      vertex 6.99685 -22.6 30.0898
      vertex -1.33422 -22.6 24.633
      vertex -1.26073 -22.6 24.6606
    endloop
  endfacet
  facet normal 0 -1 0
    outer loop
      vertex 6.99685 -22.6 30.0898
      vertex -1.40575 -22.6 24.6005
      vertex -1.33422 -22.6 24.633
    endloop
  endfacet
  facet normal 0 -1 0
    outer loop
      vertex 6.99685 -22.6 30.0898
      vertex -1.475 -22.6 24.5635
      vertex -1.40575 -22.6 24.6005
    endloop
  endfacet
  facet normal 0 -1 0
    outer loop
      vertex -10.4968 -22.6 19.9899
      vertex -1.475 -22.6 24.5635
      vertex 6.99685 -22.6 30.0898
    endloop
  endfacet
  facet normal 0 -1 -0
    outer loop
      vertex -1.03163 -22.6 22.3346
      vertex -8.74684 -22.6 16.9587
      vertex -0.953484 -22.6 22.3269
    endloop
  endfacet
  facet normal 0 -1 -0
    outer loop
      vertex -1.10911 -22.6 22.3474
      vertex -8.74684 -22.6 16.9587
      vertex -1.03163 -22.6 22.3346
    endloop
  endfacet
  facet normal 0 -1 -0
    outer loop
      vertex -1.18558 -22.6 22.3652
      vertex -8.74684 -22.6 16.9587
      vertex -1.10911 -22.6 22.3474
    endloop
  endfacet
  facet normal 0 -1 -0
    outer loop
      vertex -1.26073 -22.6 22.388
      vertex -8.74684 -22.6 16.9587
      vertex -1.18558 -22.6 22.3652
    endloop
  endfacet
  facet normal 0 -1 -0
    outer loop
      vertex -1.33422 -22.6 22.4156
      vertex -8.74684 -22.6 16.9587
      vertex -1.26073 -22.6 22.388
    endloop
  endfacet
  facet normal 0 -1 -0
    outer loop
      vertex -1.40575 -22.6 22.4481
      vertex -8.74684 -22.6 16.9587
      vertex -1.33422 -22.6 22.4156
    endloop
  endfacet
  facet normal 0 -1 -0
    outer loop
      vertex -1.475 -22.6 22.4851
      vertex -8.74684 -22.6 16.9587
      vertex -1.40575 -22.6 22.4481
    endloop
  endfacet
  facet normal 0 -1 -0
    outer loop
      vertex -1.54168 -22.6 22.5265
      vertex -8.74684 -22.6 16.9587
      vertex -1.475 -22.6 22.4851
    endloop
  endfacet
  facet normal 0 -1 -0
    outer loop
      vertex -1.60551 -22.6 22.5723
      vertex -8.74684 -22.6 16.9587
      vertex -1.54168 -22.6 22.5265
    endloop
  endfacet
  facet normal 0 -1 -0
    outer loop
      vertex -1.66621 -22.6 22.6221
      vertex -8.74684 -22.6 16.9587
      vertex -1.60551 -22.6 22.5723
    endloop
  endfacet
  facet normal 0 -1 -0
    outer loop
      vertex -1.72353 -22.6 22.6758
      vertex -8.74684 -22.6 16.9587
      vertex -1.66621 -22.6 22.6221
    endloop
  endfacet
  facet normal 0 -1 -0
    outer loop
      vertex -1.77721 -22.6 22.7331
      vertex -8.74684 -22.6 16.9587
      vertex -1.72353 -22.6 22.6758
    endloop
  endfacet
  facet normal 0 -1 -0
    outer loop
      vertex -1.82702 -22.6 22.7938
      vertex -8.74684 -22.6 16.9587
      vertex -1.77721 -22.6 22.7331
    endloop
  endfacet
  facet normal 0 -1 -0
    outer loop
      vertex -1.87276 -22.6 22.8576
      vertex -8.74684 -22.6 16.9587
      vertex -1.82702 -22.6 22.7938
    endloop
  endfacet
  facet normal 0 -1 -0
    outer loop
      vertex -1.91423 -22.6 22.9243
      vertex -8.74684 -22.6 16.9587
      vertex -1.87276 -22.6 22.8576
    endloop
  endfacet
  facet normal 0 -1 0
    outer loop
      vertex -8.74684 -22.6 16.9587
      vertex -1.91423 -22.6 22.9243
      vertex -10.4968 -22.6 19.9899
    endloop
  endfacet
  facet normal 0 -1 -0
    outer loop
      vertex -1.95125 -22.6 22.9936
      vertex -10.4968 -22.6 19.9899
      vertex -1.91423 -22.6 22.9243
    endloop
  endfacet
  facet normal 0 -1 -0
    outer loop
      vertex -1.98365 -22.6 23.0651
      vertex -10.4968 -22.6 19.9899
      vertex -1.95125 -22.6 22.9936
    endloop
  endfacet
  facet normal 0 -1 -0
    outer loop
      vertex -2.01132 -22.6 23.1386
      vertex -10.4968 -22.6 19.9899
      vertex -1.98365 -22.6 23.0651
    endloop
  endfacet
  facet normal 0 -1 -0
    outer loop
      vertex -2.03411 -22.6 23.2137
      vertex -10.4968 -22.6 19.9899
      vertex -2.01132 -22.6 23.1386
    endloop
  endfacet
  facet normal 0 -1 -0
    outer loop
      vertex -2.05194 -22.6 23.2902
      vertex -10.4968 -22.6 19.9899
      vertex -2.03411 -22.6 23.2137
    endloop
  endfacet
  facet normal 0 -1 -0
    outer loop
      vertex -2.06473 -22.6 23.3677
      vertex -10.4968 -22.6 19.9899
      vertex -2.05194 -22.6 23.2902
    endloop
  endfacet
  facet normal 0 -1 -0
    outer loop
      vertex -2.07243 -22.6 23.4458
      vertex -10.4968 -22.6 19.9899
      vertex -2.06473 -22.6 23.3677
    endloop
  endfacet
  facet normal 0 -1 -0
    outer loop
      vertex -2.075 -22.6 23.5243
      vertex -10.4968 -22.6 19.9899
      vertex -2.07243 -22.6 23.4458
    endloop
  endfacet
  facet normal 0 -1 0
    outer loop
      vertex -2.07243 -22.6 23.6028
      vertex -10.4968 -22.6 19.9899
      vertex -2.075 -22.6 23.5243
    endloop
  endfacet
  facet normal 0 -1 0
    outer loop
      vertex -2.06473 -22.6 23.6809
      vertex -10.4968 -22.6 19.9899
      vertex -2.07243 -22.6 23.6028
    endloop
  endfacet
  facet normal 0 -1 0
    outer loop
      vertex -2.05194 -22.6 23.7584
      vertex -10.4968 -22.6 19.9899
      vertex -2.06473 -22.6 23.6809
    endloop
  endfacet
  facet normal 0 -1 0
    outer loop
      vertex -2.03411 -22.6 23.8349
      vertex -10.4968 -22.6 19.9899
      vertex -2.05194 -22.6 23.7584
    endloop
  endfacet
  facet normal 0 -1 0
    outer loop
      vertex -2.01132 -22.6 23.91
      vertex -10.4968 -22.6 19.9899
      vertex -2.03411 -22.6 23.8349
    endloop
  endfacet
  facet normal 0 -1 0
    outer loop
      vertex -1.98366 -22.6 23.9835
      vertex -10.4968 -22.6 19.9899
      vertex -2.01132 -22.6 23.91
    endloop
  endfacet
  facet normal 0 -1 0
    outer loop
      vertex -1.95125 -22.6 24.055
      vertex -10.4968 -22.6 19.9899
      vertex -1.98366 -22.6 23.9835
    endloop
  endfacet
  facet normal 0 -1 0
    outer loop
      vertex -1.91423 -22.6 24.1243
      vertex -10.4968 -22.6 19.9899
      vertex -1.95125 -22.6 24.055
    endloop
  endfacet
  facet normal 0 -1 0
    outer loop
      vertex -1.87276 -22.6 24.191
      vertex -10.4968 -22.6 19.9899
      vertex -1.91423 -22.6 24.1243
    endloop
  endfacet
  facet normal 0 -1 0
    outer loop
      vertex -1.82702 -22.6 24.2548
      vertex -10.4968 -22.6 19.9899
      vertex -1.87276 -22.6 24.191
    endloop
  endfacet
  facet normal 0 -1 0
    outer loop
      vertex -1.77721 -22.6 24.3155
      vertex -10.4968 -22.6 19.9899
      vertex -1.82702 -22.6 24.2548
    endloop
  endfacet
  facet normal 0 -1 0
    outer loop
      vertex -1.72353 -22.6 24.3728
      vertex -10.4968 -22.6 19.9899
      vertex -1.77721 -22.6 24.3155
    endloop
  endfacet
  facet normal 0 -1 0
    outer loop
      vertex -1.66621 -22.6 24.4265
      vertex -10.4968 -22.6 19.9899
      vertex -1.72353 -22.6 24.3728
    endloop
  endfacet
  facet normal 0 -1 0
    outer loop
      vertex -1.60551 -22.6 24.4763
      vertex -10.4968 -22.6 19.9899
      vertex -1.66621 -22.6 24.4265
    endloop
  endfacet
  facet normal 0 -1 0
    outer loop
      vertex -1.54168 -22.6 24.5221
      vertex -10.4968 -22.6 19.9899
      vertex -1.60551 -22.6 24.4763
    endloop
  endfacet
  facet normal 0 -1 0
    outer loop
      vertex -1.475 -22.6 24.5635
      vertex -10.4968 -22.6 19.9899
      vertex -1.54168 -22.6 24.5221
    endloop
  endfacet
  facet normal 0 -1 0
    outer loop
      vertex -0.718368 -22.6 24.714
      vertex 6.99685 -22.6 30.0898
      vertex -0.796516 -22.6 24.7217
    endloop
  endfacet
  facet normal 0 -1 0
    outer loop
      vertex -0.640891 -22.6 24.7012
      vertex 6.99685 -22.6 30.0898
      vertex -0.718368 -22.6 24.714
    endloop
  endfacet
  facet normal 0 -1 0
    outer loop
      vertex -0.564417 -22.6 24.6834
      vertex 6.99685 -22.6 30.0898
      vertex -0.640891 -22.6 24.7012
    endloop
  endfacet
  facet normal 0 -1 0
    outer loop
      vertex -0.489273 -22.6 24.6606
      vertex 6.99685 -22.6 30.0898
      vertex -0.564417 -22.6 24.6834
    endloop
  endfacet
  facet normal 0 -1 0
    outer loop
      vertex -0.41578 -22.6 24.633
      vertex 6.99685 -22.6 30.0898
      vertex -0.489273 -22.6 24.6606
    endloop
  endfacet
  facet normal 0 -1 0
    outer loop
      vertex -0.344254 -22.6 24.6005
      vertex 6.99685 -22.6 30.0898
      vertex -0.41578 -22.6 24.633
    endloop
  endfacet
  facet normal 0 -1 0
    outer loop
      vertex -0.275 -22.6 24.5635
      vertex 6.99685 -22.6 30.0898
      vertex -0.344254 -22.6 24.6005
    endloop
  endfacet
  facet normal 0 -1 0
    outer loop
      vertex -0.208315 -22.6 24.5221
      vertex 6.99685 -22.6 30.0898
      vertex -0.275 -22.6 24.5635
    endloop
  endfacet
  facet normal 0 -1 0
    outer loop
      vertex -0.144487 -22.6 24.4763
      vertex 6.99685 -22.6 30.0898
      vertex -0.208315 -22.6 24.5221
    endloop
  endfacet
  facet normal 0 -1 0
    outer loop
      vertex -0.0837855 -22.6 24.4265
      vertex 6.99685 -22.6 30.0898
      vertex -0.144487 -22.6 24.4763
    endloop
  endfacet
  facet normal 0 -1 0
    outer loop
      vertex -0.0264723 -22.6 24.3728
      vertex 6.99685 -22.6 30.0898
      vertex -0.0837855 -22.6 24.4265
    endloop
  endfacet
  facet normal 0 -1 0
    outer loop
      vertex 0.0272076 -22.6 24.3155
      vertex 6.99685 -22.6 30.0898
      vertex -0.0264723 -22.6 24.3728
    endloop
  endfacet
  facet normal 0 -1 0
    outer loop
      vertex 0.0770242 -22.6 24.2548
      vertex 6.99685 -22.6 30.0898
      vertex 0.0272076 -22.6 24.3155
    endloop
  endfacet
  facet normal 0 -1 0
    outer loop
      vertex 0.122764 -22.6 24.191
      vertex 6.99685 -22.6 30.0898
      vertex 0.0770242 -22.6 24.2548
    endloop
  endfacet
  facet normal 0 -1 0
    outer loop
      vertex 0.16423 -22.6 24.1243
      vertex 6.99685 -22.6 30.0898
      vertex 0.122764 -22.6 24.191
    endloop
  endfacet
  facet normal 0 -1 -0
    outer loop
      vertex 6.99685 -22.6 30.0898
      vertex 0.16423 -22.6 24.1243
      vertex 8.74684 -22.6 27.0472
    endloop
  endfacet
  facet normal 0 -1 0
    outer loop
      vertex 0.201248 -22.6 24.055
      vertex 8.74684 -22.6 27.0472
      vertex 0.16423 -22.6 24.1243
    endloop
  endfacet
  facet normal 0 -1 0
    outer loop
      vertex 0.233655 -22.6 23.9835
      vertex 8.74684 -22.6 27.0472
      vertex 0.201248 -22.6 24.055
    endloop
  endfacet
  facet normal 0 -1 0
    outer loop
      vertex 0.261316 -22.6 23.91
      vertex 8.74684 -22.6 27.0472
      vertex 0.233655 -22.6 23.9835
    endloop
  endfacet
  facet normal 0 -1 0
    outer loop
      vertex 0.28411 -22.6 23.8349
      vertex 8.74684 -22.6 27.0472
      vertex 0.261316 -22.6 23.91
    endloop
  endfacet
  facet normal 0 -1 0
    outer loop
      vertex 0.301942 -22.6 23.7584
      vertex 8.74684 -22.6 27.0472
      vertex 0.28411 -22.6 23.8349
    endloop
  endfacet
  facet normal 0 -1 0
    outer loop
      vertex 0.314734 -22.6 23.6809
      vertex 8.74684 -22.6 27.0472
      vertex 0.301942 -22.6 23.7584
    endloop
  endfacet
  facet normal 0 -1 0
    outer loop
      vertex 0.322431 -22.6 23.6028
      vertex 8.74684 -22.6 27.0472
      vertex 0.314734 -22.6 23.6809
    endloop
  endfacet
  facet normal 0 -1 0
    outer loop
      vertex 0.325 -22.6 23.5243
      vertex 8.74684 -22.6 27.0472
      vertex 0.322431 -22.6 23.6028
    endloop
  endfacet
  facet normal 0 -1 0
    outer loop
      vertex 0.32243 -22.6 23.4458
      vertex 8.74684 -22.6 27.0472
      vertex 0.325 -22.6 23.5243
    endloop
  endfacet
  facet normal 0 -1 0
    outer loop
      vertex 0.314734 -22.6 23.3677
      vertex 8.74684 -22.6 27.0472
      vertex 0.32243 -22.6 23.4458
    endloop
  endfacet
  facet normal 0 -1 0
    outer loop
      vertex 0.301942 -22.6 23.2902
      vertex 8.74684 -22.6 27.0472
      vertex 0.314734 -22.6 23.3677
    endloop
  endfacet
  facet normal 0 -1 0
    outer loop
      vertex 0.284111 -22.6 23.2137
      vertex 8.74684 -22.6 27.0472
      vertex 0.301942 -22.6 23.2902
    endloop
  endfacet
  facet normal 0 -1 0
    outer loop
      vertex 0.261316 -22.6 23.1386
      vertex 8.74684 -22.6 27.0472
      vertex 0.284111 -22.6 23.2137
    endloop
  endfacet
  facet normal 0 -1 0
    outer loop
      vertex 0.233656 -22.6 23.0651
      vertex 8.74684 -22.6 27.0472
      vertex 0.261316 -22.6 23.1386
    endloop
  endfacet
  facet normal 0 -1 0
    outer loop
      vertex 0.201247 -22.6 22.9936
      vertex 8.74684 -22.6 27.0472
      vertex 0.233656 -22.6 23.0651
    endloop
  endfacet
  facet normal 0 -1 0
    outer loop
      vertex 0.16423 -22.6 22.9243
      vertex 8.74684 -22.6 27.0472
      vertex 0.201247 -22.6 22.9936
    endloop
  endfacet
  facet normal 0 -1 0
    outer loop
      vertex 8.74684 -22.6 9.80438
      vertex 0.16423 -22.6 22.9243
      vertex 0.122763 -22.6 22.8576
    endloop
  endfacet
  facet normal 0 -1 0
    outer loop
      vertex 8.74684 -22.6 9.80438
      vertex 0.122763 -22.6 22.8576
      vertex 0.0770241 -22.6 22.7938
    endloop
  endfacet
  facet normal 0 -1 0
    outer loop
      vertex 8.74684 -22.6 9.80438
      vertex 0.0770241 -22.6 22.7938
      vertex 0.0272075 -22.6 22.7331
    endloop
  endfacet
  facet normal 0 -1 0
    outer loop
      vertex 8.74684 -22.6 9.80438
      vertex 0.0272075 -22.6 22.7331
      vertex -0.0264724 -22.6 22.6758
    endloop
  endfacet
  facet normal 0 -1 0
    outer loop
      vertex 8.74684 -22.6 9.80438
      vertex -0.0264724 -22.6 22.6758
      vertex -0.0837851 -22.6 22.6221
    endloop
  endfacet
  facet normal 0 -1 0
    outer loop
      vertex 8.74684 -22.6 9.80438
      vertex -0.0837851 -22.6 22.6221
      vertex -0.144487 -22.6 22.5723
    endloop
  endfacet
  facet normal 0 -1 0
    outer loop
      vertex 8.74684 -22.6 9.80438
      vertex -0.144487 -22.6 22.5723
      vertex -0.208315 -22.6 22.5265
    endloop
  endfacet
  facet normal 0 -1 0
    outer loop
      vertex 8.74684 -22.6 9.80438
      vertex -0.208315 -22.6 22.5265
      vertex -0.275 -22.6 22.4851
    endloop
  endfacet
  facet normal 0 -1 0
    outer loop
      vertex 8.74684 -22.6 9.80438
      vertex -0.275 -22.6 22.4851
      vertex -0.344253 -22.6 22.4481
    endloop
  endfacet
  facet normal 0 -1 -0
    outer loop
      vertex -0.953484 -22.6 22.3269
      vertex -8.74684 -22.6 16.9587
      vertex -0.874999 -22.6 22.3243
    endloop
  endfacet
  facet normal 0 -1 -0
    outer loop
      vertex -0.874999 -22.6 22.3243
      vertex -8.74684 -22.6 16.9587
      vertex -0.796515 -22.6 22.3269
    endloop
  endfacet
  facet normal 0 -1 0
    outer loop
      vertex -8.74684 -22.6 9.80438
      vertex -0.796515 -22.6 22.3269
      vertex -8.74684 -22.6 16.9587
    endloop
  endfacet
  facet normal 0 -1 0
    outer loop
      vertex 8.74684 -22.6 9.80438
      vertex -0.796515 -22.6 22.3269
      vertex -8.74684 -22.6 9.80438
    endloop
  endfacet
  facet normal 0 -1 0
    outer loop
      vertex -0.796515 -22.6 22.3269
      vertex 8.74684 -22.6 9.80438
      vertex -0.718368 -22.6 22.3346
    endloop
  endfacet
  facet normal 0 -1 0
    outer loop
      vertex -0.718368 -22.6 22.3346
      vertex 8.74684 -22.6 9.80438
      vertex -0.640891 -22.6 22.3474
    endloop
  endfacet
  facet normal 0 -1 0
    outer loop
      vertex -0.640891 -22.6 22.3474
      vertex 8.74684 -22.6 9.80438
      vertex -0.564417 -22.6 22.3652
    endloop
  endfacet
  facet normal 0 -1 0
    outer loop
      vertex -0.564417 -22.6 22.3652
      vertex 8.74684 -22.6 9.80438
      vertex -0.489272 -22.6 22.388
    endloop
  endfacet
  facet normal 0 -1 0
    outer loop
      vertex -0.489272 -22.6 22.388
      vertex 8.74684 -22.6 9.80438
      vertex -0.415779 -22.6 22.4156
    endloop
  endfacet
  facet normal 0 -1 0
    outer loop
      vertex -0.415779 -22.6 22.4156
      vertex 8.74684 -22.6 9.80438
      vertex -0.344253 -22.6 22.4481
    endloop
  endfacet
  facet normal 0 -1 0
    outer loop
      vertex 0.16423 -22.6 22.9243
      vertex 8.74684 -22.6 9.80438
      vertex 8.74684 -22.6 27.0472
    endloop
  endfacet
  facet normal 0 -1 0
    outer loop
      vertex -8.74684 -22.6 0.4
      vertex 8.74684 -22.6 2.80438
      vertex -8.74684 -22.6 2.80438
    endloop
  endfacet
  facet normal 0 -1 -0
    outer loop
      vertex 8.74684 -22.6 2.80438
      vertex -8.74684 -22.6 0.4
      vertex 8.74684 -22.6 0.4
    endloop
  endfacet
  facet normal 0 -1 0
    outer loop
      vertex -8.74684 -22.6 5.80438
      vertex 8.74684 -22.6 6.80438
      vertex -8.74684 -22.6 6.80438
    endloop
  endfacet
  facet normal 0 -1 -0
    outer loop
      vertex 8.74684 -22.6 6.80438
      vertex -8.74684 -22.6 5.80438
      vertex 8.74684 -22.6 5.80438
    endloop
  endfacet
  facet normal -0.327727 0.626574 -0.707106
    outer loop
      vertex -11.8813 21.3549 0
      vertex -12.0792 21.7028 0.4
      vertex -11.6301 21.9377 0.4
    endloop
  endfacet
  facet normal -0.187398 0.982284 0
    outer loop
      vertex -9.73027 22.5256 0.4
      vertex -10.2167 22.4328 2.80438
      vertex -9.73027 22.5256 2.80438
    endloop
  endfacet
  facet normal -0.187398 0.982284 0
    outer loop
      vertex -10.2167 22.4328 2.80438
      vertex -9.73027 22.5256 0.4
      vertex -10.2167 22.4328 0.4
    endloop
  endfacet
  facet normal -0.187398 0.982284 0
    outer loop
      vertex -9.73027 22.5256 5.80438
      vertex -10.2167 22.4328 6.80438
      vertex -9.73027 22.5256 6.80438
    endloop
  endfacet
  facet normal -0.187398 0.982284 0
    outer loop
      vertex -10.2167 22.4328 6.80438
      vertex -9.73027 22.5256 5.80438
      vertex -10.2167 22.4328 5.80438
    endloop
  endfacet
  facet normal -0.187398 0.982284 0
    outer loop
      vertex -9.73027 22.5256 9.80438
      vertex -10.2167 22.4328 16.1101
      vertex -9.73027 22.5256 16.3909
    endloop
  endfacet
  facet normal -0.187398 0.982284 0
    outer loop
      vertex -10.2167 22.4328 16.1101
      vertex -9.73027 22.5256 9.80438
      vertex -10.2167 22.4328 9.80438
    endloop
  endfacet
  facet normal 0.658252 0.258315 -0.707091
    outer loop
      vertex 15.331 17.0943 0
      vertex 15.1362 17.5907 0
      vertex 15.7077 17.2293 0.4
    endloop
  endfacet
  facet normal -0.463476 0.886109 0
    outer loop
      vertex -11.6301 21.9377 0.4
      vertex -12.0792 21.7028 2.80438
      vertex -11.6301 21.9377 2.80438
    endloop
  endfacet
  facet normal -0.463476 0.886109 0
    outer loop
      vertex -12.0792 21.7028 2.80438
      vertex -11.6301 21.9377 0.4
      vertex -12.0792 21.7028 0.4
    endloop
  endfacet
  facet normal -0.463476 0.886109 0
    outer loop
      vertex -11.6301 21.9377 5.80438
      vertex -12.0792 21.7028 6.80438
      vertex -11.6301 21.9377 6.80438
    endloop
  endfacet
  facet normal -0.463476 0.886109 0
    outer loop
      vertex -12.0792 21.7028 6.80438
      vertex -11.6301 21.9377 5.80438
      vertex -12.0792 21.7028 5.80438
    endloop
  endfacet
  facet normal -0.463476 0.886109 0
    outer loop
      vertex -11.6301 21.9377 9.80438
      vertex -12.0792 21.7028 15.0348
      vertex -11.6301 21.9377 15.2941
    endloop
  endfacet
  facet normal -0.463476 0.886109 0
    outer loop
      vertex -12.0792 21.7028 15.0348
      vertex -11.6301 21.9377 9.80438
      vertex -12.0792 21.7028 9.80438
    endloop
  endfacet
  facet normal 0.683949 0.17965 -0.707064
    outer loop
      vertex 16.0245 16.1517 0.4
      vertex 15.6347 16.0614 0
      vertex 15.8814 16.6965 0.4
    endloop
  endfacet
  facet normal 0.693137 0.140028 -0.707074
    outer loop
      vertex 16.1365 15.5973 0.4
      vertex 15.6347 16.0614 0
      vertex 16.0245 16.1517 0.4
    endloop
  endfacet
  facet normal -0.132517 0.694613 -0.707072
    outer loop
      vertex -10.1272 22.0427 0
      vertex -10.2167 22.4328 0.4
      vertex -9.73027 22.5256 0.4
    endloop
  endfacet
  facet normal -0.907504 0.420044 0
    outer loop
      vertex -15.5043 17.7479 0.4
      vertex -15.2719 18.25 2.80438
      vertex -15.2719 18.25 0.4
    endloop
  endfacet
  facet normal -0.907504 0.420044 0
    outer loop
      vertex -15.2719 18.25 2.80438
      vertex -15.5043 17.7479 0.4
      vertex -15.5043 17.7479 2.80438
    endloop
  endfacet
  facet normal -0.907504 0.420044 0
    outer loop
      vertex -15.5043 17.7479 5.80438
      vertex -15.2719 18.25 6.80438
      vertex -15.2719 18.25 5.80438
    endloop
  endfacet
  facet normal -0.907504 0.420044 0
    outer loop
      vertex -15.2719 18.25 6.80438
      vertex -15.5043 17.7479 5.80438
      vertex -15.5043 17.7479 6.80438
    endloop
  endfacet
  facet normal -0.907504 0.420044 0
    outer loop
      vertex -15.5043 17.7479 13.0573
      vertex -15.2719 18.25 9.80438
      vertex -15.5043 17.7479 9.80438
    endloop
  endfacet
  facet normal -0.907504 0.420044 0
    outer loop
      vertex -15.2719 18.25 9.80438
      vertex -15.5043 17.7479 13.0573
      vertex -15.2719 18.25 13.1915
    endloop
  endfacet
  facet normal 0.0267268 0.706592 -0.707116
    outer loop
      vertex 9.20959 22.1822 0
      vertex 8.739 22.2 0
      vertex 8.74684 22.6 0.4
    endloop
  endfacet
  facet normal 0.0266692 0.706561 -0.70715
    outer loop
      vertex 9.20959 22.1822 0
      vertex 8.74684 22.6 0.4
      vertex 9.23962 22.5814 0.4
    endloop
  endfacet
  facet normal -0.450733 -0.544794 -0.707135
    outer loop
      vertex -12.9327 -21.1338 0.4
      vertex -13.3335 -20.8022 0.4
      vertex -13.0682 -20.5025 0
    endloop
  endfacet
  facet normal -0.330475 0.943815 0
    outer loop
      vertex -10.6969 22.3035 0.4
      vertex -11.1687 22.1383 2.80438
      vertex -10.6969 22.3035 2.80438
    endloop
  endfacet
  facet normal -0.330475 0.943815 0
    outer loop
      vertex -11.1687 22.1383 2.80438
      vertex -10.6969 22.3035 0.4
      vertex -11.1687 22.1383 0.4
    endloop
  endfacet
  facet normal -0.330475 0.943815 0
    outer loop
      vertex -10.6969 22.3035 5.80438
      vertex -11.1687 22.1383 6.80438
      vertex -10.6969 22.3035 6.80438
    endloop
  endfacet
  facet normal -0.330475 0.943815 0
    outer loop
      vertex -11.1687 22.1383 6.80438
      vertex -10.6969 22.3035 5.80438
      vertex -11.1687 22.1383 5.80438
    endloop
  endfacet
  facet normal -0.330475 0.943815 0
    outer loop
      vertex -10.6969 22.3035 9.80438
      vertex -11.1687 22.1383 15.5605
      vertex -10.6969 22.3035 15.8329
    endloop
  endfacet
  facet normal -0.330475 0.943815 0
    outer loop
      vertex -11.1687 22.1383 15.5605
      vertex -10.6969 22.3035 9.80438
      vertex -11.1687 22.1383 9.80438
    endloop
  endfacet
  facet normal 0.327851 0.626583 -0.707041
    outer loop
      vertex 11.8813 21.3549 0
      vertex 11.4574 21.5767 0
      vertex 11.6301 21.9377 0.4
    endloop
  endfacet
  facet normal -0.658252 0.258315 -0.707091
    outer loop
      vertex -15.331 17.0943 0
      vertex -15.7077 17.2293 0.4
      vertex -15.1362 17.5907 0
    endloop
  endfacet
  facet normal -0.549043 -0.445508 -0.707159
    outer loop
      vertex -14.0745 -20.0518 0.4
      vertex -14.0929 -19.3942 0
      vertex -13.7719 -19.7898 0
    endloop
  endfacet
  facet normal -0.996386 -0.0849373 0
    outer loop
      vertex -16.2168 -15.0356 0.4
      vertex -16.2651 -14.469 2.80438
      vertex -16.2651 -14.469 0.4
    endloop
  endfacet
  facet normal -0.996386 -0.0849373 0
    outer loop
      vertex -16.2651 -14.469 2.80438
      vertex -16.2168 -15.0356 0.4
      vertex -16.2168 -15.0356 2.80438
    endloop
  endfacet
  facet normal -0.996386 -0.0849373 0
    outer loop
      vertex -16.2168 -15.0356 5.80438
      vertex -16.2651 -14.469 6.80438
      vertex -16.2651 -14.469 5.80438
    endloop
  endfacet
  facet normal -0.996386 -0.0849373 0
    outer loop
      vertex -16.2651 -14.469 6.80438
      vertex -16.2168 -15.0356 5.80438
      vertex -16.2168 -15.0356 6.80438
    endloop
  endfacet
  facet normal -0.996386 -0.0849373 0
    outer loop
      vertex -16.2168 -15.0356 9.80438
      vertex -16.2651 -14.469 12.6181
      vertex -16.2651 -14.469 9.80438
    endloop
  endfacet
  facet normal -0.996386 -0.0849373 0
    outer loop
      vertex -16.2651 -14.469 12.6181
      vertex -16.2168 -15.0356 9.80438
      vertex -16.2168 -15.0356 12.646
    endloop
  endfacet
  facet normal 0.600768 -0.372899 -0.707124
    outer loop
      vertex 14.7243 -19.1962 0.4
      vertex 14.6652 -18.5329 0
      vertex 15.0115 -18.7335 0.4
    endloop
  endfacet
  facet normal 0.622545 0.335258 -0.707134
    outer loop
      vertex 14.914 18.0709 0
      vertex 14.6652 18.5329 0
      vertex 15.2719 18.25 0.4
    endloop
  endfacet
  facet normal 0.233679 0.66737 -0.707115
    outer loop
      vertex 11.0227 21.7656 0
      vertex 10.6969 22.3035 0.4
      vertex 11.1687 22.1383 0.4
    endloop
  endfacet
  facet normal -0.132517 -0.694613 -0.707072
    outer loop
      vertex -9.73027 -22.5256 0.4
      vertex -10.2167 -22.4328 0.4
      vertex -10.1272 -22.0427 0
    endloop
  endfacet
  facet normal 0.233679 -0.66737 -0.707115
    outer loop
      vertex 11.1687 -22.1383 0.4
      vertex 10.6969 -22.3035 0.4
      vertex 11.0227 -21.7656 0
    endloop
  endfacet
  facet normal 0.576399 0.409674 -0.707058
    outer loop
      vertex 14.7243 19.1962 0.4
      vertex 14.0929 19.3942 0
      vertex 14.4115 19.6363 0.4
    endloop
  endfacet
  facet normal 0.6723 0.219142 -0.707099
    outer loop
      vertex 15.4975 16.5835 0
      vertex 15.331 17.0943 0
      vertex 15.7077 17.2293 0.4
    endloop
  endfacet
  facet normal 0.187398 0.982284 -0
    outer loop
      vertex 10.2167 22.4328 0.4
      vertex 9.73027 22.5256 2.80438
      vertex 10.2167 22.4328 2.80438
    endloop
  endfacet
  facet normal 0.187398 0.982284 0
    outer loop
      vertex 9.73027 22.5256 2.80438
      vertex 10.2167 22.4328 0.4
      vertex 9.73027 22.5256 0.4
    endloop
  endfacet
  facet normal 0.187398 0.982284 -0
    outer loop
      vertex 10.2167 22.4328 5.80438
      vertex 9.73027 22.5256 6.80438
      vertex 10.2167 22.4328 6.80438
    endloop
  endfacet
  facet normal 0.187398 0.982284 0
    outer loop
      vertex 9.73027 22.5256 6.80438
      vertex 10.2167 22.4328 5.80438
      vertex 9.73027 22.5256 5.80438
    endloop
  endfacet
  facet normal 0.187398 0.982284 -0
    outer loop
      vertex 10.2167 22.4328 9.80438
      vertex 9.73027 22.5256 27.615
      vertex 10.2167 22.4328 27.8958
    endloop
  endfacet
  facet normal 0.187398 0.982284 0
    outer loop
      vertex 9.73027 22.5256 27.615
      vertex 10.2167 22.4328 9.80438
      vertex 9.73027 22.5256 9.80438
    endloop
  endfacet
  facet normal 0.112998 0.993595 -0
    outer loop
      vertex 9.73027 22.5256 0.4
      vertex 9.23962 22.5814 2.80438
      vertex 9.73027 22.5256 2.80438
    endloop
  endfacet
  facet normal 0.112998 0.993595 0
    outer loop
      vertex 9.23962 22.5814 2.80438
      vertex 9.73027 22.5256 0.4
      vertex 9.23962 22.5814 0.4
    endloop
  endfacet
  facet normal 0.112998 0.993595 -0
    outer loop
      vertex 9.73027 22.5256 5.80438
      vertex 9.23962 22.5814 6.80438
      vertex 9.73027 22.5256 6.80438
    endloop
  endfacet
  facet normal 0.112998 0.993595 0
    outer loop
      vertex 9.23962 22.5814 6.80438
      vertex 9.73027 22.5256 5.80438
      vertex 9.23962 22.5814 5.80438
    endloop
  endfacet
  facet normal 0.112998 0.993595 -0
    outer loop
      vertex 9.73027 22.5256 9.80438
      vertex 9.23962 22.5814 27.3317
      vertex 9.73027 22.5256 27.615
    endloop
  endfacet
  facet normal 0.112998 0.993595 0
    outer loop
      vertex 9.23962 22.5814 27.3317
      vertex 9.73027 22.5256 9.80438
      vertex 9.23962 22.5814 9.80438
    endloop
  endfacet
  facet normal -0.233679 0.66737 -0.707115
    outer loop
      vertex -11.0227 21.7656 0
      vertex -11.1687 22.1383 0.4
      vertex -10.6969 22.3035 0.4
    endloop
  endfacet
  facet normal -0.0267268 -0.706592 -0.707116
    outer loop
      vertex -8.74684 -22.6 0.4
      vertex -9.20959 -22.1822 0
      vertex -8.739 -22.2 0
    endloop
  endfacet
  facet normal 0.450744 -0.544792 -0.707129
    outer loop
      vertex 12.9327 -21.1338 0.4
      vertex 12.6882 -20.8169 0
      vertex 13.0682 -20.5025 0
    endloop
  endfacet
  facet normal 0.996386 0.0849373 0
    outer loop
      vertex 16.2651 14.469 2.80438
      vertex 16.2168 15.0356 0.4
      vertex 16.2168 15.0356 2.80438
    endloop
  endfacet
  facet normal 0.996386 0.0849373 0
    outer loop
      vertex 16.2168 15.0356 0.4
      vertex 16.2651 14.469 2.80438
      vertex 16.2651 14.469 0.4
    endloop
  endfacet
  facet normal 0.996386 0.0849373 0
    outer loop
      vertex 16.2651 14.469 6.80438
      vertex 16.2168 15.0356 5.80438
      vertex 16.2168 15.0356 6.80438
    endloop
  endfacet
  facet normal 0.996386 0.0849373 0
    outer loop
      vertex 16.2168 15.0356 5.80438
      vertex 16.2651 14.469 6.80438
      vertex 16.2651 14.469 5.80438
    endloop
  endfacet
  facet normal 0.996386 0.0849373 -0
    outer loop
      vertex 16.2651 14.469 9.80438
      vertex 16.2168 15.0356 31.36
      vertex 16.2651 14.469 31.3879
    endloop
  endfacet
  facet normal 0.996386 0.0849373 0
    outer loop
      vertex 16.2168 15.0356 31.36
      vertex 16.2651 14.469 9.80438
      vertex 16.2168 15.0356 9.80438
    endloop
  endfacet
  facet normal 0.412467 0.574321 -0.707126
    outer loop
      vertex 12.6882 20.8169 0
      vertex 12.2922 21.1013 0
      vertex 12.9327 21.1338 0.4
    endloop
  endfacet
  facet normal 0.95075 0.309957 0
    outer loop
      vertex 15.8814 16.6965 2.80438
      vertex 15.7077 17.2293 0.4
      vertex 15.7077 17.2293 2.80438
    endloop
  endfacet
  facet normal 0.95075 0.309957 0
    outer loop
      vertex 15.7077 17.2293 0.4
      vertex 15.8814 16.6965 2.80438
      vertex 15.8814 16.6965 0.4
    endloop
  endfacet
  facet normal 0.95075 0.309957 0
    outer loop
      vertex 15.8814 16.6965 6.80438
      vertex 15.7077 17.2293 5.80438
      vertex 15.7077 17.2293 6.80438
    endloop
  endfacet
  facet normal 0.95075 0.309957 0
    outer loop
      vertex 15.7077 17.2293 5.80438
      vertex 15.8814 16.6965 6.80438
      vertex 15.8814 16.6965 5.80438
    endloop
  endfacet
  facet normal 0.95075 0.309957 -0
    outer loop
      vertex 15.8814 16.6965 9.80438
      vertex 15.7077 17.2293 31.0661
      vertex 15.8814 16.6965 31.1663
    endloop
  endfacet
  facet normal 0.95075 0.309957 0
    outer loop
      vertex 15.7077 17.2293 31.0661
      vertex 15.8814 16.6965 9.80438
      vertex 15.7077 17.2293 9.80438
    endloop
  endfacet
  facet normal 0.989935 -0.14152 0
    outer loop
      vertex 16.1365 -15.5973 2.80438
      vertex 16.2168 -15.0356 0.4
      vertex 16.2168 -15.0356 2.80438
    endloop
  endfacet
  facet normal 0.989935 -0.14152 0
    outer loop
      vertex 16.2168 -15.0356 0.4
      vertex 16.1365 -15.5973 2.80438
      vertex 16.1365 -15.5973 0.4
    endloop
  endfacet
  facet normal 0.989935 -0.14152 0
    outer loop
      vertex 16.1365 -15.5973 6.80438
      vertex 16.2168 -15.0356 5.80438
      vertex 16.2168 -15.0356 6.80438
    endloop
  endfacet
  facet normal 0.989935 -0.14152 0
    outer loop
      vertex 16.2168 -15.0356 5.80438
      vertex 16.1365 -15.5973 6.80438
      vertex 16.1365 -15.5973 5.80438
    endloop
  endfacet
  facet normal 0.989935 -0.14152 0
    outer loop
      vertex 16.1365 -15.5973 31.3136
      vertex 16.2168 -15.0356 9.80438
      vertex 16.2168 -15.0356 31.36
    endloop
  endfacet
  facet normal 0.989935 -0.14152 0
    outer loop
      vertex 16.2168 -15.0356 9.80438
      vertex 16.1365 -15.5973 31.3136
      vertex 16.1365 -15.5973 9.80438
    endloop
  endfacet
  facet normal 0.699955 -0.100065 -0.707142
    outer loop
      vertex 16.1365 -15.5973 0.4
      vertex 15.7421 -15.5294 0
      vertex 16.2168 -15.0356 0.4
    endloop
  endfacet
  facet normal -0.450744 -0.544792 -0.707129
    outer loop
      vertex -12.9327 -21.1338 0.4
      vertex -13.0682 -20.5025 0
      vertex -12.6882 -20.8169 0
    endloop
  endfacet
  facet normal -0.112998 -0.993595 0
    outer loop
      vertex -9.73027 -22.5256 0.4
      vertex -9.23962 -22.5814 2.80438
      vertex -9.73027 -22.5256 2.80438
    endloop
  endfacet
  facet normal -0.112998 -0.993595 -0
    outer loop
      vertex -9.23962 -22.5814 2.80438
      vertex -9.73027 -22.5256 0.4
      vertex -9.23962 -22.5814 0.4
    endloop
  endfacet
  facet normal -0.112998 -0.993595 0
    outer loop
      vertex -9.73027 -22.5256 5.80438
      vertex -9.23962 -22.5814 6.80438
      vertex -9.73027 -22.5256 6.80438
    endloop
  endfacet
  facet normal -0.112998 -0.993595 -0
    outer loop
      vertex -9.23962 -22.5814 6.80438
      vertex -9.73027 -22.5256 5.80438
      vertex -9.23962 -22.5814 5.80438
    endloop
  endfacet
  facet normal -0.112998 -0.993595 0
    outer loop
      vertex -9.23962 -22.5814 9.80438
      vertex -9.73027 -22.5256 16.3909
      vertex -9.73027 -22.5256 9.80438
    endloop
  endfacet
  facet normal -0.112998 -0.993595 0
    outer loop
      vertex -9.73027 -22.5256 16.3909
      vertex -9.23962 -22.5814 9.80438
      vertex -9.23962 -22.5814 16.6742
    endloop
  endfacet
  facet normal -0.637458 0.770485 0
    outer loop
      vertex -12.9327 21.1338 0.4
      vertex -13.3335 20.8022 2.80438
      vertex -12.9327 21.1338 2.80438
    endloop
  endfacet
  facet normal -0.637458 0.770485 0
    outer loop
      vertex -13.3335 20.8022 2.80438
      vertex -12.9327 21.1338 0.4
      vertex -13.3335 20.8022 0.4
    endloop
  endfacet
  facet normal -0.637458 0.770485 0
    outer loop
      vertex -12.9327 21.1338 5.80438
      vertex -13.3335 20.8022 6.80438
      vertex -12.9327 21.1338 6.80438
    endloop
  endfacet
  facet normal -0.637458 0.770485 0
    outer loop
      vertex -13.3335 20.8022 6.80438
      vertex -12.9327 21.1338 5.80438
      vertex -13.3335 20.8022 5.80438
    endloop
  endfacet
  facet normal -0.637458 0.770485 0
    outer loop
      vertex -12.9327 21.1338 9.80438
      vertex -13.3335 20.8022 14.3106
      vertex -12.9327 21.1338 14.542
    endloop
  endfacet
  facet normal -0.637458 0.770485 0
    outer loop
      vertex -13.3335 20.8022 14.3106
      vertex -12.9327 21.1338 9.80438
      vertex -13.3335 20.8022 9.80438
    endloop
  endfacet
  facet normal -0.699955 -0.100065 -0.707142
    outer loop
      vertex -16.1365 -15.5973 0.4
      vertex -16.2168 -15.0356 0.4
      vertex -15.7421 -15.5294 0
    endloop
  endfacet
  facet normal -0.600802 0.372884 -0.707103
    outer loop
      vertex -14.6652 18.5329 0
      vertex -14.7243 19.1962 0.4
      vertex -14.391 18.9747 0
    endloop
  endfacet
  facet normal 0.776657 0.629924 0
    outer loop
      vertex 14.4115 19.6363 2.80438
      vertex 14.0745 20.0518 0.4
      vertex 14.0745 20.0518 2.80438
    endloop
  endfacet
  facet normal 0.776657 0.629924 0
    outer loop
      vertex 14.0745 20.0518 0.4
      vertex 14.4115 19.6363 2.80438
      vertex 14.4115 19.6363 0.4
    endloop
  endfacet
  facet normal 0.776657 0.629924 0
    outer loop
      vertex 14.4115 19.6363 6.80438
      vertex 14.0745 20.0518 5.80438
      vertex 14.0745 20.0518 6.80438
    endloop
  endfacet
  facet normal 0.776657 0.629924 0
    outer loop
      vertex 14.0745 20.0518 5.80438
      vertex 14.4115 19.6363 6.80438
      vertex 14.4115 19.6363 5.80438
    endloop
  endfacet
  facet normal 0.776657 0.629924 -0
    outer loop
      vertex 14.4115 19.6363 9.80438
      vertex 14.0745 20.0518 30.1231
      vertex 14.4115 19.6363 30.3177
    endloop
  endfacet
  facet normal 0.776657 0.629924 0
    outer loop
      vertex 14.0745 20.0518 30.1231
      vertex 14.4115 19.6363 9.80438
      vertex 14.0745 20.0518 9.80438
    endloop
  endfacet
  facet normal -0.330475 -0.943815 0
    outer loop
      vertex -11.1687 -22.1383 0.4
      vertex -10.6969 -22.3035 2.80438
      vertex -11.1687 -22.1383 2.80438
    endloop
  endfacet
  facet normal -0.330475 -0.943815 -0
    outer loop
      vertex -10.6969 -22.3035 2.80438
      vertex -11.1687 -22.1383 0.4
      vertex -10.6969 -22.3035 0.4
    endloop
  endfacet
  facet normal -0.330475 -0.943815 0
    outer loop
      vertex -11.1687 -22.1383 5.80438
      vertex -10.6969 -22.3035 6.80438
      vertex -11.1687 -22.1383 6.80438
    endloop
  endfacet
  facet normal -0.330475 -0.943815 -0
    outer loop
      vertex -10.6969 -22.3035 6.80438
      vertex -11.1687 -22.1383 5.80438
      vertex -10.6969 -22.3035 5.80438
    endloop
  endfacet
  facet normal -0.330475 -0.943815 0
    outer loop
      vertex -10.6969 -22.3035 9.80438
      vertex -11.1687 -22.1383 15.5605
      vertex -11.1687 -22.1383 9.80438
    endloop
  endfacet
  facet normal -0.330475 -0.943815 0
    outer loop
      vertex -11.1687 -22.1383 15.5605
      vertex -10.6969 -22.3035 9.80438
      vertex -10.6969 -22.3035 15.8329
    endloop
  endfacet
  facet normal -0.600768 -0.372899 -0.707124
    outer loop
      vertex -14.7243 -19.1962 0.4
      vertex -15.0115 -18.7335 0.4
      vertex -14.6652 -18.5329 0
    endloop
  endfacet
  facet normal -0.622545 -0.335258 -0.707134
    outer loop
      vertex -14.6652 -18.5329 0
      vertex -15.2719 -18.25 0.4
      vertex -14.914 -18.0709 0
    endloop
  endfacet
  facet normal -0.600802 -0.372884 -0.707103
    outer loop
      vertex -14.391 -18.9747 0
      vertex -14.7243 -19.1962 0.4
      vertex -14.6652 -18.5329 0
    endloop
  endfacet
  facet normal 0.412467 -0.574321 -0.707126
    outer loop
      vertex 12.9327 -21.1338 0.4
      vertex 12.2922 -21.1013 0
      vertex 12.6882 -20.8169 0
    endloop
  endfacet
  facet normal -0.0799531 -0.702504 -0.707175
    outer loop
      vertex -9.20959 -22.1822 0
      vertex -9.73027 -22.5256 0.4
      vertex -9.67 -22.1298 0
    endloop
  endfacet
  facet normal -0.0266692 0.706561 -0.70715
    outer loop
      vertex -9.20959 22.1822 0
      vertex -9.23962 22.5814 0.4
      vertex -8.74684 22.6 0.4
    endloop
  endfacet
  facet normal 0.0799531 -0.702504 -0.707175
    outer loop
      vertex 9.73027 -22.5256 0.4
      vertex 9.20959 -22.1822 0
      vertex 9.67 -22.1298 0
    endloop
  endfacet
  facet normal -0.576402 0.409596 -0.707101
    outer loop
      vertex -14.391 18.9747 0
      vertex -14.7243 19.1962 0.4
      vertex -14.0929 19.3942 0
    endloop
  endfacet
  facet normal -0.693091 -0.139921 -0.70714
    outer loop
      vertex -15.6347 -16.0614 0
      vertex -16.1365 -15.5973 0.4
      vertex -15.7421 -15.5294 0
    endloop
  endfacet
  facet normal -0.486403 0.51322 -0.707119
    outer loop
      vertex -13.4299 20.1597 0
      vertex -13.7146 20.441 0.4
      vertex -13.0682 20.5025 0
    endloop
  endfacet
  facet normal 0.281959 0.648534 -0.707038
    outer loop
      vertex 11.4574 21.5767 0
      vertex 11.1687 22.1383 0.4
      vertex 11.6301 21.9377 0.4
    endloop
  endfacet
  facet normal 0.658252 -0.258315 -0.707091
    outer loop
      vertex 15.7077 -17.2293 0.4
      vertex 15.1362 -17.5907 0
      vertex 15.331 -17.0943 0
    endloop
  endfacet
  facet normal -0.519153 -0.48007 -0.707116
    outer loop
      vertex -13.7146 -20.441 0.4
      vertex -14.0745 -20.0518 0.4
      vertex -13.4299 -20.1597 0
    endloop
  endfacet
  facet normal -0.658217 -0.258159 -0.707181
    outer loop
      vertex -15.5043 -17.7479 0.4
      vertex -15.7077 -17.2293 0.4
      vertex -15.1362 -17.5907 0
    endloop
  endfacet
  facet normal 0.967192 -0.254048 0
    outer loop
      vertex 15.8814 -16.6965 2.80438
      vertex 16.0245 -16.1517 0.4
      vertex 16.0245 -16.1517 2.80438
    endloop
  endfacet
  facet normal 0.967192 -0.254048 0
    outer loop
      vertex 16.0245 -16.1517 0.4
      vertex 15.8814 -16.6965 2.80438
      vertex 15.8814 -16.6965 0.4
    endloop
  endfacet
  facet normal 0.967192 -0.254048 0
    outer loop
      vertex 15.8814 -16.6965 6.80438
      vertex 16.0245 -16.1517 5.80438
      vertex 16.0245 -16.1517 6.80438
    endloop
  endfacet
  facet normal 0.967192 -0.254048 0
    outer loop
      vertex 16.0245 -16.1517 5.80438
      vertex 15.8814 -16.6965 6.80438
      vertex 15.8814 -16.6965 5.80438
    endloop
  endfacet
  facet normal 0.967192 -0.254048 0
    outer loop
      vertex 15.8814 -16.6965 31.1663
      vertex 16.0245 -16.1517 9.80438
      vertex 16.0245 -16.1517 31.249
    endloop
  endfacet
  facet normal 0.967192 -0.254048 0
    outer loop
      vertex 16.0245 -16.1517 9.80438
      vertex 15.8814 -16.6965 31.1663
      vertex 15.8814 -16.6965 9.80438
    endloop
  endfacet
  facet normal 0.693137 -0.140028 -0.707074
    outer loop
      vertex 16.0245 -16.1517 0.4
      vertex 15.6347 -16.0614 0
      vertex 16.1365 -15.5973 0.4
    endloop
  endfacet
  facet normal 0.658217 -0.258159 -0.707181
    outer loop
      vertex 15.5043 -17.7479 0.4
      vertex 15.1362 -17.5907 0
      vertex 15.7077 -17.2293 0.4
    endloop
  endfacet
  facet normal 0.281813 -0.648514 -0.707115
    outer loop
      vertex 11.1687 -22.1383 0.4
      vertex 11.0227 -21.7656 0
      vertex 11.4574 -21.5767 0
    endloop
  endfacet
  facet normal 0.519153 0.48007 -0.707116
    outer loop
      vertex 14.0745 20.0518 0.4
      vertex 13.4299 20.1597 0
      vertex 13.7146 20.441 0.4
    endloop
  endfacet
  facet normal 0.622548 -0.335288 -0.707118
    outer loop
      vertex 15.0115 -18.7335 0.4
      vertex 14.6652 -18.5329 0
      vertex 15.2719 -18.25 0.4
    endloop
  endfacet
  facet normal -0.672267 0.219168 -0.707123
    outer loop
      vertex -15.4975 16.5835 0
      vertex -15.8814 16.6965 0.4
      vertex -15.7077 17.2293 0.4
    endloop
  endfacet
  facet normal -0.95075 0.309957 0
    outer loop
      vertex -15.8814 16.6965 0.4
      vertex -15.7077 17.2293 2.80438
      vertex -15.7077 17.2293 0.4
    endloop
  endfacet
  facet normal -0.95075 0.309957 0
    outer loop
      vertex -15.7077 17.2293 2.80438
      vertex -15.8814 16.6965 0.4
      vertex -15.8814 16.6965 2.80438
    endloop
  endfacet
  facet normal -0.95075 0.309957 0
    outer loop
      vertex -15.8814 16.6965 5.80438
      vertex -15.7077 17.2293 6.80438
      vertex -15.7077 17.2293 5.80438
    endloop
  endfacet
  facet normal -0.95075 0.309957 0
    outer loop
      vertex -15.7077 17.2293 6.80438
      vertex -15.8814 16.6965 5.80438
      vertex -15.8814 16.6965 6.80438
    endloop
  endfacet
  facet normal -0.95075 0.309957 0
    outer loop
      vertex -15.8814 16.6965 12.8396
      vertex -15.7077 17.2293 9.80438
      vertex -15.8814 16.6965 9.80438
    endloop
  endfacet
  facet normal -0.95075 0.309957 0
    outer loop
      vertex -15.7077 17.2293 9.80438
      vertex -15.8814 16.6965 12.8396
      vertex -15.7077 17.2293 12.9399
    endloop
  endfacet
  facet normal -0.450733 0.544794 -0.707135
    outer loop
      vertex -13.0682 20.5025 0
      vertex -13.3335 20.8022 0.4
      vertex -12.9327 21.1338 0.4
    endloop
  endfacet
  facet normal 0.693091 0.139921 -0.70714
    outer loop
      vertex 15.7421 15.5294 0
      vertex 15.6347 16.0614 0
      vertex 16.1365 15.5973 0.4
    endloop
  endfacet
  facet normal -0.704534 -0.0600583 -0.707124
    outer loop
      vertex -16.2168 -15.0356 0.4
      vertex -16.2651 -14.469 0.4
      vertex -15.8192 -14.9902 0
    endloop
  endfacet
  facet normal -0.849634 0.527372 0
    outer loop
      vertex -15.0115 18.7335 0.4
      vertex -14.7243 19.1962 2.80438
      vertex -14.7243 19.1962 0.4
    endloop
  endfacet
  facet normal -0.849634 0.527372 0
    outer loop
      vertex -14.7243 19.1962 2.80438
      vertex -15.0115 18.7335 0.4
      vertex -15.0115 18.7335 2.80438
    endloop
  endfacet
  facet normal -0.849634 0.527372 0
    outer loop
      vertex -15.0115 18.7335 5.80438
      vertex -14.7243 19.1962 6.80438
      vertex -14.7243 19.1962 5.80438
    endloop
  endfacet
  facet normal -0.849634 0.527372 0
    outer loop
      vertex -14.7243 19.1962 6.80438
      vertex -15.0115 18.7335 5.80438
      vertex -15.0115 18.7335 6.80438
    endloop
  endfacet
  facet normal -0.849634 0.527372 0
    outer loop
      vertex -15.0115 18.7335 13.3419
      vertex -14.7243 19.1962 9.80438
      vertex -15.0115 18.7335 9.80438
    endloop
  endfacet
  facet normal -0.849634 0.527372 0
    outer loop
      vertex -14.7243 19.1962 9.80438
      vertex -15.0115 18.7335 13.3419
      vertex -14.7243 19.1962 13.5077
    endloop
  endfacet
  facet normal -0.549215 0.445453 -0.70706
    outer loop
      vertex -14.0929 19.3942 0
      vertex -14.4115 19.6363 0.4
      vertex -14.0745 20.0518 0.4
    endloop
  endfacet
  facet normal -0.576399 0.409674 -0.707058
    outer loop
      vertex -14.0929 19.3942 0
      vertex -14.7243 19.1962 0.4
      vertex -14.4115 19.6363 0.4
    endloop
  endfacet
  facet normal -0.233677 0.66737 -0.707116
    outer loop
      vertex -10.5786 21.9211 0
      vertex -11.0227 21.7656 0
      vertex -10.6969 22.3035 0.4
    endloop
  endfacet
  facet normal 0.849634 -0.527372 0
    outer loop
      vertex 14.7243 -19.1962 2.80438
      vertex 15.0115 -18.7335 0.4
      vertex 15.0115 -18.7335 2.80438
    endloop
  endfacet
  facet normal 0.849634 -0.527372 0
    outer loop
      vertex 15.0115 -18.7335 0.4
      vertex 14.7243 -19.1962 2.80438
      vertex 14.7243 -19.1962 0.4
    endloop
  endfacet
  facet normal 0.849634 -0.527372 0
    outer loop
      vertex 14.7243 -19.1962 6.80438
      vertex 15.0115 -18.7335 5.80438
      vertex 15.0115 -18.7335 6.80438
    endloop
  endfacet
  facet normal 0.849634 -0.527372 0
    outer loop
      vertex 15.0115 -18.7335 5.80438
      vertex 14.7243 -19.1962 6.80438
      vertex 14.7243 -19.1962 5.80438
    endloop
  endfacet
  facet normal 0.849634 -0.527372 0
    outer loop
      vertex 14.7243 -19.1962 30.4983
      vertex 15.0115 -18.7335 9.80438
      vertex 15.0115 -18.7335 30.6641
    endloop
  endfacet
  facet normal 0.849634 -0.527372 0
    outer loop
      vertex 15.0115 -18.7335 9.80438
      vertex 14.7243 -19.1962 30.4983
      vertex 14.7243 -19.1962 9.80438
    endloop
  endfacet
  facet normal -0.18386 -0.682827 -0.707066
    outer loop
      vertex -10.2167 -22.4328 0.4
      vertex -10.6969 -22.3035 0.4
      vertex -10.1272 -22.0427 0
    endloop
  endfacet
  facet normal 0.88043 -0.474176 0
    outer loop
      vertex 15.0115 -18.7335 2.80438
      vertex 15.2719 -18.25 0.4
      vertex 15.2719 -18.25 2.80438
    endloop
  endfacet
  facet normal 0.88043 -0.474176 0
    outer loop
      vertex 15.2719 -18.25 0.4
      vertex 15.0115 -18.7335 2.80438
      vertex 15.0115 -18.7335 0.4
    endloop
  endfacet
  facet normal 0.88043 -0.474176 0
    outer loop
      vertex 15.0115 -18.7335 6.80438
      vertex 15.2719 -18.25 5.80438
      vertex 15.2719 -18.25 6.80438
    endloop
  endfacet
  facet normal 0.88043 -0.474176 0
    outer loop
      vertex 15.2719 -18.25 5.80438
      vertex 15.0115 -18.7335 6.80438
      vertex 15.0115 -18.7335 5.80438
    endloop
  endfacet
  facet normal 0.88043 -0.474176 0
    outer loop
      vertex 15.0115 -18.7335 30.6641
      vertex 15.2719 -18.25 9.80438
      vertex 15.2719 -18.25 30.8144
    endloop
  endfacet
  facet normal 0.88043 -0.474176 0
    outer loop
      vertex 15.2719 -18.25 9.80438
      vertex 15.0115 -18.7335 30.6641
      vertex 15.0115 -18.7335 9.80438
    endloop
  endfacet
  facet normal -0.815095 -0.579327 0
    outer loop
      vertex -14.4115 -19.6363 0.4
      vertex -14.7243 -19.1962 2.80438
      vertex -14.7243 -19.1962 0.4
    endloop
  endfacet
  facet normal -0.815095 -0.579327 0
    outer loop
      vertex -14.7243 -19.1962 2.80438
      vertex -14.4115 -19.6363 0.4
      vertex -14.4115 -19.6363 2.80438
    endloop
  endfacet
  facet normal -0.815095 -0.579327 0
    outer loop
      vertex -14.4115 -19.6363 5.80438
      vertex -14.7243 -19.1962 6.80438
      vertex -14.7243 -19.1962 5.80438
    endloop
  endfacet
  facet normal -0.815095 -0.579327 0
    outer loop
      vertex -14.7243 -19.1962 6.80438
      vertex -14.4115 -19.6363 5.80438
      vertex -14.4115 -19.6363 6.80438
    endloop
  endfacet
  facet normal -0.815095 -0.579327 0
    outer loop
      vertex -14.4115 -19.6363 9.80438
      vertex -14.7243 -19.1962 13.5077
      vertex -14.7243 -19.1962 9.80438
    endloop
  endfacet
  facet normal -0.815095 -0.579327 0
    outer loop
      vertex -14.7243 -19.1962 13.5077
      vertex -14.4115 -19.6363 9.80438
      vertex -14.4115 -19.6363 13.6882
    endloop
  endfacet
  facet normal 0.18386 0.682827 -0.707066
    outer loop
      vertex 10.6969 22.3035 0.4
      vertex 10.1272 22.0427 0
      vertex 10.2167 22.4328 0.4
    endloop
  endfacet
  facet normal -0.37138 -0.601736 -0.7071
    outer loop
      vertex -12.0792 -21.7028 0.4
      vertex -12.2922 -21.1013 0
      vertex -11.8813 -21.3549 0
    endloop
  endfacet
  facet normal 0.486407 -0.513205 -0.707128
    outer loop
      vertex 13.3335 -20.8022 0.4
      vertex 13.0682 -20.5025 0
      vertex 13.7146 -20.441 0.4
    endloop
  endfacet
  facet normal -0.132315 -0.694539 -0.707183
    outer loop
      vertex -9.73027 -22.5256 0.4
      vertex -10.1272 -22.0427 0
      vertex -9.67 -22.1298 0
    endloop
  endfacet
  facet normal 0.549215 -0.445453 -0.70706
    outer loop
      vertex 14.4115 -19.6363 0.4
      vertex 14.0745 -20.0518 0.4
      vertex 14.0929 -19.3942 0
    endloop
  endfacet
  facet normal 0.412451 0.574358 -0.707104
    outer loop
      vertex 12.9327 21.1338 0.4
      vertex 12.2922 21.1013 0
      vertex 12.5141 21.4344 0.4
    endloop
  endfacet
  facet normal -0.463476 -0.886109 0
    outer loop
      vertex -12.0792 -21.7028 0.4
      vertex -11.6301 -21.9377 2.80438
      vertex -12.0792 -21.7028 2.80438
    endloop
  endfacet
  facet normal -0.463476 -0.886109 -0
    outer loop
      vertex -11.6301 -21.9377 2.80438
      vertex -12.0792 -21.7028 0.4
      vertex -11.6301 -21.9377 0.4
    endloop
  endfacet
  facet normal -0.463476 -0.886109 0
    outer loop
      vertex -12.0792 -21.7028 5.80438
      vertex -11.6301 -21.9377 6.80438
      vertex -12.0792 -21.7028 6.80438
    endloop
  endfacet
  facet normal -0.463476 -0.886109 -0
    outer loop
      vertex -11.6301 -21.9377 6.80438
      vertex -12.0792 -21.7028 5.80438
      vertex -11.6301 -21.9377 5.80438
    endloop
  endfacet
  facet normal -0.463476 -0.886109 0
    outer loop
      vertex -11.6301 -21.9377 9.80438
      vertex -12.0792 -21.7028 15.0348
      vertex -12.0792 -21.7028 9.80438
    endloop
  endfacet
  facet normal -0.463476 -0.886109 0
    outer loop
      vertex -12.0792 -21.7028 15.0348
      vertex -11.6301 -21.9377 9.80438
      vertex -11.6301 -21.9377 15.2941
    endloop
  endfacet
  facet normal -0.398712 -0.917076 0
    outer loop
      vertex -11.6301 -21.9377 0.4
      vertex -11.1687 -22.1383 2.80438
      vertex -11.6301 -21.9377 2.80438
    endloop
  endfacet
  facet normal -0.398712 -0.917076 -0
    outer loop
      vertex -11.1687 -22.1383 2.80438
      vertex -11.6301 -21.9377 0.4
      vertex -11.1687 -22.1383 0.4
    endloop
  endfacet
  facet normal -0.398712 -0.917076 0
    outer loop
      vertex -11.6301 -21.9377 5.80438
      vertex -11.1687 -22.1383 6.80438
      vertex -11.6301 -21.9377 6.80438
    endloop
  endfacet
  facet normal -0.398712 -0.917076 -0
    outer loop
      vertex -11.1687 -22.1383 6.80438
      vertex -11.6301 -21.9377 5.80438
      vertex -11.1687 -22.1383 5.80438
    endloop
  endfacet
  facet normal -0.398712 -0.917076 0
    outer loop
      vertex -11.1687 -22.1383 9.80438
      vertex -11.6301 -21.9377 15.2941
      vertex -11.6301 -21.9377 9.80438
    endloop
  endfacet
  facet normal -0.398712 -0.917076 0
    outer loop
      vertex -11.6301 -21.9377 15.2941
      vertex -11.1687 -22.1383 9.80438
      vertex -11.1687 -22.1383 15.5605
    endloop
  endfacet
  facet normal -0.683949 -0.17965 -0.707064
    outer loop
      vertex -15.8814 -16.6965 0.4
      vertex -16.0245 -16.1517 0.4
      vertex -15.6347 -16.0614 0
    endloop
  endfacet
  facet normal 0.683876 0.179712 -0.707119
    outer loop
      vertex 15.6347 16.0614 0
      vertex 15.4975 16.5835 0
      vertex 15.8814 16.6965 0.4
    endloop
  endfacet
  facet normal -0.183925 0.68276 -0.707114
    outer loop
      vertex -10.5786 21.9211 0
      vertex -10.6969 22.3035 0.4
      vertex -10.1272 22.0427 0
    endloop
  endfacet
  facet normal 0.412451 -0.574358 -0.707104
    outer loop
      vertex 12.5141 -21.4344 0.4
      vertex 12.2922 -21.1013 0
      vertex 12.9327 -21.1338 0.4
    endloop
  endfacet
  facet normal 0.704534 -0.0600583 -0.707124
    outer loop
      vertex 16.2168 -15.0356 0.4
      vertex 15.8192 -14.9902 0
      vertex 16.2651 -14.469 0.4
    endloop
  endfacet
  facet normal 0.699967 -0.100088 -0.707127
    outer loop
      vertex 16.2168 -15.0356 0.4
      vertex 15.7421 -15.5294 0
      vertex 15.8192 -14.9902 0
    endloop
  endfacet
  facet normal -0.327727 -0.626574 -0.707106
    outer loop
      vertex -11.6301 -21.9377 0.4
      vertex -12.0792 -21.7028 0.4
      vertex -11.8813 -21.3549 0
    endloop
  endfacet
  facet normal -0.980198 -0.19802 0
    outer loop
      vertex -16.0245 -16.1517 0.4
      vertex -16.1365 -15.5973 2.80438
      vertex -16.1365 -15.5973 0.4
    endloop
  endfacet
  facet normal -0.980198 -0.19802 0
    outer loop
      vertex -16.1365 -15.5973 2.80438
      vertex -16.0245 -16.1517 0.4
      vertex -16.0245 -16.1517 2.80438
    endloop
  endfacet
  facet normal -0.980198 -0.19802 0
    outer loop
      vertex -16.0245 -16.1517 5.80438
      vertex -16.1365 -15.5973 6.80438
      vertex -16.1365 -15.5973 5.80438
    endloop
  endfacet
  facet normal -0.980198 -0.19802 0
    outer loop
      vertex -16.1365 -15.5973 6.80438
      vertex -16.0245 -16.1517 5.80438
      vertex -16.0245 -16.1517 6.80438
    endloop
  endfacet
  facet normal -0.980198 -0.19802 0
    outer loop
      vertex -16.0245 -16.1517 9.80438
      vertex -16.1365 -15.5973 12.6923
      vertex -16.1365 -15.5973 9.80438
    endloop
  endfacet
  facet normal -0.980198 -0.19802 0
    outer loop
      vertex -16.1365 -15.5973 12.6923
      vertex -16.0245 -16.1517 9.80438
      vertex -16.0245 -16.1517 12.757
    endloop
  endfacet
  facet normal -0.734203 -0.67893 0
    outer loop
      vertex -13.7146 -20.441 0.4
      vertex -14.0745 -20.0518 2.80438
      vertex -14.0745 -20.0518 0.4
    endloop
  endfacet
  facet normal -0.734203 -0.67893 0
    outer loop
      vertex -14.0745 -20.0518 2.80438
      vertex -13.7146 -20.441 0.4
      vertex -13.7146 -20.441 2.80438
    endloop
  endfacet
  facet normal -0.734203 -0.67893 0
    outer loop
      vertex -13.7146 -20.441 5.80438
      vertex -14.0745 -20.0518 6.80438
      vertex -14.0745 -20.0518 5.80438
    endloop
  endfacet
  facet normal -0.734203 -0.67893 0
    outer loop
      vertex -14.0745 -20.0518 6.80438
      vertex -13.7146 -20.441 5.80438
      vertex -13.7146 -20.441 6.80438
    endloop
  endfacet
  facet normal -0.734203 -0.67893 0
    outer loop
      vertex -13.7146 -20.441 9.80438
      vertex -14.0745 -20.0518 13.8828
      vertex -14.0745 -20.0518 9.80438
    endloop
  endfacet
  facet normal -0.734203 -0.67893 0
    outer loop
      vertex -14.0745 -20.0518 13.8828
      vertex -13.7146 -20.441 9.80438
      vertex -13.7146 -20.441 14.0906
    endloop
  endfacet
  facet normal -0.260002 -0.965608 0
    outer loop
      vertex -10.6969 -22.3035 0.4
      vertex -10.2167 -22.4328 2.80438
      vertex -10.6969 -22.3035 2.80438
    endloop
  endfacet
  facet normal -0.260002 -0.965608 -0
    outer loop
      vertex -10.2167 -22.4328 2.80438
      vertex -10.6969 -22.3035 0.4
      vertex -10.2167 -22.4328 0.4
    endloop
  endfacet
  facet normal -0.260002 -0.965608 0
    outer loop
      vertex -10.6969 -22.3035 5.80438
      vertex -10.2167 -22.4328 6.80438
      vertex -10.6969 -22.3035 6.80438
    endloop
  endfacet
  facet normal -0.260002 -0.965608 -0
    outer loop
      vertex -10.2167 -22.4328 6.80438
      vertex -10.6969 -22.3035 5.80438
      vertex -10.2167 -22.4328 5.80438
    endloop
  endfacet
  facet normal -0.260002 -0.965608 0
    outer loop
      vertex -10.2167 -22.4328 9.80438
      vertex -10.6969 -22.3035 15.8329
      vertex -10.6969 -22.3035 9.80438
    endloop
  endfacet
  facet normal -0.260002 -0.965608 0
    outer loop
      vertex -10.6969 -22.3035 15.8329
      vertex -10.2167 -22.4328 9.80438
      vertex -10.2167 -22.4328 16.1101
    endloop
  endfacet
  facet normal -0.450744 0.544792 -0.707129
    outer loop
      vertex -12.6882 20.8169 0
      vertex -13.0682 20.5025 0
      vertex -12.9327 21.1338 0.4
    endloop
  endfacet
  facet normal 0.463476 -0.886109 0
    outer loop
      vertex 11.6301 -21.9377 0.4
      vertex 12.0792 -21.7028 2.80438
      vertex 11.6301 -21.9377 2.80438
    endloop
  endfacet
  facet normal 0.463476 -0.886109 0
    outer loop
      vertex 12.0792 -21.7028 2.80438
      vertex 11.6301 -21.9377 0.4
      vertex 12.0792 -21.7028 0.4
    endloop
  endfacet
  facet normal 0.463476 -0.886109 0
    outer loop
      vertex 11.6301 -21.9377 5.80438
      vertex 12.0792 -21.7028 6.80438
      vertex 11.6301 -21.9377 6.80438
    endloop
  endfacet
  facet normal 0.463476 -0.886109 0
    outer loop
      vertex 12.0792 -21.7028 6.80438
      vertex 11.6301 -21.9377 5.80438
      vertex 12.0792 -21.7028 5.80438
    endloop
  endfacet
  facet normal 0.463476 -0.886109 0
    outer loop
      vertex 12.0792 -21.7028 9.80438
      vertex 11.6301 -21.9377 28.7119
      vertex 11.6301 -21.9377 9.80438
    endloop
  endfacet
  facet normal 0.463476 -0.886109 0
    outer loop
      vertex 11.6301 -21.9377 28.7119
      vertex 12.0792 -21.7028 9.80438
      vertex 12.0792 -21.7028 28.9712
    endloop
  endfacet
  facet normal -0.576399 -0.409674 -0.707058
    outer loop
      vertex -14.4115 -19.6363 0.4
      vertex -14.7243 -19.1962 0.4
      vertex -14.0929 -19.3942 0
    endloop
  endfacet
  facet normal 0.486403 -0.51322 -0.707119
    outer loop
      vertex 13.7146 -20.441 0.4
      vertex 13.0682 -20.5025 0
      vertex 13.4299 -20.1597 0
    endloop
  endfacet
  facet normal -0.327851 0.626583 -0.707041
    outer loop
      vertex -11.4574 21.5767 0
      vertex -11.8813 21.3549 0
      vertex -11.6301 21.9377 0.4
    endloop
  endfacet
  facet normal -0.327851 -0.626583 -0.707041
    outer loop
      vertex -11.6301 -21.9377 0.4
      vertex -11.8813 -21.3549 0
      vertex -11.4574 -21.5767 0
    endloop
  endfacet
  facet normal -0.0798982 -0.702546 -0.707139
    outer loop
      vertex -9.23962 -22.5814 0.4
      vertex -9.73027 -22.5256 0.4
      vertex -9.20959 -22.1822 0
    endloop
  endfacet
  facet normal -0.412451 -0.574358 -0.707104
    outer loop
      vertex -12.5141 -21.4344 0.4
      vertex -12.9327 -21.1338 0.4
      vertex -12.2922 -21.1013 0
    endloop
  endfacet
  facet normal -0.622545 0.335258 -0.707134
    outer loop
      vertex -14.914 18.0709 0
      vertex -15.2719 18.25 0.4
      vertex -14.6652 18.5329 0
    endloop
  endfacet
  facet normal -0.233677 -0.66737 -0.707116
    outer loop
      vertex -10.6969 -22.3035 0.4
      vertex -11.0227 -21.7656 0
      vertex -10.5786 -21.9211 0
    endloop
  endfacet
  facet normal 0.672267 -0.219168 -0.707123
    outer loop
      vertex 15.7077 -17.2293 0.4
      vertex 15.4975 -16.5835 0
      vertex 15.8814 -16.6965 0.4
    endloop
  endfacet
  facet normal -0.672267 -0.219168 -0.707123
    outer loop
      vertex -15.7077 -17.2293 0.4
      vertex -15.8814 -16.6965 0.4
      vertex -15.4975 -16.5835 0
    endloop
  endfacet
  facet normal -0.88043 -0.474176 0
    outer loop
      vertex -15.0115 -18.7335 0.4
      vertex -15.2719 -18.25 2.80438
      vertex -15.2719 -18.25 0.4
    endloop
  endfacet
  facet normal -0.88043 -0.474176 0
    outer loop
      vertex -15.2719 -18.25 2.80438
      vertex -15.0115 -18.7335 0.4
      vertex -15.0115 -18.7335 2.80438
    endloop
  endfacet
  facet normal -0.88043 -0.474176 0
    outer loop
      vertex -15.0115 -18.7335 5.80438
      vertex -15.2719 -18.25 6.80438
      vertex -15.2719 -18.25 5.80438
    endloop
  endfacet
  facet normal -0.88043 -0.474176 0
    outer loop
      vertex -15.2719 -18.25 6.80438
      vertex -15.0115 -18.7335 5.80438
      vertex -15.0115 -18.7335 6.80438
    endloop
  endfacet
  facet normal -0.88043 -0.474176 0
    outer loop
      vertex -15.0115 -18.7335 9.80438
      vertex -15.2719 -18.25 13.1915
      vertex -15.2719 -18.25 9.80438
    endloop
  endfacet
  facet normal -0.88043 -0.474176 0
    outer loop
      vertex -15.2719 -18.25 13.1915
      vertex -15.0115 -18.7335 9.80438
      vertex -15.0115 -18.7335 13.3419
    endloop
  endfacet
  facet normal -0.0799531 0.702504 -0.707175
    outer loop
      vertex -9.67 22.1298 0
      vertex -9.73027 22.5256 0.4
      vertex -9.20959 22.1822 0
    endloop
  endfacet
  facet normal -0.576402 -0.409596 -0.707101
    outer loop
      vertex -14.0929 -19.3942 0
      vertex -14.7243 -19.1962 0.4
      vertex -14.391 -18.9747 0
    endloop
  endfacet
  facet normal 0.930956 -0.36513 0
    outer loop
      vertex 15.5043 -17.7479 2.80438
      vertex 15.7077 -17.2293 0.4
      vertex 15.7077 -17.2293 2.80438
    endloop
  endfacet
  facet normal 0.930956 -0.36513 0
    outer loop
      vertex 15.7077 -17.2293 0.4
      vertex 15.5043 -17.7479 2.80438
      vertex 15.5043 -17.7479 0.4
    endloop
  endfacet
  facet normal 0.930956 -0.36513 0
    outer loop
      vertex 15.5043 -17.7479 6.80438
      vertex 15.7077 -17.2293 5.80438
      vertex 15.7077 -17.2293 6.80438
    endloop
  endfacet
  facet normal 0.930956 -0.36513 0
    outer loop
      vertex 15.7077 -17.2293 5.80438
      vertex 15.5043 -17.7479 6.80438
      vertex 15.5043 -17.7479 5.80438
    endloop
  endfacet
  facet normal 0.930956 -0.36513 0
    outer loop
      vertex 15.5043 -17.7479 30.9486
      vertex 15.7077 -17.2293 9.80438
      vertex 15.7077 -17.2293 31.0661
    endloop
  endfacet
  facet normal 0.930956 -0.36513 0
    outer loop
      vertex 15.7077 -17.2293 9.80438
      vertex 15.5043 -17.7479 30.9486
      vertex 15.5043 -17.7479 9.80438
    endloop
  endfacet
  facet normal -0.549215 -0.445453 -0.70706
    outer loop
      vertex -14.0745 -20.0518 0.4
      vertex -14.4115 -19.6363 0.4
      vertex -14.0929 -19.3942 0
    endloop
  endfacet
  facet normal 0.233677 0.66737 -0.707116
    outer loop
      vertex 11.0227 21.7656 0
      vertex 10.5786 21.9211 0
      vertex 10.6969 22.3035 0.4
    endloop
  endfacet
  facet normal 0.0798982 -0.702546 -0.707139
    outer loop
      vertex 9.23962 -22.5814 0.4
      vertex 9.20959 -22.1822 0
      vertex 9.73027 -22.5256 0.4
    endloop
  endfacet
  facet normal -0.641715 0.296937 -0.707128
    outer loop
      vertex -15.1362 17.5907 0
      vertex -15.2719 18.25 0.4
      vertex -14.914 18.0709 0
    endloop
  endfacet
  facet normal 0.233677 -0.66737 -0.707116
    outer loop
      vertex 10.6969 -22.3035 0.4
      vertex 10.5786 -21.9211 0
      vertex 11.0227 -21.7656 0
    endloop
  endfacet
  facet normal 0.327727 -0.626574 -0.707106
    outer loop
      vertex 12.0792 -21.7028 0.4
      vertex 11.6301 -21.9377 0.4
      vertex 11.8813 -21.3549 0
    endloop
  endfacet
  facet normal 0.519164 -0.480006 -0.707151
    outer loop
      vertex 14.0745 -20.0518 0.4
      vertex 13.4299 -20.1597 0
      vertex 13.7719 -19.7898 0
    endloop
  endfacet
  facet normal 0.641636 0.296985 -0.70718
    outer loop
      vertex 15.5043 17.7479 0.4
      vertex 15.1362 17.5907 0
      vertex 15.2719 18.25 0.4
    endloop
  endfacet
  facet normal -0.519153 0.48007 -0.707116
    outer loop
      vertex -13.4299 20.1597 0
      vertex -14.0745 20.0518 0.4
      vertex -13.7146 20.441 0.4
    endloop
  endfacet
  facet normal -0.734203 0.67893 0
    outer loop
      vertex -14.0745 20.0518 0.4
      vertex -13.7146 20.441 2.80438
      vertex -13.7146 20.441 0.4
    endloop
  endfacet
  facet normal -0.734203 0.67893 0
    outer loop
      vertex -13.7146 20.441 2.80438
      vertex -14.0745 20.0518 0.4
      vertex -14.0745 20.0518 2.80438
    endloop
  endfacet
  facet normal -0.734203 0.67893 0
    outer loop
      vertex -14.0745 20.0518 5.80438
      vertex -13.7146 20.441 6.80438
      vertex -13.7146 20.441 5.80438
    endloop
  endfacet
  facet normal -0.734203 0.67893 0
    outer loop
      vertex -13.7146 20.441 6.80438
      vertex -14.0745 20.0518 5.80438
      vertex -14.0745 20.0518 6.80438
    endloop
  endfacet
  facet normal -0.734203 0.67893 0
    outer loop
      vertex -14.0745 20.0518 13.8828
      vertex -13.7146 20.441 9.80438
      vertex -14.0745 20.0518 9.80438
    endloop
  endfacet
  facet normal -0.734203 0.67893 0
    outer loop
      vertex -13.7146 20.441 9.80438
      vertex -14.0745 20.0518 13.8828
      vertex -13.7146 20.441 14.0906
    endloop
  endfacet
  facet normal 0.704555 0.0600944 -0.7071
    outer loop
      vertex 15.8656 14.4462 0
      vertex 15.8192 14.9902 0
      vertex 16.2651 14.469 0.4
    endloop
  endfacet
  facet normal -0.486403 -0.51322 -0.707119
    outer loop
      vertex -13.0682 -20.5025 0
      vertex -13.7146 -20.441 0.4
      vertex -13.4299 -20.1597 0
    endloop
  endfacet
  facet normal -0.398712 0.917076 0
    outer loop
      vertex -11.1687 22.1383 0.4
      vertex -11.6301 21.9377 2.80438
      vertex -11.1687 22.1383 2.80438
    endloop
  endfacet
  facet normal -0.398712 0.917076 0
    outer loop
      vertex -11.6301 21.9377 2.80438
      vertex -11.1687 22.1383 0.4
      vertex -11.6301 21.9377 0.4
    endloop
  endfacet
  facet normal -0.398712 0.917076 0
    outer loop
      vertex -11.1687 22.1383 5.80438
      vertex -11.6301 21.9377 6.80438
      vertex -11.1687 22.1383 6.80438
    endloop
  endfacet
  facet normal -0.398712 0.917076 0
    outer loop
      vertex -11.6301 21.9377 6.80438
      vertex -11.1687 22.1383 5.80438
      vertex -11.6301 21.9377 5.80438
    endloop
  endfacet
  facet normal -0.398712 0.917076 0
    outer loop
      vertex -11.1687 22.1383 9.80438
      vertex -11.6301 21.9377 15.2941
      vertex -11.1687 22.1383 15.5605
    endloop
  endfacet
  facet normal -0.398712 0.917076 0
    outer loop
      vertex -11.6301 21.9377 15.2941
      vertex -11.1687 22.1383 9.80438
      vertex -11.6301 21.9377 9.80438
    endloop
  endfacet
  facet normal 0.0266692 -0.706561 -0.70715
    outer loop
      vertex 9.23962 -22.5814 0.4
      vertex 8.74684 -22.6 0.4
      vertex 9.20959 -22.1822 0
    endloop
  endfacet
  facet normal 0.658217 0.258159 -0.707181
    outer loop
      vertex 15.7077 17.2293 0.4
      vertex 15.1362 17.5907 0
      vertex 15.5043 17.7479 0.4
    endloop
  endfacet
  facet normal -0.6723 -0.219142 -0.707099
    outer loop
      vertex -15.331 -17.0943 0
      vertex -15.7077 -17.2293 0.4
      vertex -15.4975 -16.5835 0
    endloop
  endfacet
  facet normal -0.0798982 0.702546 -0.707139
    outer loop
      vertex -9.20959 22.1822 0
      vertex -9.73027 22.5256 0.4
      vertex -9.23962 22.5814 0.4
    endloop
  endfacet
  facet normal -0.412451 0.574358 -0.707104
    outer loop
      vertex -12.2922 21.1013 0
      vertex -12.9327 21.1338 0.4
      vertex -12.5141 21.4344 0.4
    endloop
  endfacet
  facet normal -0.183925 -0.68276 -0.707114
    outer loop
      vertex -10.1272 -22.0427 0
      vertex -10.6969 -22.3035 0.4
      vertex -10.5786 -21.9211 0
    endloop
  endfacet
  facet normal 0.486403 0.51322 -0.707119
    outer loop
      vertex 13.4299 20.1597 0
      vertex 13.0682 20.5025 0
      vertex 13.7146 20.441 0.4
    endloop
  endfacet
  facet normal 0.450733 -0.544794 -0.707135
    outer loop
      vertex 13.3335 -20.8022 0.4
      vertex 12.9327 -21.1338 0.4
      vertex 13.0682 -20.5025 0
    endloop
  endfacet
  facet normal 0.637458 0.770485 -0
    outer loop
      vertex 13.3335 20.8022 0.4
      vertex 12.9327 21.1338 2.80438
      vertex 13.3335 20.8022 2.80438
    endloop
  endfacet
  facet normal 0.637458 0.770485 0
    outer loop
      vertex 12.9327 21.1338 2.80438
      vertex 13.3335 20.8022 0.4
      vertex 12.9327 21.1338 0.4
    endloop
  endfacet
  facet normal 0.637458 0.770485 -0
    outer loop
      vertex 13.3335 20.8022 5.80438
      vertex 12.9327 21.1338 6.80438
      vertex 13.3335 20.8022 6.80438
    endloop
  endfacet
  facet normal 0.637458 0.770485 0
    outer loop
      vertex 12.9327 21.1338 6.80438
      vertex 13.3335 20.8022 5.80438
      vertex 12.9327 21.1338 5.80438
    endloop
  endfacet
  facet normal 0.637458 0.770485 -0
    outer loop
      vertex 13.3335 20.8022 9.80438
      vertex 12.9327 21.1338 29.4639
      vertex 13.3335 20.8022 29.6953
    endloop
  endfacet
  facet normal 0.637458 0.770485 0
    outer loop
      vertex 12.9327 21.1338 29.4639
      vertex 13.3335 20.8022 9.80438
      vertex 12.9327 21.1338 9.80438
    endloop
  endfacet
  facet normal 0.583292 0.812262 -0
    outer loop
      vertex 12.9327 21.1338 0.4
      vertex 12.5141 21.4344 2.80438
      vertex 12.9327 21.1338 2.80438
    endloop
  endfacet
  facet normal 0.583292 0.812262 0
    outer loop
      vertex 12.5141 21.4344 2.80438
      vertex 12.9327 21.1338 0.4
      vertex 12.5141 21.4344 0.4
    endloop
  endfacet
  facet normal 0.583292 0.812262 -0
    outer loop
      vertex 12.9327 21.1338 5.80438
      vertex 12.5141 21.4344 6.80438
      vertex 12.9327 21.1338 6.80438
    endloop
  endfacet
  facet normal 0.583292 0.812262 0
    outer loop
      vertex 12.5141 21.4344 6.80438
      vertex 12.9327 21.1338 5.80438
      vertex 12.5141 21.4344 5.80438
    endloop
  endfacet
  facet normal 0.583292 0.812262 -0
    outer loop
      vertex 12.9327 21.1338 9.80438
      vertex 12.5141 21.4344 29.2222
      vertex 12.9327 21.1338 29.4639
    endloop
  endfacet
  facet normal 0.583292 0.812262 0
    outer loop
      vertex 12.5141 21.4344 29.2222
      vertex 12.9327 21.1338 9.80438
      vertex 12.5141 21.4344 9.80438
    endloop
  endfacet
  facet normal 0.525189 0.850986 -0
    outer loop
      vertex 12.5141 21.4344 0.4
      vertex 12.0792 21.7028 2.80438
      vertex 12.5141 21.4344 2.80438
    endloop
  endfacet
  facet normal 0.525189 0.850986 0
    outer loop
      vertex 12.0792 21.7028 2.80438
      vertex 12.5141 21.4344 0.4
      vertex 12.0792 21.7028 0.4
    endloop
  endfacet
  facet normal 0.525189 0.850986 -0
    outer loop
      vertex 12.5141 21.4344 5.80438
      vertex 12.0792 21.7028 6.80438
      vertex 12.5141 21.4344 6.80438
    endloop
  endfacet
  facet normal 0.525189 0.850986 0
    outer loop
      vertex 12.0792 21.7028 6.80438
      vertex 12.5141 21.4344 5.80438
      vertex 12.0792 21.7028 5.80438
    endloop
  endfacet
  facet normal 0.525189 0.850986 -0
    outer loop
      vertex 12.5141 21.4344 9.80438
      vertex 12.0792 21.7028 28.9712
      vertex 12.5141 21.4344 29.2222
    endloop
  endfacet
  facet normal 0.525189 0.850986 0
    outer loop
      vertex 12.0792 21.7028 28.9712
      vertex 12.5141 21.4344 9.80438
      vertex 12.0792 21.7028 9.80438
    endloop
  endfacet
  facet normal -0.412467 0.574321 -0.707126
    outer loop
      vertex -12.6882 20.8169 0
      vertex -12.9327 21.1338 0.4
      vertex -12.2922 21.1013 0
    endloop
  endfacet
  facet normal -0.281959 -0.648534 -0.707038
    outer loop
      vertex -11.1687 -22.1383 0.4
      vertex -11.6301 -21.9377 0.4
      vertex -11.4574 -21.5767 0
    endloop
  endfacet
  facet normal -0.519164 -0.480006 -0.707151
    outer loop
      vertex -13.4299 -20.1597 0
      vertex -14.0745 -20.0518 0.4
      vertex -13.7719 -19.7898 0
    endloop
  endfacet
  facet normal 0.327851 -0.626583 -0.707041
    outer loop
      vertex 11.6301 -21.9377 0.4
      vertex 11.4574 -21.5767 0
      vertex 11.8813 -21.3549 0
    endloop
  endfacet
  facet normal -0.683876 -0.179712 -0.707119
    outer loop
      vertex -15.4975 -16.5835 0
      vertex -15.8814 -16.6965 0.4
      vertex -15.6347 -16.0614 0
    endloop
  endfacet
  facet normal 0.641715 0.296937 -0.707128
    outer loop
      vertex 15.1362 17.5907 0
      vertex 14.914 18.0709 0
      vertex 15.2719 18.25 0.4
    endloop
  endfacet
  facet normal 0.549043 -0.445508 -0.707159
    outer loop
      vertex 14.0745 -20.0518 0.4
      vertex 13.7719 -19.7898 0
      vertex 14.0929 -19.3942 0
    endloop
  endfacet
  facet normal 0 0 -1
    outer loop
      vertex 8.739 -22.2 0
      vertex 15.8813 -13.894 0
      vertex 15.8656 -14.4462 0
    endloop
  endfacet
  facet normal 0 0 -1
    outer loop
      vertex 15.8813 -13.894 0
      vertex -15.8813 -13.894 0
      vertex 15.8813 13.894 0
    endloop
  endfacet
  facet normal 0 0 -1
    outer loop
      vertex 8.739 -22.2 0
      vertex 15.8656 -14.4462 0
      vertex 15.8192 -14.9902 0
    endloop
  endfacet
  facet normal 0 0 -1
    outer loop
      vertex -15.8813 13.894 0
      vertex 15.8813 13.894 0
      vertex -15.8813 -13.894 0
    endloop
  endfacet
  facet normal 0 0 -1
    outer loop
      vertex 8.739 -22.2 0
      vertex 15.8192 -14.9902 0
      vertex 15.7421 -15.5294 0
    endloop
  endfacet
  facet normal 0 -0 -1
    outer loop
      vertex 8.739 22.2 0
      vertex 15.8813 13.894 0
      vertex -15.8813 13.894 0
    endloop
  endfacet
  facet normal 0 0 -1
    outer loop
      vertex 8.739 -22.2 0
      vertex 15.7421 -15.5294 0
      vertex 15.6347 -16.0614 0
    endloop
  endfacet
  facet normal 0 0 -1
    outer loop
      vertex 15.8813 13.894 0
      vertex 8.739 22.2 0
      vertex 15.8656 14.4462 0
    endloop
  endfacet
  facet normal 0 0 -1
    outer loop
      vertex 8.739 -22.2 0
      vertex 15.6347 -16.0614 0
      vertex 15.4975 -16.5835 0
    endloop
  endfacet
  facet normal 0 0 -1
    outer loop
      vertex 15.8656 14.4462 0
      vertex 8.739 22.2 0
      vertex 15.8192 14.9902 0
    endloop
  endfacet
  facet normal 0 0 -1
    outer loop
      vertex 8.739 -22.2 0
      vertex 15.4975 -16.5835 0
      vertex 15.331 -17.0943 0
    endloop
  endfacet
  facet normal 0 0 -1
    outer loop
      vertex 15.8192 14.9902 0
      vertex 8.739 22.2 0
      vertex 15.7421 15.5294 0
    endloop
  endfacet
  facet normal 0 0 -1
    outer loop
      vertex 8.739 -22.2 0
      vertex 15.331 -17.0943 0
      vertex 15.1362 -17.5907 0
    endloop
  endfacet
  facet normal 0 0 -1
    outer loop
      vertex 15.7421 15.5294 0
      vertex 8.739 22.2 0
      vertex 15.6347 16.0614 0
    endloop
  endfacet
  facet normal 0 0 -1
    outer loop
      vertex 8.739 -22.2 0
      vertex 15.1362 -17.5907 0
      vertex 14.914 -18.0709 0
    endloop
  endfacet
  facet normal 0 0 -1
    outer loop
      vertex 15.6347 16.0614 0
      vertex 8.739 22.2 0
      vertex 15.4975 16.5835 0
    endloop
  endfacet
  facet normal 0 0 -1
    outer loop
      vertex 8.739 -22.2 0
      vertex 14.914 -18.0709 0
      vertex 14.6652 -18.5329 0
    endloop
  endfacet
  facet normal 0 0 -1
    outer loop
      vertex 15.4975 16.5835 0
      vertex 8.739 22.2 0
      vertex 15.331 17.0943 0
    endloop
  endfacet
  facet normal 0 0 -1
    outer loop
      vertex 8.739 -22.2 0
      vertex 14.6652 -18.5329 0
      vertex 14.391 -18.9747 0
    endloop
  endfacet
  facet normal 0 0 -1
    outer loop
      vertex 15.331 17.0943 0
      vertex 8.739 22.2 0
      vertex 15.1362 17.5907 0
    endloop
  endfacet
  facet normal 0 0 -1
    outer loop
      vertex 8.739 -22.2 0
      vertex 14.391 -18.9747 0
      vertex 14.0929 -19.3942 0
    endloop
  endfacet
  facet normal 0 0 -1
    outer loop
      vertex 15.1362 17.5907 0
      vertex 8.739 22.2 0
      vertex 14.914 18.0709 0
    endloop
  endfacet
  facet normal 0 0 -1
    outer loop
      vertex 8.739 -22.2 0
      vertex 14.0929 -19.3942 0
      vertex 13.7719 -19.7898 0
    endloop
  endfacet
  facet normal 0 0 -1
    outer loop
      vertex 14.914 18.0709 0
      vertex 8.739 22.2 0
      vertex 14.6652 18.5329 0
    endloop
  endfacet
  facet normal 0 0 -1
    outer loop
      vertex 8.739 -22.2 0
      vertex 13.7719 -19.7898 0
      vertex 13.4299 -20.1597 0
    endloop
  endfacet
  facet normal 0 0 -1
    outer loop
      vertex 14.6652 18.5329 0
      vertex 8.739 22.2 0
      vertex 14.391 18.9747 0
    endloop
  endfacet
  facet normal 0 0 -1
    outer loop
      vertex 8.739 -22.2 0
      vertex 13.4299 -20.1597 0
      vertex 13.0682 -20.5025 0
    endloop
  endfacet
  facet normal -0 0 -1
    outer loop
      vertex 15.8813 -13.894 0
      vertex 8.739 -22.2 0
      vertex -15.8813 -13.894 0
    endloop
  endfacet
  facet normal 0 0 -1
    outer loop
      vertex 8.739 -22.2 0
      vertex 13.0682 -20.5025 0
      vertex 12.6882 -20.8169 0
    endloop
  endfacet
  facet normal 0 0 -1
    outer loop
      vertex 14.391 18.9747 0
      vertex 8.739 22.2 0
      vertex 14.0929 19.3942 0
    endloop
  endfacet
  facet normal 0 0 -1
    outer loop
      vertex 8.739 -22.2 0
      vertex 12.6882 -20.8169 0
      vertex 12.2922 -21.1013 0
    endloop
  endfacet
  facet normal 0 0 -1
    outer loop
      vertex 13.4299 20.1597 0
      vertex 8.739 22.2 0
      vertex 13.0682 20.5025 0
    endloop
  endfacet
  facet normal 0 0 -1
    outer loop
      vertex 8.739 -22.2 0
      vertex 12.2922 -21.1013 0
      vertex 11.8813 -21.3549 0
    endloop
  endfacet
  facet normal 0 0 -1
    outer loop
      vertex 13.0682 20.5025 0
      vertex 8.739 22.2 0
      vertex 12.6882 20.8169 0
    endloop
  endfacet
  facet normal 0 0 -1
    outer loop
      vertex 8.739 -22.2 0
      vertex 11.8813 -21.3549 0
      vertex 11.4574 -21.5767 0
    endloop
  endfacet
  facet normal 0 0 -1
    outer loop
      vertex 12.6882 20.8169 0
      vertex 8.739 22.2 0
      vertex 12.2922 21.1013 0
    endloop
  endfacet
  facet normal 0 0 -1
    outer loop
      vertex 8.739 -22.2 0
      vertex 11.4574 -21.5767 0
      vertex 11.0227 -21.7656 0
    endloop
  endfacet
  facet normal 0 0 -1
    outer loop
      vertex 12.2922 21.1013 0
      vertex 8.739 22.2 0
      vertex 11.8813 21.3549 0
    endloop
  endfacet
  facet normal 0 0 -1
    outer loop
      vertex 8.739 -22.2 0
      vertex 11.0227 -21.7656 0
      vertex 10.5786 -21.9211 0
    endloop
  endfacet
  facet normal 0 0 -1
    outer loop
      vertex 11.8813 21.3549 0
      vertex 8.739 22.2 0
      vertex 11.4574 21.5767 0
    endloop
  endfacet
  facet normal 0 0 -1
    outer loop
      vertex 8.739 -22.2 0
      vertex 10.5786 -21.9211 0
      vertex 10.1272 -22.0427 0
    endloop
  endfacet
  facet normal 0 0 -1
    outer loop
      vertex 11.4574 21.5767 0
      vertex 8.739 22.2 0
      vertex 11.0227 21.7656 0
    endloop
  endfacet
  facet normal 0 0 -1
    outer loop
      vertex 8.739 -22.2 0
      vertex 10.1272 -22.0427 0
      vertex 9.67 -22.1298 0
    endloop
  endfacet
  facet normal 0 0 -1
    outer loop
      vertex 11.0227 21.7656 0
      vertex 8.739 22.2 0
      vertex 10.5786 21.9211 0
    endloop
  endfacet
  facet normal 0 0 -1
    outer loop
      vertex 8.739 -22.2 0
      vertex 9.67 -22.1298 0
      vertex 9.20959 -22.1822 0
    endloop
  endfacet
  facet normal 0 0 -1
    outer loop
      vertex 10.5786 21.9211 0
      vertex 8.739 22.2 0
      vertex 10.1272 22.0427 0
    endloop
  endfacet
  facet normal 0 0 -1
    outer loop
      vertex 10.1272 22.0427 0
      vertex 8.739 22.2 0
      vertex 9.67 22.1298 0
    endloop
  endfacet
  facet normal 0 0 -1
    outer loop
      vertex 9.67 22.1298 0
      vertex 8.739 22.2 0
      vertex 9.20959 22.1822 0
    endloop
  endfacet
  facet normal 0 0 -1
    outer loop
      vertex -15.8813 -13.894 0
      vertex 8.739 -22.2 0
      vertex -8.739 -22.2 0
    endloop
  endfacet
  facet normal 0 0 -1
    outer loop
      vertex 14.0929 19.3942 0
      vertex 8.739 22.2 0
      vertex 13.7719 19.7898 0
    endloop
  endfacet
  facet normal 0 0 -1
    outer loop
      vertex -13.4299 -20.1597 0
      vertex -8.739 -22.2 0
      vertex -9.20959 -22.1822 0
    endloop
  endfacet
  facet normal 0 0 -1
    outer loop
      vertex 13.7719 19.7898 0
      vertex 8.739 22.2 0
      vertex 13.4299 20.1597 0
    endloop
  endfacet
  facet normal 0 0 -1
    outer loop
      vertex -13.4299 -20.1597 0
      vertex -9.20959 -22.1822 0
      vertex -9.67 -22.1298 0
    endloop
  endfacet
  facet normal -0 0 -1
    outer loop
      vertex 8.739 22.2 0
      vertex -15.8813 13.894 0
      vertex -8.739 22.2 0
    endloop
  endfacet
  facet normal 0 0 -1
    outer loop
      vertex -13.4299 -20.1597 0
      vertex -9.67 -22.1298 0
      vertex -10.1272 -22.0427 0
    endloop
  endfacet
  facet normal 0 -0 -1
    outer loop
      vertex -15.8192 14.9902 0
      vertex -8.739 22.2 0
      vertex -15.8813 13.894 0
    endloop
  endfacet
  facet normal 0 0 -1
    outer loop
      vertex -13.4299 -20.1597 0
      vertex -10.1272 -22.0427 0
      vertex -10.5786 -21.9211 0
    endloop
  endfacet
  facet normal 0 -0 -1
    outer loop
      vertex -15.7421 15.5294 0
      vertex -8.739 22.2 0
      vertex -15.8192 14.9902 0
    endloop
  endfacet
  facet normal 0 0 -1
    outer loop
      vertex -13.4299 -20.1597 0
      vertex -10.5786 -21.9211 0
      vertex -11.0227 -21.7656 0
    endloop
  endfacet
  facet normal 0 -0 -1
    outer loop
      vertex -15.6347 16.0614 0
      vertex -8.739 22.2 0
      vertex -15.7421 15.5294 0
    endloop
  endfacet
  facet normal 0 0 -1
    outer loop
      vertex -13.4299 -20.1597 0
      vertex -11.0227 -21.7656 0
      vertex -11.4574 -21.5767 0
    endloop
  endfacet
  facet normal 0 -0 -1
    outer loop
      vertex -15.4975 16.5835 0
      vertex -8.739 22.2 0
      vertex -15.6347 16.0614 0
    endloop
  endfacet
  facet normal 0 0 -1
    outer loop
      vertex -12.2922 -21.1013 0
      vertex -11.4574 -21.5767 0
      vertex -11.8813 -21.3549 0
    endloop
  endfacet
  facet normal 0 -0 -1
    outer loop
      vertex -15.331 17.0943 0
      vertex -8.739 22.2 0
      vertex -15.4975 16.5835 0
    endloop
  endfacet
  facet normal 0 0 -1
    outer loop
      vertex -12.6882 -20.8169 0
      vertex -11.4574 -21.5767 0
      vertex -12.2922 -21.1013 0
    endloop
  endfacet
  facet normal 0 -0 -1
    outer loop
      vertex -14.914 18.0709 0
      vertex -8.739 22.2 0
      vertex -15.1362 17.5907 0
    endloop
  endfacet
  facet normal 0 0 -1
    outer loop
      vertex -13.0682 -20.5025 0
      vertex -11.4574 -21.5767 0
      vertex -12.6882 -20.8169 0
    endloop
  endfacet
  facet normal 0 -0 -1
    outer loop
      vertex -14.6652 18.5329 0
      vertex -8.739 22.2 0
      vertex -14.914 18.0709 0
    endloop
  endfacet
  facet normal 0 0 -1
    outer loop
      vertex -13.4299 -20.1597 0
      vertex -11.4574 -21.5767 0
      vertex -13.0682 -20.5025 0
    endloop
  endfacet
  facet normal 0 0 -1
    outer loop
      vertex -11.4574 21.5767 0
      vertex -12.2922 21.1013 0
      vertex -11.8813 21.3549 0
    endloop
  endfacet
  facet normal 0 0 -1
    outer loop
      vertex -8.739 -22.2 0
      vertex -13.4299 -20.1597 0
      vertex -13.7719 -19.7898 0
    endloop
  endfacet
  facet normal 0 0 -1
    outer loop
      vertex -11.4574 21.5767 0
      vertex -12.6882 20.8169 0
      vertex -12.2922 21.1013 0
    endloop
  endfacet
  facet normal 0 0 -1
    outer loop
      vertex -8.739 -22.2 0
      vertex -13.7719 -19.7898 0
      vertex -14.0929 -19.3942 0
    endloop
  endfacet
  facet normal 0 0 -1
    outer loop
      vertex -11.4574 21.5767 0
      vertex -13.0682 20.5025 0
      vertex -12.6882 20.8169 0
    endloop
  endfacet
  facet normal 0 0 -1
    outer loop
      vertex -8.739 -22.2 0
      vertex -14.0929 -19.3942 0
      vertex -14.391 -18.9747 0
    endloop
  endfacet
  facet normal 0 0 -1
    outer loop
      vertex -11.4574 21.5767 0
      vertex -13.4299 20.1597 0
      vertex -13.0682 20.5025 0
    endloop
  endfacet
  facet normal 0 0 -1
    outer loop
      vertex -8.739 -22.2 0
      vertex -14.391 -18.9747 0
      vertex -14.6652 -18.5329 0
    endloop
  endfacet
  facet normal 0 0 -1
    outer loop
      vertex -11.0227 21.7656 0
      vertex -13.4299 20.1597 0
      vertex -11.4574 21.5767 0
    endloop
  endfacet
  facet normal 0 0 -1
    outer loop
      vertex -8.739 -22.2 0
      vertex -14.6652 -18.5329 0
      vertex -14.914 -18.0709 0
    endloop
  endfacet
  facet normal 0 0 -1
    outer loop
      vertex -10.5786 21.9211 0
      vertex -13.4299 20.1597 0
      vertex -11.0227 21.7656 0
    endloop
  endfacet
  facet normal 0 0 -1
    outer loop
      vertex -8.739 -22.2 0
      vertex -14.914 -18.0709 0
      vertex -15.1362 -17.5907 0
    endloop
  endfacet
  facet normal 0 0 -1
    outer loop
      vertex -10.1272 22.0427 0
      vertex -13.4299 20.1597 0
      vertex -10.5786 21.9211 0
    endloop
  endfacet
  facet normal 0 0 -1
    outer loop
      vertex -8.739 -22.2 0
      vertex -15.1362 -17.5907 0
      vertex -15.331 -17.0943 0
    endloop
  endfacet
  facet normal 0 0 -1
    outer loop
      vertex -9.67 22.1298 0
      vertex -13.4299 20.1597 0
      vertex -10.1272 22.0427 0
    endloop
  endfacet
  facet normal 0 0 -1
    outer loop
      vertex -8.739 -22.2 0
      vertex -15.331 -17.0943 0
      vertex -15.4975 -16.5835 0
    endloop
  endfacet
  facet normal 0 0 -1
    outer loop
      vertex -9.20959 22.1822 0
      vertex -13.4299 20.1597 0
      vertex -9.67 22.1298 0
    endloop
  endfacet
  facet normal 0 0 -1
    outer loop
      vertex -8.739 -22.2 0
      vertex -15.4975 -16.5835 0
      vertex -15.6347 -16.0614 0
    endloop
  endfacet
  facet normal 0 0 -1
    outer loop
      vertex -8.739 22.2 0
      vertex -13.4299 20.1597 0
      vertex -9.20959 22.1822 0
    endloop
  endfacet
  facet normal 0 0 -1
    outer loop
      vertex -8.739 -22.2 0
      vertex -15.6347 -16.0614 0
      vertex -15.7421 -15.5294 0
    endloop
  endfacet
  facet normal 0 -0 -1
    outer loop
      vertex -13.4299 20.1597 0
      vertex -8.739 22.2 0
      vertex -13.7719 19.7898 0
    endloop
  endfacet
  facet normal 0 0 -1
    outer loop
      vertex -8.739 -22.2 0
      vertex -15.7421 -15.5294 0
      vertex -15.8192 -14.9902 0
    endloop
  endfacet
  facet normal 0 -0 -1
    outer loop
      vertex -13.7719 19.7898 0
      vertex -8.739 22.2 0
      vertex -14.0929 19.3942 0
    endloop
  endfacet
  facet normal 0 0 -1
    outer loop
      vertex -8.739 -22.2 0
      vertex -15.8192 -14.9902 0
      vertex -15.8813 -13.894 0
    endloop
  endfacet
  facet normal 0 -0 -1
    outer loop
      vertex -14.0929 19.3942 0
      vertex -8.739 22.2 0
      vertex -14.391 18.9747 0
    endloop
  endfacet
  facet normal 0 0 -1
    outer loop
      vertex -15.8813 -13.894 0
      vertex -15.8192 -14.9902 0
      vertex -15.8656 -14.4462 0
    endloop
  endfacet
  facet normal 0 -0 -1
    outer loop
      vertex -14.391 18.9747 0
      vertex -8.739 22.2 0
      vertex -14.6652 18.5329 0
    endloop
  endfacet
  facet normal 0 -0 -1
    outer loop
      vertex -15.1362 17.5907 0
      vertex -8.739 22.2 0
      vertex -15.331 17.0943 0
    endloop
  endfacet
  facet normal 0 0 -1
    outer loop
      vertex -15.8192 14.9902 0
      vertex -15.8813 13.894 0
      vertex -15.8656 14.4462 0
    endloop
  endfacet
  facet normal 0.576399 -0.409674 -0.707058
    outer loop
      vertex 14.4115 -19.6363 0.4
      vertex 14.0929 -19.3942 0
      vertex 14.7243 -19.1962 0.4
    endloop
  endfacet
  facet normal 0.687903 -0.725803 0
    outer loop
      vertex 13.3335 -20.8022 0.4
      vertex 13.7146 -20.441 2.80438
      vertex 13.3335 -20.8022 2.80438
    endloop
  endfacet
  facet normal 0.687903 -0.725803 0
    outer loop
      vertex 13.7146 -20.441 2.80438
      vertex 13.3335 -20.8022 0.4
      vertex 13.7146 -20.441 0.4
    endloop
  endfacet
  facet normal 0.687903 -0.725803 0
    outer loop
      vertex 13.3335 -20.8022 5.80438
      vertex 13.7146 -20.441 6.80438
      vertex 13.3335 -20.8022 6.80438
    endloop
  endfacet
  facet normal 0.687903 -0.725803 0
    outer loop
      vertex 13.7146 -20.441 6.80438
      vertex 13.3335 -20.8022 5.80438
      vertex 13.7146 -20.441 5.80438
    endloop
  endfacet
  facet normal 0.687903 -0.725803 0
    outer loop
      vertex 13.7146 -20.441 9.80438
      vertex 13.3335 -20.8022 29.6953
      vertex 13.3335 -20.8022 9.80438
    endloop
  endfacet
  facet normal 0.687903 -0.725803 0
    outer loop
      vertex 13.3335 -20.8022 29.6953
      vertex 13.7146 -20.441 9.80438
      vertex 13.7146 -20.441 29.9154
    endloop
  endfacet
  facet normal 0.132517 -0.694613 -0.707072
    outer loop
      vertex 10.2167 -22.4328 0.4
      vertex 9.73027 -22.5256 0.4
      vertex 10.1272 -22.0427 0
    endloop
  endfacet
  facet normal 0.18386 -0.682827 -0.707066
    outer loop
      vertex 10.2167 -22.4328 0.4
      vertex 10.1272 -22.0427 0
      vertex 10.6969 -22.3035 0.4
    endloop
  endfacet
  facet normal 0.622545 -0.335258 -0.707134
    outer loop
      vertex 15.2719 -18.25 0.4
      vertex 14.6652 -18.5329 0
      vertex 14.914 -18.0709 0
    endloop
  endfacet
  facet normal 0.187398 -0.982284 0
    outer loop
      vertex 9.73027 -22.5256 0.4
      vertex 10.2167 -22.4328 2.80438
      vertex 9.73027 -22.5256 2.80438
    endloop
  endfacet
  facet normal 0.187398 -0.982284 0
    outer loop
      vertex 10.2167 -22.4328 2.80438
      vertex 9.73027 -22.5256 0.4
      vertex 10.2167 -22.4328 0.4
    endloop
  endfacet
  facet normal 0.187398 -0.982284 0
    outer loop
      vertex 9.73027 -22.5256 5.80438
      vertex 10.2167 -22.4328 6.80438
      vertex 9.73027 -22.5256 6.80438
    endloop
  endfacet
  facet normal 0.187398 -0.982284 0
    outer loop
      vertex 10.2167 -22.4328 6.80438
      vertex 9.73027 -22.5256 5.80438
      vertex 10.2167 -22.4328 5.80438
    endloop
  endfacet
  facet normal 0.187398 -0.982284 0
    outer loop
      vertex 10.2167 -22.4328 9.80438
      vertex 9.73027 -22.5256 27.615
      vertex 9.73027 -22.5256 9.80438
    endloop
  endfacet
  facet normal 0.187398 -0.982284 0
    outer loop
      vertex 9.73027 -22.5256 27.615
      vertex 10.2167 -22.4328 9.80438
      vertex 10.2167 -22.4328 27.8958
    endloop
  endfacet
  facet normal 0.398712 -0.917076 0
    outer loop
      vertex 11.1687 -22.1383 0.4
      vertex 11.6301 -21.9377 2.80438
      vertex 11.1687 -22.1383 2.80438
    endloop
  endfacet
  facet normal 0.398712 -0.917076 0
    outer loop
      vertex 11.6301 -21.9377 2.80438
      vertex 11.1687 -22.1383 0.4
      vertex 11.6301 -21.9377 0.4
    endloop
  endfacet
  facet normal 0.398712 -0.917076 0
    outer loop
      vertex 11.1687 -22.1383 5.80438
      vertex 11.6301 -21.9377 6.80438
      vertex 11.1687 -22.1383 6.80438
    endloop
  endfacet
  facet normal 0.398712 -0.917076 0
    outer loop
      vertex 11.6301 -21.9377 6.80438
      vertex 11.1687 -22.1383 5.80438
      vertex 11.6301 -21.9377 5.80438
    endloop
  endfacet
  facet normal 0.398712 -0.917076 0
    outer loop
      vertex 11.6301 -21.9377 9.80438
      vertex 11.1687 -22.1383 28.4455
      vertex 11.1687 -22.1383 9.80438
    endloop
  endfacet
  facet normal 0.398712 -0.917076 0
    outer loop
      vertex 11.1687 -22.1383 28.4455
      vertex 11.6301 -21.9377 9.80438
      vertex 11.6301 -21.9377 28.7119
    endloop
  endfacet
  facet normal -0.486407 0.513205 -0.707128
    outer loop
      vertex -13.0682 20.5025 0
      vertex -13.7146 20.441 0.4
      vertex -13.3335 20.8022 0.4
    endloop
  endfacet
  facet normal 0.549043 0.445508 -0.707159
    outer loop
      vertex 14.0929 19.3942 0
      vertex 13.7719 19.7898 0
      vertex 14.0745 20.0518 0.4
    endloop
  endfacet
  facet normal 0.450733 0.544794 -0.707135
    outer loop
      vertex 13.0682 20.5025 0
      vertex 12.9327 21.1338 0.4
      vertex 13.3335 20.8022 0.4
    endloop
  endfacet
  facet normal 0.600802 -0.372884 -0.707103
    outer loop
      vertex 14.7243 -19.1962 0.4
      vertex 14.391 -18.9747 0
      vertex 14.6652 -18.5329 0
    endloop
  endfacet
  facet normal -0.687903 -0.725803 0
    outer loop
      vertex -13.7146 -20.441 0.4
      vertex -13.3335 -20.8022 2.80438
      vertex -13.7146 -20.441 2.80438
    endloop
  endfacet
  facet normal -0.687903 -0.725803 -0
    outer loop
      vertex -13.3335 -20.8022 2.80438
      vertex -13.7146 -20.441 0.4
      vertex -13.3335 -20.8022 0.4
    endloop
  endfacet
  facet normal -0.687903 -0.725803 0
    outer loop
      vertex -13.7146 -20.441 5.80438
      vertex -13.3335 -20.8022 6.80438
      vertex -13.7146 -20.441 6.80438
    endloop
  endfacet
  facet normal -0.687903 -0.725803 -0
    outer loop
      vertex -13.3335 -20.8022 6.80438
      vertex -13.7146 -20.441 5.80438
      vertex -13.3335 -20.8022 5.80438
    endloop
  endfacet
  facet normal -0.687903 -0.725803 0
    outer loop
      vertex -13.3335 -20.8022 9.80438
      vertex -13.7146 -20.441 14.0906
      vertex -13.7146 -20.441 9.80438
    endloop
  endfacet
  facet normal -0.687903 -0.725803 0
    outer loop
      vertex -13.7146 -20.441 14.0906
      vertex -13.3335 -20.8022 9.80438
      vertex -13.3335 -20.8022 14.3106
    endloop
  endfacet
  facet normal 0.6723 -0.219142 -0.707099
    outer loop
      vertex 15.7077 -17.2293 0.4
      vertex 15.331 -17.0943 0
      vertex 15.4975 -16.5835 0
    endloop
  endfacet
  facet normal 0.450744 0.544792 -0.707129
    outer loop
      vertex 13.0682 20.5025 0
      vertex 12.6882 20.8169 0
      vertex 12.9327 21.1338 0.4
    endloop
  endfacet
  facet normal 0.525189 -0.850986 0
    outer loop
      vertex 12.0792 -21.7028 0.4
      vertex 12.5141 -21.4344 2.80438
      vertex 12.0792 -21.7028 2.80438
    endloop
  endfacet
  facet normal 0.525189 -0.850986 0
    outer loop
      vertex 12.5141 -21.4344 2.80438
      vertex 12.0792 -21.7028 0.4
      vertex 12.5141 -21.4344 0.4
    endloop
  endfacet
  facet normal 0.525189 -0.850986 0
    outer loop
      vertex 12.0792 -21.7028 5.80438
      vertex 12.5141 -21.4344 6.80438
      vertex 12.0792 -21.7028 6.80438
    endloop
  endfacet
  facet normal 0.525189 -0.850986 0
    outer loop
      vertex 12.5141 -21.4344 6.80438
      vertex 12.0792 -21.7028 5.80438
      vertex 12.5141 -21.4344 5.80438
    endloop
  endfacet
  facet normal 0.525189 -0.850986 0
    outer loop
      vertex 12.5141 -21.4344 9.80438
      vertex 12.0792 -21.7028 28.9712
      vertex 12.0792 -21.7028 9.80438
    endloop
  endfacet
  facet normal 0.525189 -0.850986 0
    outer loop
      vertex 12.0792 -21.7028 28.9712
      vertex 12.5141 -21.4344 9.80438
      vertex 12.5141 -21.4344 29.2222
    endloop
  endfacet
  facet normal -0.371363 0.601736 -0.707109
    outer loop
      vertex -12.2922 21.1013 0
      vertex -12.5141 21.4344 0.4
      vertex -12.0792 21.7028 0.4
    endloop
  endfacet
  facet normal -0.583292 0.812262 0
    outer loop
      vertex -12.5141 21.4344 0.4
      vertex -12.9327 21.1338 2.80438
      vertex -12.5141 21.4344 2.80438
    endloop
  endfacet
  facet normal -0.583292 0.812262 0
    outer loop
      vertex -12.9327 21.1338 2.80438
      vertex -12.5141 21.4344 0.4
      vertex -12.9327 21.1338 0.4
    endloop
  endfacet
  facet normal -0.583292 0.812262 0
    outer loop
      vertex -12.5141 21.4344 5.80438
      vertex -12.9327 21.1338 6.80438
      vertex -12.5141 21.4344 6.80438
    endloop
  endfacet
  facet normal -0.583292 0.812262 0
    outer loop
      vertex -12.9327 21.1338 6.80438
      vertex -12.5141 21.4344 5.80438
      vertex -12.9327 21.1338 5.80438
    endloop
  endfacet
  facet normal -0.583292 0.812262 0
    outer loop
      vertex -12.5141 21.4344 9.80438
      vertex -12.9327 21.1338 14.542
      vertex -12.5141 21.4344 14.7837
    endloop
  endfacet
  facet normal -0.583292 0.812262 0
    outer loop
      vertex -12.9327 21.1338 14.542
      vertex -12.5141 21.4344 9.80438
      vertex -12.9327 21.1338 9.80438
    endloop
  endfacet
  facet normal 0.641715 -0.296937 -0.707128
    outer loop
      vertex 15.2719 -18.25 0.4
      vertex 14.914 -18.0709 0
      vertex 15.1362 -17.5907 0
    endloop
  endfacet
  facet normal -0.37138 0.601736 -0.7071
    outer loop
      vertex -11.8813 21.3549 0
      vertex -12.2922 21.1013 0
      vertex -12.0792 21.7028 0.4
    endloop
  endfacet
  facet normal 0.734203 -0.67893 0
    outer loop
      vertex 13.7146 -20.441 2.80438
      vertex 14.0745 -20.0518 0.4
      vertex 14.0745 -20.0518 2.80438
    endloop
  endfacet
  facet normal 0.734203 -0.67893 0
    outer loop
      vertex 14.0745 -20.0518 0.4
      vertex 13.7146 -20.441 2.80438
      vertex 13.7146 -20.441 0.4
    endloop
  endfacet
  facet normal 0.734203 -0.67893 0
    outer loop
      vertex 13.7146 -20.441 6.80438
      vertex 14.0745 -20.0518 5.80438
      vertex 14.0745 -20.0518 6.80438
    endloop
  endfacet
  facet normal 0.734203 -0.67893 0
    outer loop
      vertex 14.0745 -20.0518 5.80438
      vertex 13.7146 -20.441 6.80438
      vertex 13.7146 -20.441 5.80438
    endloop
  endfacet
  facet normal 0.734203 -0.67893 0
    outer loop
      vertex 13.7146 -20.441 29.9154
      vertex 14.0745 -20.0518 9.80438
      vertex 14.0745 -20.0518 30.1231
    endloop
  endfacet
  facet normal 0.734203 -0.67893 0
    outer loop
      vertex 14.0745 -20.0518 9.80438
      vertex 13.7146 -20.441 29.9154
      vertex 13.7146 -20.441 9.80438
    endloop
  endfacet
  facet normal 0.519153 -0.48007 -0.707116
    outer loop
      vertex 13.7146 -20.441 0.4
      vertex 13.4299 -20.1597 0
      vertex 14.0745 -20.0518 0.4
    endloop
  endfacet
  facet normal -0.500063 0.000101064 0.865989
    outer loop
      vertex 14.3208 14.3218 30.2768
      vertex 15.3286 13.9 30.8588
      vertex 15.3145 14.397 30.8506
    endloop
  endfacet
  facet normal -0.500011 0 0.866019
    outer loop
      vertex 15.3286 13.9 30.8588
      vertex 14.3327 13.9 30.2838
      vertex 15.3286 -13.9 30.8588
    endloop
  endfacet
  facet normal -0.499958 6.74511e-05 0.86605
    outer loop
      vertex 14.2849 14.7419 30.2562
      vertex 15.3145 14.397 30.8506
      vertex 15.2723 14.892 30.8262
    endloop
  endfacet
  facet normal -0.500011 0 0.866019
    outer loop
      vertex 14.3327 -13.9 30.2838
      vertex 15.3286 -13.9 30.8588
      vertex 14.3327 13.9 30.2838
    endloop
  endfacet
  facet normal -0.499972 5.42494e-05 0.866041
    outer loop
      vertex 14.2254 15.1583 30.2218
      vertex 15.2723 14.892 30.8262
      vertex 15.2022 15.3827 30.7857
    endloop
  endfacet
  facet normal -0.500011 -0.000265535 0.866019
    outer loop
      vertex 14.3208 -14.3218 30.2768
      vertex 15.3286 -13.9 30.8588
      vertex 14.3327 -13.9 30.2838
    endloop
  endfacet
  facet normal -0.499968 -0.000107284 0.866044
    outer loop
      vertex 14.1424 15.5694 30.1739
      vertex 15.2022 15.3827 30.7857
      vertex 15.1044 15.867 30.7293
    endloop
  endfacet
  facet normal -0.500063 -0.000101064 0.865989
    outer loop
      vertex 15.3286 -13.9 30.8588
      vertex 14.3208 -14.3218 30.2768
      vertex 15.3145 -14.397 30.8506
    endloop
  endfacet
  facet normal -0.500024 -5.65957e-05 0.866012
    outer loop
      vertex 14.0363 15.9733 30.1126
      vertex 15.1044 15.867 30.7293
      vertex 14.9793 16.3429 30.6571
    endloop
  endfacet
  facet normal -0.500042 0.000266301 0.866001
    outer loop
      vertex 14.2849 -14.7419 30.2562
      vertex 15.3145 -14.397 30.8506
      vertex 14.3208 -14.3218 30.2768
    endloop
  endfacet
  facet normal -0.499997 3.09977e-05 0.866027
    outer loop
      vertex 13.9075 16.3683 30.0383
      vertex 14.9793 16.3429 30.6571
      vertex 14.8276 16.8084 30.5695
    endloop
  endfacet
  facet normal -0.499958 -6.74511e-05 0.86605
    outer loop
      vertex 15.3145 -14.397 30.8506
      vertex 14.2849 -14.7419 30.2562
      vertex 15.2723 -14.892 30.8262
    endloop
  endfacet
  facet normal -0.50001 4.25139e-06 0.86602
    outer loop
      vertex 13.7567 16.7528 29.9512
      vertex 14.8276 16.8084 30.5695
      vertex 14.6499 17.2614 30.4669
    endloop
  endfacet
  facet normal -0.499962 -0.000106296 0.866047
    outer loop
      vertex 14.2254 -15.1583 30.2218
      vertex 15.2723 -14.892 30.8262
      vertex 14.2849 -14.7419 30.2562
    endloop
  endfacet
  facet normal -0.499993 8.35461e-05 0.866029
    outer loop
      vertex 13.5843 17.125 29.8517
      vertex 14.6499 17.2614 30.4669
      vertex 14.4468 17.7 30.3496
    endloop
  endfacet
  facet normal -0.499972 -5.42494e-05 0.866041
    outer loop
      vertex 15.2723 -14.892 30.8262
      vertex 14.2254 -15.1583 30.2218
      vertex 15.2022 -15.3827 30.7857
    endloop
  endfacet
  facet normal -0.499958 3.08753e-05 0.86605
    outer loop
      vertex 14.1424 -15.5694 30.1739
      vertex 15.2022 -15.3827 30.7857
      vertex 14.2254 -15.1583 30.2218
    endloop
  endfacet
  facet normal -0.500011 0.000265535 0.866019
    outer loop
      vertex 15.3286 13.9 30.8588
      vertex 14.3208 14.3218 30.2768
      vertex 14.3327 13.9 30.2838
    endloop
  endfacet
  facet normal -0.500042 -0.000266301 0.866001
    outer loop
      vertex 15.3145 14.397 30.8506
      vertex 14.2849 14.7419 30.2562
      vertex 14.3208 14.3218 30.2768
    endloop
  endfacet
  facet normal -0.499962 0.000106296 0.866047
    outer loop
      vertex 15.2723 14.892 30.8262
      vertex 14.2254 15.1583 30.2218
      vertex 14.2849 14.7419 30.2562
    endloop
  endfacet
  facet normal -0.500007 1.67783e-05 0.866022
    outer loop
      vertex 13.3913 17.4834 29.7402
      vertex 14.4468 17.7 30.3496
      vertex 14.2194 18.1223 30.2183
    endloop
  endfacet
  facet normal -0.499958 -3.08753e-05 0.86605
    outer loop
      vertex 15.2022 15.3827 30.7857
      vertex 14.1424 15.5694 30.1739
      vertex 14.2254 15.1583 30.2218
    endloop
  endfacet
  facet normal -0.500013 8.79361e-05 0.866018
    outer loop
      vertex 15.1044 15.867 30.7293
      vertex 14.0363 15.9733 30.1126
      vertex 14.1424 15.5694 30.1739
    endloop
  endfacet
  facet normal -0.499966 -9.46349e-05 0.866045
    outer loop
      vertex 13.1784 17.8265 29.6173
      vertex 14.2194 18.1223 30.2183
      vertex 13.9685 18.5266 30.0735
    endloop
  endfacet
  facet normal -0.5 -0.000137504 0.866025
    outer loop
      vertex 14.9793 16.3429 30.6571
      vertex 13.9075 16.3683 30.0383
      vertex 14.0363 15.9733 30.1126
    endloop
  endfacet
  facet normal -0.500012 7.36891e-05 0.866018
    outer loop
      vertex 14.8276 16.8084 30.5695
      vertex 13.7567 16.7528 29.9512
      vertex 13.9075 16.3683 30.0383
    endloop
  endfacet
  facet normal -0.500058 9.84649e-05 0.865992
    outer loop
      vertex 12.9465 18.1528 29.4834
      vertex 13.9685 18.5266 30.0735
      vertex 13.6953 18.911 29.9157
    endloop
  endfacet
  facet normal -0.499979 -6.86017e-05 0.866038
    outer loop
      vertex 14.6499 17.2614 30.4669
      vertex 13.5843 17.125 29.8517
      vertex 13.7567 16.7528 29.9512
    endloop
  endfacet
  facet normal -0.49991 -7.42976e-05 0.866077
    outer loop
      vertex 12.6966 18.4608 29.3392
      vertex 13.6953 18.911 29.9157
      vertex 13.4009 19.274 29.7458
    endloop
  endfacet
  facet normal -0.500028 0.000152651 0.866009
    outer loop
      vertex 14.4468 17.7 30.3496
      vertex 13.3913 17.4834 29.7402
      vertex 13.5843 17.125 29.8517
    endloop
  endfacet
  facet normal -0.49998 -2.88581e-05 0.866037
    outer loop
      vertex 14.2194 18.1223 30.2183
      vertex 13.1784 17.8265 29.6173
      vertex 13.3913 17.4834 29.7402
    endloop
  endfacet
  facet normal -0.500028 -8.32294e-05 0.866009
    outer loop
      vertex 12.4299 18.7494 29.1851
      vertex 13.4009 19.274 29.7458
      vertex 13.0865 19.614 29.5643
    endloop
  endfacet
  facet normal -0.500031 3.31841e-06 0.866007
    outer loop
      vertex 13.9685 18.5266 30.0735
      vertex 12.9465 18.1528 29.4834
      vertex 13.1784 17.8265 29.6173
    endloop
  endfacet
  facet normal -0.5001 0.000133807 0.865968
    outer loop
      vertex 12.1473 19.0171 29.022
      vertex 13.0865 19.614 29.5643
      vertex 12.7536 19.9295 29.372
    endloop
  endfacet
  facet normal -0.499897 -0.000112996 0.866085
    outer loop
      vertex 13.6953 18.911 29.9157
      vertex 12.6966 18.4608 29.3392
      vertex 12.9465 18.1528 29.4834
    endloop
  endfacet
  facet normal -0.500139 0.000190464 0.865945
    outer loop
      vertex 13.4009 19.274 29.7458
      vertex 12.4299 18.7494 29.1851
      vertex 12.6966 18.4608 29.3392
    endloop
  endfacet
  facet normal -0.499944 -1.74941e-08 0.866058
    outer loop
      vertex 11.8502 19.263 28.8505
      vertex 12.7536 19.9295 29.372
      vertex 12.4035 20.2192 29.1699
    endloop
  endfacet
  facet normal -0.499967 -0.000145252 0.866044
    outer loop
      vertex 13.0865 19.614 29.5643
      vertex 12.1473 19.0171 29.022
      vertex 12.4299 18.7494 29.1851
    endloop
  endfacet
  facet normal -0.499889 -0.000106387 0.866089
    outer loop
      vertex 11.5398 19.4859 28.6713
      vertex 12.4035 20.2192 29.1699
      vertex 12.0377 20.4818 28.9588
    endloop
  endfacet
  facet normal -0.499939 -9.37868e-06 0.866061
    outer loop
      vertex 12.7536 19.9295 29.372
      vertex 11.8502 19.263 28.8505
      vertex 12.1473 19.0171 29.022
    endloop
  endfacet
  facet normal -0.500159 0.000109445 0.865934
    outer loop
      vertex 11.2174 19.6848 28.4851
      vertex 12.0377 20.4818 28.9588
      vertex 11.6579 20.7162 28.7394
    endloop
  endfacet
  facet normal -0.499969 1.97889e-05 0.866043
    outer loop
      vertex 12.4035 20.2192 29.1699
      vertex 11.5398 19.4859 28.6713
      vertex 11.8502 19.263 28.8505
    endloop
  endfacet
  facet normal -0.499888 -0.000112298 0.86609
    outer loop
      vertex 10.8845 19.859 28.2929
      vertex 11.6579 20.7162 28.7394
      vertex 11.2656 20.9215 28.513
    endloop
  endfacet
  facet normal -0.500107 3.9123e-05 0.865963
    outer loop
      vertex 12.0377 20.4818 28.9588
      vertex 11.2174 19.6848 28.4851
      vertex 11.5398 19.4859 28.6713
    endloop
  endfacet
  facet normal -0.499994 1.57296e-05 0.866029
    outer loop
      vertex 11.6579 20.7162 28.7394
      vertex 10.8845 19.859 28.2929
      vertex 11.2174 19.6848 28.4851
    endloop
  endfacet
  facet normal -0.500098 4.61796e-05 0.865969
    outer loop
      vertex 10.5424 20.0077 28.0954
      vertex 11.2656 20.9215 28.513
      vertex 10.8625 21.0967 28.2802
    endloop
  endfacet
  facet normal -0.499998 -5.96932e-05 0.866027
    outer loop
      vertex 11.2656 20.9215 28.513
      vertex 10.5424 20.0077 28.0954
      vertex 10.8845 19.859 28.2929
    endloop
  endfacet
  facet normal -0.4999 -0.000122025 0.866083
    outer loop
      vertex 10.1926 20.1302 27.8934
      vertex 10.8625 21.0967 28.2802
      vertex 10.4503 21.241 28.0423
    endloop
  endfacet
  facet normal -0.50007 3.53695e-05 0.865985
    outer loop
      vertex 10.8625 21.0967 28.2802
      vertex 10.1926 20.1302 27.8934
      vertex 10.5424 20.0077 28.0954
    endloop
  endfacet
  facet normal -0.50009 9.10063e-06 0.865973
    outer loop
      vertex 9.83659 20.2261 27.6879
      vertex 10.4503 21.241 28.0423
      vertex 10.0309 21.354 27.8001
    endloop
  endfacet
  facet normal -0.499944 -0.000108294 0.866058
    outer loop
      vertex 10.4503 21.241 28.0423
      vertex 9.83659 20.2261 27.6879
      vertex 10.1926 20.1302 27.8934
    endloop
  endfacet
  facet normal -0.499937 -3.89979e-05 0.866062
    outer loop
      vertex 9.47594 20.2948 27.4797
      vertex 10.0309 21.354 27.8001
      vertex 9.60595 21.435 27.5548
    endloop
  endfacet
  facet normal -0.499964 -1.97647e-05 0.866046
    outer loop
      vertex 10.0309 21.354 27.8001
      vertex 9.47594 20.2948 27.4797
      vertex 9.83659 20.2261 27.6879
    endloop
  endfacet
  facet normal -0.500045 9.90513e-06 0.865999
    outer loop
      vertex 9.11218 20.3362 27.2697
      vertex 9.60595 21.435 27.5548
      vertex 9.17732 21.4837 27.3073
    endloop
  endfacet
  facet normal -0.499973 -3.35499e-05 0.866041
    outer loop
      vertex 9.60595 21.435 27.5548
      vertex 9.11218 20.3362 27.2697
      vertex 9.47594 20.2948 27.4797
    endloop
  endfacet
  facet normal -0.499952 0 0.866053
    outer loop
      vertex 8.74685 20.35 27.0588
      vertex 9.17732 21.4837 27.3073
      vertex 8.74685 21.5 27.0588
    endloop
  endfacet
  facet normal -0.499958 3.33544e-06 0.866049
    outer loop
      vertex 9.17732 21.4837 27.3073
      vertex 8.74685 20.35 27.0588
      vertex 9.11218 20.3362 27.2697
    endloop
  endfacet
  facet normal -0.5 0 0.866025
    outer loop
      vertex 8.74685 21.5 27.0588
      vertex -8.74685 20.35 16.9588
      vertex 8.74685 20.35 27.0588
    endloop
  endfacet
  facet normal -0.5 0 0.866025
    outer loop
      vertex -8.74685 21.5 16.9588
      vertex -8.74685 20.35 16.9588
      vertex 8.74685 21.5 27.0588
    endloop
  endfacet
  facet normal -0.500103 0 0.865966
    outer loop
      vertex -9.17732 21.4837 16.7102
      vertex -8.74685 20.35 16.9588
      vertex -8.74685 21.5 16.9588
    endloop
  endfacet
  facet normal -0.500136 -1.67618e-05 0.865947
    outer loop
      vertex -8.74685 20.35 16.9588
      vertex -9.17732 21.4837 16.7102
      vertex -9.11218 20.3362 16.7478
    endloop
  endfacet
  facet normal -0.499895 1.49064e-06 0.866086
    outer loop
      vertex -9.60595 21.435 16.4628
      vertex -9.11218 20.3362 16.7478
      vertex -9.17732 21.4837 16.7102
    endloop
  endfacet
  facet normal -0.499966 -4.14325e-05 0.866045
    outer loop
      vertex -9.11218 20.3362 16.7478
      vertex -9.60595 21.435 16.4628
      vertex -9.47594 20.2948 16.5378
    endloop
  endfacet
  facet normal -0.500076 -5.80821e-05 0.865982
    outer loop
      vertex -10.0309 21.354 16.2174
      vertex -9.47594 20.2948 16.5378
      vertex -9.60595 21.435 16.4628
    endloop
  endfacet
  facet normal -0.499964 1.97647e-05 0.866046
    outer loop
      vertex -9.47594 20.2948 16.5378
      vertex -10.0309 21.354 16.2174
      vertex -9.83659 20.2261 16.3296
    endloop
  endfacet
  facet normal -0.50009 -9.10063e-06 0.865973
    outer loop
      vertex -10.4503 21.241 15.9752
      vertex -9.83659 20.2261 16.3296
      vertex -10.0309 21.354 16.2174
    endloop
  endfacet
  facet normal -0.499944 0.000108294 0.866058
    outer loop
      vertex -9.83659 20.2261 16.3296
      vertex -10.4503 21.241 15.9752
      vertex -10.1926 20.1302 16.1241
    endloop
  endfacet
  facet normal -0.4999 0.000122025 0.866083
    outer loop
      vertex -10.8625 21.0967 15.7373
      vertex -10.1926 20.1302 16.1241
      vertex -10.4503 21.241 15.9752
    endloop
  endfacet
  facet normal -0.50007 -3.53695e-05 0.865985
    outer loop
      vertex -10.1926 20.1302 16.1241
      vertex -10.8625 21.0967 15.7373
      vertex -10.5424 20.0077 15.9221
    endloop
  endfacet
  facet normal -0.499955 9.81411e-06 0.866051
    outer loop
      vertex -11.2656 20.9215 15.5046
      vertex -10.5424 20.0077 15.9221
      vertex -10.8625 21.0967 15.7373
    endloop
  endfacet
  facet normal -0.499975 -1.08216e-05 0.86604
    outer loop
      vertex -10.5424 20.0077 15.9221
      vertex -11.2656 20.9215 15.5046
      vertex -10.8845 19.859 15.7246
    endloop
  endfacet
  facet normal -0.5 -2.30038e-05 0.866025
    outer loop
      vertex -11.6579 20.7162 15.2781
      vertex -10.8845 19.859 15.7246
      vertex -11.2656 20.9215 15.5046
    endloop
  endfacet
  facet normal -0.499994 -1.57296e-05 0.866029
    outer loop
      vertex -10.8845 19.859 15.7246
      vertex -11.6579 20.7162 15.2781
      vertex -11.2174 19.6848 15.5324
    endloop
  endfacet
  facet normal -0.500023 -3.2385e-05 0.866012
    outer loop
      vertex -12.0377 20.4818 15.0588
      vertex -11.2174 19.6848 15.5324
      vertex -11.6579 20.7162 15.2781
    endloop
  endfacet
  facet normal -0.499953 6.35144e-05 0.866052
    outer loop
      vertex -11.2174 19.6848 15.5324
      vertex -12.0377 20.4818 15.0588
      vertex -11.5398 19.4859 15.3463
    endloop
  endfacet
  facet normal -0.50002 1.92778e-05 0.866014
    outer loop
      vertex -12.4035 20.2192 14.8476
      vertex -11.5398 19.4859 15.3463
      vertex -12.0377 20.4818 15.0588
    endloop
  endfacet
  facet normal -0.500117 -0.00013383 0.865958
    outer loop
      vertex -11.5398 19.4859 15.3463
      vertex -12.4035 20.2192 14.8476
      vertex -11.8502 19.263 15.167
    endloop
  endfacet
  facet normal -0.499944 1.74941e-08 0.866058
    outer loop
      vertex -12.7536 19.9295 14.6455
      vertex -11.8502 19.263 15.167
      vertex -12.4035 20.2192 14.8476
    endloop
  endfacet
  facet normal -0.499939 9.37868e-06 0.866061
    outer loop
      vertex -11.8502 19.263 15.167
      vertex -12.7536 19.9295 14.6455
      vertex -12.1473 19.0171 14.9955
    endloop
  endfacet
  facet normal -0.5001 -0.000133807 0.865968
    outer loop
      vertex -13.0865 19.614 14.4532
      vertex -12.1473 19.0171 14.9955
      vertex -12.7536 19.9295 14.6455
    endloop
  endfacet
  facet normal -0.499967 0.000145252 0.866044
    outer loop
      vertex -12.1473 19.0171 14.9955
      vertex -13.0865 19.614 14.4532
      vertex -12.4299 18.7494 14.8324
    endloop
  endfacet
  facet normal -0.499915 0.0001981 0.866074
    outer loop
      vertex -13.4009 19.274 14.2718
      vertex -12.4299 18.7494 14.8324
      vertex -13.0865 19.614 14.4532
    endloop
  endfacet
  facet normal -0.500095 -0.000245441 0.865971
    outer loop
      vertex -12.4299 18.7494 14.8324
      vertex -13.4009 19.274 14.2718
      vertex -12.6966 18.4608 14.6783
    endloop
  endfacet
  facet normal -0.499969 -0.000100412 0.866043
    outer loop
      vertex -13.6953 18.911 14.1018
      vertex -12.6966 18.4608 14.6783
      vertex -13.4009 19.274 14.2718
    endloop
  endfacet
  facet normal -0.499897 0.000112996 0.866085
    outer loop
      vertex -12.6966 18.4608 14.6783
      vertex -13.6953 18.911 14.1018
      vertex -12.9465 18.1528 14.5341
    endloop
  endfacet
  facet normal -0.500058 -9.84649e-05 0.865992
    outer loop
      vertex -13.9685 18.5266 13.944
      vertex -12.9465 18.1528 14.5341
      vertex -13.6953 18.911 14.1018
    endloop
  endfacet
  facet normal -0.500031 -3.31841e-06 0.866007
    outer loop
      vertex -12.9465 18.1528 14.5341
      vertex -13.9685 18.5266 13.944
      vertex -13.1784 17.8265 14.4002
    endloop
  endfacet
  facet normal -0.499966 9.46349e-05 0.866045
    outer loop
      vertex -14.2194 18.1223 13.7992
      vertex -13.1784 17.8265 14.4002
      vertex -13.9685 18.5266 13.944
    endloop
  endfacet
  facet normal -0.49998 2.88581e-05 0.866037
    outer loop
      vertex -13.1784 17.8265 14.4002
      vertex -14.2194 18.1223 13.7992
      vertex -13.3913 17.4834 14.2773
    endloop
  endfacet
  facet normal -0.500007 -1.67783e-05 0.866022
    outer loop
      vertex -14.4468 17.7 13.6679
      vertex -13.3913 17.4834 14.2773
      vertex -14.2194 18.1223 13.7992
    endloop
  endfacet
  facet normal -0.500028 -0.000152651 0.866009
    outer loop
      vertex -13.3913 17.4834 14.2773
      vertex -14.4468 17.7 13.6679
      vertex -13.5843 17.125 14.1658
    endloop
  endfacet
  facet normal -0.499993 -8.35461e-05 0.866029
    outer loop
      vertex -14.6499 17.2614 13.5506
      vertex -13.5843 17.125 14.1658
      vertex -14.4468 17.7 13.6679
    endloop
  endfacet
  facet normal -0.499979 6.86017e-05 0.866038
    outer loop
      vertex -13.5843 17.125 14.1658
      vertex -14.6499 17.2614 13.5506
      vertex -13.7567 16.7528 14.0663
    endloop
  endfacet
  facet normal -0.50001 -4.25139e-06 0.86602
    outer loop
      vertex -14.8276 16.8084 13.448
      vertex -13.7567 16.7528 14.0663
      vertex -14.6499 17.2614 13.5506
    endloop
  endfacet
  facet normal -0.500012 -7.36891e-05 0.866018
    outer loop
      vertex -13.7567 16.7528 14.0663
      vertex -14.8276 16.8084 13.448
      vertex -13.9075 16.3683 13.9792
    endloop
  endfacet
  facet normal -0.499997 -3.09977e-05 0.866027
    outer loop
      vertex -14.9793 16.3429 13.3604
      vertex -13.9075 16.3683 13.9792
      vertex -14.8276 16.8084 13.448
    endloop
  endfacet
  facet normal -0.5 0.000137504 0.866025
    outer loop
      vertex -13.9075 16.3683 13.9792
      vertex -14.9793 16.3429 13.3604
      vertex -14.0363 15.9733 13.9049
    endloop
  endfacet
  facet normal -0.500024 5.65957e-05 0.866012
    outer loop
      vertex -15.1044 15.867 13.2882
      vertex -14.0363 15.9733 13.9049
      vertex -14.9793 16.3429 13.3604
    endloop
  endfacet
  facet normal -0.499968 0.000107284 0.866044
    outer loop
      vertex -15.2022 15.3827 13.2318
      vertex -14.1424 15.5694 13.8436
      vertex -15.1044 15.867 13.2882
    endloop
  endfacet
  facet normal -0.500013 -8.79361e-05 0.866018
    outer loop
      vertex -14.0363 15.9733 13.9049
      vertex -15.1044 15.867 13.2882
      vertex -14.1424 15.5694 13.8436
    endloop
  endfacet
  facet normal -0.499968 0.000107284 0.866044
    outer loop
      vertex 15.2022 -15.3827 30.7857
      vertex 14.1424 -15.5694 30.1739
      vertex 15.1044 -15.867 30.7293
    endloop
  endfacet
  facet normal -0.500013 -8.79361e-05 0.866018
    outer loop
      vertex 14.0363 -15.9733 30.1126
      vertex 15.1044 -15.867 30.7293
      vertex 14.1424 -15.5694 30.1739
    endloop
  endfacet
  facet normal -0.500024 5.65957e-05 0.866012
    outer loop
      vertex 15.1044 -15.867 30.7293
      vertex 14.0363 -15.9733 30.1126
      vertex 14.9793 -16.3429 30.6571
    endloop
  endfacet
  facet normal -0.5 0.000137504 0.866025
    outer loop
      vertex 13.9075 -16.3683 30.0383
      vertex 14.9793 -16.3429 30.6571
      vertex 14.0363 -15.9733 30.1126
    endloop
  endfacet
  facet normal -0.499997 -3.09977e-05 0.866027
    outer loop
      vertex 14.9793 -16.3429 30.6571
      vertex 13.9075 -16.3683 30.0383
      vertex 14.8276 -16.8084 30.5695
    endloop
  endfacet
  facet normal -0.500012 -7.36891e-05 0.866018
    outer loop
      vertex 13.7567 -16.7528 29.9512
      vertex 14.8276 -16.8084 30.5695
      vertex 13.9075 -16.3683 30.0383
    endloop
  endfacet
  facet normal -0.50001 -4.25139e-06 0.86602
    outer loop
      vertex 14.8276 -16.8084 30.5695
      vertex 13.7567 -16.7528 29.9512
      vertex 14.6499 -17.2614 30.4669
    endloop
  endfacet
  facet normal -0.499979 6.86017e-05 0.866038
    outer loop
      vertex 13.5843 -17.125 29.8517
      vertex 14.6499 -17.2614 30.4669
      vertex 13.7567 -16.7528 29.9512
    endloop
  endfacet
  facet normal -0.499993 -8.35461e-05 0.866029
    outer loop
      vertex 14.6499 -17.2614 30.4669
      vertex 13.5843 -17.125 29.8517
      vertex 14.4468 -17.7 30.3496
    endloop
  endfacet
  facet normal -0.500028 -0.000152651 0.866009
    outer loop
      vertex 13.3913 -17.4834 29.7402
      vertex 14.4468 -17.7 30.3496
      vertex 13.5843 -17.125 29.8517
    endloop
  endfacet
  facet normal -0.500007 -1.67783e-05 0.866022
    outer loop
      vertex 14.4468 -17.7 30.3496
      vertex 13.3913 -17.4834 29.7402
      vertex 14.2194 -18.1223 30.2183
    endloop
  endfacet
  facet normal -0.49998 2.88581e-05 0.866037
    outer loop
      vertex 13.1784 -17.8265 29.6173
      vertex 14.2194 -18.1223 30.2183
      vertex 13.3913 -17.4834 29.7402
    endloop
  endfacet
  facet normal -0.499966 9.46349e-05 0.866045
    outer loop
      vertex 14.2194 -18.1223 30.2183
      vertex 13.1784 -17.8265 29.6173
      vertex 13.9685 -18.5266 30.0735
    endloop
  endfacet
  facet normal -0.500031 -3.31841e-06 0.866007
    outer loop
      vertex 12.9465 -18.1528 29.4834
      vertex 13.9685 -18.5266 30.0735
      vertex 13.1784 -17.8265 29.6173
    endloop
  endfacet
  facet normal -0.500058 -9.84649e-05 0.865992
    outer loop
      vertex 13.9685 -18.5266 30.0735
      vertex 12.9465 -18.1528 29.4834
      vertex 13.6953 -18.911 29.9157
    endloop
  endfacet
  facet normal -0.499897 0.000112996 0.866085
    outer loop
      vertex 12.6966 -18.4608 29.3392
      vertex 13.6953 -18.911 29.9157
      vertex 12.9465 -18.1528 29.4834
    endloop
  endfacet
  facet normal -0.49991 7.42976e-05 0.866077
    outer loop
      vertex 13.6953 -18.911 29.9157
      vertex 12.6966 -18.4608 29.3392
      vertex 13.4009 -19.274 29.7458
    endloop
  endfacet
  facet normal -0.500139 -0.000190464 0.865945
    outer loop
      vertex 12.4299 -18.7494 29.1851
      vertex 13.4009 -19.274 29.7458
      vertex 12.6966 -18.4608 29.3392
    endloop
  endfacet
  facet normal -0.500028 8.32294e-05 0.866009
    outer loop
      vertex 13.4009 -19.274 29.7458
      vertex 12.4299 -18.7494 29.1851
      vertex 13.0865 -19.614 29.5643
    endloop
  endfacet
  facet normal -0.499967 0.000145252 0.866044
    outer loop
      vertex 12.1473 -19.0171 29.022
      vertex 13.0865 -19.614 29.5643
      vertex 12.4299 -18.7494 29.1851
    endloop
  endfacet
  facet normal -0.5001 -0.000133807 0.865968
    outer loop
      vertex 13.0865 -19.614 29.5643
      vertex 12.1473 -19.0171 29.022
      vertex 12.7536 -19.9295 29.372
    endloop
  endfacet
  facet normal -0.499939 9.37868e-06 0.866061
    outer loop
      vertex 11.8502 -19.263 28.8505
      vertex 12.7536 -19.9295 29.372
      vertex 12.1473 -19.0171 29.022
    endloop
  endfacet
  facet normal -0.499944 1.74941e-08 0.866058
    outer loop
      vertex 12.7536 -19.9295 29.372
      vertex 11.8502 -19.263 28.8505
      vertex 12.4035 -20.2192 29.1699
    endloop
  endfacet
  facet normal -0.499969 -1.97889e-05 0.866043
    outer loop
      vertex 11.5398 -19.4859 28.6713
      vertex 12.4035 -20.2192 29.1699
      vertex 11.8502 -19.263 28.8505
    endloop
  endfacet
  facet normal -0.499889 0.000106387 0.866089
    outer loop
      vertex 12.4035 -20.2192 29.1699
      vertex 11.5398 -19.4859 28.6713
      vertex 12.0377 -20.4818 28.9588
    endloop
  endfacet
  facet normal -0.500107 -3.9123e-05 0.865963
    outer loop
      vertex 11.2174 -19.6848 28.4851
      vertex 12.0377 -20.4818 28.9588
      vertex 11.5398 -19.4859 28.6713
    endloop
  endfacet
  facet normal -0.500159 -0.000109445 0.865934
    outer loop
      vertex 12.0377 -20.4818 28.9588
      vertex 11.2174 -19.6848 28.4851
      vertex 11.6579 -20.7162 28.7394
    endloop
  endfacet
  facet normal -0.499994 -1.57296e-05 0.866029
    outer loop
      vertex 10.8845 -19.859 28.2929
      vertex 11.6579 -20.7162 28.7394
      vertex 11.2174 -19.6848 28.4851
    endloop
  endfacet
  facet normal -0.499888 0.000112298 0.86609
    outer loop
      vertex 11.6579 -20.7162 28.7394
      vertex 10.8845 -19.859 28.2929
      vertex 11.2656 -20.9215 28.513
    endloop
  endfacet
  facet normal -0.499998 5.96932e-05 0.866027
    outer loop
      vertex 10.5424 -20.0077 28.0954
      vertex 11.2656 -20.9215 28.513
      vertex 10.8845 -19.859 28.2929
    endloop
  endfacet
  facet normal -0.500098 -4.61796e-05 0.865969
    outer loop
      vertex 11.2656 -20.9215 28.513
      vertex 10.5424 -20.0077 28.0954
      vertex 10.8625 -21.0967 28.2802
    endloop
  endfacet
  facet normal -0.50007 -3.53695e-05 0.865985
    outer loop
      vertex 10.1926 -20.1302 27.8934
      vertex 10.8625 -21.0967 28.2802
      vertex 10.5424 -20.0077 28.0954
    endloop
  endfacet
  facet normal -0.4999 0.000122025 0.866083
    outer loop
      vertex 10.8625 -21.0967 28.2802
      vertex 10.1926 -20.1302 27.8934
      vertex 10.4503 -21.241 28.0423
    endloop
  endfacet
  facet normal -0.499944 0.000108294 0.866058
    outer loop
      vertex 9.83659 -20.2261 27.6879
      vertex 10.4503 -21.241 28.0423
      vertex 10.1926 -20.1302 27.8934
    endloop
  endfacet
  facet normal -0.50009 -9.10063e-06 0.865973
    outer loop
      vertex 10.4503 -21.241 28.0423
      vertex 9.83659 -20.2261 27.6879
      vertex 10.0309 -21.354 27.8001
    endloop
  endfacet
  facet normal -0.499964 1.97647e-05 0.866046
    outer loop
      vertex 9.47594 -20.2948 27.4797
      vertex 10.0309 -21.354 27.8001
      vertex 9.83659 -20.2261 27.6879
    endloop
  endfacet
  facet normal -0.499937 3.89979e-05 0.866062
    outer loop
      vertex 10.0309 -21.354 27.8001
      vertex 9.47594 -20.2948 27.4797
      vertex 9.60595 -21.435 27.5548
    endloop
  endfacet
  facet normal -0.499973 3.35499e-05 0.866041
    outer loop
      vertex 9.11218 -20.3362 27.2697
      vertex 9.60595 -21.435 27.5548
      vertex 9.47594 -20.2948 27.4797
    endloop
  endfacet
  facet normal -0.500045 -9.90513e-06 0.865999
    outer loop
      vertex 9.60595 -21.435 27.5548
      vertex 9.11218 -20.3362 27.2697
      vertex 9.17732 -21.4837 27.3073
    endloop
  endfacet
  facet normal -0.499958 -3.33544e-06 0.866049
    outer loop
      vertex 8.74685 -20.35 27.0588
      vertex 9.17732 -21.4837 27.3073
      vertex 9.11218 -20.3362 27.2697
    endloop
  endfacet
  facet normal -0.499952 0 0.866053
    outer loop
      vertex 8.74685 -20.35 27.0588
      vertex 8.74685 -21.5 27.0588
      vertex 9.17732 -21.4837 27.3073
    endloop
  endfacet
  facet normal -0.5 0 0.866025
    outer loop
      vertex -8.74685 -20.35 16.9588
      vertex 8.74685 -21.5 27.0588
      vertex 8.74685 -20.35 27.0588
    endloop
  endfacet
  facet normal -0.5 0 0.866025
    outer loop
      vertex -8.74685 -20.35 16.9588
      vertex -8.74685 -21.5 16.9588
      vertex 8.74685 -21.5 27.0588
    endloop
  endfacet
  facet normal -0.500136 1.67618e-05 0.865947
    outer loop
      vertex -9.17732 -21.4837 16.7102
      vertex -8.74685 -20.35 16.9588
      vertex -9.11218 -20.3362 16.7478
    endloop
  endfacet
  facet normal -0.500103 0 0.865966
    outer loop
      vertex -8.74685 -20.35 16.9588
      vertex -9.17732 -21.4837 16.7102
      vertex -8.74685 -21.5 16.9588
    endloop
  endfacet
  facet normal -0.499966 4.14325e-05 0.866045
    outer loop
      vertex -9.60595 -21.435 16.4628
      vertex -9.11218 -20.3362 16.7478
      vertex -9.47594 -20.2948 16.5378
    endloop
  endfacet
  facet normal -0.499895 -1.49064e-06 0.866086
    outer loop
      vertex -9.11218 -20.3362 16.7478
      vertex -9.60595 -21.435 16.4628
      vertex -9.17732 -21.4837 16.7102
    endloop
  endfacet
  facet normal -0.499964 -1.97647e-05 0.866046
    outer loop
      vertex -10.0309 -21.354 16.2174
      vertex -9.47594 -20.2948 16.5378
      vertex -9.83659 -20.2261 16.3296
    endloop
  endfacet
  facet normal -0.500076 5.80821e-05 0.865982
    outer loop
      vertex -9.47594 -20.2948 16.5378
      vertex -10.0309 -21.354 16.2174
      vertex -9.60595 -21.435 16.4628
    endloop
  endfacet
  facet normal -0.499944 -0.000108294 0.866058
    outer loop
      vertex -10.4503 -21.241 15.9752
      vertex -9.83659 -20.2261 16.3296
      vertex -10.1926 -20.1302 16.1241
    endloop
  endfacet
  facet normal -0.50009 9.10063e-06 0.865973
    outer loop
      vertex -9.83659 -20.2261 16.3296
      vertex -10.4503 -21.241 15.9752
      vertex -10.0309 -21.354 16.2174
    endloop
  endfacet
  facet normal -0.50007 3.53695e-05 0.865985
    outer loop
      vertex -10.8625 -21.0967 15.7373
      vertex -10.1926 -20.1302 16.1241
      vertex -10.5424 -20.0077 15.9221
    endloop
  endfacet
  facet normal -0.4999 -0.000122025 0.866083
    outer loop
      vertex -10.1926 -20.1302 16.1241
      vertex -10.8625 -21.0967 15.7373
      vertex -10.4503 -21.241 15.9752
    endloop
  endfacet
  facet normal -0.499975 1.08216e-05 0.86604
    outer loop
      vertex -11.2656 -20.9215 15.5046
      vertex -10.5424 -20.0077 15.9221
      vertex -10.8845 -19.859 15.7246
    endloop
  endfacet
  facet normal -0.499994 1.57296e-05 0.866029
    outer loop
      vertex -11.6579 -20.7162 15.2781
      vertex -10.8845 -19.859 15.7246
      vertex -11.2174 -19.6848 15.5324
    endloop
  endfacet
  facet normal -0.499955 -9.81411e-06 0.866051
    outer loop
      vertex -10.5424 -20.0077 15.9221
      vertex -11.2656 -20.9215 15.5046
      vertex -10.8625 -21.0967 15.7373
    endloop
  endfacet
  facet normal -0.499953 -6.35144e-05 0.866052
    outer loop
      vertex -12.0377 -20.4818 15.0588
      vertex -11.2174 -19.6848 15.5324
      vertex -11.5398 -19.4859 15.3463
    endloop
  endfacet
  facet normal -0.5 2.30038e-05 0.866025
    outer loop
      vertex -10.8845 -19.859 15.7246
      vertex -11.6579 -20.7162 15.2781
      vertex -11.2656 -20.9215 15.5046
    endloop
  endfacet
  facet normal -0.500117 0.00013383 0.865958
    outer loop
      vertex -12.4035 -20.2192 14.8476
      vertex -11.5398 -19.4859 15.3463
      vertex -11.8502 -19.263 15.167
    endloop
  endfacet
  facet normal -0.500023 3.2385e-05 0.866012
    outer loop
      vertex -11.2174 -19.6848 15.5324
      vertex -12.0377 -20.4818 15.0588
      vertex -11.6579 -20.7162 15.2781
    endloop
  endfacet
  facet normal -0.499939 -9.37868e-06 0.866061
    outer loop
      vertex -12.7536 -19.9295 14.6455
      vertex -11.8502 -19.263 15.167
      vertex -12.1473 -19.0171 14.9955
    endloop
  endfacet
  facet normal -0.50002 -1.92778e-05 0.866014
    outer loop
      vertex -11.5398 -19.4859 15.3463
      vertex -12.4035 -20.2192 14.8476
      vertex -12.0377 -20.4818 15.0588
    endloop
  endfacet
  facet normal -0.499967 -0.000145252 0.866044
    outer loop
      vertex -13.0865 -19.614 14.4532
      vertex -12.1473 -19.0171 14.9955
      vertex -12.4299 -18.7494 14.8324
    endloop
  endfacet
  facet normal -0.500095 0.000245441 0.865971
    outer loop
      vertex -13.4009 -19.274 14.2718
      vertex -12.4299 -18.7494 14.8324
      vertex -12.6966 -18.4608 14.6783
    endloop
  endfacet
  facet normal -0.499944 -1.74941e-08 0.866058
    outer loop
      vertex -11.8502 -19.263 15.167
      vertex -12.7536 -19.9295 14.6455
      vertex -12.4035 -20.2192 14.8476
    endloop
  endfacet
  facet normal -0.499897 -0.000112996 0.866085
    outer loop
      vertex -13.6953 -18.911 14.1018
      vertex -12.6966 -18.4608 14.6783
      vertex -12.9465 -18.1528 14.5341
    endloop
  endfacet
  facet normal -0.5001 0.000133807 0.865968
    outer loop
      vertex -12.1473 -19.0171 14.9955
      vertex -13.0865 -19.614 14.4532
      vertex -12.7536 -19.9295 14.6455
    endloop
  endfacet
  facet normal -0.500031 3.31841e-06 0.866007
    outer loop
      vertex -13.9685 -18.5266 13.944
      vertex -12.9465 -18.1528 14.5341
      vertex -13.1784 -17.8265 14.4002
    endloop
  endfacet
  facet normal -0.49998 -2.88581e-05 0.866037
    outer loop
      vertex -14.2194 -18.1223 13.7992
      vertex -13.1784 -17.8265 14.4002
      vertex -13.3913 -17.4834 14.2773
    endloop
  endfacet
  facet normal -0.499915 -0.0001981 0.866074
    outer loop
      vertex -12.4299 -18.7494 14.8324
      vertex -13.4009 -19.274 14.2718
      vertex -13.0865 -19.614 14.4532
    endloop
  endfacet
  facet normal -0.500028 0.000152651 0.866009
    outer loop
      vertex -14.4468 -17.7 13.6679
      vertex -13.3913 -17.4834 14.2773
      vertex -13.5843 -17.125 14.1658
    endloop
  endfacet
  facet normal -0.499969 0.000100412 0.866043
    outer loop
      vertex -12.6966 -18.4608 14.6783
      vertex -13.6953 -18.911 14.1018
      vertex -13.4009 -19.274 14.2718
    endloop
  endfacet
  facet normal -0.499979 -6.86017e-05 0.866038
    outer loop
      vertex -14.6499 -17.2614 13.5506
      vertex -13.5843 -17.125 14.1658
      vertex -13.7567 -16.7528 14.0663
    endloop
  endfacet
  facet normal -0.500012 7.36891e-05 0.866018
    outer loop
      vertex -14.8276 -16.8084 13.448
      vertex -13.7567 -16.7528 14.0663
      vertex -13.9075 -16.3683 13.9792
    endloop
  endfacet
  facet normal -0.500058 9.84649e-05 0.865992
    outer loop
      vertex -12.9465 -18.1528 14.5341
      vertex -13.9685 -18.5266 13.944
      vertex -13.6953 -18.911 14.1018
    endloop
  endfacet
  facet normal -0.5 -0.000137504 0.866025
    outer loop
      vertex -14.9793 -16.3429 13.3604
      vertex -13.9075 -16.3683 13.9792
      vertex -14.0363 -15.9733 13.9049
    endloop
  endfacet
  facet normal -0.500013 8.79361e-05 0.866018
    outer loop
      vertex -15.1044 -15.867 13.2882
      vertex -14.0363 -15.9733 13.9049
      vertex -14.1424 -15.5694 13.8436
    endloop
  endfacet
  facet normal -0.499966 -9.46349e-05 0.866045
    outer loop
      vertex -13.1784 -17.8265 14.4002
      vertex -14.2194 -18.1223 13.7992
      vertex -13.9685 -18.5266 13.944
    endloop
  endfacet
  facet normal -0.499958 -3.08753e-05 0.86605
    outer loop
      vertex -15.2022 -15.3827 13.2318
      vertex -14.1424 -15.5694 13.8436
      vertex -14.2254 -15.1583 13.7957
    endloop
  endfacet
  facet normal -0.500004 -0.00010953 0.866023
    outer loop
      vertex -15.2723 -14.892 13.1913
      vertex -14.2254 -15.1583 13.7957
      vertex -14.2849 -14.7419 13.7614
    endloop
  endfacet
  facet normal -0.500053 -6.14838e-05 0.865995
    outer loop
      vertex -15.3145 -14.397 13.1669
      vertex -14.2849 -14.7419 13.7614
      vertex -14.3208 -14.3218 13.7407
    endloop
  endfacet
  facet normal -0.500011 6.02194e-05 0.866019
    outer loop
      vertex -15.3286 -13.9 13.1588
      vertex -14.3208 -14.3218 13.7407
      vertex -14.3327 -13.9 13.7338
    endloop
  endfacet
  facet normal -0.500007 1.67783e-05 0.866022
    outer loop
      vertex -13.3913 -17.4834 14.2773
      vertex -14.4468 -17.7 13.6679
      vertex -14.2194 -18.1223 13.7992
    endloop
  endfacet
  facet normal -0.500011 0 0.866019
    outer loop
      vertex -14.3327 13.9 13.7338
      vertex -15.3286 13.9 13.1588
      vertex -14.3327 -13.9 13.7338
    endloop
  endfacet
  facet normal -0.499958 3.08753e-05 0.86605
    outer loop
      vertex -14.1424 15.5694 13.8436
      vertex -15.2022 15.3827 13.2318
      vertex -14.2254 15.1583 13.7957
    endloop
  endfacet
  facet normal -0.500011 0 0.866019
    outer loop
      vertex -15.3286 -13.9 13.1588
      vertex -14.3327 -13.9 13.7338
      vertex -15.3286 13.9 13.1588
    endloop
  endfacet
  facet normal -0.499972 -5.42494e-05 0.866041
    outer loop
      vertex -15.2723 14.892 13.1913
      vertex -14.2254 15.1583 13.7957
      vertex -15.2022 15.3827 13.2318
    endloop
  endfacet
  facet normal -0.500053 -7.28065e-05 0.865995
    outer loop
      vertex -14.3208 -14.3218 13.7407
      vertex -15.3286 -13.9 13.1588
      vertex -15.3145 -14.397 13.1669
    endloop
  endfacet
  facet normal -0.500004 0.00010953 0.866023
    outer loop
      vertex -14.2254 15.1583 13.7957
      vertex -15.2723 14.892 13.1913
      vertex -14.2849 14.7419 13.7614
    endloop
  endfacet
  facet normal -0.499993 8.35461e-05 0.866029
    outer loop
      vertex -13.5843 -17.125 14.1658
      vertex -14.6499 -17.2614 13.5506
      vertex -14.4468 -17.7 13.6679
    endloop
  endfacet
  facet normal -0.500023 -6.00667e-05 0.866012
    outer loop
      vertex -15.3145 14.397 13.1669
      vertex -14.2849 14.7419 13.7614
      vertex -15.2723 14.892 13.1913
    endloop
  endfacet
  facet normal -0.50001 4.25139e-06 0.86602
    outer loop
      vertex -13.7567 -16.7528 14.0663
      vertex -14.8276 -16.8084 13.448
      vertex -14.6499 -17.2614 13.5506
    endloop
  endfacet
  facet normal -0.500053 6.14838e-05 0.865995
    outer loop
      vertex -14.2849 14.7419 13.7614
      vertex -15.3145 14.397 13.1669
      vertex -14.3208 14.3218 13.7407
    endloop
  endfacet
  facet normal -0.499997 3.09977e-05 0.866027
    outer loop
      vertex -13.9075 -16.3683 13.9792
      vertex -14.9793 -16.3429 13.3604
      vertex -14.8276 -16.8084 13.448
    endloop
  endfacet
  facet normal -0.500053 7.28065e-05 0.865995
    outer loop
      vertex -15.3286 13.9 13.1588
      vertex -14.3208 14.3218 13.7407
      vertex -15.3145 14.397 13.1669
    endloop
  endfacet
  facet normal -0.500024 -5.65957e-05 0.866012
    outer loop
      vertex -14.0363 -15.9733 13.9049
      vertex -15.1044 -15.867 13.2882
      vertex -14.9793 -16.3429 13.3604
    endloop
  endfacet
  facet normal -0.500011 -6.02194e-05 0.866019
    outer loop
      vertex -14.3208 14.3218 13.7407
      vertex -15.3286 13.9 13.1588
      vertex -14.3327 13.9 13.7338
    endloop
  endfacet
  facet normal -0.499968 -0.000107284 0.866044
    outer loop
      vertex -14.1424 -15.5694 13.8436
      vertex -15.2022 -15.3827 13.2318
      vertex -15.1044 -15.867 13.2882
    endloop
  endfacet
  facet normal -0.499972 5.42494e-05 0.866041
    outer loop
      vertex -14.2254 -15.1583 13.7957
      vertex -15.2723 -14.892 13.1913
      vertex -15.2022 -15.3827 13.2318
    endloop
  endfacet
  facet normal -0.500023 6.00667e-05 0.866012
    outer loop
      vertex -14.2849 -14.7419 13.7614
      vertex -15.3145 -14.397 13.1669
      vertex -15.2723 -14.892 13.1913
    endloop
  endfacet
  facet normal 0.413659 0 -0.910432
    outer loop
      vertex -1.40575 -22.6 24.6005
      vertex -1.33422 -21.5 24.633
      vertex -1.33422 -22.6 24.633
    endloop
  endfacet
  facet normal 0.413659 0 -0.910432
    outer loop
      vertex -1.33422 -21.5 24.633
      vertex -1.40575 -22.6 24.6005
      vertex -1.40575 -21.5 24.6005
    endloop
  endfacet
  facet normal -0.910812 0 -0.412821
    outer loop
      vertex 0.233655 -22.6 23.9835
      vertex 0.201248 -21.5 24.055
      vertex 0.233655 -21.5 23.9835
    endloop
  endfacet
  facet normal -0.910812 -0 -0.412821
    outer loop
      vertex 0.201248 -21.5 24.055
      vertex 0.233655 -22.6 23.9835
      vertex 0.201248 -22.6 24.055
    endloop
  endfacet
  facet normal -0.812718 0 -0.582658
    outer loop
      vertex 0.122764 -22.6 24.191
      vertex 0.0770242 -21.5 24.2548
      vertex 0.122764 -21.5 24.191
    endloop
  endfacet
  facet normal -0.812718 -0 -0.582658
    outer loop
      vertex 0.0770242 -21.5 24.2548
      vertex 0.122764 -22.6 24.191
      vertex 0.0770242 -22.6 24.2548
    endloop
  endfacet
  facet normal -0.849263 0 -0.527969
    outer loop
      vertex 0.16423 -22.6 24.1243
      vertex 0.122764 -21.5 24.191
      vertex 0.16423 -21.5 24.1243
    endloop
  endfacet
  facet normal -0.849263 -0 -0.527969
    outer loop
      vertex 0.122764 -21.5 24.191
      vertex 0.16423 -22.6 24.1243
      vertex 0.122764 -22.6 24.191
    endloop
  endfacet
  facet normal 0.882036 -0 0.471183
    outer loop
      vertex -1.95125 -22.6 22.9936
      vertex -1.91423 -21.5 22.9243
      vertex -1.95125 -21.5 22.9936
    endloop
  endfacet
  facet normal 0.882036 0 0.471183
    outer loop
      vertex -1.91423 -21.5 22.9243
      vertex -1.95125 -22.6 22.9936
      vertex -1.91423 -22.6 22.9243
    endloop
  endfacet
  facet normal 0.527477 0 0.849569
    outer loop
      vertex -1.54168 -21.5 22.5265
      vertex -1.475 -22.6 22.4851
      vertex -1.475 -21.5 22.4851
    endloop
  endfacet
  facet normal 0.527477 0 0.849569
    outer loop
      vertex -1.475 -22.6 22.4851
      vertex -1.54168 -21.5 22.5265
      vertex -1.54168 -22.6 22.5265
    endloop
  endfacet
  facet normal -0.98665 0 0.162855
    outer loop
      vertex 0.301942 -22.6 23.2902
      vertex 0.314734 -21.5 23.3677
      vertex 0.301942 -21.5 23.2902
    endloop
  endfacet
  facet normal -0.98665 0 0.162855
    outer loop
      vertex 0.314734 -21.5 23.3677
      vertex 0.301942 -22.6 23.2902
      vertex 0.314734 -22.6 23.3677
    endloop
  endfacet
  facet normal -0.999465 0 0.0327213
    outer loop
      vertex 0.32243 -22.6 23.4458
      vertex 0.325 -21.5 23.5243
      vertex 0.32243 -21.5 23.4458
    endloop
  endfacet
  facet normal -0.999465 0 0.0327213
    outer loop
      vertex 0.325 -21.5 23.5243
      vertex 0.32243 -22.6 23.4458
      vertex 0.325 -22.6 23.5243
    endloop
  endfacet
  facet normal 0.93592 0 -0.352212
    outer loop
      vertex -1.98366 -22.6 23.9835
      vertex -2.01132 -21.5 23.91
      vertex -1.98366 -21.5 23.9835
    endloop
  endfacet
  facet normal 0.93592 0 -0.352212
    outer loop
      vertex -2.01132 -21.5 23.91
      vertex -1.98366 -22.6 23.9835
      vertex -2.01132 -22.6 23.91
    endloop
  endfacet
  facet normal -0.773002 0 -0.634404
    outer loop
      vertex 0.0770242 -22.6 24.2548
      vertex 0.0272076 -21.5 24.3155
      vertex 0.0770242 -21.5 24.2548
    endloop
  endfacet
  facet normal -0.773002 -0 -0.634404
    outer loop
      vertex 0.0272076 -21.5 24.3155
      vertex 0.0770242 -22.6 24.2548
      vertex 0.0272076 -22.6 24.3155
    endloop
  endfacet
  facet normal -0.0331096 0 -0.999452
    outer loop
      vertex -0.875 -22.6 24.7243
      vertex -0.796516 -21.5 24.7217
      vertex -0.796516 -22.6 24.7217
    endloop
  endfacet
  facet normal -0.0331096 0 -0.999452
    outer loop
      vertex -0.796516 -21.5 24.7217
      vertex -0.875 -22.6 24.7243
      vertex -0.875 -21.5 24.7243
    endloop
  endfacet
  facet normal -0.582995 0 0.812476
    outer loop
      vertex -0.208315 -21.5 22.5265
      vertex -0.144487 -22.6 22.5723
      vertex -0.144487 -21.5 22.5723
    endloop
  endfacet
  facet normal -0.582995 0 0.812476
    outer loop
      vertex -0.144487 -22.6 22.5723
      vertex -0.208315 -21.5 22.5265
      vertex -0.208315 -22.6 22.5265
    endloop
  endfacet
  facet normal 0.910798 0 -0.412853
    outer loop
      vertex -1.95125 -22.6 24.055
      vertex -1.98366 -21.5 23.9835
      vertex -1.95125 -21.5 24.055
    endloop
  endfacet
  facet normal 0.910798 0 -0.412853
    outer loop
      vertex -1.98366 -21.5 23.9835
      vertex -1.95125 -22.6 24.055
      vertex -1.98366 -22.6 23.9835
    endloop
  endfacet
  facet normal 0.729783 0 -0.683678
    outer loop
      vertex -1.72353 -22.6 24.3728
      vertex -1.77721 -21.5 24.3155
      vertex -1.72353 -21.5 24.3728
    endloop
  endfacet
  facet normal 0.729783 0 -0.683678
    outer loop
      vertex -1.77721 -21.5 24.3155
      vertex -1.72353 -22.6 24.3728
      vertex -1.77721 -22.6 24.3155
    endloop
  endfacet
  facet normal -0.995179 0 -0.098078
    outer loop
      vertex 0.322431 -22.6 23.6028
      vertex 0.314734 -21.5 23.6809
      vertex 0.322431 -21.5 23.6028
    endloop
  endfacet
  facet normal -0.995179 -0 -0.098078
    outer loop
      vertex 0.314734 -21.5 23.6809
      vertex 0.322431 -22.6 23.6028
      vertex 0.314734 -22.6 23.6809
    endloop
  endfacet
  facet normal 0.812717 -0 0.582659
    outer loop
      vertex -1.87276 -22.6 22.8576
      vertex -1.82702 -21.5 22.7938
      vertex -1.87276 -21.5 22.8576
    endloop
  endfacet
  facet normal 0.812717 0 0.582659
    outer loop
      vertex -1.82702 -21.5 22.7938
      vertex -1.87276 -22.6 22.8576
      vertex -1.82702 -22.6 22.7938
    endloop
  endfacet
  facet normal 0.162995 0 -0.986627
    outer loop
      vertex -1.10911 -22.6 24.7012
      vertex -1.03163 -21.5 24.714
      vertex -1.03163 -22.6 24.714
    endloop
  endfacet
  facet normal 0.162995 0 -0.986627
    outer loop
      vertex -1.03163 -21.5 24.714
      vertex -1.10911 -22.6 24.7012
      vertex -1.10911 -21.5 24.7012
    endloop
  endfacet
  facet normal -0.527448 0 0.849587
    outer loop
      vertex -0.275 -21.5 22.4851
      vertex -0.208315 -22.6 22.5265
      vertex -0.208315 -21.5 22.5265
    endloop
  endfacet
  facet normal -0.527448 0 0.849587
    outer loop
      vertex -0.208315 -22.6 22.5265
      vertex -0.275 -21.5 22.4851
      vertex -0.275 -22.6 22.4851
    endloop
  endfacet
  facet normal -0.683733 0 0.729732
    outer loop
      vertex -0.0837851 -21.5 22.6221
      vertex -0.0264724 -22.6 22.6758
      vertex -0.0264724 -21.5 22.6758
    endloop
  endfacet
  facet normal -0.683733 0 0.729732
    outer loop
      vertex -0.0264724 -22.6 22.6758
      vertex -0.0837851 -21.5 22.6221
      vertex -0.0837851 -22.6 22.6221
    endloop
  endfacet
  facet normal -0.0980574 0 0.995181
    outer loop
      vertex -0.796515 -21.5 22.3269
      vertex -0.718368 -22.6 22.3346
      vertex -0.718368 -21.5 22.3346
    endloop
  endfacet
  facet normal -0.0980574 0 0.995181
    outer loop
      vertex -0.718368 -22.6 22.3346
      vertex -0.796515 -21.5 22.3269
      vertex -0.796515 -22.6 22.3269
    endloop
  endfacet
  facet normal 0.95691 0 -0.290386
    outer loop
      vertex -2.01132 -22.6 23.91
      vertex -2.03411 -21.5 23.8349
      vertex -2.01132 -21.5 23.91
    endloop
  endfacet
  facet normal 0.95691 0 -0.290386
    outer loop
      vertex -2.03411 -21.5 23.8349
      vertex -2.01132 -22.6 23.91
      vertex -2.03411 -22.6 23.8349
    endloop
  endfacet
  facet normal 0.582983 0 0.812485
    outer loop
      vertex -1.60551 -21.5 22.5723
      vertex -1.54168 -22.6 22.5265
      vertex -1.54168 -21.5 22.5265
    endloop
  endfacet
  facet normal 0.582983 0 0.812485
    outer loop
      vertex -1.54168 -22.6 22.5265
      vertex -1.60551 -21.5 22.5723
      vertex -1.60551 -22.6 22.5723
    endloop
  endfacet
  facet normal -0.163001 0 -0.986626
    outer loop
      vertex -0.718368 -22.6 24.714
      vertex -0.640891 -21.5 24.7012
      vertex -0.640891 -22.6 24.7012
    endloop
  endfacet
  facet normal -0.163001 0 -0.986626
    outer loop
      vertex -0.640891 -21.5 24.7012
      vertex -0.718368 -22.6 24.714
      vertex -0.718368 -21.5 24.714
    endloop
  endfacet
  facet normal 0.290325 0 -0.956928
    outer loop
      vertex -1.26073 -22.6 24.6606
      vertex -1.18558 -21.5 24.6834
      vertex -1.18558 -22.6 24.6834
    endloop
  endfacet
  facet normal 0.290325 0 -0.956928
    outer loop
      vertex -1.18558 -21.5 24.6834
      vertex -1.26073 -22.6 24.6606
      vertex -1.26073 -21.5 24.6606
    endloop
  endfacet
  facet normal -0.351572 0 -0.936161
    outer loop
      vertex -0.489273 -22.6 24.6606
      vertex -0.41578 -21.5 24.633
      vertex -0.41578 -22.6 24.633
    endloop
  endfacet
  facet normal -0.351572 0 -0.936161
    outer loop
      vertex -0.41578 -21.5 24.633
      vertex -0.489273 -22.6 24.6606
      vertex -0.489273 -21.5 24.6606
    endloop
  endfacet
  facet normal -0.773002 0 0.634404
    outer loop
      vertex 0.0272075 -22.6 22.7331
      vertex 0.0770241 -21.5 22.7938
      vertex 0.0272075 -21.5 22.7331
    endloop
  endfacet
  facet normal -0.773002 0 0.634404
    outer loop
      vertex 0.0770241 -21.5 22.7938
      vertex 0.0272075 -22.6 22.7331
      vertex 0.0770241 -22.6 22.7938
    endloop
  endfacet
  facet normal 0.849241 0 -0.528006
    outer loop
      vertex -1.87276 -22.6 24.191
      vertex -1.91423 -21.5 24.1243
      vertex -1.87276 -21.5 24.191
    endloop
  endfacet
  facet normal 0.849241 0 -0.528006
    outer loop
      vertex -1.91423 -21.5 24.1243
      vertex -1.87276 -22.6 24.191
      vertex -1.91423 -22.6 24.1243
    endloop
  endfacet
  facet normal -0.99518 0 0.0980654
    outer loop
      vertex 0.314734 -22.6 23.3677
      vertex 0.32243 -21.5 23.4458
      vertex 0.314734 -21.5 23.3677
    endloop
  endfacet
  facet normal -0.99518 0 0.0980654
    outer loop
      vertex 0.32243 -21.5 23.4458
      vertex 0.314734 -22.6 23.3677
      vertex 0.32243 -22.6 23.4458
    endloop
  endfacet
  facet normal -0.812723 0 0.58265
    outer loop
      vertex 0.0770241 -22.6 22.7938
      vertex 0.122763 -21.5 22.8576
      vertex 0.0770241 -21.5 22.7938
    endloop
  endfacet
  facet normal -0.812723 0 0.58265
    outer loop
      vertex 0.122763 -21.5 22.8576
      vertex 0.0770241 -22.6 22.7938
      vertex 0.122763 -22.6 22.8576
    endloop
  endfacet
  facet normal -0.729784 0 -0.683678
    outer loop
      vertex 0.0272076 -22.6 24.3155
      vertex -0.0264723 -21.5 24.3728
      vertex 0.0272076 -21.5 24.3155
    endloop
  endfacet
  facet normal -0.729784 -0 -0.683678
    outer loop
      vertex -0.0264723 -21.5 24.3728
      vertex 0.0272076 -22.6 24.3155
      vertex -0.0264723 -22.6 24.3728
    endloop
  endfacet
  facet normal -0.290343 0 0.956923
    outer loop
      vertex -0.564417 -21.5 22.3652
      vertex -0.489272 -22.6 22.388
      vertex -0.489272 -21.5 22.388
    endloop
  endfacet
  facet normal -0.290343 0 0.956923
    outer loop
      vertex -0.489272 -22.6 22.388
      vertex -0.564417 -21.5 22.3652
      vertex -0.564417 -22.6 22.3652
    endloop
  endfacet
  facet normal 0.162995 0 0.986627
    outer loop
      vertex -1.10911 -21.5 22.3474
      vertex -1.03163 -22.6 22.3346
      vertex -1.03163 -21.5 22.3346
    endloop
  endfacet
  facet normal 0.162995 0 0.986627
    outer loop
      vertex -1.03163 -22.6 22.3346
      vertex -1.10911 -21.5 22.3474
      vertex -1.10911 -22.6 22.3474
    endloop
  endfacet
  facet normal 0.973898 -0 0.226988
    outer loop
      vertex -2.05194 -22.6 23.2902
      vertex -2.03411 -21.5 23.2137
      vertex -2.05194 -21.5 23.2902
    endloop
  endfacet
  facet normal 0.973898 0 0.226988
    outer loop
      vertex -2.03411 -21.5 23.2137
      vertex -2.05194 -22.6 23.2902
      vertex -2.03411 -22.6 23.2137
    endloop
  endfacet
  facet normal -0.471228 0 -0.882011
    outer loop
      vertex -0.344254 -22.6 24.6005
      vertex -0.275 -21.5 24.5635
      vertex -0.275 -22.6 24.5635
    endloop
  endfacet
  facet normal -0.471228 0 -0.882011
    outer loop
      vertex -0.275 -21.5 24.5635
      vertex -0.344254 -22.6 24.6005
      vertex -0.344254 -21.5 24.6005
    endloop
  endfacet
  facet normal 0.290325 0 0.956928
    outer loop
      vertex -1.26073 -21.5 22.388
      vertex -1.18558 -22.6 22.3652
      vertex -1.18558 -21.5 22.3652
    endloop
  endfacet
  facet normal 0.290325 0 0.956928
    outer loop
      vertex -1.18558 -22.6 22.3652
      vertex -1.26073 -21.5 22.388
      vertex -1.26073 -22.6 22.388
    endloop
  endfacet
  facet normal -0.849258 0 0.527979
    outer loop
      vertex 0.122763 -22.6 22.8576
      vertex 0.16423 -21.5 22.9243
      vertex 0.122763 -21.5 22.8576
    endloop
  endfacet
  facet normal -0.849258 0 0.527979
    outer loop
      vertex 0.16423 -21.5 22.9243
      vertex 0.122763 -22.6 22.8576
      vertex 0.16423 -22.6 22.9243
    endloop
  endfacet
  facet normal -0.68373 0 -0.729735
    outer loop
      vertex -0.0837855 -22.6 24.4265
      vertex -0.0264723 -21.5 24.3728
      vertex -0.0264723 -22.6 24.3728
    endloop
  endfacet
  facet normal -0.68373 0 -0.729735
    outer loop
      vertex -0.0264723 -21.5 24.3728
      vertex -0.0837855 -22.6 24.4265
      vertex -0.0837855 -21.5 24.4265
    endloop
  endfacet
  facet normal -0.956896 0 -0.290432
    outer loop
      vertex 0.28411 -22.6 23.8349
      vertex 0.261316 -21.5 23.91
      vertex 0.28411 -21.5 23.8349
    endloop
  endfacet
  facet normal -0.956896 -0 -0.290432
    outer loop
      vertex 0.261316 -21.5 23.91
      vertex 0.28411 -22.6 23.8349
      vertex 0.261316 -22.6 23.91
    endloop
  endfacet
  facet normal 0.812717 0 -0.582659
    outer loop
      vertex -1.82702 -22.6 24.2548
      vertex -1.87276 -21.5 24.191
      vertex -1.82702 -21.5 24.2548
    endloop
  endfacet
  facet normal 0.812717 0 -0.582659
    outer loop
      vertex -1.87276 -21.5 24.191
      vertex -1.82702 -22.6 24.2548
      vertex -1.87276 -22.6 24.191
    endloop
  endfacet
  facet normal -0.882046 0 -0.471163
    outer loop
      vertex 0.201248 -22.6 24.055
      vertex 0.16423 -21.5 24.1243
      vertex 0.201248 -21.5 24.055
    endloop
  endfacet
  facet normal -0.882046 -0 -0.471163
    outer loop
      vertex 0.16423 -21.5 24.1243
      vertex 0.201248 -22.6 24.055
      vertex 0.16423 -22.6 24.1243
    endloop
  endfacet
  facet normal -0.0331096 0 0.999452
    outer loop
      vertex -0.874999 -21.5 22.3243
      vertex -0.796515 -22.6 22.3269
      vertex -0.796515 -21.5 22.3269
    endloop
  endfacet
  facet normal -0.0331096 0 0.999452
    outer loop
      vertex -0.796515 -22.6 22.3269
      vertex -0.874999 -21.5 22.3243
      vertex -0.874999 -22.6 22.3243
    endloop
  endfacet
  facet normal 0.773043 0 -0.634354
    outer loop
      vertex -1.77721 -22.6 24.3155
      vertex -1.82702 -21.5 24.2548
      vertex -1.77721 -21.5 24.3155
    endloop
  endfacet
  facet normal 0.773043 0 -0.634354
    outer loop
      vertex -1.82702 -21.5 24.2548
      vertex -1.77721 -22.6 24.3155
      vertex -1.82702 -22.6 24.2548
    endloop
  endfacet
  facet normal -0.290347 0 -0.956922
    outer loop
      vertex -0.564417 -22.6 24.6834
      vertex -0.489273 -21.5 24.6606
      vertex -0.489273 -22.6 24.6606
    endloop
  endfacet
  facet normal -0.290347 0 -0.956922
    outer loop
      vertex -0.489273 -21.5 24.6606
      vertex -0.564417 -22.6 24.6834
      vertex -0.564417 -21.5 24.6834
    endloop
  endfacet
  facet normal 0.0980586 0 0.995181
    outer loop
      vertex -1.03163 -21.5 22.3346
      vertex -0.953484 -22.6 22.3269
      vertex -0.953484 -21.5 22.3269
    endloop
  endfacet
  facet normal 0.0980586 0 0.995181
    outer loop
      vertex -0.953484 -22.6 22.3269
      vertex -1.03163 -21.5 22.3346
      vertex -1.03163 -22.6 22.3346
    endloop
  endfacet
  facet normal -0.956892 0 0.290444
    outer loop
      vertex 0.261316 -22.6 23.1386
      vertex 0.284111 -21.5 23.2137
      vertex 0.261316 -21.5 23.1386
    endloop
  endfacet
  facet normal -0.956892 0 0.290444
    outer loop
      vertex 0.284111 -21.5 23.2137
      vertex 0.261316 -22.6 23.1386
      vertex 0.284111 -22.6 23.2137
    endloop
  endfacet
  facet normal -0.582995 0 -0.812476
    outer loop
      vertex -0.208315 -22.6 24.5221
      vertex -0.144487 -21.5 24.4763
      vertex -0.144487 -22.6 24.4763
    endloop
  endfacet
  facet normal -0.582995 0 -0.812476
    outer loop
      vertex -0.144487 -21.5 24.4763
      vertex -0.208315 -22.6 24.5221
      vertex -0.208315 -21.5 24.5221
    endloop
  endfacet
  facet normal 0.527477 0 -0.849569
    outer loop
      vertex -1.54168 -22.6 24.5221
      vertex -1.475 -21.5 24.5635
      vertex -1.475 -22.6 24.5635
    endloop
  endfacet
  facet normal 0.527477 0 -0.849569
    outer loop
      vertex -1.475 -21.5 24.5635
      vertex -1.54168 -22.6 24.5221
      vertex -1.54168 -21.5 24.5221
    endloop
  endfacet
  facet normal -0.413678 0 -0.910423
    outer loop
      vertex -0.41578 -22.6 24.633
      vertex -0.344254 -21.5 24.6005
      vertex -0.344254 -22.6 24.6005
    endloop
  endfacet
  facet normal -0.413678 0 -0.910423
    outer loop
      vertex -0.344254 -21.5 24.6005
      vertex -0.41578 -22.6 24.633
      vertex -0.41578 -21.5 24.633
    endloop
  endfacet
  facet normal 0.935878 -0 0.352323
    outer loop
      vertex -2.01132 -22.6 23.1386
      vertex -1.98365 -21.5 23.0651
      vertex -2.01132 -21.5 23.1386
    endloop
  endfacet
  facet normal 0.935878 0 0.352323
    outer loop
      vertex -1.98365 -21.5 23.0651
      vertex -2.01132 -22.6 23.1386
      vertex -1.98365 -22.6 23.0651
    endloop
  endfacet
  facet normal 0.351584 0 0.936156
    outer loop
      vertex -1.33422 -21.5 22.4156
      vertex -1.26073 -22.6 22.388
      vertex -1.26073 -21.5 22.388
    endloop
  endfacet
  facet normal 0.351584 0 0.936156
    outer loop
      vertex -1.26073 -22.6 22.388
      vertex -1.33422 -21.5 22.4156
      vertex -1.33422 -22.6 22.4156
    endloop
  endfacet
  facet normal -0.527448 0 -0.849587
    outer loop
      vertex -0.275 -22.6 24.5635
      vertex -0.208315 -21.5 24.5221
      vertex -0.208315 -22.6 24.5221
    endloop
  endfacet
  facet normal -0.527448 0 -0.849587
    outer loop
      vertex -0.208315 -21.5 24.5221
      vertex -0.275 -22.6 24.5635
      vertex -0.275 -21.5 24.5635
    endloop
  endfacet
  facet normal 0.973898 0 -0.226988
    outer loop
      vertex -2.03411 -22.6 23.8349
      vertex -2.05194 -21.5 23.7584
      vertex -2.03411 -21.5 23.8349
    endloop
  endfacet
  facet normal 0.973898 0 -0.226988
    outer loop
      vertex -2.05194 -21.5 23.7584
      vertex -2.03411 -22.6 23.8349
      vertex -2.05194 -22.6 23.7584
    endloop
  endfacet
  facet normal 0.22671 0 0.973962
    outer loop
      vertex -1.18558 -21.5 22.3652
      vertex -1.10911 -22.6 22.3474
      vertex -1.10911 -21.5 22.3474
    endloop
  endfacet
  facet normal 0.22671 0 0.973962
    outer loop
      vertex -1.10911 -22.6 22.3474
      vertex -1.18558 -21.5 22.3652
      vertex -1.18558 -22.6 22.3652
    endloop
  endfacet
  facet normal -0.973895 0 0.227
    outer loop
      vertex 0.284111 -22.6 23.2137
      vertex 0.301942 -21.5 23.2902
      vertex 0.284111 -21.5 23.2137
    endloop
  endfacet
  facet normal -0.973895 0 0.227
    outer loop
      vertex 0.301942 -21.5 23.2902
      vertex 0.284111 -22.6 23.2137
      vertex 0.301942 -22.6 23.2902
    endloop
  endfacet
  facet normal 0.683687 0 -0.729775
    outer loop
      vertex -1.72353 -22.6 24.3728
      vertex -1.66621 -21.5 24.4265
      vertex -1.66621 -22.6 24.4265
    endloop
  endfacet
  facet normal 0.683687 0 -0.729775
    outer loop
      vertex -1.66621 -21.5 24.4265
      vertex -1.72353 -22.6 24.3728
      vertex -1.72353 -21.5 24.3728
    endloop
  endfacet
  facet normal -0.999465 0 -0.0327086
    outer loop
      vertex 0.325 -22.6 23.5243
      vertex 0.322431 -21.5 23.6028
      vertex 0.325 -21.5 23.5243
    endloop
  endfacet
  facet normal -0.999465 -0 -0.0327086
    outer loop
      vertex 0.322431 -21.5 23.6028
      vertex 0.325 -22.6 23.5243
      vertex 0.322431 -22.6 23.6028
    endloop
  endfacet
  facet normal -0.226699 0 0.973965
    outer loop
      vertex -0.640891 -21.5 22.3474
      vertex -0.564417 -22.6 22.3652
      vertex -0.564417 -21.5 22.3652
    endloop
  endfacet
  facet normal -0.226699 0 0.973965
    outer loop
      vertex -0.564417 -22.6 22.3652
      vertex -0.640891 -21.5 22.3474
      vertex -0.640891 -22.6 22.3474
    endloop
  endfacet
  facet normal 0.471249 0 -0.882
    outer loop
      vertex -1.475 -22.6 24.5635
      vertex -1.40575 -21.5 24.6005
      vertex -1.40575 -22.6 24.6005
    endloop
  endfacet
  facet normal 0.471249 0 -0.882
    outer loop
      vertex -1.40575 -21.5 24.6005
      vertex -1.475 -22.6 24.5635
      vertex -1.475 -21.5 24.5635
    endloop
  endfacet
  facet normal 0.729783 -0 0.683678
    outer loop
      vertex -1.77721 -22.6 22.7331
      vertex -1.72353 -21.5 22.6758
      vertex -1.77721 -21.5 22.7331
    endloop
  endfacet
  facet normal 0.729783 0 0.683678
    outer loop
      vertex -1.72353 -21.5 22.6758
      vertex -1.77721 -22.6 22.7331
      vertex -1.72353 -22.6 22.6758
    endloop
  endfacet
  facet normal -0.634266 0 0.773115
    outer loop
      vertex -0.144487 -21.5 22.5723
      vertex -0.0837851 -22.6 22.6221
      vertex -0.0837851 -21.5 22.6221
    endloop
  endfacet
  facet normal -0.634266 0 0.773115
    outer loop
      vertex -0.0837851 -22.6 22.6221
      vertex -0.144487 -21.5 22.5723
      vertex -0.144487 -22.6 22.5723
    endloop
  endfacet
  facet normal 0.882036 0 -0.471183
    outer loop
      vertex -1.91423 -22.6 24.1243
      vertex -1.95125 -21.5 24.055
      vertex -1.91423 -21.5 24.1243
    endloop
  endfacet
  facet normal 0.882036 0 -0.471183
    outer loop
      vertex -1.95125 -21.5 24.055
      vertex -1.91423 -22.6 24.1243
      vertex -1.95125 -22.6 24.055
    endloop
  endfacet
  facet normal -0.471233 0 0.882009
    outer loop
      vertex -0.344253 -21.5 22.4481
      vertex -0.275 -22.6 22.4851
      vertex -0.275 -21.5 22.4851
    endloop
  endfacet
  facet normal -0.471233 0 0.882009
    outer loop
      vertex -0.275 -22.6 22.4851
      vertex -0.344253 -21.5 22.4481
      vertex -0.344253 -22.6 22.4481
    endloop
  endfacet
  facet normal -0.882052 0 0.471153
    outer loop
      vertex 0.16423 -22.6 22.9243
      vertex 0.201247 -21.5 22.9936
      vertex 0.16423 -21.5 22.9243
    endloop
  endfacet
  facet normal -0.882052 0 0.471153
    outer loop
      vertex 0.201247 -21.5 22.9936
      vertex 0.16423 -22.6 22.9243
      vertex 0.201247 -22.6 22.9936
    endloop
  endfacet
  facet normal 0.413659 0 0.910432
    outer loop
      vertex -1.40575 -21.5 22.4481
      vertex -1.33422 -22.6 22.4156
      vertex -1.33422 -21.5 22.4156
    endloop
  endfacet
  facet normal 0.413659 0 0.910432
    outer loop
      vertex -1.33422 -22.6 22.4156
      vertex -1.40575 -21.5 22.4481
      vertex -1.40575 -22.6 22.4481
    endloop
  endfacet
  facet normal 0.582983 0 -0.812485
    outer loop
      vertex -1.60551 -22.6 24.4763
      vertex -1.54168 -21.5 24.5221
      vertex -1.54168 -22.6 24.5221
    endloop
  endfacet
  facet normal 0.582983 0 -0.812485
    outer loop
      vertex -1.54168 -21.5 24.5221
      vertex -1.60551 -22.6 24.4763
      vertex -1.60551 -21.5 24.4763
    endloop
  endfacet
  facet normal 0.0980599 0 -0.995181
    outer loop
      vertex -1.03163 -22.6 24.714
      vertex -0.953485 -21.5 24.7217
      vertex -0.953485 -22.6 24.7217
    endloop
  endfacet
  facet normal 0.0980599 0 -0.995181
    outer loop
      vertex -0.953485 -21.5 24.7217
      vertex -1.03163 -22.6 24.714
      vertex -1.03163 -21.5 24.714
    endloop
  endfacet
  facet normal 0.634278 0 0.773105
    outer loop
      vertex -1.66621 -21.5 22.6221
      vertex -1.60551 -22.6 22.5723
      vertex -1.60551 -21.5 22.5723
    endloop
  endfacet
  facet normal 0.634278 0 0.773105
    outer loop
      vertex -1.60551 -22.6 22.5723
      vertex -1.66621 -21.5 22.6221
      vertex -1.66621 -22.6 22.6221
    endloop
  endfacet
  facet normal 0.999465 0 -0.0327213
    outer loop
      vertex -2.07243 -22.6 23.6028
      vertex -2.075 -21.5 23.5243
      vertex -2.07243 -21.5 23.6028
    endloop
  endfacet
  facet normal 0.999465 0 -0.0327213
    outer loop
      vertex -2.075 -21.5 23.5243
      vertex -2.07243 -22.6 23.6028
      vertex -2.075 -22.6 23.5243
    endloop
  endfacet
  facet normal -0.0980562 0 -0.995181
    outer loop
      vertex -0.796516 -22.6 24.7217
      vertex -0.718368 -21.5 24.714
      vertex -0.718368 -22.6 24.714
    endloop
  endfacet
  facet normal -0.0980562 0 -0.995181
    outer loop
      vertex -0.718368 -21.5 24.714
      vertex -0.796516 -22.6 24.7217
      vertex -0.796516 -21.5 24.7217
    endloop
  endfacet
  facet normal -0.98665 0 -0.162855
    outer loop
      vertex 0.314734 -22.6 23.6809
      vertex 0.301942 -21.5 23.7584
      vertex 0.314734 -21.5 23.6809
    endloop
  endfacet
  facet normal -0.98665 -0 -0.162855
    outer loop
      vertex 0.301942 -21.5 23.7584
      vertex 0.314734 -22.6 23.6809
      vertex 0.301942 -22.6 23.7584
    endloop
  endfacet
  facet normal -0.634268 0 -0.773113
    outer loop
      vertex -0.144487 -22.6 24.4763
      vertex -0.0837855 -21.5 24.4265
      vertex -0.0837855 -22.6 24.4265
    endloop
  endfacet
  facet normal -0.634268 0 -0.773113
    outer loop
      vertex -0.0837855 -21.5 24.4265
      vertex -0.144487 -22.6 24.4763
      vertex -0.144487 -21.5 24.4763
    endloop
  endfacet
  facet normal -0.351572 0 0.936161
    outer loop
      vertex -0.489272 -21.5 22.388
      vertex -0.415779 -22.6 22.4156
      vertex -0.415779 -21.5 22.4156
    endloop
  endfacet
  facet normal -0.351572 0 0.936161
    outer loop
      vertex -0.415779 -22.6 22.4156
      vertex -0.489272 -21.5 22.388
      vertex -0.489272 -22.6 22.388
    endloop
  endfacet
  facet normal 0.995175 0 -0.0981158
    outer loop
      vertex -2.06473 -22.6 23.6809
      vertex -2.07243 -21.5 23.6028
      vertex -2.06473 -21.5 23.6809
    endloop
  endfacet
  facet normal 0.995175 0 -0.0981158
    outer loop
      vertex -2.07243 -21.5 23.6028
      vertex -2.06473 -22.6 23.6809
      vertex -2.07243 -22.6 23.6028
    endloop
  endfacet
  facet normal 0.95691 -0 0.290386
    outer loop
      vertex -2.03411 -22.6 23.2137
      vertex -2.01132 -21.5 23.1386
      vertex -2.03411 -21.5 23.2137
    endloop
  endfacet
  facet normal 0.95691 0 0.290386
    outer loop
      vertex -2.01132 -21.5 23.1386
      vertex -2.03411 -22.6 23.2137
      vertex -2.01132 -22.6 23.1386
    endloop
  endfacet
  facet normal -0.226699 0 -0.973965
    outer loop
      vertex -0.640891 -22.6 24.7012
      vertex -0.564417 -21.5 24.6834
      vertex -0.564417 -22.6 24.6834
    endloop
  endfacet
  facet normal -0.226699 0 -0.973965
    outer loop
      vertex -0.564417 -21.5 24.6834
      vertex -0.640891 -22.6 24.7012
      vertex -0.640891 -21.5 24.7012
    endloop
  endfacet
  facet normal 0.683687 0 0.729775
    outer loop
      vertex -1.72353 -21.5 22.6758
      vertex -1.66621 -22.6 22.6221
      vertex -1.66621 -21.5 22.6221
    endloop
  endfacet
  facet normal 0.683687 0 0.729775
    outer loop
      vertex -1.66621 -22.6 22.6221
      vertex -1.72353 -21.5 22.6758
      vertex -1.72353 -22.6 22.6758
    endloop
  endfacet
  facet normal -0.973892 0 -0.227012
    outer loop
      vertex 0.301942 -22.6 23.7584
      vertex 0.28411 -21.5 23.8349
      vertex 0.301942 -21.5 23.7584
    endloop
  endfacet
  facet normal -0.973892 -0 -0.227012
    outer loop
      vertex 0.28411 -21.5 23.8349
      vertex 0.301942 -22.6 23.7584
      vertex 0.28411 -22.6 23.8349
    endloop
  endfacet
  facet normal 0.22671 0 -0.973962
    outer loop
      vertex -1.18558 -22.6 24.6834
      vertex -1.10911 -21.5 24.7012
      vertex -1.10911 -22.6 24.7012
    endloop
  endfacet
  facet normal 0.22671 0 -0.973962
    outer loop
      vertex -1.10911 -21.5 24.7012
      vertex -1.18558 -22.6 24.6834
      vertex -1.18558 -21.5 24.6834
    endloop
  endfacet
  facet normal 0.634278 0 -0.773105
    outer loop
      vertex -1.66621 -22.6 24.4265
      vertex -1.60551 -21.5 24.4763
      vertex -1.60551 -22.6 24.4763
    endloop
  endfacet
  facet normal 0.634278 0 -0.773105
    outer loop
      vertex -1.60551 -21.5 24.4763
      vertex -1.66621 -22.6 24.4265
      vertex -1.66621 -21.5 24.4265
    endloop
  endfacet
  facet normal -0.729784 0 0.683678
    outer loop
      vertex -0.0264724 -22.6 22.6758
      vertex 0.0272075 -21.5 22.7331
      vertex -0.0264724 -21.5 22.6758
    endloop
  endfacet
  facet normal -0.729784 0 0.683678
    outer loop
      vertex 0.0272075 -21.5 22.7331
      vertex -0.0264724 -22.6 22.6758
      vertex 0.0272075 -22.6 22.7331
    endloop
  endfacet
  facet normal 0.910846 -0 0.412747
    outer loop
      vertex -1.98365 -22.6 23.0651
      vertex -1.95125 -21.5 22.9936
      vertex -1.98365 -21.5 23.0651
    endloop
  endfacet
  facet normal 0.910846 0 0.412747
    outer loop
      vertex -1.95125 -21.5 22.9936
      vertex -1.98365 -22.6 23.0651
      vertex -1.95125 -22.6 22.9936
    endloop
  endfacet
  facet normal -0.935916 0 -0.352223
    outer loop
      vertex 0.261316 -22.6 23.91
      vertex 0.233655 -21.5 23.9835
      vertex 0.261316 -21.5 23.91
    endloop
  endfacet
  facet normal -0.935916 -0 -0.352223
    outer loop
      vertex 0.233655 -21.5 23.9835
      vertex 0.261316 -22.6 23.91
      vertex 0.233655 -22.6 23.9835
    endloop
  endfacet
  facet normal -0.163001 0 0.986626
    outer loop
      vertex -0.718368 -21.5 22.3346
      vertex -0.640891 -22.6 22.3474
      vertex -0.640891 -21.5 22.3474
    endloop
  endfacet
  facet normal -0.163001 0 0.986626
    outer loop
      vertex -0.640891 -22.6 22.3474
      vertex -0.718368 -21.5 22.3346
      vertex -0.718368 -22.6 22.3346
    endloop
  endfacet
  facet normal 0.986654 0 -0.16283
    outer loop
      vertex -2.05194 -22.6 23.7584
      vertex -2.06473 -21.5 23.6809
      vertex -2.05194 -21.5 23.7584
    endloop
  endfacet
  facet normal 0.986654 0 -0.16283
    outer loop
      vertex -2.06473 -21.5 23.6809
      vertex -2.05194 -22.6 23.7584
      vertex -2.06473 -22.6 23.6809
    endloop
  endfacet
  facet normal -0.413678 0 0.910423
    outer loop
      vertex -0.415779 -21.5 22.4156
      vertex -0.344253 -22.6 22.4481
      vertex -0.344253 -21.5 22.4481
    endloop
  endfacet
  facet normal -0.413678 0 0.910423
    outer loop
      vertex -0.344253 -22.6 22.4481
      vertex -0.415779 -21.5 22.4156
      vertex -0.415779 -22.6 22.4156
    endloop
  endfacet
  facet normal 0.0331092 0 0.999452
    outer loop
      vertex -0.953484 -21.5 22.3269
      vertex -0.874999 -22.6 22.3243
      vertex -0.874999 -21.5 22.3243
    endloop
  endfacet
  facet normal 0.0331092 0 0.999452
    outer loop
      vertex -0.874999 -22.6 22.3243
      vertex -0.953484 -21.5 22.3269
      vertex -0.953484 -22.6 22.3269
    endloop
  endfacet
  facet normal 0.773043 -0 0.634354
    outer loop
      vertex -1.82702 -22.6 22.7938
      vertex -1.77721 -21.5 22.7331
      vertex -1.82702 -21.5 22.7938
    endloop
  endfacet
  facet normal 0.773043 0 0.634354
    outer loop
      vertex -1.77721 -21.5 22.7331
      vertex -1.82702 -22.6 22.7938
      vertex -1.77721 -22.6 22.7331
    endloop
  endfacet
  facet normal -0.93592 0 0.352212
    outer loop
      vertex 0.233656 -22.6 23.0651
      vertex 0.261316 -21.5 23.1386
      vertex 0.233656 -21.5 23.0651
    endloop
  endfacet
  facet normal -0.93592 0 0.352212
    outer loop
      vertex 0.261316 -21.5 23.1386
      vertex 0.233656 -22.6 23.0651
      vertex 0.261316 -22.6 23.1386
    endloop
  endfacet
  facet normal 0.0331092 0 -0.999452
    outer loop
      vertex -0.953485 -22.6 24.7217
      vertex -0.875 -21.5 24.7243
      vertex -0.875 -22.6 24.7243
    endloop
  endfacet
  facet normal 0.0331092 0 -0.999452
    outer loop
      vertex -0.875 -21.5 24.7243
      vertex -0.953485 -22.6 24.7217
      vertex -0.953485 -21.5 24.7217
    endloop
  endfacet
  facet normal 0.351584 0 -0.936156
    outer loop
      vertex -1.33422 -22.6 24.633
      vertex -1.26073 -21.5 24.6606
      vertex -1.26073 -22.6 24.6606
    endloop
  endfacet
  facet normal 0.351584 0 -0.936156
    outer loop
      vertex -1.26073 -21.5 24.6606
      vertex -1.33422 -22.6 24.633
      vertex -1.33422 -21.5 24.633
    endloop
  endfacet
  facet normal -0.910803 0 0.412842
    outer loop
      vertex 0.201247 -22.6 22.9936
      vertex 0.233656 -21.5 23.0651
      vertex 0.201247 -21.5 22.9936
    endloop
  endfacet
  facet normal -0.910803 0 0.412842
    outer loop
      vertex 0.233656 -21.5 23.0651
      vertex 0.201247 -22.6 22.9936
      vertex 0.233656 -22.6 23.0651
    endloop
  endfacet
  facet normal 0.999465 -0 0.0327213
    outer loop
      vertex -2.075 -22.6 23.5243
      vertex -2.07243 -21.5 23.4458
      vertex -2.075 -21.5 23.5243
    endloop
  endfacet
  facet normal 0.999465 0 0.0327213
    outer loop
      vertex -2.07243 -21.5 23.4458
      vertex -2.075 -22.6 23.5243
      vertex -2.07243 -22.6 23.4458
    endloop
  endfacet
  facet normal 0.995175 -0 0.0981158
    outer loop
      vertex -2.07243 -22.6 23.4458
      vertex -2.06473 -21.5 23.3677
      vertex -2.07243 -21.5 23.4458
    endloop
  endfacet
  facet normal 0.995175 0 0.0981158
    outer loop
      vertex -2.06473 -21.5 23.3677
      vertex -2.07243 -22.6 23.4458
      vertex -2.06473 -22.6 23.3677
    endloop
  endfacet
  facet normal 0.471249 0 0.882
    outer loop
      vertex -1.475 -21.5 22.4851
      vertex -1.40575 -22.6 22.4481
      vertex -1.40575 -21.5 22.4481
    endloop
  endfacet
  facet normal 0.471249 0 0.882
    outer loop
      vertex -1.40575 -22.6 22.4481
      vertex -1.475 -21.5 22.4851
      vertex -1.475 -22.6 22.4851
    endloop
  endfacet
  facet normal 0.849241 -0 0.528006
    outer loop
      vertex -1.91423 -22.6 22.9243
      vertex -1.87276 -21.5 22.8576
      vertex -1.91423 -21.5 22.9243
    endloop
  endfacet
  facet normal 0.849241 0 0.528006
    outer loop
      vertex -1.87276 -21.5 22.8576
      vertex -1.91423 -22.6 22.9243
      vertex -1.87276 -22.6 22.8576
    endloop
  endfacet
  facet normal 0.986654 -0 0.16283
    outer loop
      vertex -2.06473 -22.6 23.3677
      vertex -2.05194 -21.5 23.2902
      vertex -2.06473 -21.5 23.3677
    endloop
  endfacet
  facet normal 0.986654 0 0.16283
    outer loop
      vertex -2.05194 -21.5 23.2902
      vertex -2.06473 -22.6 23.3677
      vertex -2.05194 -22.6 23.2902
    endloop
  endfacet
  facet normal 0.413659 0 -0.910432
    outer loop
      vertex -1.40575 21.5 24.6005
      vertex -1.33422 22.6 24.633
      vertex -1.33422 21.5 24.633
    endloop
  endfacet
  facet normal 0.413659 0 -0.910432
    outer loop
      vertex -1.33422 22.6 24.633
      vertex -1.40575 21.5 24.6005
      vertex -1.40575 22.6 24.6005
    endloop
  endfacet
  facet normal -0.910812 0 -0.412821
    outer loop
      vertex 0.233655 21.5 23.9835
      vertex 0.201248 22.6 24.055
      vertex 0.233655 22.6 23.9835
    endloop
  endfacet
  facet normal -0.910812 -0 -0.412821
    outer loop
      vertex 0.201248 22.6 24.055
      vertex 0.233655 21.5 23.9835
      vertex 0.201248 21.5 24.055
    endloop
  endfacet
  facet normal -0.812718 0 -0.582658
    outer loop
      vertex 0.122764 21.5 24.191
      vertex 0.0770242 22.6 24.2548
      vertex 0.122764 22.6 24.191
    endloop
  endfacet
  facet normal -0.812718 -0 -0.582658
    outer loop
      vertex 0.0770242 22.6 24.2548
      vertex 0.122764 21.5 24.191
      vertex 0.0770242 21.5 24.2548
    endloop
  endfacet
  facet normal -0.849263 0 -0.527969
    outer loop
      vertex 0.16423 21.5 24.1243
      vertex 0.122764 22.6 24.191
      vertex 0.16423 22.6 24.1243
    endloop
  endfacet
  facet normal -0.849263 -0 -0.527969
    outer loop
      vertex 0.122764 22.6 24.191
      vertex 0.16423 21.5 24.1243
      vertex 0.122764 21.5 24.191
    endloop
  endfacet
  facet normal 0.882036 -0 0.471183
    outer loop
      vertex -1.95125 21.5 22.9936
      vertex -1.91423 22.6 22.9243
      vertex -1.95125 22.6 22.9936
    endloop
  endfacet
  facet normal 0.882036 0 0.471183
    outer loop
      vertex -1.91423 22.6 22.9243
      vertex -1.95125 21.5 22.9936
      vertex -1.91423 21.5 22.9243
    endloop
  endfacet
  facet normal 0.527477 0 0.849569
    outer loop
      vertex -1.54168 22.6 22.5265
      vertex -1.475 21.5 22.4851
      vertex -1.475 22.6 22.4851
    endloop
  endfacet
  facet normal 0.527477 0 0.849569
    outer loop
      vertex -1.475 21.5 22.4851
      vertex -1.54168 22.6 22.5265
      vertex -1.54168 21.5 22.5265
    endloop
  endfacet
  facet normal -0.98665 0 0.162855
    outer loop
      vertex 0.301942 21.5 23.2902
      vertex 0.314734 22.6 23.3677
      vertex 0.301942 22.6 23.2902
    endloop
  endfacet
  facet normal -0.98665 0 0.162855
    outer loop
      vertex 0.314734 22.6 23.3677
      vertex 0.301942 21.5 23.2902
      vertex 0.314734 21.5 23.3677
    endloop
  endfacet
  facet normal -0.999465 0 0.0327213
    outer loop
      vertex 0.32243 21.5 23.4458
      vertex 0.325 22.6 23.5243
      vertex 0.32243 22.6 23.4458
    endloop
  endfacet
  facet normal -0.999465 0 0.0327213
    outer loop
      vertex 0.325 22.6 23.5243
      vertex 0.32243 21.5 23.4458
      vertex 0.325 21.5 23.5243
    endloop
  endfacet
  facet normal 0.93592 0 -0.352212
    outer loop
      vertex -1.98366 21.5 23.9835
      vertex -2.01132 22.6 23.91
      vertex -1.98366 22.6 23.9835
    endloop
  endfacet
  facet normal 0.93592 0 -0.352212
    outer loop
      vertex -2.01132 22.6 23.91
      vertex -1.98366 21.5 23.9835
      vertex -2.01132 21.5 23.91
    endloop
  endfacet
  facet normal -0.773002 0 -0.634404
    outer loop
      vertex 0.0770242 21.5 24.2548
      vertex 0.0272076 22.6 24.3155
      vertex 0.0770242 22.6 24.2548
    endloop
  endfacet
  facet normal -0.773002 -0 -0.634404
    outer loop
      vertex 0.0272076 22.6 24.3155
      vertex 0.0770242 21.5 24.2548
      vertex 0.0272076 21.5 24.3155
    endloop
  endfacet
  facet normal -0.0331096 0 -0.999452
    outer loop
      vertex -0.875 21.5 24.7243
      vertex -0.796516 22.6 24.7217
      vertex -0.796516 21.5 24.7217
    endloop
  endfacet
  facet normal -0.0331096 0 -0.999452
    outer loop
      vertex -0.796516 22.6 24.7217
      vertex -0.875 21.5 24.7243
      vertex -0.875 22.6 24.7243
    endloop
  endfacet
  facet normal -0.582995 0 0.812476
    outer loop
      vertex -0.208315 22.6 22.5265
      vertex -0.144487 21.5 22.5723
      vertex -0.144487 22.6 22.5723
    endloop
  endfacet
  facet normal -0.582995 0 0.812476
    outer loop
      vertex -0.144487 21.5 22.5723
      vertex -0.208315 22.6 22.5265
      vertex -0.208315 21.5 22.5265
    endloop
  endfacet
  facet normal 0.910798 0 -0.412853
    outer loop
      vertex -1.95125 21.5 24.055
      vertex -1.98366 22.6 23.9835
      vertex -1.95125 22.6 24.055
    endloop
  endfacet
  facet normal 0.910798 0 -0.412853
    outer loop
      vertex -1.98366 22.6 23.9835
      vertex -1.95125 21.5 24.055
      vertex -1.98366 21.5 23.9835
    endloop
  endfacet
  facet normal 0.729783 0 -0.683678
    outer loop
      vertex -1.72353 21.5 24.3728
      vertex -1.77721 22.6 24.3155
      vertex -1.72353 22.6 24.3728
    endloop
  endfacet
  facet normal 0.729783 0 -0.683678
    outer loop
      vertex -1.77721 22.6 24.3155
      vertex -1.72353 21.5 24.3728
      vertex -1.77721 21.5 24.3155
    endloop
  endfacet
  facet normal -0.995179 0 -0.098078
    outer loop
      vertex 0.322431 21.5 23.6028
      vertex 0.314734 22.6 23.6809
      vertex 0.322431 22.6 23.6028
    endloop
  endfacet
  facet normal -0.995179 -0 -0.098078
    outer loop
      vertex 0.314734 22.6 23.6809
      vertex 0.322431 21.5 23.6028
      vertex 0.314734 21.5 23.6809
    endloop
  endfacet
  facet normal 0.812717 -0 0.582659
    outer loop
      vertex -1.87276 21.5 22.8576
      vertex -1.82702 22.6 22.7938
      vertex -1.87276 22.6 22.8576
    endloop
  endfacet
  facet normal 0.812717 0 0.582659
    outer loop
      vertex -1.82702 22.6 22.7938
      vertex -1.87276 21.5 22.8576
      vertex -1.82702 21.5 22.7938
    endloop
  endfacet
  facet normal 0.162995 0 -0.986627
    outer loop
      vertex -1.10911 21.5 24.7012
      vertex -1.03163 22.6 24.714
      vertex -1.03163 21.5 24.714
    endloop
  endfacet
  facet normal 0.162995 0 -0.986627
    outer loop
      vertex -1.03163 22.6 24.714
      vertex -1.10911 21.5 24.7012
      vertex -1.10911 22.6 24.7012
    endloop
  endfacet
  facet normal -0.527448 0 0.849587
    outer loop
      vertex -0.275 22.6 22.4851
      vertex -0.208315 21.5 22.5265
      vertex -0.208315 22.6 22.5265
    endloop
  endfacet
  facet normal -0.527448 0 0.849587
    outer loop
      vertex -0.208315 21.5 22.5265
      vertex -0.275 22.6 22.4851
      vertex -0.275 21.5 22.4851
    endloop
  endfacet
  facet normal -0.683733 0 0.729732
    outer loop
      vertex -0.0837851 22.6 22.6221
      vertex -0.0264724 21.5 22.6758
      vertex -0.0264724 22.6 22.6758
    endloop
  endfacet
  facet normal -0.683733 0 0.729732
    outer loop
      vertex -0.0264724 21.5 22.6758
      vertex -0.0837851 22.6 22.6221
      vertex -0.0837851 21.5 22.6221
    endloop
  endfacet
  facet normal -0.0980574 0 0.995181
    outer loop
      vertex -0.796515 22.6 22.3269
      vertex -0.718368 21.5 22.3346
      vertex -0.718368 22.6 22.3346
    endloop
  endfacet
  facet normal -0.0980574 0 0.995181
    outer loop
      vertex -0.718368 21.5 22.3346
      vertex -0.796515 22.6 22.3269
      vertex -0.796515 21.5 22.3269
    endloop
  endfacet
  facet normal 0.95691 0 -0.290386
    outer loop
      vertex -2.01132 21.5 23.91
      vertex -2.03411 22.6 23.8349
      vertex -2.01132 22.6 23.91
    endloop
  endfacet
  facet normal 0.95691 0 -0.290386
    outer loop
      vertex -2.03411 22.6 23.8349
      vertex -2.01132 21.5 23.91
      vertex -2.03411 21.5 23.8349
    endloop
  endfacet
  facet normal 0.582983 0 0.812485
    outer loop
      vertex -1.60551 22.6 22.5723
      vertex -1.54168 21.5 22.5265
      vertex -1.54168 22.6 22.5265
    endloop
  endfacet
  facet normal 0.582983 0 0.812485
    outer loop
      vertex -1.54168 21.5 22.5265
      vertex -1.60551 22.6 22.5723
      vertex -1.60551 21.5 22.5723
    endloop
  endfacet
  facet normal -0.163001 0 -0.986626
    outer loop
      vertex -0.718368 21.5 24.714
      vertex -0.640891 22.6 24.7012
      vertex -0.640891 21.5 24.7012
    endloop
  endfacet
  facet normal -0.163001 0 -0.986626
    outer loop
      vertex -0.640891 22.6 24.7012
      vertex -0.718368 21.5 24.714
      vertex -0.718368 22.6 24.714
    endloop
  endfacet
  facet normal 0.290325 0 -0.956928
    outer loop
      vertex -1.26073 21.5 24.6606
      vertex -1.18558 22.6 24.6834
      vertex -1.18558 21.5 24.6834
    endloop
  endfacet
  facet normal 0.290325 0 -0.956928
    outer loop
      vertex -1.18558 22.6 24.6834
      vertex -1.26073 21.5 24.6606
      vertex -1.26073 22.6 24.6606
    endloop
  endfacet
  facet normal -0.351572 0 -0.936161
    outer loop
      vertex -0.489273 21.5 24.6606
      vertex -0.41578 22.6 24.633
      vertex -0.41578 21.5 24.633
    endloop
  endfacet
  facet normal -0.351572 0 -0.936161
    outer loop
      vertex -0.41578 22.6 24.633
      vertex -0.489273 21.5 24.6606
      vertex -0.489273 22.6 24.6606
    endloop
  endfacet
  facet normal -0.773002 0 0.634404
    outer loop
      vertex 0.0272075 21.5 22.7331
      vertex 0.0770241 22.6 22.7938
      vertex 0.0272075 22.6 22.7331
    endloop
  endfacet
  facet normal -0.773002 0 0.634404
    outer loop
      vertex 0.0770241 22.6 22.7938
      vertex 0.0272075 21.5 22.7331
      vertex 0.0770241 21.5 22.7938
    endloop
  endfacet
  facet normal 0.849241 0 -0.528006
    outer loop
      vertex -1.87276 21.5 24.191
      vertex -1.91423 22.6 24.1243
      vertex -1.87276 22.6 24.191
    endloop
  endfacet
  facet normal 0.849241 0 -0.528006
    outer loop
      vertex -1.91423 22.6 24.1243
      vertex -1.87276 21.5 24.191
      vertex -1.91423 21.5 24.1243
    endloop
  endfacet
  facet normal -0.99518 0 0.0980654
    outer loop
      vertex 0.314734 21.5 23.3677
      vertex 0.32243 22.6 23.4458
      vertex 0.314734 22.6 23.3677
    endloop
  endfacet
  facet normal -0.99518 0 0.0980654
    outer loop
      vertex 0.32243 22.6 23.4458
      vertex 0.314734 21.5 23.3677
      vertex 0.32243 21.5 23.4458
    endloop
  endfacet
  facet normal -0.812723 0 0.58265
    outer loop
      vertex 0.0770241 21.5 22.7938
      vertex 0.122763 22.6 22.8576
      vertex 0.0770241 22.6 22.7938
    endloop
  endfacet
  facet normal -0.812723 0 0.58265
    outer loop
      vertex 0.122763 22.6 22.8576
      vertex 0.0770241 21.5 22.7938
      vertex 0.122763 21.5 22.8576
    endloop
  endfacet
  facet normal -0.729784 0 -0.683678
    outer loop
      vertex 0.0272076 21.5 24.3155
      vertex -0.0264723 22.6 24.3728
      vertex 0.0272076 22.6 24.3155
    endloop
  endfacet
  facet normal -0.729784 -0 -0.683678
    outer loop
      vertex -0.0264723 22.6 24.3728
      vertex 0.0272076 21.5 24.3155
      vertex -0.0264723 21.5 24.3728
    endloop
  endfacet
  facet normal -0.290343 0 0.956923
    outer loop
      vertex -0.564417 22.6 22.3652
      vertex -0.489272 21.5 22.388
      vertex -0.489272 22.6 22.388
    endloop
  endfacet
  facet normal -0.290343 0 0.956923
    outer loop
      vertex -0.489272 21.5 22.388
      vertex -0.564417 22.6 22.3652
      vertex -0.564417 21.5 22.3652
    endloop
  endfacet
  facet normal 0.162995 0 0.986627
    outer loop
      vertex -1.10911 22.6 22.3474
      vertex -1.03163 21.5 22.3346
      vertex -1.03163 22.6 22.3346
    endloop
  endfacet
  facet normal 0.162995 0 0.986627
    outer loop
      vertex -1.03163 21.5 22.3346
      vertex -1.10911 22.6 22.3474
      vertex -1.10911 21.5 22.3474
    endloop
  endfacet
  facet normal 0.973898 -0 0.226988
    outer loop
      vertex -2.05194 21.5 23.2902
      vertex -2.03411 22.6 23.2137
      vertex -2.05194 22.6 23.2902
    endloop
  endfacet
  facet normal 0.973898 0 0.226988
    outer loop
      vertex -2.03411 22.6 23.2137
      vertex -2.05194 21.5 23.2902
      vertex -2.03411 21.5 23.2137
    endloop
  endfacet
  facet normal -0.471228 0 -0.882011
    outer loop
      vertex -0.344254 21.5 24.6005
      vertex -0.275 22.6 24.5635
      vertex -0.275 21.5 24.5635
    endloop
  endfacet
  facet normal -0.471228 0 -0.882011
    outer loop
      vertex -0.275 22.6 24.5635
      vertex -0.344254 21.5 24.6005
      vertex -0.344254 22.6 24.6005
    endloop
  endfacet
  facet normal 0.290325 0 0.956928
    outer loop
      vertex -1.26073 22.6 22.388
      vertex -1.18558 21.5 22.3652
      vertex -1.18558 22.6 22.3652
    endloop
  endfacet
  facet normal 0.290325 0 0.956928
    outer loop
      vertex -1.18558 21.5 22.3652
      vertex -1.26073 22.6 22.388
      vertex -1.26073 21.5 22.388
    endloop
  endfacet
  facet normal -0.849258 0 0.527979
    outer loop
      vertex 0.122763 21.5 22.8576
      vertex 0.16423 22.6 22.9243
      vertex 0.122763 22.6 22.8576
    endloop
  endfacet
  facet normal -0.849258 0 0.527979
    outer loop
      vertex 0.16423 22.6 22.9243
      vertex 0.122763 21.5 22.8576
      vertex 0.16423 21.5 22.9243
    endloop
  endfacet
  facet normal -0.68373 0 -0.729735
    outer loop
      vertex -0.0837855 21.5 24.4265
      vertex -0.0264723 22.6 24.3728
      vertex -0.0264723 21.5 24.3728
    endloop
  endfacet
  facet normal -0.68373 0 -0.729735
    outer loop
      vertex -0.0264723 22.6 24.3728
      vertex -0.0837855 21.5 24.4265
      vertex -0.0837855 22.6 24.4265
    endloop
  endfacet
  facet normal -0.956896 0 -0.290432
    outer loop
      vertex 0.28411 21.5 23.8349
      vertex 0.261316 22.6 23.91
      vertex 0.28411 22.6 23.8349
    endloop
  endfacet
  facet normal -0.956896 -0 -0.290432
    outer loop
      vertex 0.261316 22.6 23.91
      vertex 0.28411 21.5 23.8349
      vertex 0.261316 21.5 23.91
    endloop
  endfacet
  facet normal 0.812717 0 -0.582659
    outer loop
      vertex -1.82702 21.5 24.2548
      vertex -1.87276 22.6 24.191
      vertex -1.82702 22.6 24.2548
    endloop
  endfacet
  facet normal 0.812717 0 -0.582659
    outer loop
      vertex -1.87276 22.6 24.191
      vertex -1.82702 21.5 24.2548
      vertex -1.87276 21.5 24.191
    endloop
  endfacet
  facet normal -0.882046 0 -0.471163
    outer loop
      vertex 0.201248 21.5 24.055
      vertex 0.16423 22.6 24.1243
      vertex 0.201248 22.6 24.055
    endloop
  endfacet
  facet normal -0.882046 -0 -0.471163
    outer loop
      vertex 0.16423 22.6 24.1243
      vertex 0.201248 21.5 24.055
      vertex 0.16423 21.5 24.1243
    endloop
  endfacet
  facet normal -0.0331096 0 0.999452
    outer loop
      vertex -0.874999 22.6 22.3243
      vertex -0.796515 21.5 22.3269
      vertex -0.796515 22.6 22.3269
    endloop
  endfacet
  facet normal -0.0331096 0 0.999452
    outer loop
      vertex -0.796515 21.5 22.3269
      vertex -0.874999 22.6 22.3243
      vertex -0.874999 21.5 22.3243
    endloop
  endfacet
  facet normal 0.773043 0 -0.634354
    outer loop
      vertex -1.77721 21.5 24.3155
      vertex -1.82702 22.6 24.2548
      vertex -1.77721 22.6 24.3155
    endloop
  endfacet
  facet normal 0.773043 0 -0.634354
    outer loop
      vertex -1.82702 22.6 24.2548
      vertex -1.77721 21.5 24.3155
      vertex -1.82702 21.5 24.2548
    endloop
  endfacet
  facet normal 0.0980586 0 0.995181
    outer loop
      vertex -1.03163 22.6 22.3346
      vertex -0.953484 21.5 22.3269
      vertex -0.953484 22.6 22.3269
    endloop
  endfacet
  facet normal 0.0980586 0 0.995181
    outer loop
      vertex -0.953484 21.5 22.3269
      vertex -1.03163 22.6 22.3346
      vertex -1.03163 21.5 22.3346
    endloop
  endfacet
  facet normal -0.956892 0 0.290444
    outer loop
      vertex 0.261316 21.5 23.1386
      vertex 0.284111 22.6 23.2137
      vertex 0.261316 22.6 23.1386
    endloop
  endfacet
  facet normal -0.956892 0 0.290444
    outer loop
      vertex 0.284111 22.6 23.2137
      vertex 0.261316 21.5 23.1386
      vertex 0.284111 21.5 23.2137
    endloop
  endfacet
  facet normal -0.582995 0 -0.812476
    outer loop
      vertex -0.208315 21.5 24.5221
      vertex -0.144487 22.6 24.4763
      vertex -0.144487 21.5 24.4763
    endloop
  endfacet
  facet normal -0.582995 0 -0.812476
    outer loop
      vertex -0.144487 22.6 24.4763
      vertex -0.208315 21.5 24.5221
      vertex -0.208315 22.6 24.5221
    endloop
  endfacet
  facet normal 0.527477 0 -0.849569
    outer loop
      vertex -1.54168 21.5 24.5221
      vertex -1.475 22.6 24.5635
      vertex -1.475 21.5 24.5635
    endloop
  endfacet
  facet normal 0.527477 0 -0.849569
    outer loop
      vertex -1.475 22.6 24.5635
      vertex -1.54168 21.5 24.5221
      vertex -1.54168 22.6 24.5221
    endloop
  endfacet
  facet normal -0.413678 0 -0.910423
    outer loop
      vertex -0.41578 21.5 24.633
      vertex -0.344254 22.6 24.6005
      vertex -0.344254 21.5 24.6005
    endloop
  endfacet
  facet normal -0.413678 0 -0.910423
    outer loop
      vertex -0.344254 22.6 24.6005
      vertex -0.41578 21.5 24.633
      vertex -0.41578 22.6 24.633
    endloop
  endfacet
  facet normal 0.935878 -0 0.352323
    outer loop
      vertex -2.01132 21.5 23.1386
      vertex -1.98365 22.6 23.0651
      vertex -2.01132 22.6 23.1386
    endloop
  endfacet
  facet normal 0.935878 0 0.352323
    outer loop
      vertex -1.98365 22.6 23.0651
      vertex -2.01132 21.5 23.1386
      vertex -1.98365 21.5 23.0651
    endloop
  endfacet
  facet normal 0.351584 0 0.936156
    outer loop
      vertex -1.33422 22.6 22.4156
      vertex -1.26073 21.5 22.388
      vertex -1.26073 22.6 22.388
    endloop
  endfacet
  facet normal 0.351584 0 0.936156
    outer loop
      vertex -1.26073 21.5 22.388
      vertex -1.33422 22.6 22.4156
      vertex -1.33422 21.5 22.4156
    endloop
  endfacet
  facet normal -0.527448 0 -0.849587
    outer loop
      vertex -0.275 21.5 24.5635
      vertex -0.208315 22.6 24.5221
      vertex -0.208315 21.5 24.5221
    endloop
  endfacet
  facet normal -0.527448 0 -0.849587
    outer loop
      vertex -0.208315 22.6 24.5221
      vertex -0.275 21.5 24.5635
      vertex -0.275 22.6 24.5635
    endloop
  endfacet
  facet normal 0.973898 0 -0.226988
    outer loop
      vertex -2.03411 21.5 23.8349
      vertex -2.05194 22.6 23.7584
      vertex -2.03411 22.6 23.8349
    endloop
  endfacet
  facet normal 0.973898 0 -0.226988
    outer loop
      vertex -2.05194 22.6 23.7584
      vertex -2.03411 21.5 23.8349
      vertex -2.05194 21.5 23.7584
    endloop
  endfacet
  facet normal 0.22671 0 0.973962
    outer loop
      vertex -1.18558 22.6 22.3652
      vertex -1.10911 21.5 22.3474
      vertex -1.10911 22.6 22.3474
    endloop
  endfacet
  facet normal 0.22671 0 0.973962
    outer loop
      vertex -1.10911 21.5 22.3474
      vertex -1.18558 22.6 22.3652
      vertex -1.18558 21.5 22.3652
    endloop
  endfacet
  facet normal 0.683687 0 -0.729775
    outer loop
      vertex -1.72353 21.5 24.3728
      vertex -1.66621 22.6 24.4265
      vertex -1.66621 21.5 24.4265
    endloop
  endfacet
  facet normal 0.683687 0 -0.729775
    outer loop
      vertex -1.66621 22.6 24.4265
      vertex -1.72353 21.5 24.3728
      vertex -1.72353 22.6 24.3728
    endloop
  endfacet
  facet normal -0.999465 0 -0.0327086
    outer loop
      vertex 0.325 21.5 23.5243
      vertex 0.322431 22.6 23.6028
      vertex 0.325 22.6 23.5243
    endloop
  endfacet
  facet normal -0.999465 -0 -0.0327086
    outer loop
      vertex 0.322431 22.6 23.6028
      vertex 0.325 21.5 23.5243
      vertex 0.322431 21.5 23.6028
    endloop
  endfacet
  facet normal -0.226699 0 0.973965
    outer loop
      vertex -0.640891 22.6 22.3474
      vertex -0.564417 21.5 22.3652
      vertex -0.564417 22.6 22.3652
    endloop
  endfacet
  facet normal -0.226699 0 0.973965
    outer loop
      vertex -0.564417 21.5 22.3652
      vertex -0.640891 22.6 22.3474
      vertex -0.640891 21.5 22.3474
    endloop
  endfacet
  facet normal 0.471249 0 -0.882
    outer loop
      vertex -1.475 21.5 24.5635
      vertex -1.40575 22.6 24.6005
      vertex -1.40575 21.5 24.6005
    endloop
  endfacet
  facet normal 0.471249 0 -0.882
    outer loop
      vertex -1.40575 22.6 24.6005
      vertex -1.475 21.5 24.5635
      vertex -1.475 22.6 24.5635
    endloop
  endfacet
  facet normal 0.729783 -0 0.683678
    outer loop
      vertex -1.77721 21.5 22.7331
      vertex -1.72353 22.6 22.6758
      vertex -1.77721 22.6 22.7331
    endloop
  endfacet
  facet normal 0.729783 0 0.683678
    outer loop
      vertex -1.72353 22.6 22.6758
      vertex -1.77721 21.5 22.7331
      vertex -1.72353 21.5 22.6758
    endloop
  endfacet
  facet normal -0.634266 0 0.773115
    outer loop
      vertex -0.144487 22.6 22.5723
      vertex -0.0837851 21.5 22.6221
      vertex -0.0837851 22.6 22.6221
    endloop
  endfacet
  facet normal -0.634266 0 0.773115
    outer loop
      vertex -0.0837851 21.5 22.6221
      vertex -0.144487 22.6 22.5723
      vertex -0.144487 21.5 22.5723
    endloop
  endfacet
  facet normal 0.882036 0 -0.471183
    outer loop
      vertex -1.91423 21.5 24.1243
      vertex -1.95125 22.6 24.055
      vertex -1.91423 22.6 24.1243
    endloop
  endfacet
  facet normal 0.882036 0 -0.471183
    outer loop
      vertex -1.95125 22.6 24.055
      vertex -1.91423 21.5 24.1243
      vertex -1.95125 21.5 24.055
    endloop
  endfacet
  facet normal -0.471233 0 0.882009
    outer loop
      vertex -0.344253 22.6 22.4481
      vertex -0.275 21.5 22.4851
      vertex -0.275 22.6 22.4851
    endloop
  endfacet
  facet normal -0.471233 0 0.882009
    outer loop
      vertex -0.275 21.5 22.4851
      vertex -0.344253 22.6 22.4481
      vertex -0.344253 21.5 22.4481
    endloop
  endfacet
  facet normal -0.882052 0 0.471153
    outer loop
      vertex 0.16423 21.5 22.9243
      vertex 0.201247 22.6 22.9936
      vertex 0.16423 22.6 22.9243
    endloop
  endfacet
  facet normal -0.882052 0 0.471153
    outer loop
      vertex 0.201247 22.6 22.9936
      vertex 0.16423 21.5 22.9243
      vertex 0.201247 21.5 22.9936
    endloop
  endfacet
  facet normal 0.413659 0 0.910432
    outer loop
      vertex -1.40575 22.6 22.4481
      vertex -1.33422 21.5 22.4156
      vertex -1.33422 22.6 22.4156
    endloop
  endfacet
  facet normal 0.413659 0 0.910432
    outer loop
      vertex -1.33422 21.5 22.4156
      vertex -1.40575 22.6 22.4481
      vertex -1.40575 21.5 22.4481
    endloop
  endfacet
  facet normal 0.582983 0 -0.812485
    outer loop
      vertex -1.60551 21.5 24.4763
      vertex -1.54168 22.6 24.5221
      vertex -1.54168 21.5 24.5221
    endloop
  endfacet
  facet normal 0.582983 0 -0.812485
    outer loop
      vertex -1.54168 22.6 24.5221
      vertex -1.60551 21.5 24.4763
      vertex -1.60551 22.6 24.4763
    endloop
  endfacet
  facet normal 0.0980599 0 -0.995181
    outer loop
      vertex -1.03163 21.5 24.714
      vertex -0.953485 22.6 24.7217
      vertex -0.953485 21.5 24.7217
    endloop
  endfacet
  facet normal 0.0980599 0 -0.995181
    outer loop
      vertex -0.953485 22.6 24.7217
      vertex -1.03163 21.5 24.714
      vertex -1.03163 22.6 24.714
    endloop
  endfacet
  facet normal 0.634278 0 0.773105
    outer loop
      vertex -1.66621 22.6 22.6221
      vertex -1.60551 21.5 22.5723
      vertex -1.60551 22.6 22.5723
    endloop
  endfacet
  facet normal 0.634278 0 0.773105
    outer loop
      vertex -1.60551 21.5 22.5723
      vertex -1.66621 22.6 22.6221
      vertex -1.66621 21.5 22.6221
    endloop
  endfacet
  facet normal -0.0980562 0 -0.995181
    outer loop
      vertex -0.796516 21.5 24.7217
      vertex -0.718368 22.6 24.714
      vertex -0.718368 21.5 24.714
    endloop
  endfacet
  facet normal -0.0980562 0 -0.995181
    outer loop
      vertex -0.718368 22.6 24.714
      vertex -0.796516 21.5 24.7217
      vertex -0.796516 22.6 24.7217
    endloop
  endfacet
  facet normal -0.98665 0 -0.162855
    outer loop
      vertex 0.314734 21.5 23.6809
      vertex 0.301942 22.6 23.7584
      vertex 0.314734 22.6 23.6809
    endloop
  endfacet
  facet normal -0.98665 -0 -0.162855
    outer loop
      vertex 0.301942 22.6 23.7584
      vertex 0.314734 21.5 23.6809
      vertex 0.301942 21.5 23.7584
    endloop
  endfacet
  facet normal -0.634268 0 -0.773113
    outer loop
      vertex -0.144487 21.5 24.4763
      vertex -0.0837855 22.6 24.4265
      vertex -0.0837855 21.5 24.4265
    endloop
  endfacet
  facet normal -0.634268 0 -0.773113
    outer loop
      vertex -0.0837855 22.6 24.4265
      vertex -0.144487 21.5 24.4763
      vertex -0.144487 22.6 24.4763
    endloop
  endfacet
  facet normal -0.351572 0 0.936161
    outer loop
      vertex -0.489272 22.6 22.388
      vertex -0.415779 21.5 22.4156
      vertex -0.415779 22.6 22.4156
    endloop
  endfacet
  facet normal -0.351572 0 0.936161
    outer loop
      vertex -0.415779 21.5 22.4156
      vertex -0.489272 22.6 22.388
      vertex -0.489272 21.5 22.388
    endloop
  endfacet
  facet normal 0.995175 0 -0.0981158
    outer loop
      vertex -2.06473 21.5 23.6809
      vertex -2.07243 22.6 23.6028
      vertex -2.06473 22.6 23.6809
    endloop
  endfacet
  facet normal 0.995175 0 -0.0981158
    outer loop
      vertex -2.07243 22.6 23.6028
      vertex -2.06473 21.5 23.6809
      vertex -2.07243 21.5 23.6028
    endloop
  endfacet
  facet normal 0.95691 -0 0.290386
    outer loop
      vertex -2.03411 21.5 23.2137
      vertex -2.01132 22.6 23.1386
      vertex -2.03411 22.6 23.2137
    endloop
  endfacet
  facet normal 0.95691 0 0.290386
    outer loop
      vertex -2.01132 22.6 23.1386
      vertex -2.03411 21.5 23.2137
      vertex -2.01132 21.5 23.1386
    endloop
  endfacet
  facet normal -0.290347 0 -0.956922
    outer loop
      vertex -0.564417 21.5 24.6834
      vertex -0.489273 22.6 24.6606
      vertex -0.489273 21.5 24.6606
    endloop
  endfacet
  facet normal -0.290347 0 -0.956922
    outer loop
      vertex -0.489273 22.6 24.6606
      vertex -0.564417 21.5 24.6834
      vertex -0.564417 22.6 24.6834
    endloop
  endfacet
  facet normal -0.226699 0 -0.973965
    outer loop
      vertex -0.640891 21.5 24.7012
      vertex -0.564417 22.6 24.6834
      vertex -0.564417 21.5 24.6834
    endloop
  endfacet
  facet normal -0.226699 0 -0.973965
    outer loop
      vertex -0.564417 22.6 24.6834
      vertex -0.640891 21.5 24.7012
      vertex -0.640891 22.6 24.7012
    endloop
  endfacet
  facet normal 0.683687 0 0.729775
    outer loop
      vertex -1.72353 22.6 22.6758
      vertex -1.66621 21.5 22.6221
      vertex -1.66621 22.6 22.6221
    endloop
  endfacet
  facet normal 0.683687 0 0.729775
    outer loop
      vertex -1.66621 21.5 22.6221
      vertex -1.72353 22.6 22.6758
      vertex -1.72353 21.5 22.6758
    endloop
  endfacet
  facet normal -0.973892 0 -0.227012
    outer loop
      vertex 0.301942 21.5 23.7584
      vertex 0.28411 22.6 23.8349
      vertex 0.301942 22.6 23.7584
    endloop
  endfacet
  facet normal -0.973892 -0 -0.227012
    outer loop
      vertex 0.28411 22.6 23.8349
      vertex 0.301942 21.5 23.7584
      vertex 0.28411 21.5 23.8349
    endloop
  endfacet
  facet normal 0.22671 0 -0.973962
    outer loop
      vertex -1.18558 21.5 24.6834
      vertex -1.10911 22.6 24.7012
      vertex -1.10911 21.5 24.7012
    endloop
  endfacet
  facet normal 0.22671 0 -0.973962
    outer loop
      vertex -1.10911 22.6 24.7012
      vertex -1.18558 21.5 24.6834
      vertex -1.18558 22.6 24.6834
    endloop
  endfacet
  facet normal 0.634278 0 -0.773105
    outer loop
      vertex -1.66621 21.5 24.4265
      vertex -1.60551 22.6 24.4763
      vertex -1.60551 21.5 24.4763
    endloop
  endfacet
  facet normal 0.634278 0 -0.773105
    outer loop
      vertex -1.60551 22.6 24.4763
      vertex -1.66621 21.5 24.4265
      vertex -1.66621 22.6 24.4265
    endloop
  endfacet
  facet normal -0.729784 0 0.683678
    outer loop
      vertex -0.0264724 21.5 22.6758
      vertex 0.0272075 22.6 22.7331
      vertex -0.0264724 22.6 22.6758
    endloop
  endfacet
  facet normal -0.729784 0 0.683678
    outer loop
      vertex 0.0272075 22.6 22.7331
      vertex -0.0264724 21.5 22.6758
      vertex 0.0272075 21.5 22.7331
    endloop
  endfacet
  facet normal 0.910846 -0 0.412747
    outer loop
      vertex -1.98365 21.5 23.0651
      vertex -1.95125 22.6 22.9936
      vertex -1.98365 22.6 23.0651
    endloop
  endfacet
  facet normal 0.910846 0 0.412747
    outer loop
      vertex -1.95125 22.6 22.9936
      vertex -1.98365 21.5 23.0651
      vertex -1.95125 21.5 22.9936
    endloop
  endfacet
  facet normal -0.935916 0 -0.352223
    outer loop
      vertex 0.261316 21.5 23.91
      vertex 0.233655 22.6 23.9835
      vertex 0.261316 22.6 23.91
    endloop
  endfacet
  facet normal -0.935916 -0 -0.352223
    outer loop
      vertex 0.233655 22.6 23.9835
      vertex 0.261316 21.5 23.91
      vertex 0.233655 21.5 23.9835
    endloop
  endfacet
  facet normal -0.163001 0 0.986626
    outer loop
      vertex -0.718368 22.6 22.3346
      vertex -0.640891 21.5 22.3474
      vertex -0.640891 22.6 22.3474
    endloop
  endfacet
  facet normal -0.163001 0 0.986626
    outer loop
      vertex -0.640891 21.5 22.3474
      vertex -0.718368 22.6 22.3346
      vertex -0.718368 21.5 22.3346
    endloop
  endfacet
  facet normal 0.986654 0 -0.16283
    outer loop
      vertex -2.05194 21.5 23.7584
      vertex -2.06473 22.6 23.6809
      vertex -2.05194 22.6 23.7584
    endloop
  endfacet
  facet normal 0.986654 0 -0.16283
    outer loop
      vertex -2.06473 22.6 23.6809
      vertex -2.05194 21.5 23.7584
      vertex -2.06473 21.5 23.6809
    endloop
  endfacet
  facet normal -0.413678 0 0.910423
    outer loop
      vertex -0.415779 22.6 22.4156
      vertex -0.344253 21.5 22.4481
      vertex -0.344253 22.6 22.4481
    endloop
  endfacet
  facet normal -0.413678 0 0.910423
    outer loop
      vertex -0.344253 21.5 22.4481
      vertex -0.415779 22.6 22.4156
      vertex -0.415779 21.5 22.4156
    endloop
  endfacet
  facet normal 0.0331092 0 0.999452
    outer loop
      vertex -0.953484 22.6 22.3269
      vertex -0.874999 21.5 22.3243
      vertex -0.874999 22.6 22.3243
    endloop
  endfacet
  facet normal 0.0331092 0 0.999452
    outer loop
      vertex -0.874999 21.5 22.3243
      vertex -0.953484 22.6 22.3269
      vertex -0.953484 21.5 22.3269
    endloop
  endfacet
  facet normal 0.773043 -0 0.634354
    outer loop
      vertex -1.82702 21.5 22.7938
      vertex -1.77721 22.6 22.7331
      vertex -1.82702 22.6 22.7938
    endloop
  endfacet
  facet normal 0.773043 0 0.634354
    outer loop
      vertex -1.77721 22.6 22.7331
      vertex -1.82702 21.5 22.7938
      vertex -1.77721 21.5 22.7331
    endloop
  endfacet
  facet normal -0.93592 0 0.352212
    outer loop
      vertex 0.233656 21.5 23.0651
      vertex 0.261316 22.6 23.1386
      vertex 0.233656 22.6 23.0651
    endloop
  endfacet
  facet normal -0.93592 0 0.352212
    outer loop
      vertex 0.261316 22.6 23.1386
      vertex 0.233656 21.5 23.0651
      vertex 0.261316 21.5 23.1386
    endloop
  endfacet
  facet normal 0.0331092 0 -0.999452
    outer loop
      vertex -0.953485 21.5 24.7217
      vertex -0.875 22.6 24.7243
      vertex -0.875 21.5 24.7243
    endloop
  endfacet
  facet normal 0.0331092 0 -0.999452
    outer loop
      vertex -0.875 22.6 24.7243
      vertex -0.953485 21.5 24.7217
      vertex -0.953485 22.6 24.7217
    endloop
  endfacet
  facet normal 0.351584 0 -0.936156
    outer loop
      vertex -1.33422 21.5 24.633
      vertex -1.26073 22.6 24.6606
      vertex -1.26073 21.5 24.6606
    endloop
  endfacet
  facet normal 0.351584 0 -0.936156
    outer loop
      vertex -1.26073 22.6 24.6606
      vertex -1.33422 21.5 24.633
      vertex -1.33422 22.6 24.633
    endloop
  endfacet
  facet normal -0.910803 0 0.412842
    outer loop
      vertex 0.201247 21.5 22.9936
      vertex 0.233656 22.6 23.0651
      vertex 0.201247 22.6 22.9936
    endloop
  endfacet
  facet normal -0.910803 0 0.412842
    outer loop
      vertex 0.233656 22.6 23.0651
      vertex 0.201247 21.5 22.9936
      vertex 0.233656 21.5 23.0651
    endloop
  endfacet
  facet normal 0.999465 -0 0.0327213
    outer loop
      vertex -2.075 21.5 23.5243
      vertex -2.07243 22.6 23.4458
      vertex -2.075 22.6 23.5243
    endloop
  endfacet
  facet normal 0.999465 0 0.0327213
    outer loop
      vertex -2.07243 22.6 23.4458
      vertex -2.075 21.5 23.5243
      vertex -2.07243 21.5 23.4458
    endloop
  endfacet
  facet normal 0.999465 0 -0.0327213
    outer loop
      vertex -2.07243 21.5 23.6028
      vertex -2.075 22.6 23.5243
      vertex -2.07243 22.6 23.6028
    endloop
  endfacet
  facet normal 0.999465 0 -0.0327213
    outer loop
      vertex -2.075 22.6 23.5243
      vertex -2.07243 21.5 23.6028
      vertex -2.075 21.5 23.5243
    endloop
  endfacet
  facet normal 0.995175 -0 0.0981158
    outer loop
      vertex -2.07243 21.5 23.4458
      vertex -2.06473 22.6 23.3677
      vertex -2.07243 22.6 23.4458
    endloop
  endfacet
  facet normal 0.995175 0 0.0981158
    outer loop
      vertex -2.06473 22.6 23.3677
      vertex -2.07243 21.5 23.4458
      vertex -2.06473 21.5 23.3677
    endloop
  endfacet
  facet normal 0.471249 0 0.882
    outer loop
      vertex -1.475 22.6 22.4851
      vertex -1.40575 21.5 22.4481
      vertex -1.40575 22.6 22.4481
    endloop
  endfacet
  facet normal 0.471249 0 0.882
    outer loop
      vertex -1.40575 21.5 22.4481
      vertex -1.475 22.6 22.4851
      vertex -1.475 21.5 22.4851
    endloop
  endfacet
  facet normal 0.849241 -0 0.528006
    outer loop
      vertex -1.91423 21.5 22.9243
      vertex -1.87276 22.6 22.8576
      vertex -1.91423 22.6 22.9243
    endloop
  endfacet
  facet normal 0.849241 0 0.528006
    outer loop
      vertex -1.87276 22.6 22.8576
      vertex -1.91423 21.5 22.9243
      vertex -1.87276 21.5 22.8576
    endloop
  endfacet
  facet normal -0.973895 0 0.227
    outer loop
      vertex 0.284111 21.5 23.2137
      vertex 0.301942 22.6 23.2902
      vertex 0.284111 22.6 23.2137
    endloop
  endfacet
  facet normal -0.973895 0 0.227
    outer loop
      vertex 0.301942 22.6 23.2902
      vertex 0.284111 21.5 23.2137
      vertex 0.301942 21.5 23.2902
    endloop
  endfacet
  facet normal 0.986654 -0 0.16283
    outer loop
      vertex -2.06473 21.5 23.3677
      vertex -2.05194 22.6 23.2902
      vertex -2.06473 22.6 23.3677
    endloop
  endfacet
  facet normal 0.986654 0 0.16283
    outer loop
      vertex -2.05194 22.6 23.2902
      vertex -2.06473 21.5 23.3677
      vertex -2.05194 21.5 23.2902
    endloop
  endfacet
  facet normal 0.501718 0 -0.865031
    outer loop
      vertex 16.2863 -13.9 31.4001
      vertex 16.2813 -13.9 31.3972
      vertex 16.2863 13.9 31.4001
    endloop
  endfacet
  facet normal 0.501718 -0.000145946 -0.865031
    outer loop
      vertex 16.2701 -14.469 31.3908
      vertex 16.2813 -13.9 31.3972
      vertex 16.2863 -13.9 31.4001
    endloop
  endfacet
  facet normal 0.501718 -0.000145946 -0.865031
    outer loop
      vertex 16.2701 -14.469 31.3908
      vertex 16.2651 -14.469 31.3879
      vertex 16.2813 -13.9 31.3972
    endloop
  endfacet
  facet normal 0.501718 -0.000174044 -0.865031
    outer loop
      vertex 16.2218 -15.0356 31.3629
      vertex 16.2651 -14.469 31.3879
      vertex 16.2701 -14.469 31.3908
    endloop
  endfacet
  facet normal 0.501718 -0.000174044 -0.865031
    outer loop
      vertex 16.2218 -15.0356 31.3629
      vertex 16.2168 -15.0356 31.36
      vertex 16.2651 -14.469 31.3879
    endloop
  endfacet
  facet normal 0.501718 -0.000267964 -0.865031
    outer loop
      vertex 16.1415 -15.5973 31.3165
      vertex 16.2168 -15.0356 31.36
      vertex 16.2218 -15.0356 31.3629
    endloop
  endfacet
  facet normal 0.501718 -0.000267964 -0.865031
    outer loop
      vertex 16.1415 -15.5973 31.3165
      vertex 16.1365 -15.5973 31.3136
      vertex 16.2168 -15.0356 31.36
    endloop
  endfacet
  facet normal 0.501718 -0.000561708 -0.865031
    outer loop
      vertex 16.0295 -16.1517 31.2519
      vertex 16.1365 -15.5973 31.3136
      vertex 16.1415 -15.5973 31.3165
    endloop
  endfacet
  facet normal 0.501718 -0.000561708 -0.865031
    outer loop
      vertex 16.0295 -16.1517 31.2519
      vertex 16.0245 -16.1517 31.249
      vertex 16.1365 -15.5973 31.3136
    endloop
  endfacet
  facet normal 0.501718 -0.000473163 -0.865031
    outer loop
      vertex 15.8864 -16.6965 31.1692
      vertex 16.0245 -16.1517 31.249
      vertex 16.0295 -16.1517 31.2519
    endloop
  endfacet
  facet normal 0.501718 -0.000473163 -0.865031
    outer loop
      vertex 15.8864 -16.6965 31.1692
      vertex 15.8814 -16.6965 31.1663
      vertex 16.0245 -16.1517 31.249
    endloop
  endfacet
  facet normal 0.501718 -0.000886462 -0.865031
    outer loop
      vertex 15.7127 -17.2293 31.069
      vertex 15.8814 -16.6965 31.1663
      vertex 15.8864 -16.6965 31.1692
    endloop
  endfacet
  facet normal 0.501718 -0.000886462 -0.865031
    outer loop
      vertex 15.7127 -17.2293 31.069
      vertex 15.7077 -17.2293 31.0661
      vertex 15.8814 -16.6965 31.1663
    endloop
  endfacet
  facet normal 0.501718 -0.000787302 -0.865031
    outer loop
      vertex 15.5093 -17.7479 30.9515
      vertex 15.7077 -17.2293 31.0661
      vertex 15.7127 -17.2293 31.069
    endloop
  endfacet
  facet normal 0.501718 -0.000787302 -0.865031
    outer loop
      vertex 15.5093 -17.7479 30.9515
      vertex 15.5043 -17.7479 30.9486
      vertex 15.7077 -17.2293 31.0661
    endloop
  endfacet
  facet normal 0.501718 -0.00101991 -0.865031
    outer loop
      vertex 15.2769 -18.25 30.8173
      vertex 15.5043 -17.7479 30.9486
      vertex 15.5093 -17.7479 30.9515
    endloop
  endfacet
  facet normal 0.501718 -0.00101991 -0.865031
    outer loop
      vertex 15.2769 -18.25 30.8173
      vertex 15.2719 -18.25 30.8144
      vertex 15.5043 -17.7479 30.9486
    endloop
  endfacet
  facet normal 0.501718 -0.00130962 -0.86503
    outer loop
      vertex 15.0165 -18.7335 30.667
      vertex 15.2719 -18.25 30.8144
      vertex 15.2769 -18.25 30.8173
    endloop
  endfacet
  facet normal 0.501718 -0.00130962 -0.86503
    outer loop
      vertex 15.0165 -18.7335 30.667
      vertex 15.0115 -18.7335 30.6641
      vertex 15.2719 -18.25 30.8144
    endloop
  endfacet
  facet normal 0.501718 -0.00145075 -0.86503
    outer loop
      vertex 14.7293 -19.1962 30.5012
      vertex 15.0115 -18.7335 30.6641
      vertex 15.0165 -18.7335 30.667
    endloop
  endfacet
  facet normal 0.501718 -0.00145075 -0.86503
    outer loop
      vertex 14.7293 -19.1962 30.5012
      vertex 14.7243 -19.1962 30.4983
      vertex 15.0115 -18.7335 30.6641
    endloop
  endfacet
  facet normal 0.501717 -0.0016196 -0.86503
    outer loop
      vertex 14.4165 -19.6363 30.3206
      vertex 14.7243 -19.1962 30.4983
      vertex 14.7293 -19.1962 30.5012
    endloop
  endfacet
  facet normal 0.501717 -0.0016196 -0.86503
    outer loop
      vertex 14.4165 -19.6363 30.3206
      vertex 14.4115 -19.6363 30.3177
      vertex 14.7243 -19.1962 30.4983
    endloop
  endfacet
  facet normal 0.501717 -0.00179043 -0.86503
    outer loop
      vertex 14.0795 -20.0518 30.126
      vertex 14.4115 -19.6363 30.3177
      vertex 14.4165 -19.6363 30.3206
    endloop
  endfacet
  facet normal 0.501717 -0.00179043 -0.86503
    outer loop
      vertex 14.0795 -20.0518 30.126
      vertex 14.0745 -20.0518 30.1231
      vertex 14.4115 -19.6363 30.3177
    endloop
  endfacet
  facet normal 0.501717 -0.00209367 -0.865029
    outer loop
      vertex 13.7196 -20.441 29.9182
      vertex 14.0745 -20.0518 30.1231
      vertex 14.0795 -20.0518 30.126
    endloop
  endfacet
  facet normal 0.488557 0.0137992 -0.872423
    outer loop
      vertex 13.7196 -20.441 29.9182
      vertex 13.7146 -20.441 29.9154
      vertex 14.0745 -20.0518 30.1231
    endloop
  endfacet
  facet normal 0.488542 0.0159021 -0.872396
    outer loop
      vertex 13.3385 -20.8022 29.6982
      vertex 13.7146 -20.441 29.9154
      vertex 13.7196 -20.441 29.9182
    endloop
  endfacet
  facet normal 0.501717 -0.00224639 -0.865029
    outer loop
      vertex 13.3385 -20.8022 29.6982
      vertex 13.3335 -20.8022 29.6953
      vertex 13.7146 -20.441 29.9154
    endloop
  endfacet
  facet normal 0.501716 -0.0026243 -0.865028
    outer loop
      vertex 12.9378 -21.1338 29.4668
      vertex 13.3335 -20.8022 29.6953
      vertex 13.3385 -20.8022 29.6982
    endloop
  endfacet
  facet normal 0.494281 0.00915945 -0.869254
    outer loop
      vertex 12.9378 -21.1338 29.4668
      vertex 12.9327 -21.1338 29.4639
      vertex 13.3335 -20.8022 29.6953
    endloop
  endfacet
  facet normal 0.494275 0.0104555 -0.869243
    outer loop
      vertex 12.5191 -21.4344 29.2251
      vertex 12.9327 -21.1338 29.4639
      vertex 12.9378 -21.1338 29.4668
    endloop
  endfacet
  facet normal 0.501716 -0.0031309 -0.865027
    outer loop
      vertex 12.5191 -21.4344 29.2251
      vertex 12.5141 -21.4344 29.2222
      vertex 12.9327 -21.1338 29.4639
    endloop
  endfacet
  facet normal 0.501714 -0.00400283 -0.865024
    outer loop
      vertex 12.0842 -21.7028 28.9741
      vertex 12.5141 -21.4344 29.2222
      vertex 12.5191 -21.4344 29.2251
    endloop
  endfacet
  facet normal 0.501714 -0.00400283 -0.865024
    outer loop
      vertex 12.0842 -21.7028 28.9741
      vertex 12.0792 -21.7028 28.9712
      vertex 12.5141 -21.4344 29.2222
    endloop
  endfacet
  facet normal 0.501713 -0.004338 -0.865023
    outer loop
      vertex 11.6351 -21.9377 28.7148
      vertex 12.0792 -21.7028 28.9712
      vertex 12.0842 -21.7028 28.9741
    endloop
  endfacet
  facet normal 0.501713 -0.004338 -0.865023
    outer loop
      vertex 11.6351 -21.9377 28.7148
      vertex 11.6301 -21.9377 28.7119
      vertex 12.0792 -21.7028 28.9712
    endloop
  endfacet
  facet normal 0.501711 -0.00522634 -0.865019
    outer loop
      vertex 11.1737 -22.1383 28.4484
      vertex 11.6301 -21.9377 28.7119
      vertex 11.6351 -21.9377 28.7148
    endloop
  endfacet
  facet normal 0.501711 -0.00522634 -0.865019
    outer loop
      vertex 11.1737 -22.1383 28.4484
      vertex 11.1687 -22.1383 28.4455
      vertex 11.6301 -21.9377 28.7119
    endloop
  endfacet
  facet normal 0.501707 -0.00651378 -0.865013
    outer loop
      vertex 10.7019 -22.3035 28.176
      vertex 11.1687 -22.1383 28.4455
      vertex 11.1737 -22.1383 28.4484
    endloop
  endfacet
  facet normal 0.501707 -0.00651378 -0.865013
    outer loop
      vertex 10.7019 -22.3035 28.176
      vertex 10.6969 -22.3035 28.1731
      vertex 11.1687 -22.1383 28.4455
    endloop
  endfacet
  facet normal 0.501701 -0.0081349 -0.865003
    outer loop
      vertex 10.2217 -22.4328 27.8987
      vertex 10.6969 -22.3035 28.1731
      vertex 10.7019 -22.3035 28.176
    endloop
  endfacet
  facet normal 0.501701 -0.0081349 -0.865003
    outer loop
      vertex 10.2217 -22.4328 27.8987
      vertex 10.2167 -22.4328 27.8958
      vertex 10.6969 -22.3035 28.1731
    endloop
  endfacet
  facet normal 0.50168 -0.0123369 -0.864965
    outer loop
      vertex 9.73528 -22.5256 27.6179
      vertex 10.2167 -22.4328 27.8958
      vertex 10.2217 -22.4328 27.8987
    endloop
  endfacet
  facet normal 0.500955 -0.00714613 -0.865444
    outer loop
      vertex 9.73528 -22.5256 27.6179
      vertex 9.73027 -22.5256 27.615
      vertex 10.2167 -22.4328 27.8958
    endloop
  endfacet
  facet normal 0.500938 -0.0109957 -0.865413
    outer loop
      vertex 9.24463 -22.5814 27.3346
      vertex 9.73027 -22.5256 27.615
      vertex 9.73528 -22.5256 27.6179
    endloop
  endfacet
  facet normal 0.500938 -0.0109957 -0.865413
    outer loop
      vertex 9.24463 -22.5814 27.3346
      vertex 9.23962 -22.5814 27.3317
      vertex 9.73027 -22.5256 27.615
    endloop
  endfacet
  facet normal 0.50067 -0.0345011 -0.86495
    outer loop
      vertex 8.75185 -22.6 27.0501
      vertex 9.23962 -22.5814 27.3317
      vertex 9.24463 -22.5814 27.3346
    endloop
  endfacet
  facet normal 0.50067 -0.0345011 -0.86495
    outer loop
      vertex 9.23962 -22.5814 27.3317
      vertex 8.75185 -22.6 27.0501
      vertex 8.74684 -22.6 27.0472
    endloop
  endfacet
  facet normal 0.501718 0 -0.865031
    outer loop
      vertex 16.2813 13.9 31.3972
      vertex 16.2863 13.9 31.4001
      vertex 16.2813 -13.9 31.3972
    endloop
  endfacet
  facet normal 0.501718 0.000145946 -0.865031
    outer loop
      vertex 16.2813 13.9 31.3972
      vertex 16.2701 14.469 31.3908
      vertex 16.2863 13.9 31.4001
    endloop
  endfacet
  facet normal 0.501718 0.000145946 -0.865031
    outer loop
      vertex 16.2651 14.469 31.3879
      vertex 16.2701 14.469 31.3908
      vertex 16.2813 13.9 31.3972
    endloop
  endfacet
  facet normal 0.501718 0.000174044 -0.865031
    outer loop
      vertex 16.2651 14.469 31.3879
      vertex 16.2218 15.0356 31.3629
      vertex 16.2701 14.469 31.3908
    endloop
  endfacet
  facet normal 0.501718 0.000174044 -0.865031
    outer loop
      vertex 16.2168 15.0356 31.36
      vertex 16.2218 15.0356 31.3629
      vertex 16.2651 14.469 31.3879
    endloop
  endfacet
  facet normal 0.501718 0.000267964 -0.865031
    outer loop
      vertex 16.2168 15.0356 31.36
      vertex 16.1415 15.5973 31.3165
      vertex 16.2218 15.0356 31.3629
    endloop
  endfacet
  facet normal 0.501718 0.000267964 -0.865031
    outer loop
      vertex 16.1365 15.5973 31.3136
      vertex 16.1415 15.5973 31.3165
      vertex 16.2168 15.0356 31.36
    endloop
  endfacet
  facet normal 0.501718 0.000561708 -0.865031
    outer loop
      vertex 16.1365 15.5973 31.3136
      vertex 16.0295 16.1517 31.2519
      vertex 16.1415 15.5973 31.3165
    endloop
  endfacet
  facet normal 0.501718 0.000561708 -0.865031
    outer loop
      vertex 16.0245 16.1517 31.249
      vertex 16.0295 16.1517 31.2519
      vertex 16.1365 15.5973 31.3136
    endloop
  endfacet
  facet normal 0.501718 0.000473163 -0.865031
    outer loop
      vertex 16.0245 16.1517 31.249
      vertex 15.8864 16.6965 31.1692
      vertex 16.0295 16.1517 31.2519
    endloop
  endfacet
  facet normal 0.501718 0.000473163 -0.865031
    outer loop
      vertex 15.8814 16.6965 31.1663
      vertex 15.8864 16.6965 31.1692
      vertex 16.0245 16.1517 31.249
    endloop
  endfacet
  facet normal 0.501718 0.000886462 -0.865031
    outer loop
      vertex 15.8814 16.6965 31.1663
      vertex 15.7127 17.2293 31.069
      vertex 15.8864 16.6965 31.1692
    endloop
  endfacet
  facet normal 0.501718 0.000886462 -0.865031
    outer loop
      vertex 15.7077 17.2293 31.0661
      vertex 15.7127 17.2293 31.069
      vertex 15.8814 16.6965 31.1663
    endloop
  endfacet
  facet normal 0.501718 0.000787302 -0.865031
    outer loop
      vertex 15.7077 17.2293 31.0661
      vertex 15.5093 17.7479 30.9515
      vertex 15.7127 17.2293 31.069
    endloop
  endfacet
  facet normal 0.501718 0.000787302 -0.865031
    outer loop
      vertex 15.5043 17.7479 30.9486
      vertex 15.5093 17.7479 30.9515
      vertex 15.7077 17.2293 31.0661
    endloop
  endfacet
  facet normal 0.501718 0.00101991 -0.865031
    outer loop
      vertex 15.5043 17.7479 30.9486
      vertex 15.2769 18.25 30.8173
      vertex 15.5093 17.7479 30.9515
    endloop
  endfacet
  facet normal 0.501718 0.00101991 -0.865031
    outer loop
      vertex 15.2719 18.25 30.8144
      vertex 15.2769 18.25 30.8173
      vertex 15.5043 17.7479 30.9486
    endloop
  endfacet
  facet normal 0.501718 0.00130962 -0.86503
    outer loop
      vertex 15.2719 18.25 30.8144
      vertex 15.0165 18.7335 30.667
      vertex 15.2769 18.25 30.8173
    endloop
  endfacet
  facet normal 0.501718 0.00130962 -0.86503
    outer loop
      vertex 15.0115 18.7335 30.6641
      vertex 15.0165 18.7335 30.667
      vertex 15.2719 18.25 30.8144
    endloop
  endfacet
  facet normal 0.501718 0.00145075 -0.86503
    outer loop
      vertex 15.0115 18.7335 30.6641
      vertex 14.7293 19.1962 30.5012
      vertex 15.0165 18.7335 30.667
    endloop
  endfacet
  facet normal 0.501718 0.00145075 -0.86503
    outer loop
      vertex 14.7243 19.1962 30.4983
      vertex 14.7293 19.1962 30.5012
      vertex 15.0115 18.7335 30.6641
    endloop
  endfacet
  facet normal 0.501717 0.0016196 -0.86503
    outer loop
      vertex 14.7243 19.1962 30.4983
      vertex 14.4165 19.6363 30.3206
      vertex 14.7293 19.1962 30.5012
    endloop
  endfacet
  facet normal 0.501717 0.0016196 -0.86503
    outer loop
      vertex 14.4115 19.6363 30.3177
      vertex 14.4165 19.6363 30.3206
      vertex 14.7243 19.1962 30.4983
    endloop
  endfacet
  facet normal 0.501717 0.00179043 -0.86503
    outer loop
      vertex 14.4115 19.6363 30.3177
      vertex 14.0795 20.0518 30.126
      vertex 14.4165 19.6363 30.3206
    endloop
  endfacet
  facet normal 0.501717 0.00179043 -0.86503
    outer loop
      vertex 14.0745 20.0518 30.1231
      vertex 14.0795 20.0518 30.126
      vertex 14.4115 19.6363 30.3177
    endloop
  endfacet
  facet normal 0.501717 0.00209367 -0.865029
    outer loop
      vertex 14.0745 20.0518 30.1231
      vertex 13.7196 20.441 29.9182
      vertex 14.0795 20.0518 30.126
    endloop
  endfacet
  facet normal 0.488557 -0.0137992 -0.872423
    outer loop
      vertex 13.7146 20.441 29.9154
      vertex 13.7196 20.441 29.9182
      vertex 14.0745 20.0518 30.1231
    endloop
  endfacet
  facet normal 0.488542 -0.0159021 -0.872396
    outer loop
      vertex 13.7146 20.441 29.9154
      vertex 13.3385 20.8022 29.6982
      vertex 13.7196 20.441 29.9182
    endloop
  endfacet
  facet normal 0.501717 0.00224639 -0.865029
    outer loop
      vertex 13.3335 20.8022 29.6953
      vertex 13.3385 20.8022 29.6982
      vertex 13.7146 20.441 29.9154
    endloop
  endfacet
  facet normal 0.501716 0.0026243 -0.865028
    outer loop
      vertex 13.3335 20.8022 29.6953
      vertex 12.9378 21.1338 29.4668
      vertex 13.3385 20.8022 29.6982
    endloop
  endfacet
  facet normal 0.494281 -0.00915945 -0.869254
    outer loop
      vertex 12.9327 21.1338 29.4639
      vertex 12.9378 21.1338 29.4668
      vertex 13.3335 20.8022 29.6953
    endloop
  endfacet
  facet normal 0.494275 -0.0104555 -0.869243
    outer loop
      vertex 12.9327 21.1338 29.4639
      vertex 12.5191 21.4344 29.2251
      vertex 12.9378 21.1338 29.4668
    endloop
  endfacet
  facet normal 0.501716 0.0031309 -0.865027
    outer loop
      vertex 12.5141 21.4344 29.2222
      vertex 12.5191 21.4344 29.2251
      vertex 12.9327 21.1338 29.4639
    endloop
  endfacet
  facet normal 0.501714 0.00400283 -0.865024
    outer loop
      vertex 12.5141 21.4344 29.2222
      vertex 12.0842 21.7028 28.9741
      vertex 12.5191 21.4344 29.2251
    endloop
  endfacet
  facet normal 0.501714 0.00400283 -0.865024
    outer loop
      vertex 12.0792 21.7028 28.9712
      vertex 12.0842 21.7028 28.9741
      vertex 12.5141 21.4344 29.2222
    endloop
  endfacet
  facet normal 0.501713 0.004338 -0.865023
    outer loop
      vertex 12.0792 21.7028 28.9712
      vertex 11.6351 21.9377 28.7148
      vertex 12.0842 21.7028 28.9741
    endloop
  endfacet
  facet normal 0.501713 0.004338 -0.865023
    outer loop
      vertex 11.6301 21.9377 28.7119
      vertex 11.6351 21.9377 28.7148
      vertex 12.0792 21.7028 28.9712
    endloop
  endfacet
  facet normal 0.501711 0.00522634 -0.865019
    outer loop
      vertex 11.6301 21.9377 28.7119
      vertex 11.1737 22.1383 28.4484
      vertex 11.6351 21.9377 28.7148
    endloop
  endfacet
  facet normal 0.501711 0.00522634 -0.865019
    outer loop
      vertex 11.1687 22.1383 28.4455
      vertex 11.1737 22.1383 28.4484
      vertex 11.6301 21.9377 28.7119
    endloop
  endfacet
  facet normal 0.501707 0.00651378 -0.865013
    outer loop
      vertex 11.1687 22.1383 28.4455
      vertex 10.7019 22.3035 28.176
      vertex 11.1737 22.1383 28.4484
    endloop
  endfacet
  facet normal 0.501707 0.00651378 -0.865013
    outer loop
      vertex 10.6969 22.3035 28.1731
      vertex 10.7019 22.3035 28.176
      vertex 11.1687 22.1383 28.4455
    endloop
  endfacet
  facet normal 0.501701 0.0081349 -0.865003
    outer loop
      vertex 10.6969 22.3035 28.1731
      vertex 10.2217 22.4328 27.8987
      vertex 10.7019 22.3035 28.176
    endloop
  endfacet
  facet normal 0.501701 0.0081349 -0.865003
    outer loop
      vertex 10.2167 22.4328 27.8958
      vertex 10.2217 22.4328 27.8987
      vertex 10.6969 22.3035 28.1731
    endloop
  endfacet
  facet normal 0.50168 0.0123369 -0.864965
    outer loop
      vertex 10.2167 22.4328 27.8958
      vertex 9.73528 22.5256 27.6179
      vertex 10.2217 22.4328 27.8987
    endloop
  endfacet
  facet normal 0.500955 0.00714613 -0.865444
    outer loop
      vertex 9.73027 22.5256 27.615
      vertex 9.73528 22.5256 27.6179
      vertex 10.2167 22.4328 27.8958
    endloop
  endfacet
  facet normal 0.500938 0.0109957 -0.865413
    outer loop
      vertex 9.73027 22.5256 27.615
      vertex 9.24463 22.5814 27.3346
      vertex 9.73528 22.5256 27.6179
    endloop
  endfacet
  facet normal 0.500938 0.0109957 -0.865413
    outer loop
      vertex 9.23962 22.5814 27.3317
      vertex 9.24463 22.5814 27.3346
      vertex 9.73027 22.5256 27.615
    endloop
  endfacet
  facet normal 0.50067 0.0345011 -0.86495
    outer loop
      vertex 9.23962 22.5814 27.3317
      vertex 8.75185 22.6 27.0501
      vertex 9.24463 22.5814 27.3346
    endloop
  endfacet
  facet normal 0.50067 0.0345011 -0.86495
    outer loop
      vertex 8.75185 22.6 27.0501
      vertex 9.23962 22.5814 27.3317
      vertex 8.74684 22.6 27.0472
    endloop
  endfacet
  facet normal -0.499976 -7.98525e-05 0.86604
    outer loop
      vertex 13.5645 14.397 33.8817
      vertex 14.5313 13.9 34.4398
      vertex 14.5151 14.469 34.4305
    endloop
  endfacet
  facet normal -0.499972 0 0.866042
    outer loop
      vertex 14.5313 13.9 34.4398
      vertex 13.5786 13.9 33.8898
      vertex 14.5313 -13.9 34.4398
    endloop
  endfacet
  facet normal -0.499997 2.16631e-05 0.866027
    outer loop
      vertex 13.5223 14.892 33.8573
      vertex 14.5151 14.469 34.4305
      vertex 14.4668 15.0356 34.4026
    endloop
  endfacet
  facet normal -0.499972 0 0.866042
    outer loop
      vertex 13.5786 -13.9 33.8898
      vertex 14.5313 -13.9 34.4398
      vertex 13.5786 13.9 33.8898
    endloop
  endfacet
  facet normal -0.500039 -0.00010187 0.866003
    outer loop
      vertex 13.4522 15.3827 33.8168
      vertex 14.4668 15.0356 34.4026
      vertex 14.3865 15.5973 34.3563
    endloop
  endfacet
  facet normal -0.499972 6.97418e-05 0.866042
    outer loop
      vertex 13.5645 -14.397 33.8817
      vertex 14.5313 -13.9 34.4398
      vertex 13.5786 -13.9 33.8898
    endloop
  endfacet
  facet normal -0.499999 5.76349e-05 0.866026
    outer loop
      vertex 13.3544 15.867 33.7604
      vertex 14.3865 15.5973 34.3563
      vertex 14.2745 16.1517 34.2916
    endloop
  endfacet
  facet normal -0.499976 7.98525e-05 0.86604
    outer loop
      vertex 14.5313 -13.9 34.4398
      vertex 13.5645 -14.397 33.8817
      vertex 14.5151 -14.469 34.4305
    endloop
  endfacet
  facet normal -0.499974 -2.08017e-05 0.86604
    outer loop
      vertex 13.2293 16.3429 33.6882
      vertex 14.2745 16.1517 34.2916
      vertex 14.1314 16.6965 34.209
    endloop
  endfacet
  facet normal -0.499984 -6.45157e-05 0.866035
    outer loop
      vertex 13.5223 -14.892 33.8573
      vertex 14.5151 -14.469 34.4305
      vertex 13.5645 -14.397 33.8817
    endloop
  endfacet
  facet normal -0.499991 2.72578e-05 0.866031
    outer loop
      vertex 13.0776 16.8084 33.6006
      vertex 14.1314 16.6965 34.209
      vertex 13.9577 17.2293 34.1087
    endloop
  endfacet
  facet normal -0.499997 -2.16631e-05 0.866027
    outer loop
      vertex 14.5151 -14.469 34.4305
      vertex 13.5223 -14.892 33.8573
      vertex 14.4668 -15.0356 34.4026
    endloop
  endfacet
  facet normal -0.499984 0.00012002 0.866034
    outer loop
      vertex 12.8999 17.2614 33.498
      vertex 13.9577 17.2293 34.1087
      vertex 13.7543 17.7479 33.9912
    endloop
  endfacet
  facet normal -0.500001 -4.88672e-05 0.866025
    outer loop
      vertex 13.4522 -15.3827 33.8168
      vertex 14.4668 -15.0356 34.4026
      vertex 13.5223 -14.892 33.8573
    endloop
  endfacet
  facet normal -0.500039 0.00010187 0.866003
    outer loop
      vertex 14.4668 -15.0356 34.4026
      vertex 13.4522 -15.3827 33.8168
      vertex 14.3865 -15.5973 34.3563
    endloop
  endfacet
  facet normal -0.499972 -6.97418e-05 0.866042
    outer loop
      vertex 14.5313 13.9 34.4398
      vertex 13.5645 14.397 33.8817
      vertex 13.5786 13.9 33.8898
    endloop
  endfacet
  facet normal -0.499984 6.45157e-05 0.866035
    outer loop
      vertex 14.5151 14.469 34.4305
      vertex 13.5223 14.892 33.8573
      vertex 13.5645 14.397 33.8817
    endloop
  endfacet
  facet normal -0.499967 -0.000110951 0.866045
    outer loop
      vertex 12.6968 17.7 33.3807
      vertex 13.7543 17.7479 33.9912
      vertex 13.5219 18.25 33.8571
    endloop
  endfacet
  facet normal -0.500001 4.88672e-05 0.866025
    outer loop
      vertex 14.4668 15.0356 34.4026
      vertex 13.4522 15.3827 33.8168
      vertex 13.5223 14.892 33.8573
    endloop
  endfacet
  facet normal -0.500035 -0.000125437 0.866005
    outer loop
      vertex 14.3865 15.5973 34.3563
      vertex 13.3544 15.867 33.7604
      vertex 13.4522 15.3827 33.8168
    endloop
  endfacet
  facet normal -0.500031 8.13394e-05 0.866007
    outer loop
      vertex 12.4694 18.1223 33.2494
      vertex 13.5219 18.25 33.8571
      vertex 13.2615 18.7335 33.7067
    endloop
  endfacet
  facet normal -0.499977 -4.00562e-05 0.866039
    outer loop
      vertex 14.2745 16.1517 34.2916
      vertex 13.2293 16.3429 33.6882
      vertex 13.3544 15.867 33.7604
    endloop
  endfacet
  facet normal -0.49999 3.40145e-05 0.866031
    outer loop
      vertex 14.1314 16.6965 34.209
      vertex 13.0776 16.8084 33.6006
      vertex 13.2293 16.3429 33.6882
    endloop
  endfacet
  facet normal -0.499954 1.00344e-05 0.866052
    outer loop
      vertex 12.2185 18.5266 33.1046
      vertex 13.2615 18.7335 33.7067
      vertex 12.9743 19.1962 33.5409
    endloop
  endfacet
  facet normal -0.499987 1.62606e-05 0.866033
    outer loop
      vertex 13.9577 17.2293 34.1087
      vertex 12.8999 17.2614 33.498
      vertex 13.0776 16.8084 33.6006
    endloop
  endfacet
  facet normal -0.499974 9.54651e-05 0.866041
    outer loop
      vertex 13.7543 17.7479 33.9912
      vertex 12.6968 17.7 33.3807
      vertex 12.8999 17.2614 33.498
    endloop
  endfacet
  facet normal -0.500005 4.66502e-06 0.866022
    outer loop
      vertex 11.9453 18.911 32.9468
      vertex 12.9743 19.1962 33.5409
      vertex 12.6615 19.6363 33.3603
    endloop
  endfacet
  facet normal -0.500024 4.15165e-06 0.866011
    outer loop
      vertex 13.5219 18.25 33.8571
      vertex 12.4694 18.1223 33.2494
      vertex 12.6968 17.7 33.3807
    endloop
  endfacet
  facet normal -0.499986 -0.000124313 0.866034
    outer loop
      vertex 11.6509 19.274 32.7768
      vertex 12.6615 19.6363 33.3603
      vertex 12.3245 20.0518 33.1658
    endloop
  endfacet
  facet normal -0.499941 -7.40435e-05 0.866059
    outer loop
      vertex 13.2615 18.7335 33.7067
      vertex 12.2185 18.5266 33.1046
      vertex 12.4694 18.1223 33.2494
    endloop
  endfacet
  facet normal -0.499996 3.10566e-05 0.866028
    outer loop
      vertex 11.3365 19.614 32.5954
      vertex 12.3245 20.0518 33.1658
      vertex 11.9646 20.441 32.958
    endloop
  endfacet
  facet normal -0.50003 0.000124524 0.866008
    outer loop
      vertex 12.9743 19.1962 33.5409
      vertex 11.9453 18.911 32.9468
      vertex 12.2185 18.5266 33.1046
    endloop
  endfacet
  facet normal -0.500029 3.58468e-05 0.866009
    outer loop
      vertex 12.6615 19.6363 33.3603
      vertex 11.6509 19.274 32.7768
      vertex 11.9453 18.911 32.9468
    endloop
  endfacet
  facet normal -0.500073 6.9832e-05 0.865983
    outer loop
      vertex 11.0036 19.9295 32.4031
      vertex 11.9646 20.441 32.958
      vertex 11.5835 20.8022 32.7379
    endloop
  endfacet
  facet normal -0.499918 -0.000202196 0.866073
    outer loop
      vertex 12.3245 20.0518 33.1658
      vertex 11.3365 19.614 32.5954
      vertex 11.6509 19.274 32.7768
    endloop
  endfacet
  facet normal -0.499955 -4.28715e-05 0.866051
    outer loop
      vertex 10.6535 20.2192 32.201
      vertex 11.5835 20.8022 32.7379
      vertex 11.1828 21.1338 32.5066
    endloop
  endfacet
  facet normal -0.500099 0.000135508 0.865968
    outer loop
      vertex 11.9646 20.441 32.958
      vertex 11.0036 19.9295 32.4031
      vertex 11.3365 19.614 32.5954
    endloop
  endfacet
  facet normal -0.500055 8.15095e-05 0.865994
    outer loop
      vertex 10.2877 20.4818 31.9898
      vertex 11.1828 21.1338 32.5066
      vertex 10.7641 21.4344 32.2648
    endloop
  endfacet
  facet normal -0.499962 -2.86958e-05 0.866048
    outer loop
      vertex 11.5835 20.8022 32.7379
      vertex 10.6535 20.2192 32.201
      vertex 11.0036 19.9295 32.4031
    endloop
  endfacet
  facet normal -0.499914 -0.000103629 0.866075
    outer loop
      vertex 9.9079 20.7162 31.7705
      vertex 10.7641 21.4344 32.2648
      vertex 10.3292 21.7028 32.0138
    endloop
  endfacet
  facet normal -0.50001 -5.85204e-07 0.86602
    outer loop
      vertex 11.1828 21.1338 32.5066
      vertex 10.2877 20.4818 31.9898
      vertex 10.6535 20.2192 32.201
    endloop
  endfacet
  facet normal -0.500013 5.39951e-05 0.866018
    outer loop
      vertex 10.7641 21.4344 32.2648
      vertex 9.9079 20.7162 31.7705
      vertex 10.2877 20.4818 31.9898
    endloop
  endfacet
  facet normal -0.500057 4.45813e-06 0.865992
    outer loop
      vertex 9.5156 20.9215 31.544
      vertex 10.3292 21.7028 32.0138
      vertex 9.88015 21.9377 31.7545
    endloop
  endfacet
  facet normal -0.500025 -4.049e-05 0.866011
    outer loop
      vertex 10.3292 21.7028 32.0138
      vertex 9.5156 20.9215 31.544
      vertex 9.9079 20.7162 31.7705
    endloop
  endfacet
  facet normal -0.499987 -1.31775e-05 0.866033
    outer loop
      vertex 9.1125 21.0967 31.3113
      vertex 9.88015 21.9377 31.7545
      vertex 9.41871 22.1383 31.4881
    endloop
  endfacet
  facet normal -0.499965 -3.98089e-05 0.866046
    outer loop
      vertex 9.88015 21.9377 31.7545
      vertex 9.1125 21.0967 31.3113
      vertex 9.5156 20.9215 31.544
    endloop
  endfacet
  facet normal -0.49999 3.89549e-05 0.866031
    outer loop
      vertex 8.70034 21.241 31.0734
      vertex 9.41871 22.1383 31.4881
      vertex 8.9469 22.3035 31.2157
    endloop
  endfacet
  facet normal -0.499915 -4.12083e-05 0.866074
    outer loop
      vertex 9.41871 22.1383 31.4881
      vertex 8.70034 21.241 31.0734
      vertex 9.1125 21.0967 31.3113
    endloop
  endfacet
  facet normal -0.499973 -5.66893e-06 0.866041
    outer loop
      vertex 8.28089 21.354 30.8312
      vertex 8.9469 22.3035 31.2157
      vertex 8.46674 22.4328 30.9385
    endloop
  endfacet
  facet normal -0.500036 5.32137e-05 0.866004
    outer loop
      vertex 8.9469 22.3035 31.2157
      vertex 8.28089 21.354 30.8312
      vertex 8.70034 21.241 31.0734
    endloop
  endfacet
  facet normal -0.500057 -5.64099e-06 0.865992
    outer loop
      vertex 7.85595 21.435 30.5858
      vertex 8.46674 22.4328 30.9385
      vertex 7.98028 22.5256 30.6576
    endloop
  endfacet
  facet normal -0.50009 2.10842e-05 0.865974
    outer loop
      vertex 8.46674 22.4328 30.9385
      vertex 7.85595 21.435 30.5858
      vertex 8.28089 21.354 30.8312
    endloop
  endfacet
  facet normal -0.500025 6.08501e-05 0.866011
    outer loop
      vertex 7.42732 21.4837 30.3384
      vertex 7.98028 22.5256 30.6576
      vertex 7.48963 22.5814 30.3743
    endloop
  endfacet
  facet normal -0.499897 -2.99816e-05 0.866085
    outer loop
      vertex 7.98028 22.5256 30.6576
      vertex 7.42732 21.4837 30.3384
      vertex 7.85595 21.435 30.5858
    endloop
  endfacet
  facet normal -0.499991 0 0.86603
    outer loop
      vertex 6.99685 21.5 30.0898
      vertex 7.48963 22.5814 30.3743
      vertex 6.99685 22.6 30.0898
    endloop
  endfacet
  facet normal -0.500101 6.65519e-05 0.865967
    outer loop
      vertex 7.48963 22.5814 30.3743
      vertex 6.99685 21.5 30.0898
      vertex 7.42732 21.4837 30.3384
    endloop
  endfacet
  facet normal -0.499998 0 0.866027
    outer loop
      vertex -10.4968 22.6 19.9899
      vertex 6.99685 21.5 30.0898
      vertex 6.99685 22.6 30.0898
    endloop
  endfacet
  facet normal -0.499998 0 0.866027
    outer loop
      vertex -10.4968 22.6 19.9899
      vertex -10.4968 21.5 19.9899
      vertex 6.99685 21.5 30.0898
    endloop
  endfacet
  facet normal -0.500108 0 0.865963
    outer loop
      vertex -10.9896 22.5814 19.7053
      vertex -10.4968 21.5 19.9899
      vertex -10.4968 22.6 19.9899
    endloop
  endfacet
  facet normal -0.500077 1.86883e-05 0.865981
    outer loop
      vertex -10.4968 21.5 19.9899
      vertex -10.9896 22.5814 19.7053
      vertex -10.9273 21.4837 19.7413
    endloop
  endfacet
  facet normal -0.499863 3.48923e-05 0.866105
    outer loop
      vertex -11.4803 22.5256 19.4221
      vertex -10.9273 21.4837 19.7413
      vertex -10.9896 22.5814 19.7053
    endloop
  endfacet
  facet normal -0.500063 -0.000106774 0.865989
    outer loop
      vertex -10.9273 21.4837 19.7413
      vertex -11.4803 22.5256 19.4221
      vertex -11.3559 21.435 19.4938
    endloop
  endfacet
  facet normal -0.500087 -0.000110369 0.865975
    outer loop
      vertex -11.9667 22.4328 19.1412
      vertex -11.3559 21.435 19.4938
      vertex -11.4803 22.5256 19.4221
    endloop
  endfacet
  facet normal -0.499894 4.71141e-05 0.866087
    outer loop
      vertex -11.3559 21.435 19.4938
      vertex -11.9667 22.4328 19.1412
      vertex -11.7809 21.354 19.2485
    endloop
  endfacet
  facet normal -0.499948 3.46701e-05 0.866055
    outer loop
      vertex -12.4469 22.3035 18.864
      vertex -11.7809 21.354 19.2485
      vertex -11.9667 22.4328 19.1412
    endloop
  endfacet
  facet normal -0.500075 -8.39502e-05 0.865982
    outer loop
      vertex -11.7809 21.354 19.2485
      vertex -12.4469 22.3035 18.864
      vertex -12.2003 21.241 19.0063
    endloop
  endfacet
  facet normal -0.499993 -5.86379e-05 0.866029
    outer loop
      vertex -12.9187 22.1383 18.5916
      vertex -12.2003 21.241 19.0063
      vertex -12.4469 22.3035 18.864
    endloop
  endfacet
  facet normal -0.499883 5.84916e-05 0.866093
    outer loop
      vertex -12.2003 21.241 19.0063
      vertex -12.9187 22.1383 18.5916
      vertex -12.6125 21.0967 18.7684
    endloop
  endfacet
  facet normal -0.500017 6.13541e-06 0.866016
    outer loop
      vertex -13.3801 21.9377 18.3252
      vertex -12.6125 21.0967 18.7684
      vertex -12.9187 22.1383 18.5916
    endloop
  endfacet
  facet normal -0.499972 6.10905e-05 0.866042
    outer loop
      vertex -12.6125 21.0967 18.7684
      vertex -13.3801 21.9377 18.3252
      vertex -13.0156 20.9215 18.5357
    endloop
  endfacet
  facet normal -0.50003 3.30747e-05 0.866008
    outer loop
      vertex -13.8292 21.7028 18.0659
      vertex -13.0156 20.9215 18.5357
      vertex -13.3801 21.9377 18.3252
    endloop
  endfacet
  facet normal -0.500025 4.049e-05 0.866011
    outer loop
      vertex -13.0156 20.9215 18.5357
      vertex -13.8292 21.7028 18.0659
      vertex -13.4079 20.7162 18.3092
    endloop
  endfacet
  facet normal -0.500032 3.63239e-05 0.866007
    outer loop
      vertex -14.2641 21.4344 17.8148
      vertex -13.4079 20.7162 18.3092
      vertex -13.8292 21.7028 18.0659
    endloop
  endfacet
  facet normal -0.500144 -0.000141121 0.865942
    outer loop
      vertex -13.4079 20.7162 18.3092
      vertex -14.2641 21.4344 17.8148
      vertex -13.7877 20.4818 18.0898
    endloop
  endfacet
  facet normal -0.49994 -5.4003e-06 0.86606
    outer loop
      vertex -14.6828 21.1338 17.5731
      vertex -13.7877 20.4818 18.0898
      vertex -14.2641 21.4344 17.8148
    endloop
  endfacet
  facet normal -0.499884 9.73898e-05 0.866092
    outer loop
      vertex -13.7877 20.4818 18.0898
      vertex -14.6828 21.1338 17.5731
      vertex -14.1535 20.2192 17.8787
    endloop
  endfacet
  facet normal -0.500064 -4.17019e-05 0.865988
    outer loop
      vertex -15.0835 20.8022 17.3417
      vertex -14.1535 20.2192 17.8787
      vertex -14.6828 21.1338 17.5731
    endloop
  endfacet
  facet normal -0.500001 9.27238e-05 0.866025
    outer loop
      vertex -14.1535 20.2192 17.8787
      vertex -15.0835 20.8022 17.3417
      vertex -14.5036 19.9295 17.6766
    endloop
  endfacet
  facet normal -0.500011 8.37027e-05 0.866019
    outer loop
      vertex -15.4646 20.441 17.1217
      vertex -14.5036 19.9295 17.6766
      vertex -15.0835 20.8022 17.3417
    endloop
  endfacet
  facet normal -0.500099 -0.000135508 0.865968
    outer loop
      vertex -14.5036 19.9295 17.6766
      vertex -15.4646 20.441 17.1217
      vertex -14.8365 19.614 17.4843
    endloop
  endfacet
  facet normal -0.499996 -3.10566e-05 0.866028
    outer loop
      vertex -15.8245 20.0518 16.9139
      vertex -14.8365 19.614 17.4843
      vertex -15.4646 20.441 17.1217
    endloop
  endfacet
  facet normal -0.499978 2.15063e-05 0.866038
    outer loop
      vertex -14.8365 19.614 17.4843
      vertex -15.8245 20.0518 16.9139
      vertex -15.1509 19.274 17.3028
    endloop
  endfacet
  facet normal -0.499936 7.04675e-05 0.866062
    outer loop
      vertex -16.1615 19.6363 16.7194
      vertex -15.1509 19.274 17.3028
      vertex -15.8245 20.0518 16.9139
    endloop
  endfacet
  facet normal -0.499929 9.51466e-05 0.866066
    outer loop
      vertex -15.1509 19.274 17.3028
      vertex -16.1615 19.6363 16.7194
      vertex -15.4453 18.911 17.1329
    endloop
  endfacet
  facet normal -0.500005 -4.66502e-06 0.866022
    outer loop
      vertex -16.4743 19.1962 16.5388
      vertex -15.4453 18.911 17.1329
      vertex -16.1615 19.6363 16.7194
    endloop
  endfacet
  facet normal -0.50003 -0.000124524 0.866008
    outer loop
      vertex -15.4453 18.911 17.1329
      vertex -16.4743 19.1962 16.5388
      vertex -15.7185 18.5266 16.9751
    endloop
  endfacet
  facet normal -0.499954 -1.00344e-05 0.866052
    outer loop
      vertex -16.7615 18.7335 16.373
      vertex -15.7185 18.5266 16.9751
      vertex -16.4743 19.1962 16.5388
    endloop
  endfacet
  facet normal -0.499941 7.40435e-05 0.866059
    outer loop
      vertex -15.7185 18.5266 16.9751
      vertex -16.7615 18.7335 16.373
      vertex -15.9694 18.1223 16.8303
    endloop
  endfacet
  facet normal -0.500031 -8.13394e-05 0.866007
    outer loop
      vertex -17.0219 18.25 16.2226
      vertex -15.9694 18.1223 16.8303
      vertex -16.7615 18.7335 16.373
    endloop
  endfacet
  facet normal -0.500024 -4.15165e-06 0.866011
    outer loop
      vertex -15.9694 18.1223 16.8303
      vertex -17.0219 18.25 16.2226
      vertex -16.1968 17.7 16.699
    endloop
  endfacet
  facet normal -0.499967 0.000110951 0.866045
    outer loop
      vertex -17.2543 17.7479 16.0885
      vertex -16.1968 17.7 16.699
      vertex -17.0219 18.25 16.2226
    endloop
  endfacet
  facet normal -0.499974 -9.54651e-05 0.866041
    outer loop
      vertex -16.1968 17.7 16.699
      vertex -17.2543 17.7479 16.0885
      vertex -16.3999 17.2614 16.5817
    endloop
  endfacet
  facet normal -0.499984 -0.00012002 0.866034
    outer loop
      vertex -17.4577 17.2293 15.971
      vertex -16.3999 17.2614 16.5817
      vertex -17.2543 17.7479 16.0885
    endloop
  endfacet
  facet normal -0.499987 -1.62606e-05 0.866033
    outer loop
      vertex -16.3999 17.2614 16.5817
      vertex -17.4577 17.2293 15.971
      vertex -16.5776 16.8084 16.4791
    endloop
  endfacet
  facet normal -0.499991 -2.72578e-05 0.866031
    outer loop
      vertex -17.6314 16.6965 15.8707
      vertex -16.5776 16.8084 16.4791
      vertex -17.4577 17.2293 15.971
    endloop
  endfacet
  facet normal -0.49999 -3.40145e-05 0.866031
    outer loop
      vertex -16.5776 16.8084 16.4791
      vertex -17.6314 16.6965 15.8707
      vertex -16.7293 16.3429 16.3915
    endloop
  endfacet
  facet normal -0.499974 2.08017e-05 0.86604
    outer loop
      vertex -17.7745 16.1517 15.7881
      vertex -16.7293 16.3429 16.3915
      vertex -17.6314 16.6965 15.8707
    endloop
  endfacet
  facet normal -0.499977 4.00562e-05 0.866039
    outer loop
      vertex -16.7293 16.3429 16.3915
      vertex -17.7745 16.1517 15.7881
      vertex -16.8544 15.867 16.3193
    endloop
  endfacet
  facet normal -0.500035 0.000125437 0.866005
    outer loop
      vertex -16.8544 15.867 16.3193
      vertex -17.8865 15.5973 15.7234
      vertex -16.9522 15.3827 16.2629
    endloop
  endfacet
  facet normal -0.499999 -5.76349e-05 0.866026
    outer loop
      vertex -17.8865 15.5973 15.7234
      vertex -16.8544 15.867 16.3193
      vertex -17.7745 16.1517 15.7881
    endloop
  endfacet
  facet normal -0.500035 0.000125437 0.866005
    outer loop
      vertex 13.3544 -15.867 33.7604
      vertex 14.3865 -15.5973 34.3563
      vertex 13.4522 -15.3827 33.8168
    endloop
  endfacet
  facet normal -0.499999 -5.76349e-05 0.866026
    outer loop
      vertex 14.3865 -15.5973 34.3563
      vertex 13.3544 -15.867 33.7604
      vertex 14.2745 -16.1517 34.2916
    endloop
  endfacet
  facet normal -0.499977 4.00562e-05 0.866039
    outer loop
      vertex 13.2293 -16.3429 33.6882
      vertex 14.2745 -16.1517 34.2916
      vertex 13.3544 -15.867 33.7604
    endloop
  endfacet
  facet normal -0.499974 2.08017e-05 0.86604
    outer loop
      vertex 14.2745 -16.1517 34.2916
      vertex 13.2293 -16.3429 33.6882
      vertex 14.1314 -16.6965 34.209
    endloop
  endfacet
  facet normal -0.49999 -3.40145e-05 0.866031
    outer loop
      vertex 13.0776 -16.8084 33.6006
      vertex 14.1314 -16.6965 34.209
      vertex 13.2293 -16.3429 33.6882
    endloop
  endfacet
  facet normal -0.499991 -2.72578e-05 0.866031
    outer loop
      vertex 14.1314 -16.6965 34.209
      vertex 13.0776 -16.8084 33.6006
      vertex 13.9577 -17.2293 34.1087
    endloop
  endfacet
  facet normal -0.499987 -1.62606e-05 0.866033
    outer loop
      vertex 12.8999 -17.2614 33.498
      vertex 13.9577 -17.2293 34.1087
      vertex 13.0776 -16.8084 33.6006
    endloop
  endfacet
  facet normal -0.499984 -0.00012002 0.866034
    outer loop
      vertex 13.9577 -17.2293 34.1087
      vertex 12.8999 -17.2614 33.498
      vertex 13.7543 -17.7479 33.9912
    endloop
  endfacet
  facet normal -0.499974 -9.54651e-05 0.866041
    outer loop
      vertex 12.6968 -17.7 33.3807
      vertex 13.7543 -17.7479 33.9912
      vertex 12.8999 -17.2614 33.498
    endloop
  endfacet
  facet normal -0.499967 0.000110951 0.866045
    outer loop
      vertex 13.7543 -17.7479 33.9912
      vertex 12.6968 -17.7 33.3807
      vertex 13.5219 -18.25 33.8571
    endloop
  endfacet
  facet normal -0.500024 -4.15165e-06 0.866011
    outer loop
      vertex 12.4694 -18.1223 33.2494
      vertex 13.5219 -18.25 33.8571
      vertex 12.6968 -17.7 33.3807
    endloop
  endfacet
  facet normal -0.500031 -8.13394e-05 0.866007
    outer loop
      vertex 13.5219 -18.25 33.8571
      vertex 12.4694 -18.1223 33.2494
      vertex 13.2615 -18.7335 33.7067
    endloop
  endfacet
  facet normal -0.499941 7.40435e-05 0.866059
    outer loop
      vertex 12.2185 -18.5266 33.1046
      vertex 13.2615 -18.7335 33.7067
      vertex 12.4694 -18.1223 33.2494
    endloop
  endfacet
  facet normal -0.499954 -1.00344e-05 0.866052
    outer loop
      vertex 13.2615 -18.7335 33.7067
      vertex 12.2185 -18.5266 33.1046
      vertex 12.9743 -19.1962 33.5409
    endloop
  endfacet
  facet normal -0.50003 -0.000124524 0.866008
    outer loop
      vertex 11.9453 -18.911 32.9468
      vertex 12.9743 -19.1962 33.5409
      vertex 12.2185 -18.5266 33.1046
    endloop
  endfacet
  facet normal -0.500005 -4.66502e-06 0.866022
    outer loop
      vertex 12.9743 -19.1962 33.5409
      vertex 11.9453 -18.911 32.9468
      vertex 12.6615 -19.6363 33.3603
    endloop
  endfacet
  facet normal -0.500029 -3.58468e-05 0.866009
    outer loop
      vertex 11.6509 -19.274 32.7768
      vertex 12.6615 -19.6363 33.3603
      vertex 11.9453 -18.911 32.9468
    endloop
  endfacet
  facet normal -0.499986 0.000124313 0.866034
    outer loop
      vertex 12.6615 -19.6363 33.3603
      vertex 11.6509 -19.274 32.7768
      vertex 12.3245 -20.0518 33.1658
    endloop
  endfacet
  facet normal -0.499918 0.000202196 0.866073
    outer loop
      vertex 11.3365 -19.614 32.5954
      vertex 12.3245 -20.0518 33.1658
      vertex 11.6509 -19.274 32.7768
    endloop
  endfacet
  facet normal -0.499996 -3.10566e-05 0.866028
    outer loop
      vertex 12.3245 -20.0518 33.1658
      vertex 11.3365 -19.614 32.5954
      vertex 11.9646 -20.441 32.958
    endloop
  endfacet
  facet normal -0.500099 -0.000135508 0.865968
    outer loop
      vertex 11.0036 -19.9295 32.4031
      vertex 11.9646 -20.441 32.958
      vertex 11.3365 -19.614 32.5954
    endloop
  endfacet
  facet normal -0.500073 -6.9832e-05 0.865983
    outer loop
      vertex 11.9646 -20.441 32.958
      vertex 11.0036 -19.9295 32.4031
      vertex 11.5835 -20.8022 32.7379
    endloop
  endfacet
  facet normal -0.499962 2.86958e-05 0.866048
    outer loop
      vertex 10.6535 -20.2192 32.201
      vertex 11.5835 -20.8022 32.7379
      vertex 11.0036 -19.9295 32.4031
    endloop
  endfacet
  facet normal -0.499955 4.28715e-05 0.866051
    outer loop
      vertex 11.5835 -20.8022 32.7379
      vertex 10.6535 -20.2192 32.201
      vertex 11.1828 -21.1338 32.5066
    endloop
  endfacet
  facet normal -0.50001 5.85204e-07 0.86602
    outer loop
      vertex 10.2877 -20.4818 31.9898
      vertex 11.1828 -21.1338 32.5066
      vertex 10.6535 -20.2192 32.201
    endloop
  endfacet
  facet normal -0.500055 -8.15095e-05 0.865994
    outer loop
      vertex 11.1828 -21.1338 32.5066
      vertex 10.2877 -20.4818 31.9898
      vertex 10.7641 -21.4344 32.2648
    endloop
  endfacet
  facet normal -0.500013 -5.39951e-05 0.866018
    outer loop
      vertex 9.9079 -20.7162 31.7705
      vertex 10.7641 -21.4344 32.2648
      vertex 10.2877 -20.4818 31.9898
    endloop
  endfacet
  facet normal -0.499914 0.000103629 0.866075
    outer loop
      vertex 10.7641 -21.4344 32.2648
      vertex 9.9079 -20.7162 31.7705
      vertex 10.3292 -21.7028 32.0138
    endloop
  endfacet
  facet normal -0.500025 4.049e-05 0.866011
    outer loop
      vertex 9.5156 -20.9215 31.544
      vertex 10.3292 -21.7028 32.0138
      vertex 9.9079 -20.7162 31.7705
    endloop
  endfacet
  facet normal -0.500057 -4.45813e-06 0.865992
    outer loop
      vertex 10.3292 -21.7028 32.0138
      vertex 9.5156 -20.9215 31.544
      vertex 9.88015 -21.9377 31.7545
    endloop
  endfacet
  facet normal -0.499965 3.98089e-05 0.866046
    outer loop
      vertex 9.1125 -21.0967 31.3113
      vertex 9.88015 -21.9377 31.7545
      vertex 9.5156 -20.9215 31.544
    endloop
  endfacet
  facet normal -0.499987 1.31775e-05 0.866033
    outer loop
      vertex 9.88015 -21.9377 31.7545
      vertex 9.1125 -21.0967 31.3113
      vertex 9.41871 -22.1383 31.4881
    endloop
  endfacet
  facet normal -0.499915 4.12083e-05 0.866074
    outer loop
      vertex 8.70034 -21.241 31.0734
      vertex 9.41871 -22.1383 31.4881
      vertex 9.1125 -21.0967 31.3113
    endloop
  endfacet
  facet normal -0.49999 -3.89549e-05 0.866031
    outer loop
      vertex 9.41871 -22.1383 31.4881
      vertex 8.70034 -21.241 31.0734
      vertex 8.9469 -22.3035 31.2157
    endloop
  endfacet
  facet normal -0.500036 -5.32137e-05 0.866004
    outer loop
      vertex 8.28089 -21.354 30.8312
      vertex 8.9469 -22.3035 31.2157
      vertex 8.70034 -21.241 31.0734
    endloop
  endfacet
  facet normal -0.499973 5.66893e-06 0.866041
    outer loop
      vertex 8.9469 -22.3035 31.2157
      vertex 8.28089 -21.354 30.8312
      vertex 8.46674 -22.4328 30.9385
    endloop
  endfacet
  facet normal -0.50009 -2.10842e-05 0.865974
    outer loop
      vertex 7.85595 -21.435 30.5858
      vertex 8.46674 -22.4328 30.9385
      vertex 8.28089 -21.354 30.8312
    endloop
  endfacet
  facet normal -0.500057 5.64099e-06 0.865992
    outer loop
      vertex 8.46674 -22.4328 30.9385
      vertex 7.85595 -21.435 30.5858
      vertex 7.98028 -22.5256 30.6576
    endloop
  endfacet
  facet normal -0.499897 2.99816e-05 0.866085
    outer loop
      vertex 7.42732 -21.4837 30.3384
      vertex 7.98028 -22.5256 30.6576
      vertex 7.85595 -21.435 30.5858
    endloop
  endfacet
  facet normal -0.500025 -6.08501e-05 0.866011
    outer loop
      vertex 7.98028 -22.5256 30.6576
      vertex 7.42732 -21.4837 30.3384
      vertex 7.48963 -22.5814 30.3743
    endloop
  endfacet
  facet normal -0.500101 -6.65519e-05 0.865967
    outer loop
      vertex 6.99685 -21.5 30.0898
      vertex 7.48963 -22.5814 30.3743
      vertex 7.42732 -21.4837 30.3384
    endloop
  endfacet
  facet normal -0.499991 0 0.86603
    outer loop
      vertex 6.99685 -21.5 30.0898
      vertex 6.99685 -22.6 30.0898
      vertex 7.48963 -22.5814 30.3743
    endloop
  endfacet
  facet normal -0.499998 0 0.866027
    outer loop
      vertex -10.4968 -21.5 19.9899
      vertex 6.99685 -22.6 30.0898
      vertex 6.99685 -21.5 30.0898
    endloop
  endfacet
  facet normal -0.499998 0 0.866027
    outer loop
      vertex -10.4968 -21.5 19.9899
      vertex -10.4968 -22.6 19.9899
      vertex 6.99685 -22.6 30.0898
    endloop
  endfacet
  facet normal -0.500077 -1.86883e-05 0.865981
    outer loop
      vertex -10.9896 -22.5814 19.7053
      vertex -10.4968 -21.5 19.9899
      vertex -10.9273 -21.4837 19.7413
    endloop
  endfacet
  facet normal -0.500108 0 0.865963
    outer loop
      vertex -10.4968 -21.5 19.9899
      vertex -10.9896 -22.5814 19.7053
      vertex -10.4968 -22.6 19.9899
    endloop
  endfacet
  facet normal -0.500063 0.000106774 0.865989
    outer loop
      vertex -11.4803 -22.5256 19.4221
      vertex -10.9273 -21.4837 19.7413
      vertex -11.3559 -21.435 19.4938
    endloop
  endfacet
  facet normal -0.499863 -3.48923e-05 0.866105
    outer loop
      vertex -10.9273 -21.4837 19.7413
      vertex -11.4803 -22.5256 19.4221
      vertex -10.9896 -22.5814 19.7053
    endloop
  endfacet
  facet normal -0.499894 -4.71141e-05 0.866087
    outer loop
      vertex -11.9667 -22.4328 19.1412
      vertex -11.3559 -21.435 19.4938
      vertex -11.7809 -21.354 19.2485
    endloop
  endfacet
  facet normal -0.500087 0.000110369 0.865975
    outer loop
      vertex -11.3559 -21.435 19.4938
      vertex -11.9667 -22.4328 19.1412
      vertex -11.4803 -22.5256 19.4221
    endloop
  endfacet
  facet normal -0.500075 8.39502e-05 0.865982
    outer loop
      vertex -12.4469 -22.3035 18.864
      vertex -11.7809 -21.354 19.2485
      vertex -12.2003 -21.241 19.0063
    endloop
  endfacet
  facet normal -0.499948 -3.46701e-05 0.866055
    outer loop
      vertex -11.7809 -21.354 19.2485
      vertex -12.4469 -22.3035 18.864
      vertex -11.9667 -22.4328 19.1412
    endloop
  endfacet
  facet normal -0.499883 -5.84916e-05 0.866093
    outer loop
      vertex -12.9187 -22.1383 18.5916
      vertex -12.2003 -21.241 19.0063
      vertex -12.6125 -21.0967 18.7684
    endloop
  endfacet
  facet normal -0.499993 5.86379e-05 0.866029
    outer loop
      vertex -12.2003 -21.241 19.0063
      vertex -12.9187 -22.1383 18.5916
      vertex -12.4469 -22.3035 18.864
    endloop
  endfacet
  facet normal -0.499972 -6.10905e-05 0.866042
    outer loop
      vertex -13.3801 -21.9377 18.3252
      vertex -12.6125 -21.0967 18.7684
      vertex -13.0156 -20.9215 18.5357
    endloop
  endfacet
  facet normal -0.500017 -6.13541e-06 0.866016
    outer loop
      vertex -12.6125 -21.0967 18.7684
      vertex -13.3801 -21.9377 18.3252
      vertex -12.9187 -22.1383 18.5916
    endloop
  endfacet
  facet normal -0.500025 -4.049e-05 0.866011
    outer loop
      vertex -13.8292 -21.7028 18.0659
      vertex -13.0156 -20.9215 18.5357
      vertex -13.4079 -20.7162 18.3092
    endloop
  endfacet
  facet normal -0.500144 0.000141121 0.865942
    outer loop
      vertex -14.2641 -21.4344 17.8148
      vertex -13.4079 -20.7162 18.3092
      vertex -13.7877 -20.4818 18.0898
    endloop
  endfacet
  facet normal -0.50003 -3.30747e-05 0.866008
    outer loop
      vertex -13.0156 -20.9215 18.5357
      vertex -13.8292 -21.7028 18.0659
      vertex -13.3801 -21.9377 18.3252
    endloop
  endfacet
  facet normal -0.499884 -9.73898e-05 0.866092
    outer loop
      vertex -14.6828 -21.1338 17.5731
      vertex -13.7877 -20.4818 18.0898
      vertex -14.1535 -20.2192 17.8787
    endloop
  endfacet
  facet normal -0.500032 -3.63239e-05 0.866007
    outer loop
      vertex -13.4079 -20.7162 18.3092
      vertex -14.2641 -21.4344 17.8148
      vertex -13.8292 -21.7028 18.0659
    endloop
  endfacet
  facet normal -0.500001 -9.27238e-05 0.866025
    outer loop
      vertex -15.0835 -20.8022 17.3417
      vertex -14.1535 -20.2192 17.8787
      vertex -14.5036 -19.9295 17.6766
    endloop
  endfacet
  facet normal -0.49994 5.4003e-06 0.86606
    outer loop
      vertex -13.7877 -20.4818 18.0898
      vertex -14.6828 -21.1338 17.5731
      vertex -14.2641 -21.4344 17.8148
    endloop
  endfacet
  facet normal -0.500099 0.000135508 0.865968
    outer loop
      vertex -15.4646 -20.441 17.1217
      vertex -14.5036 -19.9295 17.6766
      vertex -14.8365 -19.614 17.4843
    endloop
  endfacet
  facet normal -0.500064 4.17019e-05 0.865988
    outer loop
      vertex -14.1535 -20.2192 17.8787
      vertex -15.0835 -20.8022 17.3417
      vertex -14.6828 -21.1338 17.5731
    endloop
  endfacet
  facet normal -0.499978 -2.15063e-05 0.866038
    outer loop
      vertex -15.8245 -20.0518 16.9139
      vertex -14.8365 -19.614 17.4843
      vertex -15.1509 -19.274 17.3028
    endloop
  endfacet
  facet normal -0.499929 -9.51466e-05 0.866066
    outer loop
      vertex -16.1615 -19.6363 16.7194
      vertex -15.1509 -19.274 17.3028
      vertex -15.4453 -18.911 17.1329
    endloop
  endfacet
  facet normal -0.500011 -8.37027e-05 0.866019
    outer loop
      vertex -14.5036 -19.9295 17.6766
      vertex -15.4646 -20.441 17.1217
      vertex -15.0835 -20.8022 17.3417
    endloop
  endfacet
  facet normal -0.50003 0.000124524 0.866008
    outer loop
      vertex -16.4743 -19.1962 16.5388
      vertex -15.4453 -18.911 17.1329
      vertex -15.7185 -18.5266 16.9751
    endloop
  endfacet
  facet normal -0.499996 3.10566e-05 0.866028
    outer loop
      vertex -14.8365 -19.614 17.4843
      vertex -15.8245 -20.0518 16.9139
      vertex -15.4646 -20.441 17.1217
    endloop
  endfacet
  facet normal -0.499941 -7.40435e-05 0.866059
    outer loop
      vertex -16.7615 -18.7335 16.373
      vertex -15.7185 -18.5266 16.9751
      vertex -15.9694 -18.1223 16.8303
    endloop
  endfacet
  facet normal -0.499936 -7.04675e-05 0.866062
    outer loop
      vertex -15.1509 -19.274 17.3028
      vertex -16.1615 -19.6363 16.7194
      vertex -15.8245 -20.0518 16.9139
    endloop
  endfacet
  facet normal -0.500024 4.15165e-06 0.866011
    outer loop
      vertex -17.0219 -18.25 16.2226
      vertex -15.9694 -18.1223 16.8303
      vertex -16.1968 -17.7 16.699
    endloop
  endfacet
  facet normal -0.499974 9.54651e-05 0.866041
    outer loop
      vertex -17.2543 -17.7479 16.0885
      vertex -16.1968 -17.7 16.699
      vertex -16.3999 -17.2614 16.5817
    endloop
  endfacet
  facet normal -0.500005 4.66502e-06 0.866022
    outer loop
      vertex -15.4453 -18.911 17.1329
      vertex -16.4743 -19.1962 16.5388
      vertex -16.1615 -19.6363 16.7194
    endloop
  endfacet
  facet normal -0.499987 1.62606e-05 0.866033
    outer loop
      vertex -17.4577 -17.2293 15.971
      vertex -16.3999 -17.2614 16.5817
      vertex -16.5776 -16.8084 16.4791
    endloop
  endfacet
  facet normal -0.49999 3.40145e-05 0.866031
    outer loop
      vertex -17.6314 -16.6965 15.8707
      vertex -16.5776 -16.8084 16.4791
      vertex -16.7293 -16.3429 16.3915
    endloop
  endfacet
  facet normal -0.499954 1.00344e-05 0.866052
    outer loop
      vertex -15.7185 -18.5266 16.9751
      vertex -16.7615 -18.7335 16.373
      vertex -16.4743 -19.1962 16.5388
    endloop
  endfacet
  facet normal -0.499977 -4.00562e-05 0.866039
    outer loop
      vertex -17.7745 -16.1517 15.7881
      vertex -16.7293 -16.3429 16.3915
      vertex -16.8544 -15.867 16.3193
    endloop
  endfacet
  facet normal -0.500035 -0.000125437 0.866005
    outer loop
      vertex -17.8865 -15.5973 15.7234
      vertex -16.8544 -15.867 16.3193
      vertex -16.9522 -15.3827 16.2629
    endloop
  endfacet
  facet normal -0.500031 8.13394e-05 0.866007
    outer loop
      vertex -15.9694 -18.1223 16.8303
      vertex -17.0219 -18.25 16.2226
      vertex -16.7615 -18.7335 16.373
    endloop
  endfacet
  facet normal -0.500001 4.88672e-05 0.866025
    outer loop
      vertex -17.9668 -15.0356 15.6771
      vertex -16.9522 -15.3827 16.2629
      vertex -17.0223 -14.892 16.2224
    endloop
  endfacet
  facet normal -0.499984 6.45157e-05 0.866035
    outer loop
      vertex -18.0151 -14.469 15.6492
      vertex -17.0223 -14.892 16.2224
      vertex -17.0645 -14.397 16.198
    endloop
  endfacet
  facet normal -0.499903 0.000107096 0.866081
    outer loop
      vertex -18.0313 -13.9 15.6399
      vertex -17.0645 -14.397 16.198
      vertex -17.0786 -13.9 16.1898
    endloop
  endfacet
  facet normal -0.499967 -0.000110951 0.866045
    outer loop
      vertex -16.1968 -17.7 16.699
      vertex -17.2543 -17.7479 16.0885
      vertex -17.0219 -18.25 16.2226
    endloop
  endfacet
  facet normal -0.499903 0 0.866081
    outer loop
      vertex -17.0786 13.9 16.1898
      vertex -18.0313 13.9 15.6399
      vertex -17.0786 -13.9 16.1898
    endloop
  endfacet
  facet normal -0.500039 0.00010187 0.866003
    outer loop
      vertex -17.9668 15.0356 15.6771
      vertex -16.9522 15.3827 16.2629
      vertex -17.8865 15.5973 15.7234
    endloop
  endfacet
  facet normal -0.499903 0 0.866081
    outer loop
      vertex -18.0313 -13.9 15.6399
      vertex -17.0786 -13.9 16.1898
      vertex -18.0313 13.9 15.6399
    endloop
  endfacet
  facet normal -0.500001 -4.88672e-05 0.866025
    outer loop
      vertex -16.9522 15.3827 16.2629
      vertex -17.9668 15.0356 15.6771
      vertex -17.0223 14.892 16.2224
    endloop
  endfacet
  facet normal -0.499976 -7.98525e-05 0.86604
    outer loop
      vertex -17.0645 -14.397 16.198
      vertex -18.0313 -13.9 15.6399
      vertex -18.0151 -14.469 15.6492
    endloop
  endfacet
  facet normal -0.499997 -2.16631e-05 0.866027
    outer loop
      vertex -18.0151 14.469 15.6492
      vertex -17.0223 14.892 16.2224
      vertex -17.9668 15.0356 15.6771
    endloop
  endfacet
  facet normal -0.499984 0.00012002 0.866034
    outer loop
      vertex -16.3999 -17.2614 16.5817
      vertex -17.4577 -17.2293 15.971
      vertex -17.2543 -17.7479 16.0885
    endloop
  endfacet
  facet normal -0.499984 -6.45157e-05 0.866035
    outer loop
      vertex -17.0223 14.892 16.2224
      vertex -18.0151 14.469 15.6492
      vertex -17.0645 14.397 16.198
    endloop
  endfacet
  facet normal -0.499991 2.72578e-05 0.866031
    outer loop
      vertex -16.5776 -16.8084 16.4791
      vertex -17.6314 -16.6965 15.8707
      vertex -17.4577 -17.2293 15.971
    endloop
  endfacet
  facet normal -0.499976 7.98525e-05 0.86604
    outer loop
      vertex -18.0313 13.9 15.6399
      vertex -17.0645 14.397 16.198
      vertex -18.0151 14.469 15.6492
    endloop
  endfacet
  facet normal -0.499974 -2.08017e-05 0.86604
    outer loop
      vertex -16.7293 -16.3429 16.3915
      vertex -17.7745 -16.1517 15.7881
      vertex -17.6314 -16.6965 15.8707
    endloop
  endfacet
  facet normal -0.499903 -0.000107096 0.866081
    outer loop
      vertex -17.0645 14.397 16.198
      vertex -18.0313 13.9 15.6399
      vertex -17.0786 13.9 16.1898
    endloop
  endfacet
  facet normal -0.499999 5.76349e-05 0.866026
    outer loop
      vertex -16.8544 -15.867 16.3193
      vertex -17.8865 -15.5973 15.7234
      vertex -17.7745 -16.1517 15.7881
    endloop
  endfacet
  facet normal -0.500039 -0.00010187 0.866003
    outer loop
      vertex -16.9522 -15.3827 16.2629
      vertex -17.9668 -15.0356 15.6771
      vertex -17.8865 -15.5973 15.7234
    endloop
  endfacet
  facet normal -0.499997 2.16631e-05 0.866027
    outer loop
      vertex -17.0223 -14.892 16.2224
      vertex -18.0151 -14.469 15.6492
      vertex -17.9668 -15.0356 15.6771
    endloop
  endfacet
  facet normal 0.0848823 -0.995185 0.0490076
    outer loop
      vertex 7.48963 -22.5814 30.3743
      vertex 9.73528 -22.5256 27.6179
      vertex 7.98028 -22.5256 30.6576
    endloop
  endfacet
  facet normal 0.0848823 -0.995185 0.0490076
    outer loop
      vertex 9.73528 -22.5256 27.6179
      vertex 7.48963 -22.5814 30.3743
      vertex 9.24463 -22.5814 27.3346
    endloop
  endfacet
  facet normal 0.141157 -0.986627 0.081494
    outer loop
      vertex 7.98028 -22.5256 30.6576
      vertex 10.2217 -22.4328 27.8987
      vertex 8.46674 -22.4328 30.9385
    endloop
  endfacet
  facet normal 0.141176 -0.986623 0.0815093
    outer loop
      vertex 10.2217 -22.4328 27.8987
      vertex 7.98028 -22.5256 30.6576
      vertex 9.73528 -22.5256 27.6179
    endloop
  endfacet
  facet normal 0.196689 -0.973867 0.11356
    outer loop
      vertex 8.46674 -22.4328 30.9385
      vertex 10.7019 -22.3035 28.176
      vertex 8.9469 -22.3035 31.2157
    endloop
  endfacet
  facet normal 0.196663 -0.973875 0.113539
    outer loop
      vertex 10.7019 -22.3035 28.176
      vertex 8.46674 -22.4328 30.9385
      vertex 10.2217 -22.4328 27.8987
    endloop
  endfacet
  facet normal 0.251305 -0.956971 0.145093
    outer loop
      vertex 8.9469 -22.3035 31.2157
      vertex 11.1737 -22.1383 28.4484
      vertex 9.41871 -22.1383 31.4881
    endloop
  endfacet
  facet normal 0.251309 -0.95697 0.145095
    outer loop
      vertex 11.1737 -22.1383 28.4484
      vertex 8.9469 -22.3035 31.2157
      vertex 10.7019 -22.3035 28.176
    endloop
  endfacet
  facet normal 0.30514 -0.93587 0.17617
    outer loop
      vertex 9.41871 -22.1383 31.4881
      vertex 11.6351 -21.9377 28.7148
      vertex 9.88015 -21.9377 31.7545
    endloop
  endfacet
  facet normal 0.305156 -0.935863 0.176184
    outer loop
      vertex 11.6351 -21.9377 28.7148
      vertex 9.41871 -22.1383 31.4881
      vertex 11.1737 -22.1383 28.4484
    endloop
  endfacet
  facet normal 0.357354 -0.910895 0.206322
    outer loop
      vertex 9.88015 -21.9377 31.7545
      vertex 12.0842 -21.7028 28.9741
      vertex 10.3292 -21.7028 32.0138
    endloop
  endfacet
  facet normal 0.357332 -0.910908 0.206303
    outer loop
      vertex 12.0842 -21.7028 28.9741
      vertex 9.88015 -21.9377 31.7545
      vertex 11.6351 -21.9377 28.7148
    endloop
  endfacet
  facet normal 0.408244 -0.881919 0.235704
    outer loop
      vertex 10.3292 -21.7028 32.0138
      vertex 12.5191 -21.4344 29.2251
      vertex 10.7641 -21.4344 32.2648
    endloop
  endfacet
  facet normal 0.408244 -0.881919 0.235704
    outer loop
      vertex 12.5191 -21.4344 29.2251
      vertex 10.3292 -21.7028 32.0138
      vertex 12.0842 -21.7028 28.9741
    endloop
  endfacet
  facet normal 0.457253 -0.849252 0.263991
    outer loop
      vertex 10.7641 -21.4344 32.2648
      vertex 12.9378 -21.1338 29.4668
      vertex 11.1828 -21.1338 32.5066
    endloop
  endfacet
  facet normal 0.457284 -0.849227 0.264017
    outer loop
      vertex 12.9378 -21.1338 29.4668
      vertex 10.7641 -21.4344 32.2648
      vertex 12.5191 -21.4344 29.2251
    endloop
  endfacet
  facet normal 0.504497 -0.812798 0.291276
    outer loop
      vertex 11.1828 -21.1338 32.5066
      vertex 13.3385 -20.8022 29.6982
      vertex 11.5835 -20.8022 32.7379
    endloop
  endfacet
  facet normal 0.504465 -0.812828 0.291248
    outer loop
      vertex 13.3385 -20.8022 29.6982
      vertex 11.1828 -21.1338 32.5066
      vertex 12.9378 -21.1338 29.4668
    endloop
  endfacet
  facet normal 0.549426 -0.772988 0.317206
    outer loop
      vertex 11.5835 -20.8022 32.7379
      vertex 13.7196 -20.441 29.9182
      vertex 11.9646 -20.441 32.958
    endloop
  endfacet
  facet normal 0.549459 -0.772953 0.317235
    outer loop
      vertex 13.7196 -20.441 29.9182
      vertex 11.5835 -20.8022 32.7379
      vertex 13.3385 -20.8022 29.6982
    endloop
  endfacet
  facet normal 0.591982 -0.729895 0.341775
    outer loop
      vertex 11.9646 -20.441 32.958
      vertex 14.0795 -20.0518 30.126
      vertex 12.3245 -20.0518 33.1658
    endloop
  endfacet
  facet normal 0.591982 -0.729895 0.341775
    outer loop
      vertex 14.0795 -20.0518 30.126
      vertex 11.9646 -20.441 32.958
      vertex 13.7196 -20.441 29.9182
    endloop
  endfacet
  facet normal 0.632122 -0.683538 0.364962
    outer loop
      vertex 12.3245 -20.0518 33.1658
      vertex 14.4165 -19.6363 30.3206
      vertex 12.6615 -19.6363 33.3603
    endloop
  endfacet
  facet normal 0.632089 -0.683585 0.364931
    outer loop
      vertex 14.4165 -19.6363 30.3206
      vertex 12.3245 -20.0518 33.1658
      vertex 14.0795 -20.0518 30.126
    endloop
  endfacet
  facet normal 0.669435 -0.634406 0.386505
    outer loop
      vertex 12.6615 -19.6363 33.3603
      vertex 14.7293 -19.1962 30.5012
      vertex 12.9743 -19.1962 33.5409
    endloop
  endfacet
  facet normal 0.669435 -0.634406 0.386505
    outer loop
      vertex 14.7293 -19.1962 30.5012
      vertex 12.6615 -19.6363 33.3603
      vertex 14.4165 -19.6363 30.3206
    endloop
  endfacet
  facet normal 0.703902 -0.582543 0.406405
    outer loop
      vertex 12.9743 -19.1962 33.5409
      vertex 15.0165 -18.7335 30.667
      vertex 13.2615 -18.7335 33.7067
    endloop
  endfacet
  facet normal 0.703902 -0.582543 0.406405
    outer loop
      vertex 15.0165 -18.7335 30.667
      vertex 12.9743 -19.1962 33.5409
      vertex 14.7293 -19.1962 30.5012
    endloop
  endfacet
  facet normal 0.735397 -0.528135 0.424575
    outer loop
      vertex 13.2615 -18.7335 33.7067
      vertex 15.2769 -18.25 30.8173
      vertex 13.5219 -18.25 33.8571
    endloop
  endfacet
  facet normal 0.735425 -0.528072 0.424605
    outer loop
      vertex 15.2769 -18.25 30.8173
      vertex 13.2615 -18.7335 33.7067
      vertex 15.0165 -18.7335 30.667
    endloop
  endfacet
  facet normal 0.763803 -0.47131 0.440989
    outer loop
      vertex 13.5219 -18.25 33.8571
      vertex 15.5093 -17.7479 30.9515
      vertex 13.7543 -17.7479 33.9912
    endloop
  endfacet
  facet normal 0.763778 -0.471378 0.44096
    outer loop
      vertex 15.5093 -17.7479 30.9515
      vertex 13.5219 -18.25 33.8571
      vertex 15.2769 -18.25 30.8173
    endloop
  endfacet
  facet normal 0.788871 -0.412598 0.455462
    outer loop
      vertex 13.7543 -17.7479 33.9912
      vertex 15.7127 -17.2293 31.069
      vertex 13.9577 -17.2293 34.1087
    endloop
  endfacet
  facet normal 0.788871 -0.412598 0.455462
    outer loop
      vertex 15.7127 -17.2293 31.069
      vertex 13.7543 -17.7479 33.9912
      vertex 15.5093 -17.7479 30.9515
    endloop
  endfacet
  facet normal 0.810498 -0.352322 0.467934
    outer loop
      vertex 13.9577 -17.2293 34.1087
      vertex 15.8864 -16.6965 31.1692
      vertex 14.1314 -16.6965 34.209
    endloop
  endfacet
  facet normal 0.810517 -0.352245 0.46796
    outer loop
      vertex 15.8864 -16.6965 31.1692
      vertex 13.9577 -17.2293 34.1087
      vertex 15.7127 -17.2293 31.069
    endloop
  endfacet
  facet normal 0.828746 -0.290228 0.478485
    outer loop
      vertex 14.1314 -16.6965 34.209
      vertex 16.0295 -16.1517 31.2519
      vertex 14.2745 -16.1517 34.2916
    endloop
  endfacet
  facet normal 0.828732 -0.290309 0.478461
    outer loop
      vertex 16.0295 -16.1517 31.2519
      vertex 14.1314 -16.6965 34.209
      vertex 15.8864 -16.6965 31.1692
    endloop
  endfacet
  facet normal 0.84338 -0.227204 0.486917
    outer loop
      vertex 14.2745 -16.1517 34.2916
      vertex 16.1415 -15.5973 31.3165
      vertex 14.3865 -15.5973 34.3563
    endloop
  endfacet
  facet normal 0.84339 -0.227121 0.486939
    outer loop
      vertex 16.1415 -15.5973 31.3165
      vertex 14.2745 -16.1517 34.2916
      vertex 16.0295 -16.1517 31.2519
    endloop
  endfacet
  facet normal 0.854466 -0.162818 0.493334
    outer loop
      vertex 14.3865 -15.5973 34.3563
      vertex 16.2218 -15.0356 31.3629
      vertex 14.4668 -15.0356 34.4026
    endloop
  endfacet
  facet normal 0.854461 -0.162904 0.493315
    outer loop
      vertex 16.2218 -15.0356 31.3629
      vertex 14.3865 -15.5973 34.3563
      vertex 16.1415 -15.5973 31.3165
    endloop
  endfacet
  facet normal 0.861856 -0.0979716 0.497601
    outer loop
      vertex 14.4668 -15.0356 34.4026
      vertex 16.2701 -14.469 31.3908
      vertex 14.5151 -14.469 34.4305
    endloop
  endfacet
  facet normal 0.861856 -0.0979716 0.497601
    outer loop
      vertex 16.2701 -14.469 31.3908
      vertex 14.4668 -15.0356 34.4026
      vertex 16.2218 -15.0356 31.3629
    endloop
  endfacet
  facet normal 0.865556 -0.0328112 0.499737
    outer loop
      vertex 14.5151 -14.469 34.4305
      vertex 16.2863 -13.9 31.4001
      vertex 14.5313 -13.9 34.4398
    endloop
  endfacet
  facet normal 0.865556 -0.0328112 0.499737
    outer loop
      vertex 16.2863 -13.9 31.4001
      vertex 14.5151 -14.469 34.4305
      vertex 16.2701 -14.469 31.3908
    endloop
  endfacet
  facet normal 0.866022 -0 0.500006
    outer loop
      vertex 14.5313 -13.9 34.4398
      vertex 16.2863 13.9 31.4001
      vertex 14.5313 13.9 34.4398
    endloop
  endfacet
  facet normal 0.866022 0 0.500006
    outer loop
      vertex 16.2863 13.9 31.4001
      vertex 14.5313 -13.9 34.4398
      vertex 16.2863 -13.9 31.4001
    endloop
  endfacet
  facet normal 0.865556 0.0328112 0.499737
    outer loop
      vertex 16.2863 13.9 31.4001
      vertex 14.5151 14.469 34.4305
      vertex 14.5313 13.9 34.4398
    endloop
  endfacet
  facet normal 0.865556 0.0328112 0.499737
    outer loop
      vertex 14.5151 14.469 34.4305
      vertex 16.2863 13.9 31.4001
      vertex 16.2701 14.469 31.3908
    endloop
  endfacet
  facet normal 0.861856 0.0979716 0.497601
    outer loop
      vertex 16.2701 14.469 31.3908
      vertex 14.4668 15.0356 34.4026
      vertex 14.5151 14.469 34.4305
    endloop
  endfacet
  facet normal 0.861856 0.0979716 0.497601
    outer loop
      vertex 14.4668 15.0356 34.4026
      vertex 16.2701 14.469 31.3908
      vertex 16.2218 15.0356 31.3629
    endloop
  endfacet
  facet normal 0.854466 0.162818 0.493334
    outer loop
      vertex 16.2218 15.0356 31.3629
      vertex 14.3865 15.5973 34.3563
      vertex 14.4668 15.0356 34.4026
    endloop
  endfacet
  facet normal 0.854461 0.162904 0.493315
    outer loop
      vertex 14.3865 15.5973 34.3563
      vertex 16.2218 15.0356 31.3629
      vertex 16.1415 15.5973 31.3165
    endloop
  endfacet
  facet normal 0.84338 0.227204 0.486917
    outer loop
      vertex 16.1415 15.5973 31.3165
      vertex 14.2745 16.1517 34.2916
      vertex 14.3865 15.5973 34.3563
    endloop
  endfacet
  facet normal 0.84339 0.227121 0.486939
    outer loop
      vertex 14.2745 16.1517 34.2916
      vertex 16.1415 15.5973 31.3165
      vertex 16.0295 16.1517 31.2519
    endloop
  endfacet
  facet normal 0.828746 0.290228 0.478485
    outer loop
      vertex 16.0295 16.1517 31.2519
      vertex 14.1314 16.6965 34.209
      vertex 14.2745 16.1517 34.2916
    endloop
  endfacet
  facet normal 0.828732 0.290309 0.478461
    outer loop
      vertex 14.1314 16.6965 34.209
      vertex 16.0295 16.1517 31.2519
      vertex 15.8864 16.6965 31.1692
    endloop
  endfacet
  facet normal 0.810498 0.352322 0.467934
    outer loop
      vertex 15.8864 16.6965 31.1692
      vertex 13.9577 17.2293 34.1087
      vertex 14.1314 16.6965 34.209
    endloop
  endfacet
  facet normal 0.810517 0.352245 0.46796
    outer loop
      vertex 13.9577 17.2293 34.1087
      vertex 15.8864 16.6965 31.1692
      vertex 15.7127 17.2293 31.069
    endloop
  endfacet
  facet normal 0.788871 0.412598 0.455462
    outer loop
      vertex 15.7127 17.2293 31.069
      vertex 13.7543 17.7479 33.9912
      vertex 13.9577 17.2293 34.1087
    endloop
  endfacet
  facet normal 0.788871 0.412598 0.455462
    outer loop
      vertex 13.7543 17.7479 33.9912
      vertex 15.7127 17.2293 31.069
      vertex 15.5093 17.7479 30.9515
    endloop
  endfacet
  facet normal 0.763803 0.47131 0.440989
    outer loop
      vertex 15.5093 17.7479 30.9515
      vertex 13.5219 18.25 33.8571
      vertex 13.7543 17.7479 33.9912
    endloop
  endfacet
  facet normal 0.763778 0.471378 0.44096
    outer loop
      vertex 13.5219 18.25 33.8571
      vertex 15.5093 17.7479 30.9515
      vertex 15.2769 18.25 30.8173
    endloop
  endfacet
  facet normal 0.735397 0.528135 0.424575
    outer loop
      vertex 15.2769 18.25 30.8173
      vertex 13.2615 18.7335 33.7067
      vertex 13.5219 18.25 33.8571
    endloop
  endfacet
  facet normal 0.735425 0.528072 0.424605
    outer loop
      vertex 13.2615 18.7335 33.7067
      vertex 15.2769 18.25 30.8173
      vertex 15.0165 18.7335 30.667
    endloop
  endfacet
  facet normal 0.703902 0.582543 0.406405
    outer loop
      vertex 15.0165 18.7335 30.667
      vertex 12.9743 19.1962 33.5409
      vertex 13.2615 18.7335 33.7067
    endloop
  endfacet
  facet normal 0.703902 0.582543 0.406405
    outer loop
      vertex 12.9743 19.1962 33.5409
      vertex 15.0165 18.7335 30.667
      vertex 14.7293 19.1962 30.5012
    endloop
  endfacet
  facet normal 0.669435 0.634406 0.386505
    outer loop
      vertex 14.7293 19.1962 30.5012
      vertex 12.6615 19.6363 33.3603
      vertex 12.9743 19.1962 33.5409
    endloop
  endfacet
  facet normal 0.669435 0.634406 0.386505
    outer loop
      vertex 12.6615 19.6363 33.3603
      vertex 14.7293 19.1962 30.5012
      vertex 14.4165 19.6363 30.3206
    endloop
  endfacet
  facet normal 0.632122 0.683538 0.364962
    outer loop
      vertex 14.4165 19.6363 30.3206
      vertex 12.3245 20.0518 33.1658
      vertex 12.6615 19.6363 33.3603
    endloop
  endfacet
  facet normal 0.632089 0.683585 0.364931
    outer loop
      vertex 12.3245 20.0518 33.1658
      vertex 14.4165 19.6363 30.3206
      vertex 14.0795 20.0518 30.126
    endloop
  endfacet
  facet normal 0.591982 0.729895 0.341775
    outer loop
      vertex 14.0795 20.0518 30.126
      vertex 11.9646 20.441 32.958
      vertex 12.3245 20.0518 33.1658
    endloop
  endfacet
  facet normal 0.591982 0.729895 0.341775
    outer loop
      vertex 11.9646 20.441 32.958
      vertex 14.0795 20.0518 30.126
      vertex 13.7196 20.441 29.9182
    endloop
  endfacet
  facet normal 0.549426 0.772988 0.317206
    outer loop
      vertex 13.7196 20.441 29.9182
      vertex 11.5835 20.8022 32.7379
      vertex 11.9646 20.441 32.958
    endloop
  endfacet
  facet normal 0.549459 0.772953 0.317235
    outer loop
      vertex 11.5835 20.8022 32.7379
      vertex 13.7196 20.441 29.9182
      vertex 13.3385 20.8022 29.6982
    endloop
  endfacet
  facet normal 0.504497 0.812798 0.291276
    outer loop
      vertex 13.3385 20.8022 29.6982
      vertex 11.1828 21.1338 32.5066
      vertex 11.5835 20.8022 32.7379
    endloop
  endfacet
  facet normal 0.504465 0.812828 0.291248
    outer loop
      vertex 11.1828 21.1338 32.5066
      vertex 13.3385 20.8022 29.6982
      vertex 12.9378 21.1338 29.4668
    endloop
  endfacet
  facet normal 0.457253 0.849252 0.263991
    outer loop
      vertex 12.9378 21.1338 29.4668
      vertex 10.7641 21.4344 32.2648
      vertex 11.1828 21.1338 32.5066
    endloop
  endfacet
  facet normal 0.457284 0.849227 0.264017
    outer loop
      vertex 10.7641 21.4344 32.2648
      vertex 12.9378 21.1338 29.4668
      vertex 12.5191 21.4344 29.2251
    endloop
  endfacet
  facet normal 0.408244 0.881919 0.235704
    outer loop
      vertex 12.5191 21.4344 29.2251
      vertex 10.3292 21.7028 32.0138
      vertex 10.7641 21.4344 32.2648
    endloop
  endfacet
  facet normal 0.408244 0.881919 0.235704
    outer loop
      vertex 10.3292 21.7028 32.0138
      vertex 12.5191 21.4344 29.2251
      vertex 12.0842 21.7028 28.9741
    endloop
  endfacet
  facet normal 0.357354 0.910895 0.206322
    outer loop
      vertex 12.0842 21.7028 28.9741
      vertex 9.88015 21.9377 31.7545
      vertex 10.3292 21.7028 32.0138
    endloop
  endfacet
  facet normal 0.357332 0.910908 0.206303
    outer loop
      vertex 9.88015 21.9377 31.7545
      vertex 12.0842 21.7028 28.9741
      vertex 11.6351 21.9377 28.7148
    endloop
  endfacet
  facet normal 0.30514 0.93587 0.17617
    outer loop
      vertex 11.6351 21.9377 28.7148
      vertex 9.41871 22.1383 31.4881
      vertex 9.88015 21.9377 31.7545
    endloop
  endfacet
  facet normal 0.305156 0.935863 0.176184
    outer loop
      vertex 9.41871 22.1383 31.4881
      vertex 11.6351 21.9377 28.7148
      vertex 11.1737 22.1383 28.4484
    endloop
  endfacet
  facet normal 0.251305 0.956971 0.145093
    outer loop
      vertex 11.1737 22.1383 28.4484
      vertex 8.9469 22.3035 31.2157
      vertex 9.41871 22.1383 31.4881
    endloop
  endfacet
  facet normal 0.251309 0.95697 0.145095
    outer loop
      vertex 8.9469 22.3035 31.2157
      vertex 11.1737 22.1383 28.4484
      vertex 10.7019 22.3035 28.176
    endloop
  endfacet
  facet normal 0.196689 0.973867 0.11356
    outer loop
      vertex 10.7019 22.3035 28.176
      vertex 8.46674 22.4328 30.9385
      vertex 8.9469 22.3035 31.2157
    endloop
  endfacet
  facet normal 0.196663 0.973875 0.113539
    outer loop
      vertex 8.46674 22.4328 30.9385
      vertex 10.7019 22.3035 28.176
      vertex 10.2217 22.4328 27.8987
    endloop
  endfacet
  facet normal 0.141157 0.986627 0.081494
    outer loop
      vertex 10.2217 22.4328 27.8987
      vertex 7.98028 22.5256 30.6576
      vertex 8.46674 22.4328 30.9385
    endloop
  endfacet
  facet normal 0.141176 0.986623 0.0815093
    outer loop
      vertex 7.98028 22.5256 30.6576
      vertex 10.2217 22.4328 27.8987
      vertex 9.73528 22.5256 27.6179
    endloop
  endfacet
  facet normal 0.0848823 0.995185 0.0490076
    outer loop
      vertex 9.73528 22.5256 27.6179
      vertex 7.48963 22.5814 30.3743
      vertex 7.98028 22.5256 30.6576
    endloop
  endfacet
  facet normal 0.0848823 0.995185 0.0490076
    outer loop
      vertex 7.48963 22.5814 30.3743
      vertex 9.73528 22.5256 27.6179
      vertex 9.24463 22.5814 27.3346
    endloop
  endfacet
  facet normal 0.0282937 0.999466 0.0163356
    outer loop
      vertex 9.24463 22.5814 27.3346
      vertex 6.99685 22.6 30.0898
      vertex 7.48963 22.5814 30.3743
    endloop
  endfacet
  facet normal 0.0282937 0.999466 0.0163356
    outer loop
      vertex 6.99685 22.6 30.0898
      vertex 9.24463 22.5814 27.3346
      vertex 8.75185 22.6 27.0501
    endloop
  endfacet
  facet normal -0.0282909 0.999466 -0.0163328
    outer loop
      vertex -8.74684 22.6 16.9587
      vertex -10.9896 22.5814 19.7053
      vertex -10.4968 22.6 19.9899
    endloop
  endfacet
  facet normal -0.0282939 0.999466 -0.0163353
    outer loop
      vertex -10.9896 22.5814 19.7053
      vertex -8.74684 22.6 16.9587
      vertex -9.23962 22.5814 16.6742
    endloop
  endfacet
  facet normal -0.0848839 0.995185 -0.049007
    outer loop
      vertex -9.23962 22.5814 16.6742
      vertex -11.4803 22.5256 19.4221
      vertex -10.9896 22.5814 19.7053
    endloop
  endfacet
  facet normal -0.084883 0.995185 -0.0490063
    outer loop
      vertex -11.4803 22.5256 19.4221
      vertex -9.23962 22.5814 16.6742
      vertex -9.73027 22.5256 16.3909
    endloop
  endfacet
  facet normal -0.141169 0.986625 -0.0815025
    outer loop
      vertex -9.73027 22.5256 16.3909
      vertex -11.9667 22.4328 19.1412
      vertex -11.4803 22.5256 19.4221
    endloop
  endfacet
  facet normal -0.141175 0.986624 -0.0815069
    outer loop
      vertex -11.9667 22.4328 19.1412
      vertex -9.73027 22.5256 16.3909
      vertex -10.2167 22.4328 16.1101
    endloop
  endfacet
  facet normal -0.196678 0.97387 -0.113552
    outer loop
      vertex -10.2167 22.4328 16.1101
      vertex -12.4469 22.3035 18.864
      vertex -11.9667 22.4328 19.1412
    endloop
  endfacet
  facet normal -0.196678 0.97387 -0.113552
    outer loop
      vertex -12.4469 22.3035 18.864
      vertex -10.2167 22.4328 16.1101
      vertex -10.6969 22.3035 15.8329
    endloop
  endfacet
  facet normal -0.25131 0.95697 -0.145093
    outer loop
      vertex -10.6969 22.3035 15.8329
      vertex -12.9187 22.1383 18.5916
      vertex -12.4469 22.3035 18.864
    endloop
  endfacet
  facet normal -0.25131 0.95697 -0.145093
    outer loop
      vertex -12.9187 22.1383 18.5916
      vertex -10.6969 22.3035 15.8329
      vertex -11.1687 22.1383 15.5605
    endloop
  endfacet
  facet normal -0.305157 0.935863 -0.176182
    outer loop
      vertex -11.1687 22.1383 15.5605
      vertex -13.3801 21.9377 18.3252
      vertex -12.9187 22.1383 18.5916
    endloop
  endfacet
  facet normal -0.305157 0.935863 -0.176182
    outer loop
      vertex -13.3801 21.9377 18.3252
      vertex -11.1687 22.1383 15.5605
      vertex -11.6301 21.9377 15.2941
    endloop
  endfacet
  facet normal -0.357331 0.910908 -0.206305
    outer loop
      vertex -11.6301 21.9377 15.2941
      vertex -13.8292 21.7028 18.0659
      vertex -13.3801 21.9377 18.3252
    endloop
  endfacet
  facet normal -0.357331 0.910908 -0.206305
    outer loop
      vertex -13.8292 21.7028 18.0659
      vertex -11.6301 21.9377 15.2941
      vertex -12.0792 21.7028 15.0348
    endloop
  endfacet
  facet normal -0.408215 0.881938 -0.235682
    outer loop
      vertex -12.0792 21.7028 15.0348
      vertex -14.2641 21.4344 17.8148
      vertex -13.8292 21.7028 18.0659
    endloop
  endfacet
  facet normal -0.408215 0.881938 -0.235682
    outer loop
      vertex -14.2641 21.4344 17.8148
      vertex -12.0792 21.7028 15.0348
      vertex -12.5141 21.4344 14.7837
    endloop
  endfacet
  facet normal -0.457286 0.849227 -0.264013
    outer loop
      vertex -12.5141 21.4344 14.7837
      vertex -14.6828 21.1338 17.5731
      vertex -14.2641 21.4344 17.8148
    endloop
  endfacet
  facet normal -0.457339 0.849185 -0.264059
    outer loop
      vertex -14.6828 21.1338 17.5731
      vertex -12.5141 21.4344 14.7837
      vertex -12.9327 21.1338 14.542
    endloop
  endfacet
  facet normal -0.504456 0.812828 -0.291263
    outer loop
      vertex -12.9327 21.1338 14.542
      vertex -15.0835 20.8022 17.3417
      vertex -14.6828 21.1338 17.5731
    endloop
  endfacet
  facet normal -0.504401 0.81288 -0.291215
    outer loop
      vertex -15.0835 20.8022 17.3417
      vertex -12.9327 21.1338 14.542
      vertex -13.3335 20.8022 14.3106
    endloop
  endfacet
  facet normal -0.549462 0.772953 -0.317231
    outer loop
      vertex -13.3335 20.8022 14.3106
      vertex -15.4646 20.441 17.1217
      vertex -15.0835 20.8022 17.3417
    endloop
  endfacet
  facet normal -0.549462 0.772953 -0.317231
    outer loop
      vertex -15.4646 20.441 17.1217
      vertex -13.3335 20.8022 14.3106
      vertex -13.7146 20.441 14.0906
    endloop
  endfacet
  facet normal -0.59198 0.729895 -0.341779
    outer loop
      vertex -13.7146 20.441 14.0906
      vertex -15.8245 20.0518 16.9139
      vertex -15.4646 20.441 17.1217
    endloop
  endfacet
  facet normal -0.59198 0.729895 -0.341779
    outer loop
      vertex -15.8245 20.0518 16.9139
      vertex -13.7146 20.441 14.0906
      vertex -14.0745 20.0518 13.8828
    endloop
  endfacet
  facet normal -0.632125 0.683538 -0.364956
    outer loop
      vertex -14.0745 20.0518 13.8828
      vertex -16.1615 19.6363 16.7194
      vertex -15.8245 20.0518 16.9139
    endloop
  endfacet
  facet normal -0.632092 0.683585 -0.364925
    outer loop
      vertex -16.1615 19.6363 16.7194
      vertex -14.0745 20.0518 13.8828
      vertex -14.4115 19.6363 13.6882
    endloop
  endfacet
  facet normal -0.669476 0.634353 -0.386521
    outer loop
      vertex -16.4743 19.1962 16.5388
      vertex -14.4115 19.6363 13.6882
      vertex -14.7243 19.1962 13.5077
    endloop
  endfacet
  facet normal -0.669444 0.634406 -0.386489
    outer loop
      vertex -14.4115 19.6363 13.6882
      vertex -16.4743 19.1962 16.5388
      vertex -16.1615 19.6363 16.7194
    endloop
  endfacet
  facet normal -0.703906 0.582543 -0.406399
    outer loop
      vertex -16.7615 18.7335 16.373
      vertex -14.7243 19.1962 13.5077
      vertex -15.0115 18.7335 13.3419
    endloop
  endfacet
  facet normal -0.703906 0.582543 -0.406399
    outer loop
      vertex -14.7243 19.1962 13.5077
      vertex -16.7615 18.7335 16.373
      vertex -16.4743 19.1962 16.5388
    endloop
  endfacet
  facet normal -0.735395 0.528135 -0.424579
    outer loop
      vertex -17.0219 18.25 16.2226
      vertex -15.0115 18.7335 13.3419
      vertex -15.2719 18.25 13.1915
    endloop
  endfacet
  facet normal -0.735395 0.528135 -0.424579
    outer loop
      vertex -15.0115 18.7335 13.3419
      vertex -17.0219 18.25 16.2226
      vertex -16.7615 18.7335 16.373
    endloop
  endfacet
  facet normal -0.763782 0.471378 -0.440954
    outer loop
      vertex -17.2543 17.7479 16.0885
      vertex -15.2719 18.25 13.1915
      vertex -15.5043 17.7479 13.0573
    endloop
  endfacet
  facet normal -0.763807 0.47131 -0.440983
    outer loop
      vertex -15.2719 18.25 13.1915
      vertex -17.2543 17.7479 16.0885
      vertex -17.0219 18.25 16.2226
    endloop
  endfacet
  facet normal -0.788903 0.412525 -0.455472
    outer loop
      vertex -17.4577 17.2293 15.971
      vertex -15.5043 17.7479 13.0573
      vertex -15.7077 17.2293 12.9399
    endloop
  endfacet
  facet normal -0.788881 0.412598 -0.455444
    outer loop
      vertex -15.5043 17.7479 13.0573
      vertex -17.4577 17.2293 15.971
      vertex -17.2543 17.7479 16.0885
    endloop
  endfacet
  facet normal -0.810496 0.352322 -0.467938
    outer loop
      vertex -17.6314 16.6965 15.8707
      vertex -15.7077 17.2293 12.9399
      vertex -15.8814 16.6965 12.8396
    endloop
  endfacet
  facet normal -0.810496 0.352322 -0.467938
    outer loop
      vertex -15.7077 17.2293 12.9399
      vertex -17.6314 16.6965 15.8707
      vertex -17.4577 17.2293 15.971
    endloop
  endfacet
  facet normal -0.82875 0.290228 -0.478477
    outer loop
      vertex -17.7745 16.1517 15.7881
      vertex -15.8814 16.6965 12.8396
      vertex -16.0245 16.1517 12.757
    endloop
  endfacet
  facet normal -0.82875 0.290228 -0.478477
    outer loop
      vertex -15.8814 16.6965 12.8396
      vertex -17.7745 16.1517 15.7881
      vertex -17.6314 16.6965 15.8707
    endloop
  endfacet
  facet normal -0.843377 0.227204 -0.486922
    outer loop
      vertex -17.8865 15.5973 15.7234
      vertex -16.0245 16.1517 12.757
      vertex -16.1365 15.5973 12.6923
    endloop
  endfacet
  facet normal -0.843377 0.227204 -0.486922
    outer loop
      vertex -16.0245 16.1517 12.757
      vertex -17.8865 15.5973 15.7234
      vertex -17.7745 16.1517 15.7881
    endloop
  endfacet
  facet normal -0.85447 0.162818 -0.493327
    outer loop
      vertex -17.9668 15.0356 15.6771
      vertex -16.1365 15.5973 12.6923
      vertex -16.2168 15.0356 12.646
    endloop
  endfacet
  facet normal -0.85447 0.162818 -0.493327
    outer loop
      vertex -16.1365 15.5973 12.6923
      vertex -17.9668 15.0356 15.6771
      vertex -17.8865 15.5973 15.7234
    endloop
  endfacet
  facet normal -0.86186 0.0979716 -0.497593
    outer loop
      vertex -18.0151 14.469 15.6492
      vertex -16.2168 15.0356 12.646
      vertex -16.2651 14.469 12.6181
    endloop
  endfacet
  facet normal -0.86186 0.0979716 -0.497593
    outer loop
      vertex -16.2168 15.0356 12.646
      vertex -18.0151 14.469 15.6492
      vertex -17.9668 15.0356 15.6771
    endloop
  endfacet
  facet normal -0.86556 0.0328112 -0.499729
    outer loop
      vertex -18.0313 13.9 15.6399
      vertex -16.2651 14.469 12.6181
      vertex -16.2813 13.9 12.6088
    endloop
  endfacet
  facet normal -0.86556 0.0328112 -0.499729
    outer loop
      vertex -16.2651 14.469 12.6181
      vertex -18.0313 13.9 15.6399
      vertex -18.0151 14.469 15.6492
    endloop
  endfacet
  facet normal -0.866026 0 -0.499999
    outer loop
      vertex -16.2813 -13.9 12.6088
      vertex -18.0313 13.9 15.6399
      vertex -16.2813 13.9 12.6088
    endloop
  endfacet
  facet normal -0.866026 -0 -0.499999
    outer loop
      vertex -18.0313 13.9 15.6399
      vertex -16.2813 -13.9 12.6088
      vertex -18.0313 -13.9 15.6399
    endloop
  endfacet
  facet normal -0.86556 -0.0328112 -0.499729
    outer loop
      vertex -16.2651 -14.469 12.6181
      vertex -18.0313 -13.9 15.6399
      vertex -16.2813 -13.9 12.6088
    endloop
  endfacet
  facet normal -0.86556 -0.0328112 -0.499729
    outer loop
      vertex -18.0313 -13.9 15.6399
      vertex -16.2651 -14.469 12.6181
      vertex -18.0151 -14.469 15.6492
    endloop
  endfacet
  facet normal -0.86186 -0.0979716 -0.497593
    outer loop
      vertex -16.2168 -15.0356 12.646
      vertex -18.0151 -14.469 15.6492
      vertex -16.2651 -14.469 12.6181
    endloop
  endfacet
  facet normal -0.86186 -0.0979716 -0.497593
    outer loop
      vertex -18.0151 -14.469 15.6492
      vertex -16.2168 -15.0356 12.646
      vertex -17.9668 -15.0356 15.6771
    endloop
  endfacet
  facet normal -0.85447 -0.162818 -0.493327
    outer loop
      vertex -16.1365 -15.5973 12.6923
      vertex -17.9668 -15.0356 15.6771
      vertex -16.2168 -15.0356 12.646
    endloop
  endfacet
  facet normal -0.85447 -0.162818 -0.493327
    outer loop
      vertex -17.9668 -15.0356 15.6771
      vertex -16.1365 -15.5973 12.6923
      vertex -17.8865 -15.5973 15.7234
    endloop
  endfacet
  facet normal -0.843377 -0.227204 -0.486922
    outer loop
      vertex -16.0245 -16.1517 12.757
      vertex -17.8865 -15.5973 15.7234
      vertex -16.1365 -15.5973 12.6923
    endloop
  endfacet
  facet normal -0.843377 -0.227204 -0.486922
    outer loop
      vertex -17.8865 -15.5973 15.7234
      vertex -16.0245 -16.1517 12.757
      vertex -17.7745 -16.1517 15.7881
    endloop
  endfacet
  facet normal -0.82875 -0.290228 -0.478477
    outer loop
      vertex -15.8814 -16.6965 12.8396
      vertex -17.7745 -16.1517 15.7881
      vertex -16.0245 -16.1517 12.757
    endloop
  endfacet
  facet normal -0.82875 -0.290228 -0.478477
    outer loop
      vertex -17.7745 -16.1517 15.7881
      vertex -15.8814 -16.6965 12.8396
      vertex -17.6314 -16.6965 15.8707
    endloop
  endfacet
  facet normal -0.810496 -0.352322 -0.467938
    outer loop
      vertex -15.7077 -17.2293 12.9399
      vertex -17.6314 -16.6965 15.8707
      vertex -15.8814 -16.6965 12.8396
    endloop
  endfacet
  facet normal -0.810496 -0.352322 -0.467938
    outer loop
      vertex -17.6314 -16.6965 15.8707
      vertex -15.7077 -17.2293 12.9399
      vertex -17.4577 -17.2293 15.971
    endloop
  endfacet
  facet normal -0.788903 -0.412525 -0.455472
    outer loop
      vertex -15.5043 -17.7479 13.0573
      vertex -17.4577 -17.2293 15.971
      vertex -15.7077 -17.2293 12.9399
    endloop
  endfacet
  facet normal -0.788881 -0.412598 -0.455444
    outer loop
      vertex -17.4577 -17.2293 15.971
      vertex -15.5043 -17.7479 13.0573
      vertex -17.2543 -17.7479 16.0885
    endloop
  endfacet
  facet normal -0.763782 -0.471378 -0.440954
    outer loop
      vertex -15.2719 -18.25 13.1915
      vertex -17.2543 -17.7479 16.0885
      vertex -15.5043 -17.7479 13.0573
    endloop
  endfacet
  facet normal -0.763807 -0.47131 -0.440983
    outer loop
      vertex -17.2543 -17.7479 16.0885
      vertex -15.2719 -18.25 13.1915
      vertex -17.0219 -18.25 16.2226
    endloop
  endfacet
  facet normal -0.735395 -0.528135 -0.424579
    outer loop
      vertex -15.0115 -18.7335 13.3419
      vertex -17.0219 -18.25 16.2226
      vertex -15.2719 -18.25 13.1915
    endloop
  endfacet
  facet normal -0.735395 -0.528135 -0.424579
    outer loop
      vertex -17.0219 -18.25 16.2226
      vertex -15.0115 -18.7335 13.3419
      vertex -16.7615 -18.7335 16.373
    endloop
  endfacet
  facet normal -0.703906 -0.582543 -0.406399
    outer loop
      vertex -14.7243 -19.1962 13.5077
      vertex -16.7615 -18.7335 16.373
      vertex -15.0115 -18.7335 13.3419
    endloop
  endfacet
  facet normal -0.703906 -0.582543 -0.406399
    outer loop
      vertex -16.7615 -18.7335 16.373
      vertex -14.7243 -19.1962 13.5077
      vertex -16.4743 -19.1962 16.5388
    endloop
  endfacet
  facet normal -0.669476 -0.634353 -0.386521
    outer loop
      vertex -14.4115 -19.6363 13.6882
      vertex -16.4743 -19.1962 16.5388
      vertex -14.7243 -19.1962 13.5077
    endloop
  endfacet
  facet normal -0.669444 -0.634406 -0.386489
    outer loop
      vertex -16.4743 -19.1962 16.5388
      vertex -14.4115 -19.6363 13.6882
      vertex -16.1615 -19.6363 16.7194
    endloop
  endfacet
  facet normal -0.632125 -0.683538 -0.364956
    outer loop
      vertex -16.1615 -19.6363 16.7194
      vertex -14.0745 -20.0518 13.8828
      vertex -15.8245 -20.0518 16.9139
    endloop
  endfacet
  facet normal -0.632092 -0.683585 -0.364925
    outer loop
      vertex -14.0745 -20.0518 13.8828
      vertex -16.1615 -19.6363 16.7194
      vertex -14.4115 -19.6363 13.6882
    endloop
  endfacet
  facet normal -0.59198 -0.729895 -0.341779
    outer loop
      vertex -15.8245 -20.0518 16.9139
      vertex -13.7146 -20.441 14.0906
      vertex -15.4646 -20.441 17.1217
    endloop
  endfacet
  facet normal -0.59198 -0.729895 -0.341779
    outer loop
      vertex -13.7146 -20.441 14.0906
      vertex -15.8245 -20.0518 16.9139
      vertex -14.0745 -20.0518 13.8828
    endloop
  endfacet
  facet normal -0.549462 -0.772953 -0.317231
    outer loop
      vertex -15.4646 -20.441 17.1217
      vertex -13.3335 -20.8022 14.3106
      vertex -15.0835 -20.8022 17.3417
    endloop
  endfacet
  facet normal -0.549462 -0.772953 -0.317231
    outer loop
      vertex -13.3335 -20.8022 14.3106
      vertex -15.4646 -20.441 17.1217
      vertex -13.7146 -20.441 14.0906
    endloop
  endfacet
  facet normal -0.504456 -0.812828 -0.291263
    outer loop
      vertex -15.0835 -20.8022 17.3417
      vertex -12.9327 -21.1338 14.542
      vertex -14.6828 -21.1338 17.5731
    endloop
  endfacet
  facet normal -0.504401 -0.81288 -0.291215
    outer loop
      vertex -12.9327 -21.1338 14.542
      vertex -15.0835 -20.8022 17.3417
      vertex -13.3335 -20.8022 14.3106
    endloop
  endfacet
  facet normal -0.457286 -0.849227 -0.264013
    outer loop
      vertex -14.6828 -21.1338 17.5731
      vertex -12.5141 -21.4344 14.7837
      vertex -14.2641 -21.4344 17.8148
    endloop
  endfacet
  facet normal -0.457339 -0.849185 -0.264059
    outer loop
      vertex -12.5141 -21.4344 14.7837
      vertex -14.6828 -21.1338 17.5731
      vertex -12.9327 -21.1338 14.542
    endloop
  endfacet
  facet normal -0.408215 -0.881938 -0.235682
    outer loop
      vertex -14.2641 -21.4344 17.8148
      vertex -12.0792 -21.7028 15.0348
      vertex -13.8292 -21.7028 18.0659
    endloop
  endfacet
  facet normal -0.408215 -0.881938 -0.235682
    outer loop
      vertex -12.0792 -21.7028 15.0348
      vertex -14.2641 -21.4344 17.8148
      vertex -12.5141 -21.4344 14.7837
    endloop
  endfacet
  facet normal -0.357331 -0.910908 -0.206305
    outer loop
      vertex -13.8292 -21.7028 18.0659
      vertex -11.6301 -21.9377 15.2941
      vertex -13.3801 -21.9377 18.3252
    endloop
  endfacet
  facet normal -0.357331 -0.910908 -0.206305
    outer loop
      vertex -11.6301 -21.9377 15.2941
      vertex -13.8292 -21.7028 18.0659
      vertex -12.0792 -21.7028 15.0348
    endloop
  endfacet
  facet normal -0.305157 -0.935863 -0.176182
    outer loop
      vertex -13.3801 -21.9377 18.3252
      vertex -11.1687 -22.1383 15.5605
      vertex -12.9187 -22.1383 18.5916
    endloop
  endfacet
  facet normal -0.305157 -0.935863 -0.176182
    outer loop
      vertex -11.1687 -22.1383 15.5605
      vertex -13.3801 -21.9377 18.3252
      vertex -11.6301 -21.9377 15.2941
    endloop
  endfacet
  facet normal -0.25131 -0.95697 -0.145093
    outer loop
      vertex -12.9187 -22.1383 18.5916
      vertex -10.6969 -22.3035 15.8329
      vertex -12.4469 -22.3035 18.864
    endloop
  endfacet
  facet normal -0.25131 -0.95697 -0.145093
    outer loop
      vertex -10.6969 -22.3035 15.8329
      vertex -12.9187 -22.1383 18.5916
      vertex -11.1687 -22.1383 15.5605
    endloop
  endfacet
  facet normal -0.196678 -0.97387 -0.113552
    outer loop
      vertex -12.4469 -22.3035 18.864
      vertex -10.2167 -22.4328 16.1101
      vertex -11.9667 -22.4328 19.1412
    endloop
  endfacet
  facet normal -0.196678 -0.97387 -0.113552
    outer loop
      vertex -10.2167 -22.4328 16.1101
      vertex -12.4469 -22.3035 18.864
      vertex -10.6969 -22.3035 15.8329
    endloop
  endfacet
  facet normal -0.141169 -0.986625 -0.0815025
    outer loop
      vertex -11.9667 -22.4328 19.1412
      vertex -9.73027 -22.5256 16.3909
      vertex -11.4803 -22.5256 19.4221
    endloop
  endfacet
  facet normal -0.141175 -0.986624 -0.0815069
    outer loop
      vertex -9.73027 -22.5256 16.3909
      vertex -11.9667 -22.4328 19.1412
      vertex -10.2167 -22.4328 16.1101
    endloop
  endfacet
  facet normal -0.0848839 -0.995185 -0.049007
    outer loop
      vertex -11.4803 -22.5256 19.4221
      vertex -9.23962 -22.5814 16.6742
      vertex -10.9896 -22.5814 19.7053
    endloop
  endfacet
  facet normal -0.084883 -0.995185 -0.0490063
    outer loop
      vertex -9.23962 -22.5814 16.6742
      vertex -11.4803 -22.5256 19.4221
      vertex -9.73027 -22.5256 16.3909
    endloop
  endfacet
  facet normal -0.0282909 -0.999466 -0.0163328
    outer loop
      vertex -10.9896 -22.5814 19.7053
      vertex -8.74684 -22.6 16.9587
      vertex -10.4968 -22.6 19.9899
    endloop
  endfacet
  facet normal -0.0282939 -0.999466 -0.0163353
    outer loop
      vertex -8.74684 -22.6 16.9587
      vertex -10.9896 -22.5814 19.7053
      vertex -9.23962 -22.5814 16.6742
    endloop
  endfacet
  facet normal 0.0282937 -0.999466 0.0163356
    outer loop
      vertex 6.99685 -22.6 30.0898
      vertex 9.24463 -22.5814 27.3346
      vertex 7.48963 -22.5814 30.3743
    endloop
  endfacet
  facet normal 0.0282937 -0.999466 0.0163356
    outer loop
      vertex 9.24463 -22.5814 27.3346
      vertex 6.99685 -22.6 30.0898
      vertex 8.75185 -22.6 27.0501
    endloop
  endfacet
  facet normal 0.0283807 0.999463 0.0163851
    outer loop
      vertex -8.74685 -21.5 16.9588
      vertex -10.9273 -21.4837 19.7413
      vertex -10.4968 -21.5 19.9899
    endloop
  endfacet
  facet normal 0.0283821 0.999463 0.0163862
    outer loop
      vertex -10.9273 -21.4837 19.7413
      vertex -8.74685 -21.5 16.9588
      vertex -9.17732 -21.4837 16.7102
    endloop
  endfacet
  facet normal 0.084806 0.995194 0.048962
    outer loop
      vertex -9.17732 -21.4837 16.7102
      vertex -11.3559 -21.435 19.4938
      vertex -10.9273 -21.4837 19.7413
    endloop
  endfacet
  facet normal 0.0848097 0.995193 0.0489649
    outer loop
      vertex -11.3559 -21.435 19.4938
      vertex -9.17732 -21.4837 16.7102
      vertex -9.60595 -21.435 16.4628
    endloop
  endfacet
  facet normal 0.141043 0.986649 0.0814315
    outer loop
      vertex -9.60595 -21.435 16.4628
      vertex -11.7809 -21.354 19.2485
      vertex -11.3559 -21.435 19.4938
    endloop
  endfacet
  facet normal 0.141042 0.986649 0.0814301
    outer loop
      vertex -11.7809 -21.354 19.2485
      vertex -9.60595 -21.435 16.4628
      vertex -10.0309 -21.354 16.2174
    endloop
  endfacet
  facet normal 0.196777 0.973844 0.113609
    outer loop
      vertex -10.0309 -21.354 16.2174
      vertex -12.2003 -21.241 19.0063
      vertex -11.7809 -21.354 19.2485
    endloop
  endfacet
  facet normal 0.196777 0.973844 0.113609
    outer loop
      vertex -12.2003 -21.241 19.0063
      vertex -10.0309 -21.354 16.2174
      vertex -10.4503 -21.241 15.9752
    endloop
  endfacet
  facet normal 0.251282 0.95698 0.145077
    outer loop
      vertex -10.4503 -21.241 15.9752
      vertex -12.6125 -21.0967 18.7684
      vertex -12.2003 -21.241 19.0063
    endloop
  endfacet
  facet normal 0.251282 0.95698 0.145077
    outer loop
      vertex -12.6125 -21.0967 18.7684
      vertex -10.4503 -21.241 15.9752
      vertex -10.8625 -21.0967 15.7373
    endloop
  endfacet
  facet normal 0.305087 0.935893 0.176141
    outer loop
      vertex -10.8625 -21.0967 15.7373
      vertex -13.0156 -20.9215 18.5357
      vertex -12.6125 -21.0967 18.7684
    endloop
  endfacet
  facet normal 0.305087 0.935893 0.176141
    outer loop
      vertex -13.0156 -20.9215 18.5357
      vertex -10.8625 -21.0967 15.7373
      vertex -11.2656 -20.9215 15.5046
    endloop
  endfacet
  facet normal 0.35749 0.910824 0.206396
    outer loop
      vertex -11.2656 -20.9215 15.5046
      vertex -13.4079 -20.7162 18.3092
      vertex -13.0156 -20.9215 18.5357
    endloop
  endfacet
  facet normal 0.35749 0.910824 0.206396
    outer loop
      vertex -13.4079 -20.7162 18.3092
      vertex -11.2656 -20.9215 15.5046
      vertex -11.6579 -20.7162 15.2781
    endloop
  endfacet
  facet normal 0.40818 0.881959 0.235662
    outer loop
      vertex -11.6579 -20.7162 15.2781
      vertex -13.7877 -20.4818 18.0898
      vertex -13.4079 -20.7162 18.3092
    endloop
  endfacet
  facet normal 0.408213 0.881937 0.235689
    outer loop
      vertex -13.7877 -20.4818 18.0898
      vertex -11.6579 -20.7162 15.2781
      vertex -12.0377 -20.4818 15.0588
    endloop
  endfacet
  facet normal 0.45728 0.849229 0.264019
    outer loop
      vertex -12.0377 -20.4818 15.0588
      vertex -14.1535 -20.2192 17.8787
      vertex -13.7877 -20.4818 18.0898
    endloop
  endfacet
  facet normal 0.457245 0.849257 0.263989
    outer loop
      vertex -14.1535 -20.2192 17.8787
      vertex -12.0377 -20.4818 15.0588
      vertex -12.4035 -20.2192 14.8476
    endloop
  endfacet
  facet normal 0.504466 0.812826 0.291253
    outer loop
      vertex -12.4035 -20.2192 14.8476
      vertex -14.5036 -19.9295 17.6766
      vertex -14.1535 -20.2192 17.8787
    endloop
  endfacet
  facet normal 0.504466 0.812826 0.291253
    outer loop
      vertex -14.5036 -19.9295 17.6766
      vertex -12.4035 -20.2192 14.8476
      vertex -12.7536 -19.9295 14.6455
    endloop
  endfacet
  facet normal 0.549391 0.77302 0.31719
    outer loop
      vertex -12.7536 -19.9295 14.6455
      vertex -14.8365 -19.614 17.4843
      vertex -14.5036 -19.9295 17.6766
    endloop
  endfacet
  facet normal 0.549391 0.77302 0.31719
    outer loop
      vertex -14.8365 -19.614 17.4843
      vertex -12.7536 -19.9295 14.6455
      vertex -13.0865 -19.614 14.4532
    endloop
  endfacet
  facet normal 0.591997 0.729877 0.341788
    outer loop
      vertex -13.0865 -19.614 14.4532
      vertex -15.1509 -19.274 17.3028
      vertex -14.8365 -19.614 17.4843
    endloop
  endfacet
  facet normal 0.592035 0.72983 0.341822
    outer loop
      vertex -15.1509 -19.274 17.3028
      vertex -13.0865 -19.614 14.4532
      vertex -13.4009 -19.274 14.2718
    endloop
  endfacet
  facet normal 0.632145 0.683508 0.36498
    outer loop
      vertex -13.4009 -19.274 14.2718
      vertex -15.4453 -18.911 17.1329
      vertex -15.1509 -19.274 17.3028
    endloop
  endfacet
  facet normal 0.632106 0.683562 0.364945
    outer loop
      vertex -15.4453 -18.911 17.1329
      vertex -13.4009 -19.274 14.2718
      vertex -13.6953 -18.911 14.1018
    endloop
  endfacet
  facet normal 0.669422 0.634428 0.38649
    outer loop
      vertex -13.6953 -18.911 14.1018
      vertex -15.7185 -18.5266 16.9751
      vertex -15.4453 -18.911 17.1329
    endloop
  endfacet
  facet normal 0.669422 0.634428 0.38649
    outer loop
      vertex -15.7185 -18.5266 16.9751
      vertex -13.6953 -18.911 14.1018
      vertex -13.9685 -18.5266 13.944
    endloop
  endfacet
  facet normal 0.703972 0.582436 0.406437
    outer loop
      vertex -13.9685 -18.5266 13.944
      vertex -15.9694 -18.1223 16.8303
      vertex -15.7185 -18.5266 16.9751
    endloop
  endfacet
  facet normal 0.703972 0.582436 0.406437
    outer loop
      vertex -15.9694 -18.1223 16.8303
      vertex -13.9685 -18.5266 13.944
      vertex -14.2194 -18.1223 13.7992
    endloop
  endfacet
  facet normal 0.735446 0.528041 0.424608
    outer loop
      vertex -14.2194 -18.1223 13.7992
      vertex -16.1968 -17.7 16.699
      vertex -15.9694 -18.1223 16.8303
    endloop
  endfacet
  facet normal 0.735446 0.528041 0.424608
    outer loop
      vertex -16.1968 -17.7 16.699
      vertex -14.2194 -18.1223 13.7992
      vertex -14.4468 -17.7 13.6679
    endloop
  endfacet
  facet normal 0.763692 0.471558 0.440916
    outer loop
      vertex -14.4468 -17.7 13.6679
      vertex -16.3999 -17.2614 16.5817
      vertex -16.1968 -17.7 16.699
    endloop
  endfacet
  facet normal 0.763692 0.471558 0.440916
    outer loop
      vertex -16.3999 -17.2614 16.5817
      vertex -14.4468 -17.7 13.6679
      vertex -14.6499 -17.2614 13.5506
    endloop
  endfacet
  facet normal 0.78887 0.412609 0.455453
    outer loop
      vertex -14.6499 -17.2614 13.5506
      vertex -16.5776 -16.8084 16.4791
      vertex -16.3999 -17.2614 16.5817
    endloop
  endfacet
  facet normal 0.78887 0.412609 0.455453
    outer loop
      vertex -16.5776 -16.8084 16.4791
      vertex -14.6499 -17.2614 13.5506
      vertex -14.8276 -16.8084 13.448
    endloop
  endfacet
  facet normal 0.810534 0.352205 0.46796
    outer loop
      vertex -14.8276 -16.8084 13.448
      vertex -16.7293 -16.3429 16.3915
      vertex -16.5776 -16.8084 16.4791
    endloop
  endfacet
  facet normal 0.810534 0.352205 0.46796
    outer loop
      vertex -16.7293 -16.3429 16.3915
      vertex -14.8276 -16.8084 13.448
      vertex -14.9793 -16.3429 13.3604
    endloop
  endfacet
  facet normal 0.828698 0.290427 0.478447
    outer loop
      vertex -14.9793 -16.3429 13.3604
      vertex -16.8544 -15.867 16.3193
      vertex -16.7293 -16.3429 16.3915
    endloop
  endfacet
  facet normal 0.828698 0.290427 0.478447
    outer loop
      vertex -16.8544 -15.867 16.3193
      vertex -14.9793 -16.3429 13.3604
      vertex -15.1044 -15.867 13.2882
    endloop
  endfacet
  facet normal 0.843413 0.227027 0.486943
    outer loop
      vertex -15.1044 -15.867 13.2882
      vertex -16.9522 -15.3827 16.2629
      vertex -16.8544 -15.867 16.3193
    endloop
  endfacet
  facet normal 0.843413 0.227027 0.486943
    outer loop
      vertex -16.9522 -15.3827 16.2629
      vertex -15.1044 -15.867 13.2882
      vertex -15.2022 -15.3827 13.2318
    endloop
  endfacet
  facet normal 0.854475 0.162785 0.493329
    outer loop
      vertex -15.2022 -15.3827 13.2318
      vertex -17.0223 -14.892 16.2224
      vertex -16.9522 -15.3827 16.2629
    endloop
  endfacet
  facet normal 0.854475 0.162785 0.493329
    outer loop
      vertex -17.0223 -14.892 16.2224
      vertex -15.2022 -15.3827 13.2318
      vertex -15.2723 -14.892 13.1913
    endloop
  endfacet
  facet normal 0.861857 0.0980033 0.497592
    outer loop
      vertex -15.2723 -14.892 13.1913
      vertex -17.0645 -14.397 16.198
      vertex -17.0223 -14.892 16.2224
    endloop
  endfacet
  facet normal 0.861857 0.0980033 0.497592
    outer loop
      vertex -17.0645 -14.397 16.198
      vertex -15.2723 -14.892 13.1913
      vertex -15.3145 -14.397 13.1669
    endloop
  endfacet
  facet normal 0.86556 0.0328012 0.49973
    outer loop
      vertex -15.3145 -14.397 13.1669
      vertex -17.0786 -13.9 16.1898
      vertex -17.0645 -14.397 16.198
    endloop
  endfacet
  facet normal 0.865556 0.0327007 0.499744
    outer loop
      vertex -17.0786 -13.9 16.1898
      vertex -15.3145 -14.397 13.1669
      vertex -15.3286 -13.9 13.1588
    endloop
  endfacet
  facet normal 0.866019 -0 0.500011
    outer loop
      vertex -17.0786 -13.9 16.1898
      vertex -15.3286 13.9 13.1588
      vertex -17.0786 13.9 16.1898
    endloop
  endfacet
  facet normal 0.866019 0 0.500011
    outer loop
      vertex -15.3286 13.9 13.1588
      vertex -17.0786 -13.9 16.1898
      vertex -15.3286 -13.9 13.1588
    endloop
  endfacet
  facet normal 0.86556 -0.0328012 0.49973
    outer loop
      vertex -17.0786 13.9 16.1898
      vertex -15.3145 14.397 13.1669
      vertex -17.0645 14.397 16.198
    endloop
  endfacet
  facet normal 0.865556 -0.0327007 0.499744
    outer loop
      vertex -15.3145 14.397 13.1669
      vertex -17.0786 13.9 16.1898
      vertex -15.3286 13.9 13.1588
    endloop
  endfacet
  facet normal 0.861857 -0.0980033 0.497592
    outer loop
      vertex -17.0645 14.397 16.198
      vertex -15.2723 14.892 13.1913
      vertex -17.0223 14.892 16.2224
    endloop
  endfacet
  facet normal 0.861857 -0.0980033 0.497592
    outer loop
      vertex -15.2723 14.892 13.1913
      vertex -17.0645 14.397 16.198
      vertex -15.3145 14.397 13.1669
    endloop
  endfacet
  facet normal 0.854475 -0.162785 0.493329
    outer loop
      vertex -17.0223 14.892 16.2224
      vertex -15.2022 15.3827 13.2318
      vertex -16.9522 15.3827 16.2629
    endloop
  endfacet
  facet normal 0.854475 -0.162785 0.493329
    outer loop
      vertex -15.2022 15.3827 13.2318
      vertex -17.0223 14.892 16.2224
      vertex -15.2723 14.892 13.1913
    endloop
  endfacet
  facet normal 0.843413 -0.227027 0.486943
    outer loop
      vertex -16.9522 15.3827 16.2629
      vertex -15.1044 15.867 13.2882
      vertex -16.8544 15.867 16.3193
    endloop
  endfacet
  facet normal 0.843413 -0.227027 0.486943
    outer loop
      vertex -15.1044 15.867 13.2882
      vertex -16.9522 15.3827 16.2629
      vertex -15.2022 15.3827 13.2318
    endloop
  endfacet
  facet normal 0.828698 -0.290427 0.478447
    outer loop
      vertex -16.8544 15.867 16.3193
      vertex -14.9793 16.3429 13.3604
      vertex -16.7293 16.3429 16.3915
    endloop
  endfacet
  facet normal 0.828698 -0.290427 0.478447
    outer loop
      vertex -14.9793 16.3429 13.3604
      vertex -16.8544 15.867 16.3193
      vertex -15.1044 15.867 13.2882
    endloop
  endfacet
  facet normal 0.810534 -0.352205 0.46796
    outer loop
      vertex -16.7293 16.3429 16.3915
      vertex -14.8276 16.8084 13.448
      vertex -16.5776 16.8084 16.4791
    endloop
  endfacet
  facet normal 0.810534 -0.352205 0.46796
    outer loop
      vertex -14.8276 16.8084 13.448
      vertex -16.7293 16.3429 16.3915
      vertex -14.9793 16.3429 13.3604
    endloop
  endfacet
  facet normal 0.78887 -0.412609 0.455453
    outer loop
      vertex -16.5776 16.8084 16.4791
      vertex -14.6499 17.2614 13.5506
      vertex -16.3999 17.2614 16.5817
    endloop
  endfacet
  facet normal 0.78887 -0.412609 0.455453
    outer loop
      vertex -14.6499 17.2614 13.5506
      vertex -16.5776 16.8084 16.4791
      vertex -14.8276 16.8084 13.448
    endloop
  endfacet
  facet normal 0.763692 -0.471558 0.440916
    outer loop
      vertex -16.3999 17.2614 16.5817
      vertex -14.4468 17.7 13.6679
      vertex -16.1968 17.7 16.699
    endloop
  endfacet
  facet normal 0.763692 -0.471558 0.440916
    outer loop
      vertex -14.4468 17.7 13.6679
      vertex -16.3999 17.2614 16.5817
      vertex -14.6499 17.2614 13.5506
    endloop
  endfacet
  facet normal 0.735446 -0.528041 0.424608
    outer loop
      vertex -16.1968 17.7 16.699
      vertex -14.2194 18.1223 13.7992
      vertex -15.9694 18.1223 16.8303
    endloop
  endfacet
  facet normal 0.735446 -0.528041 0.424608
    outer loop
      vertex -14.2194 18.1223 13.7992
      vertex -16.1968 17.7 16.699
      vertex -14.4468 17.7 13.6679
    endloop
  endfacet
  facet normal 0.703972 -0.582436 0.406437
    outer loop
      vertex -15.9694 18.1223 16.8303
      vertex -13.9685 18.5266 13.944
      vertex -15.7185 18.5266 16.9751
    endloop
  endfacet
  facet normal 0.703972 -0.582436 0.406437
    outer loop
      vertex -13.9685 18.5266 13.944
      vertex -15.9694 18.1223 16.8303
      vertex -14.2194 18.1223 13.7992
    endloop
  endfacet
  facet normal 0.669422 -0.634428 0.38649
    outer loop
      vertex -15.7185 18.5266 16.9751
      vertex -13.6953 18.911 14.1018
      vertex -15.4453 18.911 17.1329
    endloop
  endfacet
  facet normal 0.669422 -0.634428 0.38649
    outer loop
      vertex -13.6953 18.911 14.1018
      vertex -15.7185 18.5266 16.9751
      vertex -13.9685 18.5266 13.944
    endloop
  endfacet
  facet normal 0.632145 -0.683508 0.36498
    outer loop
      vertex -15.4453 18.911 17.1329
      vertex -13.4009 19.274 14.2718
      vertex -15.1509 19.274 17.3028
    endloop
  endfacet
  facet normal 0.632106 -0.683562 0.364945
    outer loop
      vertex -13.4009 19.274 14.2718
      vertex -15.4453 18.911 17.1329
      vertex -13.6953 18.911 14.1018
    endloop
  endfacet
  facet normal 0.591997 -0.729877 0.341788
    outer loop
      vertex -15.1509 19.274 17.3028
      vertex -13.0865 19.614 14.4532
      vertex -14.8365 19.614 17.4843
    endloop
  endfacet
  facet normal 0.592035 -0.72983 0.341822
    outer loop
      vertex -13.0865 19.614 14.4532
      vertex -15.1509 19.274 17.3028
      vertex -13.4009 19.274 14.2718
    endloop
  endfacet
  facet normal 0.549391 -0.77302 0.31719
    outer loop
      vertex -14.8365 19.614 17.4843
      vertex -12.7536 19.9295 14.6455
      vertex -14.5036 19.9295 17.6766
    endloop
  endfacet
  facet normal 0.549391 -0.77302 0.31719
    outer loop
      vertex -12.7536 19.9295 14.6455
      vertex -14.8365 19.614 17.4843
      vertex -13.0865 19.614 14.4532
    endloop
  endfacet
  facet normal 0.504466 -0.812826 0.291253
    outer loop
      vertex -14.5036 19.9295 17.6766
      vertex -12.4035 20.2192 14.8476
      vertex -14.1535 20.2192 17.8787
    endloop
  endfacet
  facet normal 0.504466 -0.812826 0.291253
    outer loop
      vertex -12.4035 20.2192 14.8476
      vertex -14.5036 19.9295 17.6766
      vertex -12.7536 19.9295 14.6455
    endloop
  endfacet
  facet normal 0.45728 -0.849229 0.264019
    outer loop
      vertex -14.1535 20.2192 17.8787
      vertex -12.0377 20.4818 15.0588
      vertex -13.7877 20.4818 18.0898
    endloop
  endfacet
  facet normal 0.457245 -0.849257 0.263989
    outer loop
      vertex -12.0377 20.4818 15.0588
      vertex -14.1535 20.2192 17.8787
      vertex -12.4035 20.2192 14.8476
    endloop
  endfacet
  facet normal 0.40818 -0.881959 0.235662
    outer loop
      vertex -13.7877 20.4818 18.0898
      vertex -11.6579 20.7162 15.2781
      vertex -13.4079 20.7162 18.3092
    endloop
  endfacet
  facet normal 0.408213 -0.881937 0.235689
    outer loop
      vertex -11.6579 20.7162 15.2781
      vertex -13.7877 20.4818 18.0898
      vertex -12.0377 20.4818 15.0588
    endloop
  endfacet
  facet normal 0.35749 -0.910824 0.206396
    outer loop
      vertex -13.4079 20.7162 18.3092
      vertex -11.2656 20.9215 15.5046
      vertex -13.0156 20.9215 18.5357
    endloop
  endfacet
  facet normal 0.35749 -0.910824 0.206396
    outer loop
      vertex -11.2656 20.9215 15.5046
      vertex -13.4079 20.7162 18.3092
      vertex -11.6579 20.7162 15.2781
    endloop
  endfacet
  facet normal 0.305087 -0.935893 0.176141
    outer loop
      vertex -13.0156 20.9215 18.5357
      vertex -10.8625 21.0967 15.7373
      vertex -12.6125 21.0967 18.7684
    endloop
  endfacet
  facet normal 0.305087 -0.935893 0.176141
    outer loop
      vertex -10.8625 21.0967 15.7373
      vertex -13.0156 20.9215 18.5357
      vertex -11.2656 20.9215 15.5046
    endloop
  endfacet
  facet normal 0.251282 -0.95698 0.145077
    outer loop
      vertex -12.6125 21.0967 18.7684
      vertex -10.4503 21.241 15.9752
      vertex -12.2003 21.241 19.0063
    endloop
  endfacet
  facet normal 0.251282 -0.95698 0.145077
    outer loop
      vertex -10.4503 21.241 15.9752
      vertex -12.6125 21.0967 18.7684
      vertex -10.8625 21.0967 15.7373
    endloop
  endfacet
  facet normal 0.196777 -0.973844 0.113609
    outer loop
      vertex -12.2003 21.241 19.0063
      vertex -10.0309 21.354 16.2174
      vertex -11.7809 21.354 19.2485
    endloop
  endfacet
  facet normal 0.196777 -0.973844 0.113609
    outer loop
      vertex -10.0309 21.354 16.2174
      vertex -12.2003 21.241 19.0063
      vertex -10.4503 21.241 15.9752
    endloop
  endfacet
  facet normal 0.141043 -0.986649 0.0814315
    outer loop
      vertex -11.7809 21.354 19.2485
      vertex -9.60595 21.435 16.4628
      vertex -11.3559 21.435 19.4938
    endloop
  endfacet
  facet normal 0.141042 -0.986649 0.0814301
    outer loop
      vertex -9.60595 21.435 16.4628
      vertex -11.7809 21.354 19.2485
      vertex -10.0309 21.354 16.2174
    endloop
  endfacet
  facet normal 0.084806 -0.995194 0.048962
    outer loop
      vertex -11.3559 21.435 19.4938
      vertex -9.17732 21.4837 16.7102
      vertex -10.9273 21.4837 19.7413
    endloop
  endfacet
  facet normal 0.0848097 -0.995193 0.0489649
    outer loop
      vertex -9.17732 21.4837 16.7102
      vertex -11.3559 21.435 19.4938
      vertex -9.60595 21.435 16.4628
    endloop
  endfacet
  facet normal 0.0283807 -0.999463 0.0163851
    outer loop
      vertex -10.9273 21.4837 19.7413
      vertex -8.74685 21.5 16.9588
      vertex -10.4968 21.5 19.9899
    endloop
  endfacet
  facet normal 0.0283821 -0.999463 0.0163862
    outer loop
      vertex -8.74685 21.5 16.9588
      vertex -10.9273 21.4837 19.7413
      vertex -9.17732 21.4837 16.7102
    endloop
  endfacet
  facet normal 0 -1 0
    outer loop
      vertex -0.796516 21.5 24.7217
      vertex 6.99685 21.5 30.0898
      vertex -0.875 21.5 24.7243
    endloop
  endfacet
  facet normal 0 -1 0
    outer loop
      vertex 6.99685 21.5 30.0898
      vertex -0.953485 21.5 24.7217
      vertex -0.875 21.5 24.7243
    endloop
  endfacet
  facet normal 0 -1 0
    outer loop
      vertex 6.99685 21.5 30.0898
      vertex -1.03163 21.5 24.714
      vertex -0.953485 21.5 24.7217
    endloop
  endfacet
  facet normal 0 -1 0
    outer loop
      vertex 6.99685 21.5 30.0898
      vertex -1.10911 21.5 24.7012
      vertex -1.03163 21.5 24.714
    endloop
  endfacet
  facet normal 0 -1 0
    outer loop
      vertex 6.99685 21.5 30.0898
      vertex -1.18558 21.5 24.6834
      vertex -1.10911 21.5 24.7012
    endloop
  endfacet
  facet normal 0 -1 0
    outer loop
      vertex 6.99685 21.5 30.0898
      vertex -1.26073 21.5 24.6606
      vertex -1.18558 21.5 24.6834
    endloop
  endfacet
  facet normal 0 -1 0
    outer loop
      vertex 6.99685 21.5 30.0898
      vertex -1.33422 21.5 24.633
      vertex -1.26073 21.5 24.6606
    endloop
  endfacet
  facet normal 0 -1 0
    outer loop
      vertex 6.99685 21.5 30.0898
      vertex -1.40575 21.5 24.6005
      vertex -1.33422 21.5 24.633
    endloop
  endfacet
  facet normal 0 -1 0
    outer loop
      vertex 6.99685 21.5 30.0898
      vertex -1.475 21.5 24.5635
      vertex -1.40575 21.5 24.6005
    endloop
  endfacet
  facet normal 0 -1 0
    outer loop
      vertex -10.4968 21.5 19.9899
      vertex -1.475 21.5 24.5635
      vertex 6.99685 21.5 30.0898
    endloop
  endfacet
  facet normal 0 -1 -0
    outer loop
      vertex -1.03163 21.5 22.3346
      vertex -8.74685 21.5 16.9588
      vertex -0.953484 21.5 22.3269
    endloop
  endfacet
  facet normal 0 -1 -0
    outer loop
      vertex -1.10911 21.5 22.3474
      vertex -8.74685 21.5 16.9588
      vertex -1.03163 21.5 22.3346
    endloop
  endfacet
  facet normal 0 -1 -0
    outer loop
      vertex -1.18558 21.5 22.3652
      vertex -8.74685 21.5 16.9588
      vertex -1.10911 21.5 22.3474
    endloop
  endfacet
  facet normal 0 -1 -0
    outer loop
      vertex -1.26073 21.5 22.388
      vertex -8.74685 21.5 16.9588
      vertex -1.18558 21.5 22.3652
    endloop
  endfacet
  facet normal 0 -1 -0
    outer loop
      vertex -1.33422 21.5 22.4156
      vertex -8.74685 21.5 16.9588
      vertex -1.26073 21.5 22.388
    endloop
  endfacet
  facet normal 0 -1 -0
    outer loop
      vertex -1.40575 21.5 22.4481
      vertex -8.74685 21.5 16.9588
      vertex -1.33422 21.5 22.4156
    endloop
  endfacet
  facet normal 0 -1 -0
    outer loop
      vertex -1.475 21.5 22.4851
      vertex -8.74685 21.5 16.9588
      vertex -1.40575 21.5 22.4481
    endloop
  endfacet
  facet normal 0 -1 -0
    outer loop
      vertex -1.54168 21.5 22.5265
      vertex -8.74685 21.5 16.9588
      vertex -1.475 21.5 22.4851
    endloop
  endfacet
  facet normal 0 -1 -0
    outer loop
      vertex -1.60551 21.5 22.5723
      vertex -8.74685 21.5 16.9588
      vertex -1.54168 21.5 22.5265
    endloop
  endfacet
  facet normal 0 -1 -0
    outer loop
      vertex -1.66621 21.5 22.6221
      vertex -8.74685 21.5 16.9588
      vertex -1.60551 21.5 22.5723
    endloop
  endfacet
  facet normal 0 -1 -0
    outer loop
      vertex -1.72353 21.5 22.6758
      vertex -8.74685 21.5 16.9588
      vertex -1.66621 21.5 22.6221
    endloop
  endfacet
  facet normal 0 -1 -0
    outer loop
      vertex -1.77721 21.5 22.7331
      vertex -8.74685 21.5 16.9588
      vertex -1.72353 21.5 22.6758
    endloop
  endfacet
  facet normal 0 -1 -0
    outer loop
      vertex -1.82702 21.5 22.7938
      vertex -8.74685 21.5 16.9588
      vertex -1.77721 21.5 22.7331
    endloop
  endfacet
  facet normal 0 -1 -0
    outer loop
      vertex -1.87276 21.5 22.8576
      vertex -8.74685 21.5 16.9588
      vertex -1.82702 21.5 22.7938
    endloop
  endfacet
  facet normal 0 -1 -0
    outer loop
      vertex -1.91423 21.5 22.9243
      vertex -8.74685 21.5 16.9588
      vertex -1.87276 21.5 22.8576
    endloop
  endfacet
  facet normal 0 -1 0
    outer loop
      vertex -8.74685 21.5 16.9588
      vertex -1.91423 21.5 22.9243
      vertex -10.4968 21.5 19.9899
    endloop
  endfacet
  facet normal 0 -1 -0
    outer loop
      vertex -1.95125 21.5 22.9936
      vertex -10.4968 21.5 19.9899
      vertex -1.91423 21.5 22.9243
    endloop
  endfacet
  facet normal 0 -1 -0
    outer loop
      vertex -1.98365 21.5 23.0651
      vertex -10.4968 21.5 19.9899
      vertex -1.95125 21.5 22.9936
    endloop
  endfacet
  facet normal 0 -1 -0
    outer loop
      vertex -2.01132 21.5 23.1386
      vertex -10.4968 21.5 19.9899
      vertex -1.98365 21.5 23.0651
    endloop
  endfacet
  facet normal 0 -1 -0
    outer loop
      vertex -2.03411 21.5 23.2137
      vertex -10.4968 21.5 19.9899
      vertex -2.01132 21.5 23.1386
    endloop
  endfacet
  facet normal 0 -1 -0
    outer loop
      vertex -2.05194 21.5 23.2902
      vertex -10.4968 21.5 19.9899
      vertex -2.03411 21.5 23.2137
    endloop
  endfacet
  facet normal 0 -1 -0
    outer loop
      vertex -2.06473 21.5 23.3677
      vertex -10.4968 21.5 19.9899
      vertex -2.05194 21.5 23.2902
    endloop
  endfacet
  facet normal 0 -1 -0
    outer loop
      vertex -2.07243 21.5 23.4458
      vertex -10.4968 21.5 19.9899
      vertex -2.06473 21.5 23.3677
    endloop
  endfacet
  facet normal 0 -1 -0
    outer loop
      vertex -2.075 21.5 23.5243
      vertex -10.4968 21.5 19.9899
      vertex -2.07243 21.5 23.4458
    endloop
  endfacet
  facet normal 0 -1 0
    outer loop
      vertex -2.07243 21.5 23.6028
      vertex -10.4968 21.5 19.9899
      vertex -2.075 21.5 23.5243
    endloop
  endfacet
  facet normal 0 -1 0
    outer loop
      vertex -2.06473 21.5 23.6809
      vertex -10.4968 21.5 19.9899
      vertex -2.07243 21.5 23.6028
    endloop
  endfacet
  facet normal 0 -1 0
    outer loop
      vertex -2.05194 21.5 23.7584
      vertex -10.4968 21.5 19.9899
      vertex -2.06473 21.5 23.6809
    endloop
  endfacet
  facet normal 0 -1 0
    outer loop
      vertex -2.03411 21.5 23.8349
      vertex -10.4968 21.5 19.9899
      vertex -2.05194 21.5 23.7584
    endloop
  endfacet
  facet normal 0 -1 0
    outer loop
      vertex -2.01132 21.5 23.91
      vertex -10.4968 21.5 19.9899
      vertex -2.03411 21.5 23.8349
    endloop
  endfacet
  facet normal 0 -1 0
    outer loop
      vertex -1.98366 21.5 23.9835
      vertex -10.4968 21.5 19.9899
      vertex -2.01132 21.5 23.91
    endloop
  endfacet
  facet normal 0 -1 0
    outer loop
      vertex -1.95125 21.5 24.055
      vertex -10.4968 21.5 19.9899
      vertex -1.98366 21.5 23.9835
    endloop
  endfacet
  facet normal 0 -1 0
    outer loop
      vertex -1.91423 21.5 24.1243
      vertex -10.4968 21.5 19.9899
      vertex -1.95125 21.5 24.055
    endloop
  endfacet
  facet normal 0 -1 0
    outer loop
      vertex -1.87276 21.5 24.191
      vertex -10.4968 21.5 19.9899
      vertex -1.91423 21.5 24.1243
    endloop
  endfacet
  facet normal 0 -1 0
    outer loop
      vertex -1.82702 21.5 24.2548
      vertex -10.4968 21.5 19.9899
      vertex -1.87276 21.5 24.191
    endloop
  endfacet
  facet normal 0 -1 0
    outer loop
      vertex -1.77721 21.5 24.3155
      vertex -10.4968 21.5 19.9899
      vertex -1.82702 21.5 24.2548
    endloop
  endfacet
  facet normal 0 -1 0
    outer loop
      vertex -1.72353 21.5 24.3728
      vertex -10.4968 21.5 19.9899
      vertex -1.77721 21.5 24.3155
    endloop
  endfacet
  facet normal 0 -1 0
    outer loop
      vertex -1.66621 21.5 24.4265
      vertex -10.4968 21.5 19.9899
      vertex -1.72353 21.5 24.3728
    endloop
  endfacet
  facet normal 0 -1 0
    outer loop
      vertex -1.60551 21.5 24.4763
      vertex -10.4968 21.5 19.9899
      vertex -1.66621 21.5 24.4265
    endloop
  endfacet
  facet normal 0 -1 0
    outer loop
      vertex -1.54168 21.5 24.5221
      vertex -10.4968 21.5 19.9899
      vertex -1.60551 21.5 24.4763
    endloop
  endfacet
  facet normal 0 -1 0
    outer loop
      vertex -1.475 21.5 24.5635
      vertex -10.4968 21.5 19.9899
      vertex -1.54168 21.5 24.5221
    endloop
  endfacet
  facet normal 0 -1 0
    outer loop
      vertex -0.718368 21.5 24.714
      vertex 6.99685 21.5 30.0898
      vertex -0.796516 21.5 24.7217
    endloop
  endfacet
  facet normal 0 -1 0
    outer loop
      vertex -0.640891 21.5 24.7012
      vertex 6.99685 21.5 30.0898
      vertex -0.718368 21.5 24.714
    endloop
  endfacet
  facet normal 0 -1 0
    outer loop
      vertex -0.564417 21.5 24.6834
      vertex 6.99685 21.5 30.0898
      vertex -0.640891 21.5 24.7012
    endloop
  endfacet
  facet normal 0 -1 0
    outer loop
      vertex -0.489273 21.5 24.6606
      vertex 6.99685 21.5 30.0898
      vertex -0.564417 21.5 24.6834
    endloop
  endfacet
  facet normal 0 -1 0
    outer loop
      vertex -0.41578 21.5 24.633
      vertex 6.99685 21.5 30.0898
      vertex -0.489273 21.5 24.6606
    endloop
  endfacet
  facet normal 0 -1 0
    outer loop
      vertex -0.344254 21.5 24.6005
      vertex 6.99685 21.5 30.0898
      vertex -0.41578 21.5 24.633
    endloop
  endfacet
  facet normal 0 -1 0
    outer loop
      vertex -0.275 21.5 24.5635
      vertex 6.99685 21.5 30.0898
      vertex -0.344254 21.5 24.6005
    endloop
  endfacet
  facet normal 0 -1 0
    outer loop
      vertex -0.208315 21.5 24.5221
      vertex 6.99685 21.5 30.0898
      vertex -0.275 21.5 24.5635
    endloop
  endfacet
  facet normal 0 -1 0
    outer loop
      vertex -0.144487 21.5 24.4763
      vertex 6.99685 21.5 30.0898
      vertex -0.208315 21.5 24.5221
    endloop
  endfacet
  facet normal 0 -1 0
    outer loop
      vertex -0.0837855 21.5 24.4265
      vertex 6.99685 21.5 30.0898
      vertex -0.144487 21.5 24.4763
    endloop
  endfacet
  facet normal 0 -1 0
    outer loop
      vertex -0.0264723 21.5 24.3728
      vertex 6.99685 21.5 30.0898
      vertex -0.0837855 21.5 24.4265
    endloop
  endfacet
  facet normal 0 -1 0
    outer loop
      vertex 0.0272076 21.5 24.3155
      vertex 6.99685 21.5 30.0898
      vertex -0.0264723 21.5 24.3728
    endloop
  endfacet
  facet normal 0 -1 0
    outer loop
      vertex 0.0770242 21.5 24.2548
      vertex 6.99685 21.5 30.0898
      vertex 0.0272076 21.5 24.3155
    endloop
  endfacet
  facet normal 0 -1 0
    outer loop
      vertex 0.122764 21.5 24.191
      vertex 6.99685 21.5 30.0898
      vertex 0.0770242 21.5 24.2548
    endloop
  endfacet
  facet normal 0 -1 0
    outer loop
      vertex 0.16423 21.5 24.1243
      vertex 6.99685 21.5 30.0898
      vertex 0.122764 21.5 24.191
    endloop
  endfacet
  facet normal 0 -1 -0
    outer loop
      vertex 6.99685 21.5 30.0898
      vertex 0.16423 21.5 24.1243
      vertex 8.74685 21.5 27.0588
    endloop
  endfacet
  facet normal 0 -1 0
    outer loop
      vertex 0.201248 21.5 24.055
      vertex 8.74685 21.5 27.0588
      vertex 0.16423 21.5 24.1243
    endloop
  endfacet
  facet normal 0 -1 0
    outer loop
      vertex 0.233655 21.5 23.9835
      vertex 8.74685 21.5 27.0588
      vertex 0.201248 21.5 24.055
    endloop
  endfacet
  facet normal 0 -1 0
    outer loop
      vertex 0.261316 21.5 23.91
      vertex 8.74685 21.5 27.0588
      vertex 0.233655 21.5 23.9835
    endloop
  endfacet
  facet normal 0 -1 0
    outer loop
      vertex 0.28411 21.5 23.8349
      vertex 8.74685 21.5 27.0588
      vertex 0.261316 21.5 23.91
    endloop
  endfacet
  facet normal 0 -1 0
    outer loop
      vertex 0.301942 21.5 23.7584
      vertex 8.74685 21.5 27.0588
      vertex 0.28411 21.5 23.8349
    endloop
  endfacet
  facet normal 0 -1 0
    outer loop
      vertex 0.314734 21.5 23.6809
      vertex 8.74685 21.5 27.0588
      vertex 0.301942 21.5 23.7584
    endloop
  endfacet
  facet normal 0 -1 0
    outer loop
      vertex 0.322431 21.5 23.6028
      vertex 8.74685 21.5 27.0588
      vertex 0.314734 21.5 23.6809
    endloop
  endfacet
  facet normal 0 -1 0
    outer loop
      vertex 0.325 21.5 23.5243
      vertex 8.74685 21.5 27.0588
      vertex 0.322431 21.5 23.6028
    endloop
  endfacet
  facet normal 0 -1 0
    outer loop
      vertex 0.32243 21.5 23.4458
      vertex 8.74685 21.5 27.0588
      vertex 0.325 21.5 23.5243
    endloop
  endfacet
  facet normal 0 -1 0
    outer loop
      vertex 0.314734 21.5 23.3677
      vertex 8.74685 21.5 27.0588
      vertex 0.32243 21.5 23.4458
    endloop
  endfacet
  facet normal 0 -1 0
    outer loop
      vertex 0.301942 21.5 23.2902
      vertex 8.74685 21.5 27.0588
      vertex 0.314734 21.5 23.3677
    endloop
  endfacet
  facet normal 0 -1 0
    outer loop
      vertex 0.284111 21.5 23.2137
      vertex 8.74685 21.5 27.0588
      vertex 0.301942 21.5 23.2902
    endloop
  endfacet
  facet normal 0 -1 0
    outer loop
      vertex 0.261316 21.5 23.1386
      vertex 8.74685 21.5 27.0588
      vertex 0.284111 21.5 23.2137
    endloop
  endfacet
  facet normal 0 -1 0
    outer loop
      vertex 0.233656 21.5 23.0651
      vertex 8.74685 21.5 27.0588
      vertex 0.261316 21.5 23.1386
    endloop
  endfacet
  facet normal 0 -1 0
    outer loop
      vertex 0.201247 21.5 22.9936
      vertex 8.74685 21.5 27.0588
      vertex 0.233656 21.5 23.0651
    endloop
  endfacet
  facet normal 0 -1 0
    outer loop
      vertex 0.16423 21.5 22.9243
      vertex 8.74685 21.5 27.0588
      vertex 0.201247 21.5 22.9936
    endloop
  endfacet
  facet normal 0 -1 0
    outer loop
      vertex 0.122763 21.5 22.8576
      vertex 8.74685 21.5 27.0588
      vertex 0.16423 21.5 22.9243
    endloop
  endfacet
  facet normal 0 -1 0
    outer loop
      vertex 0.0770241 21.5 22.7938
      vertex 8.74685 21.5 27.0588
      vertex 0.122763 21.5 22.8576
    endloop
  endfacet
  facet normal 0 -1 0
    outer loop
      vertex 0.0272075 21.5 22.7331
      vertex 8.74685 21.5 27.0588
      vertex 0.0770241 21.5 22.7938
    endloop
  endfacet
  facet normal 0 -1 0
    outer loop
      vertex -0.0264724 21.5 22.6758
      vertex 8.74685 21.5 27.0588
      vertex 0.0272075 21.5 22.7331
    endloop
  endfacet
  facet normal 0 -1 0
    outer loop
      vertex -0.0837851 21.5 22.6221
      vertex 8.74685 21.5 27.0588
      vertex -0.0264724 21.5 22.6758
    endloop
  endfacet
  facet normal 0 -1 0
    outer loop
      vertex -0.144487 21.5 22.5723
      vertex 8.74685 21.5 27.0588
      vertex -0.0837851 21.5 22.6221
    endloop
  endfacet
  facet normal 0 -1 0
    outer loop
      vertex -0.208315 21.5 22.5265
      vertex 8.74685 21.5 27.0588
      vertex -0.144487 21.5 22.5723
    endloop
  endfacet
  facet normal 0 -1 0
    outer loop
      vertex -0.275 21.5 22.4851
      vertex 8.74685 21.5 27.0588
      vertex -0.208315 21.5 22.5265
    endloop
  endfacet
  facet normal 0 -1 0
    outer loop
      vertex -8.74685 21.5 16.9588
      vertex -0.275 21.5 22.4851
      vertex -0.344253 21.5 22.4481
    endloop
  endfacet
  facet normal 0 -1 -0
    outer loop
      vertex -0.953484 21.5 22.3269
      vertex -8.74685 21.5 16.9588
      vertex -0.874999 21.5 22.3243
    endloop
  endfacet
  facet normal 0 -1 -0
    outer loop
      vertex -0.874999 21.5 22.3243
      vertex -8.74685 21.5 16.9588
      vertex -0.796515 21.5 22.3269
    endloop
  endfacet
  facet normal 0 -1 -0
    outer loop
      vertex -0.796515 21.5 22.3269
      vertex -8.74685 21.5 16.9588
      vertex -0.718368 21.5 22.3346
    endloop
  endfacet
  facet normal 0 -1 -0
    outer loop
      vertex -0.718368 21.5 22.3346
      vertex -8.74685 21.5 16.9588
      vertex -0.640891 21.5 22.3474
    endloop
  endfacet
  facet normal 0 -1 -0
    outer loop
      vertex -0.275 21.5 22.4851
      vertex -8.74685 21.5 16.9588
      vertex 8.74685 21.5 27.0588
    endloop
  endfacet
  facet normal 0 -1 -0
    outer loop
      vertex -0.415779 21.5 22.4156
      vertex -8.74685 21.5 16.9588
      vertex -0.344253 21.5 22.4481
    endloop
  endfacet
  facet normal 0 -1 -0
    outer loop
      vertex -0.489272 21.5 22.388
      vertex -8.74685 21.5 16.9588
      vertex -0.415779 21.5 22.4156
    endloop
  endfacet
  facet normal 0 -1 -0
    outer loop
      vertex -0.564417 21.5 22.3652
      vertex -8.74685 21.5 16.9588
      vertex -0.489272 21.5 22.388
    endloop
  endfacet
  facet normal 0 -1 -0
    outer loop
      vertex -0.640891 21.5 22.3474
      vertex -8.74685 21.5 16.9588
      vertex -0.564417 21.5 22.3652
    endloop
  endfacet
  facet normal -0.028382 -0.999463 -0.0163863
    outer loop
      vertex 6.99685 21.5 30.0898
      vertex 9.17732 21.4837 27.3073
      vertex 7.42732 21.4837 30.3384
    endloop
  endfacet
  facet normal -0.0283846 -0.999463 -0.0163884
    outer loop
      vertex 9.17732 21.4837 27.3073
      vertex 6.99685 21.5 30.0898
      vertex 8.74685 21.5 27.0588
    endloop
  endfacet
  facet normal -0.0848091 -0.995193 -0.048966
    outer loop
      vertex 7.42732 21.4837 30.3384
      vertex 9.60595 21.435 27.5548
      vertex 7.85595 21.435 30.5858
    endloop
  endfacet
  facet normal -0.0848013 -0.995194 -0.0489599
    outer loop
      vertex 9.60595 21.435 27.5548
      vertex 7.42732 21.4837 30.3384
      vertex 9.17732 21.4837 27.3073
    endloop
  endfacet
  facet normal -0.141044 -0.986649 -0.0814319
    outer loop
      vertex 7.85595 21.435 30.5858
      vertex 10.0309 21.354 27.8001
      vertex 8.28089 21.354 30.8312
    endloop
  endfacet
  facet normal -0.141054 -0.986646 -0.0814402
    outer loop
      vertex 10.0309 21.354 27.8001
      vertex 7.85595 21.435 30.5858
      vertex 9.60595 21.435 27.5548
    endloop
  endfacet
  facet normal -0.196761 -0.973848 -0.113597
    outer loop
      vertex 8.28089 21.354 30.8312
      vertex 10.4503 21.241 28.0423
      vertex 8.70034 21.241 31.0734
    endloop
  endfacet
  facet normal -0.196777 -0.973844 -0.113609
    outer loop
      vertex 10.4503 21.241 28.0423
      vertex 8.28089 21.354 30.8312
      vertex 10.0309 21.354 27.8001
    endloop
  endfacet
  facet normal -0.251299 -0.956974 -0.145087
    outer loop
      vertex 8.70034 21.241 31.0734
      vertex 10.8625 21.0967 28.2802
      vertex 9.1125 21.0967 31.3113
    endloop
  endfacet
  facet normal -0.251283 -0.95698 -0.145075
    outer loop
      vertex 10.8625 21.0967 28.2802
      vertex 8.70034 21.241 31.0734
      vertex 10.4503 21.241 28.0423
    endloop
  endfacet
  facet normal -0.305084 -0.935893 -0.176146
    outer loop
      vertex 9.1125 21.0967 31.3113
      vertex 11.2656 20.9215 28.513
      vertex 9.5156 20.9215 31.544
    endloop
  endfacet
  facet normal -0.305058 -0.935906 -0.176125
    outer loop
      vertex 11.2656 20.9215 28.513
      vertex 9.1125 21.0967 31.3113
      vertex 10.8625 21.0967 28.2802
    endloop
  endfacet
  facet normal -0.35749 -0.910824 -0.206396
    outer loop
      vertex 9.5156 20.9215 31.544
      vertex 11.6579 20.7162 28.7394
      vertex 9.9079 20.7162 31.7705
    endloop
  endfacet
  facet normal -0.35752 -0.910807 -0.20642
    outer loop
      vertex 11.6579 20.7162 28.7394
      vertex 9.5156 20.9215 31.544
      vertex 11.2656 20.9215 28.513
    endloop
  endfacet
  facet normal -0.408213 -0.881937 -0.235689
    outer loop
      vertex 9.9079 20.7162 31.7705
      vertex 12.0377 20.4818 28.9588
      vertex 10.2877 20.4818 31.9898
    endloop
  endfacet
  facet normal -0.40818 -0.881959 -0.235662
    outer loop
      vertex 12.0377 20.4818 28.9588
      vertex 9.9079 20.7162 31.7705
      vertex 11.6579 20.7162 28.7394
    endloop
  endfacet
  facet normal -0.457245 -0.849257 -0.263989
    outer loop
      vertex 10.2877 20.4818 31.9898
      vertex 12.4035 20.2192 29.1699
      vertex 10.6535 20.2192 32.201
    endloop
  endfacet
  facet normal -0.45728 -0.849229 -0.264019
    outer loop
      vertex 12.4035 20.2192 29.1699
      vertex 10.2877 20.4818 31.9898
      vertex 12.0377 20.4818 28.9588
    endloop
  endfacet
  facet normal -0.504466 -0.812826 -0.291253
    outer loop
      vertex 10.6535 20.2192 32.201
      vertex 12.7536 19.9295 29.372
      vertex 11.0036 19.9295 32.4031
    endloop
  endfacet
  facet normal -0.504466 -0.812826 -0.291253
    outer loop
      vertex 12.7536 19.9295 29.372
      vertex 10.6535 20.2192 32.201
      vertex 12.4035 20.2192 29.1699
    endloop
  endfacet
  facet normal -0.549391 -0.77302 -0.31719
    outer loop
      vertex 11.0036 19.9295 32.4031
      vertex 13.0865 19.614 29.5643
      vertex 11.3365 19.614 32.5954
    endloop
  endfacet
  facet normal -0.549391 -0.77302 -0.31719
    outer loop
      vertex 13.0865 19.614 29.5643
      vertex 11.0036 19.9295 32.4031
      vertex 12.7536 19.9295 29.372
    endloop
  endfacet
  facet normal -0.592035 -0.72983 -0.341822
    outer loop
      vertex 11.3365 19.614 32.5954
      vertex 13.4009 19.274 29.7458
      vertex 11.6509 19.274 32.7768
    endloop
  endfacet
  facet normal -0.591997 -0.729877 -0.341788
    outer loop
      vertex 13.4009 19.274 29.7458
      vertex 11.3365 19.614 32.5954
      vertex 13.0865 19.614 29.5643
    endloop
  endfacet
  facet normal -0.632106 -0.683562 -0.364945
    outer loop
      vertex 11.6509 19.274 32.7768
      vertex 13.6953 18.911 29.9157
      vertex 11.9453 18.911 32.9468
    endloop
  endfacet
  facet normal -0.632145 -0.683508 -0.36498
    outer loop
      vertex 13.6953 18.911 29.9157
      vertex 11.6509 19.274 32.7768
      vertex 13.4009 19.274 29.7458
    endloop
  endfacet
  facet normal -0.669422 -0.634428 -0.38649
    outer loop
      vertex 13.9685 18.5266 30.0735
      vertex 11.9453 18.911 32.9468
      vertex 13.6953 18.911 29.9157
    endloop
  endfacet
  facet normal -0.669422 -0.634428 -0.38649
    outer loop
      vertex 11.9453 18.911 32.9468
      vertex 13.9685 18.5266 30.0735
      vertex 12.2185 18.5266 33.1046
    endloop
  endfacet
  facet normal -0.703972 -0.582436 -0.406437
    outer loop
      vertex 14.2194 18.1223 30.2183
      vertex 12.2185 18.5266 33.1046
      vertex 13.9685 18.5266 30.0735
    endloop
  endfacet
  facet normal -0.703972 -0.582436 -0.406437
    outer loop
      vertex 12.2185 18.5266 33.1046
      vertex 14.2194 18.1223 30.2183
      vertex 12.4694 18.1223 33.2494
    endloop
  endfacet
  facet normal -0.735446 -0.528041 -0.424608
    outer loop
      vertex 14.4468 17.7 30.3496
      vertex 12.4694 18.1223 33.2494
      vertex 14.2194 18.1223 30.2183
    endloop
  endfacet
  facet normal -0.735446 -0.528041 -0.424608
    outer loop
      vertex 12.4694 18.1223 33.2494
      vertex 14.4468 17.7 30.3496
      vertex 12.6968 17.7 33.3807
    endloop
  endfacet
  facet normal -0.763692 -0.471558 -0.440916
    outer loop
      vertex 14.6499 17.2614 30.4669
      vertex 12.6968 17.7 33.3807
      vertex 14.4468 17.7 30.3496
    endloop
  endfacet
  facet normal -0.763692 -0.471558 -0.440916
    outer loop
      vertex 12.6968 17.7 33.3807
      vertex 14.6499 17.2614 30.4669
      vertex 12.8999 17.2614 33.498
    endloop
  endfacet
  facet normal -0.78887 -0.412609 -0.455453
    outer loop
      vertex 14.8276 16.8084 30.5695
      vertex 12.8999 17.2614 33.498
      vertex 14.6499 17.2614 30.4669
    endloop
  endfacet
  facet normal -0.78887 -0.412609 -0.455453
    outer loop
      vertex 12.8999 17.2614 33.498
      vertex 14.8276 16.8084 30.5695
      vertex 13.0776 16.8084 33.6006
    endloop
  endfacet
  facet normal -0.810534 -0.352205 -0.46796
    outer loop
      vertex 14.9793 16.3429 30.6571
      vertex 13.0776 16.8084 33.6006
      vertex 14.8276 16.8084 30.5695
    endloop
  endfacet
  facet normal -0.810534 -0.352205 -0.46796
    outer loop
      vertex 13.0776 16.8084 33.6006
      vertex 14.9793 16.3429 30.6571
      vertex 13.2293 16.3429 33.6882
    endloop
  endfacet
  facet normal -0.828698 -0.290427 -0.478447
    outer loop
      vertex 15.1044 15.867 30.7293
      vertex 13.2293 16.3429 33.6882
      vertex 14.9793 16.3429 30.6571
    endloop
  endfacet
  facet normal -0.828698 -0.290427 -0.478447
    outer loop
      vertex 13.2293 16.3429 33.6882
      vertex 15.1044 15.867 30.7293
      vertex 13.3544 15.867 33.7604
    endloop
  endfacet
  facet normal -0.843413 -0.227027 -0.486943
    outer loop
      vertex 15.2022 15.3827 30.7857
      vertex 13.3544 15.867 33.7604
      vertex 15.1044 15.867 30.7293
    endloop
  endfacet
  facet normal -0.843413 -0.227027 -0.486943
    outer loop
      vertex 13.3544 15.867 33.7604
      vertex 15.2022 15.3827 30.7857
      vertex 13.4522 15.3827 33.8168
    endloop
  endfacet
  facet normal -0.854475 -0.162785 -0.493329
    outer loop
      vertex 15.2723 14.892 30.8262
      vertex 13.4522 15.3827 33.8168
      vertex 15.2022 15.3827 30.7857
    endloop
  endfacet
  facet normal -0.854475 -0.162785 -0.493329
    outer loop
      vertex 13.4522 15.3827 33.8168
      vertex 15.2723 14.892 30.8262
      vertex 13.5223 14.892 33.8573
    endloop
  endfacet
  facet normal -0.861857 -0.0980033 -0.497592
    outer loop
      vertex 15.3145 14.397 30.8506
      vertex 13.5223 14.892 33.8573
      vertex 15.2723 14.892 30.8262
    endloop
  endfacet
  facet normal -0.861857 -0.0980033 -0.497592
    outer loop
      vertex 13.5223 14.892 33.8573
      vertex 15.3145 14.397 30.8506
      vertex 13.5645 14.397 33.8817
    endloop
  endfacet
  facet normal -0.86556 -0.0328012 -0.49973
    outer loop
      vertex 15.3286 13.9 30.8588
      vertex 13.5645 14.397 33.8817
      vertex 15.3145 14.397 30.8506
    endloop
  endfacet
  facet normal -0.865556 -0.0327007 -0.499744
    outer loop
      vertex 13.5645 14.397 33.8817
      vertex 15.3286 13.9 30.8588
      vertex 13.5786 13.9 33.8898
    endloop
  endfacet
  facet normal -0.866019 0 -0.500011
    outer loop
      vertex 15.3286 -13.9 30.8588
      vertex 13.5786 13.9 33.8898
      vertex 15.3286 13.9 30.8588
    endloop
  endfacet
  facet normal -0.866019 -0 -0.500011
    outer loop
      vertex 13.5786 13.9 33.8898
      vertex 15.3286 -13.9 30.8588
      vertex 13.5786 -13.9 33.8898
    endloop
  endfacet
  facet normal -0.86556 0.0328012 -0.49973
    outer loop
      vertex 13.5645 -14.397 33.8817
      vertex 15.3286 -13.9 30.8588
      vertex 15.3145 -14.397 30.8506
    endloop
  endfacet
  facet normal -0.865556 0.0327007 -0.499744
    outer loop
      vertex 15.3286 -13.9 30.8588
      vertex 13.5645 -14.397 33.8817
      vertex 13.5786 -13.9 33.8898
    endloop
  endfacet
  facet normal -0.861857 0.0980033 -0.497592
    outer loop
      vertex 13.5223 -14.892 33.8573
      vertex 15.3145 -14.397 30.8506
      vertex 15.2723 -14.892 30.8262
    endloop
  endfacet
  facet normal -0.861857 0.0980033 -0.497592
    outer loop
      vertex 15.3145 -14.397 30.8506
      vertex 13.5223 -14.892 33.8573
      vertex 13.5645 -14.397 33.8817
    endloop
  endfacet
  facet normal -0.854475 0.162785 -0.493329
    outer loop
      vertex 13.4522 -15.3827 33.8168
      vertex 15.2723 -14.892 30.8262
      vertex 15.2022 -15.3827 30.7857
    endloop
  endfacet
  facet normal -0.854475 0.162785 -0.493329
    outer loop
      vertex 15.2723 -14.892 30.8262
      vertex 13.4522 -15.3827 33.8168
      vertex 13.5223 -14.892 33.8573
    endloop
  endfacet
  facet normal -0.843413 0.227027 -0.486943
    outer loop
      vertex 13.3544 -15.867 33.7604
      vertex 15.2022 -15.3827 30.7857
      vertex 15.1044 -15.867 30.7293
    endloop
  endfacet
  facet normal -0.843413 0.227027 -0.486943
    outer loop
      vertex 15.2022 -15.3827 30.7857
      vertex 13.3544 -15.867 33.7604
      vertex 13.4522 -15.3827 33.8168
    endloop
  endfacet
  facet normal -0.828698 0.290427 -0.478447
    outer loop
      vertex 13.2293 -16.3429 33.6882
      vertex 15.1044 -15.867 30.7293
      vertex 14.9793 -16.3429 30.6571
    endloop
  endfacet
  facet normal -0.828698 0.290427 -0.478447
    outer loop
      vertex 15.1044 -15.867 30.7293
      vertex 13.2293 -16.3429 33.6882
      vertex 13.3544 -15.867 33.7604
    endloop
  endfacet
  facet normal -0.810534 0.352205 -0.46796
    outer loop
      vertex 13.0776 -16.8084 33.6006
      vertex 14.9793 -16.3429 30.6571
      vertex 14.8276 -16.8084 30.5695
    endloop
  endfacet
  facet normal -0.810534 0.352205 -0.46796
    outer loop
      vertex 14.9793 -16.3429 30.6571
      vertex 13.0776 -16.8084 33.6006
      vertex 13.2293 -16.3429 33.6882
    endloop
  endfacet
  facet normal -0.78887 0.412609 -0.455453
    outer loop
      vertex 12.8999 -17.2614 33.498
      vertex 14.8276 -16.8084 30.5695
      vertex 14.6499 -17.2614 30.4669
    endloop
  endfacet
  facet normal -0.78887 0.412609 -0.455453
    outer loop
      vertex 14.8276 -16.8084 30.5695
      vertex 12.8999 -17.2614 33.498
      vertex 13.0776 -16.8084 33.6006
    endloop
  endfacet
  facet normal -0.763692 0.471558 -0.440916
    outer loop
      vertex 12.6968 -17.7 33.3807
      vertex 14.6499 -17.2614 30.4669
      vertex 14.4468 -17.7 30.3496
    endloop
  endfacet
  facet normal -0.763692 0.471558 -0.440916
    outer loop
      vertex 14.6499 -17.2614 30.4669
      vertex 12.6968 -17.7 33.3807
      vertex 12.8999 -17.2614 33.498
    endloop
  endfacet
  facet normal -0.735446 0.528041 -0.424608
    outer loop
      vertex 12.4694 -18.1223 33.2494
      vertex 14.4468 -17.7 30.3496
      vertex 14.2194 -18.1223 30.2183
    endloop
  endfacet
  facet normal -0.735446 0.528041 -0.424608
    outer loop
      vertex 14.4468 -17.7 30.3496
      vertex 12.4694 -18.1223 33.2494
      vertex 12.6968 -17.7 33.3807
    endloop
  endfacet
  facet normal -0.703972 0.582436 -0.406437
    outer loop
      vertex 12.2185 -18.5266 33.1046
      vertex 14.2194 -18.1223 30.2183
      vertex 13.9685 -18.5266 30.0735
    endloop
  endfacet
  facet normal -0.703972 0.582436 -0.406437
    outer loop
      vertex 14.2194 -18.1223 30.2183
      vertex 12.2185 -18.5266 33.1046
      vertex 12.4694 -18.1223 33.2494
    endloop
  endfacet
  facet normal -0.669422 0.634428 -0.38649
    outer loop
      vertex 11.9453 -18.911 32.9468
      vertex 13.9685 -18.5266 30.0735
      vertex 13.6953 -18.911 29.9157
    endloop
  endfacet
  facet normal -0.669422 0.634428 -0.38649
    outer loop
      vertex 13.9685 -18.5266 30.0735
      vertex 11.9453 -18.911 32.9468
      vertex 12.2185 -18.5266 33.1046
    endloop
  endfacet
  facet normal -0.632106 0.683562 -0.364945
    outer loop
      vertex 13.6953 -18.911 29.9157
      vertex 11.6509 -19.274 32.7768
      vertex 11.9453 -18.911 32.9468
    endloop
  endfacet
  facet normal -0.632145 0.683508 -0.36498
    outer loop
      vertex 11.6509 -19.274 32.7768
      vertex 13.6953 -18.911 29.9157
      vertex 13.4009 -19.274 29.7458
    endloop
  endfacet
  facet normal -0.592035 0.72983 -0.341822
    outer loop
      vertex 13.4009 -19.274 29.7458
      vertex 11.3365 -19.614 32.5954
      vertex 11.6509 -19.274 32.7768
    endloop
  endfacet
  facet normal -0.591997 0.729877 -0.341788
    outer loop
      vertex 11.3365 -19.614 32.5954
      vertex 13.4009 -19.274 29.7458
      vertex 13.0865 -19.614 29.5643
    endloop
  endfacet
  facet normal -0.549391 0.77302 -0.31719
    outer loop
      vertex 13.0865 -19.614 29.5643
      vertex 11.0036 -19.9295 32.4031
      vertex 11.3365 -19.614 32.5954
    endloop
  endfacet
  facet normal -0.549391 0.77302 -0.31719
    outer loop
      vertex 11.0036 -19.9295 32.4031
      vertex 13.0865 -19.614 29.5643
      vertex 12.7536 -19.9295 29.372
    endloop
  endfacet
  facet normal -0.504466 0.812826 -0.291253
    outer loop
      vertex 12.7536 -19.9295 29.372
      vertex 10.6535 -20.2192 32.201
      vertex 11.0036 -19.9295 32.4031
    endloop
  endfacet
  facet normal -0.504466 0.812826 -0.291253
    outer loop
      vertex 10.6535 -20.2192 32.201
      vertex 12.7536 -19.9295 29.372
      vertex 12.4035 -20.2192 29.1699
    endloop
  endfacet
  facet normal -0.457245 0.849257 -0.263989
    outer loop
      vertex 12.4035 -20.2192 29.1699
      vertex 10.2877 -20.4818 31.9898
      vertex 10.6535 -20.2192 32.201
    endloop
  endfacet
  facet normal -0.45728 0.849229 -0.264019
    outer loop
      vertex 10.2877 -20.4818 31.9898
      vertex 12.4035 -20.2192 29.1699
      vertex 12.0377 -20.4818 28.9588
    endloop
  endfacet
  facet normal -0.408213 0.881937 -0.235689
    outer loop
      vertex 12.0377 -20.4818 28.9588
      vertex 9.9079 -20.7162 31.7705
      vertex 10.2877 -20.4818 31.9898
    endloop
  endfacet
  facet normal -0.40818 0.881959 -0.235662
    outer loop
      vertex 9.9079 -20.7162 31.7705
      vertex 12.0377 -20.4818 28.9588
      vertex 11.6579 -20.7162 28.7394
    endloop
  endfacet
  facet normal -0.35749 0.910824 -0.206396
    outer loop
      vertex 11.6579 -20.7162 28.7394
      vertex 9.5156 -20.9215 31.544
      vertex 9.9079 -20.7162 31.7705
    endloop
  endfacet
  facet normal -0.35752 0.910807 -0.20642
    outer loop
      vertex 9.5156 -20.9215 31.544
      vertex 11.6579 -20.7162 28.7394
      vertex 11.2656 -20.9215 28.513
    endloop
  endfacet
  facet normal -0.305084 0.935893 -0.176146
    outer loop
      vertex 11.2656 -20.9215 28.513
      vertex 9.1125 -21.0967 31.3113
      vertex 9.5156 -20.9215 31.544
    endloop
  endfacet
  facet normal -0.305058 0.935906 -0.176125
    outer loop
      vertex 9.1125 -21.0967 31.3113
      vertex 11.2656 -20.9215 28.513
      vertex 10.8625 -21.0967 28.2802
    endloop
  endfacet
  facet normal -0.251299 0.956974 -0.145087
    outer loop
      vertex 10.8625 -21.0967 28.2802
      vertex 8.70034 -21.241 31.0734
      vertex 9.1125 -21.0967 31.3113
    endloop
  endfacet
  facet normal -0.251283 0.95698 -0.145075
    outer loop
      vertex 8.70034 -21.241 31.0734
      vertex 10.8625 -21.0967 28.2802
      vertex 10.4503 -21.241 28.0423
    endloop
  endfacet
  facet normal -0.196761 0.973848 -0.113597
    outer loop
      vertex 10.4503 -21.241 28.0423
      vertex 8.28089 -21.354 30.8312
      vertex 8.70034 -21.241 31.0734
    endloop
  endfacet
  facet normal -0.196777 0.973844 -0.113609
    outer loop
      vertex 8.28089 -21.354 30.8312
      vertex 10.4503 -21.241 28.0423
      vertex 10.0309 -21.354 27.8001
    endloop
  endfacet
  facet normal -0.141044 0.986649 -0.0814319
    outer loop
      vertex 10.0309 -21.354 27.8001
      vertex 7.85595 -21.435 30.5858
      vertex 8.28089 -21.354 30.8312
    endloop
  endfacet
  facet normal -0.141054 0.986646 -0.0814402
    outer loop
      vertex 7.85595 -21.435 30.5858
      vertex 10.0309 -21.354 27.8001
      vertex 9.60595 -21.435 27.5548
    endloop
  endfacet
  facet normal -0.0848091 0.995193 -0.048966
    outer loop
      vertex 9.60595 -21.435 27.5548
      vertex 7.42732 -21.4837 30.3384
      vertex 7.85595 -21.435 30.5858
    endloop
  endfacet
  facet normal -0.0848013 0.995194 -0.0489599
    outer loop
      vertex 7.42732 -21.4837 30.3384
      vertex 9.60595 -21.435 27.5548
      vertex 9.17732 -21.4837 27.3073
    endloop
  endfacet
  facet normal -0.028382 0.999463 -0.0163863
    outer loop
      vertex 9.17732 -21.4837 27.3073
      vertex 6.99685 -21.5 30.0898
      vertex 7.42732 -21.4837 30.3384
    endloop
  endfacet
  facet normal -0.0283846 0.999463 -0.0163884
    outer loop
      vertex 6.99685 -21.5 30.0898
      vertex 9.17732 -21.4837 27.3073
      vertex 8.74685 -21.5 27.0588
    endloop
  endfacet
  facet normal 0 1 0
    outer loop
      vertex 6.99685 -21.5 30.0898
      vertex -0.796516 -21.5 24.7217
      vertex -0.875 -21.5 24.7243
    endloop
  endfacet
  facet normal 0 1 0
    outer loop
      vertex 6.99685 -21.5 30.0898
      vertex -0.718368 -21.5 24.714
      vertex -0.796516 -21.5 24.7217
    endloop
  endfacet
  facet normal 0 1 0
    outer loop
      vertex 6.99685 -21.5 30.0898
      vertex -0.640891 -21.5 24.7012
      vertex -0.718368 -21.5 24.714
    endloop
  endfacet
  facet normal 0 1 0
    outer loop
      vertex 6.99685 -21.5 30.0898
      vertex -0.564417 -21.5 24.6834
      vertex -0.640891 -21.5 24.7012
    endloop
  endfacet
  facet normal 0 1 0
    outer loop
      vertex 6.99685 -21.5 30.0898
      vertex -0.489273 -21.5 24.6606
      vertex -0.564417 -21.5 24.6834
    endloop
  endfacet
  facet normal 0 1 0
    outer loop
      vertex 6.99685 -21.5 30.0898
      vertex -0.41578 -21.5 24.633
      vertex -0.489273 -21.5 24.6606
    endloop
  endfacet
  facet normal 0 1 0
    outer loop
      vertex 6.99685 -21.5 30.0898
      vertex -0.344254 -21.5 24.6005
      vertex -0.41578 -21.5 24.633
    endloop
  endfacet
  facet normal 0 1 0
    outer loop
      vertex 6.99685 -21.5 30.0898
      vertex -0.275 -21.5 24.5635
      vertex -0.344254 -21.5 24.6005
    endloop
  endfacet
  facet normal 0 1 0
    outer loop
      vertex 6.99685 -21.5 30.0898
      vertex -0.208315 -21.5 24.5221
      vertex -0.275 -21.5 24.5635
    endloop
  endfacet
  facet normal 0 1 0
    outer loop
      vertex 6.99685 -21.5 30.0898
      vertex -0.144487 -21.5 24.4763
      vertex -0.208315 -21.5 24.5221
    endloop
  endfacet
  facet normal 0 1 0
    outer loop
      vertex 6.99685 -21.5 30.0898
      vertex -0.0837855 -21.5 24.4265
      vertex -0.144487 -21.5 24.4763
    endloop
  endfacet
  facet normal 0 1 0
    outer loop
      vertex 6.99685 -21.5 30.0898
      vertex -0.0264723 -21.5 24.3728
      vertex -0.0837855 -21.5 24.4265
    endloop
  endfacet
  facet normal 0 1 0
    outer loop
      vertex 6.99685 -21.5 30.0898
      vertex 0.0272076 -21.5 24.3155
      vertex -0.0264723 -21.5 24.3728
    endloop
  endfacet
  facet normal 0 1 0
    outer loop
      vertex 6.99685 -21.5 30.0898
      vertex 0.0770242 -21.5 24.2548
      vertex 0.0272076 -21.5 24.3155
    endloop
  endfacet
  facet normal 0 1 0
    outer loop
      vertex 6.99685 -21.5 30.0898
      vertex 0.122764 -21.5 24.191
      vertex 0.0770242 -21.5 24.2548
    endloop
  endfacet
  facet normal 0 1 0
    outer loop
      vertex 6.99685 -21.5 30.0898
      vertex 0.16423 -21.5 24.1243
      vertex 0.122764 -21.5 24.191
    endloop
  endfacet
  facet normal 0 1 0
    outer loop
      vertex 8.74685 -21.5 27.0588
      vertex 0.201248 -21.5 24.055
      vertex 0.16423 -21.5 24.1243
    endloop
  endfacet
  facet normal 0 1 0
    outer loop
      vertex 8.74685 -21.5 27.0588
      vertex 0.233655 -21.5 23.9835
      vertex 0.201248 -21.5 24.055
    endloop
  endfacet
  facet normal 0 1 0
    outer loop
      vertex 8.74685 -21.5 27.0588
      vertex 0.261316 -21.5 23.91
      vertex 0.233655 -21.5 23.9835
    endloop
  endfacet
  facet normal 0 1 0
    outer loop
      vertex 8.74685 -21.5 27.0588
      vertex 0.28411 -21.5 23.8349
      vertex 0.261316 -21.5 23.91
    endloop
  endfacet
  facet normal 0 1 0
    outer loop
      vertex 8.74685 -21.5 27.0588
      vertex 0.301942 -21.5 23.7584
      vertex 0.28411 -21.5 23.8349
    endloop
  endfacet
  facet normal 0 1 0
    outer loop
      vertex 8.74685 -21.5 27.0588
      vertex 0.314734 -21.5 23.6809
      vertex 0.301942 -21.5 23.7584
    endloop
  endfacet
  facet normal 0 1 0
    outer loop
      vertex 8.74685 -21.5 27.0588
      vertex 0.322431 -21.5 23.6028
      vertex 0.314734 -21.5 23.6809
    endloop
  endfacet
  facet normal 0 1 0
    outer loop
      vertex 8.74685 -21.5 27.0588
      vertex 0.325 -21.5 23.5243
      vertex 0.322431 -21.5 23.6028
    endloop
  endfacet
  facet normal 0 1 0
    outer loop
      vertex 8.74685 -21.5 27.0588
      vertex 0.32243 -21.5 23.4458
      vertex 0.325 -21.5 23.5243
    endloop
  endfacet
  facet normal 0 1 0
    outer loop
      vertex 8.74685 -21.5 27.0588
      vertex 0.314734 -21.5 23.3677
      vertex 0.32243 -21.5 23.4458
    endloop
  endfacet
  facet normal 0 1 0
    outer loop
      vertex 8.74685 -21.5 27.0588
      vertex 0.301942 -21.5 23.2902
      vertex 0.314734 -21.5 23.3677
    endloop
  endfacet
  facet normal 0 1 0
    outer loop
      vertex 8.74685 -21.5 27.0588
      vertex 0.284111 -21.5 23.2137
      vertex 0.301942 -21.5 23.2902
    endloop
  endfacet
  facet normal 0 1 0
    outer loop
      vertex 8.74685 -21.5 27.0588
      vertex 0.261316 -21.5 23.1386
      vertex 0.284111 -21.5 23.2137
    endloop
  endfacet
  facet normal 0 1 0
    outer loop
      vertex 8.74685 -21.5 27.0588
      vertex 0.233656 -21.5 23.0651
      vertex 0.261316 -21.5 23.1386
    endloop
  endfacet
  facet normal 0 1 0
    outer loop
      vertex 8.74685 -21.5 27.0588
      vertex 0.201247 -21.5 22.9936
      vertex 0.233656 -21.5 23.0651
    endloop
  endfacet
  facet normal 0 1 0
    outer loop
      vertex 8.74685 -21.5 27.0588
      vertex 0.16423 -21.5 22.9243
      vertex 0.201247 -21.5 22.9936
    endloop
  endfacet
  facet normal 0 1 0
    outer loop
      vertex 8.74685 -21.5 27.0588
      vertex 0.122763 -21.5 22.8576
      vertex 0.16423 -21.5 22.9243
    endloop
  endfacet
  facet normal 0 1 0
    outer loop
      vertex 8.74685 -21.5 27.0588
      vertex 0.0770241 -21.5 22.7938
      vertex 0.122763 -21.5 22.8576
    endloop
  endfacet
  facet normal 0 1 0
    outer loop
      vertex 8.74685 -21.5 27.0588
      vertex 0.0272075 -21.5 22.7331
      vertex 0.0770241 -21.5 22.7938
    endloop
  endfacet
  facet normal 0 1 0
    outer loop
      vertex 8.74685 -21.5 27.0588
      vertex -0.0264724 -21.5 22.6758
      vertex 0.0272075 -21.5 22.7331
    endloop
  endfacet
  facet normal 0 1 0
    outer loop
      vertex 8.74685 -21.5 27.0588
      vertex -0.0837851 -21.5 22.6221
      vertex -0.0264724 -21.5 22.6758
    endloop
  endfacet
  facet normal 0 1 0
    outer loop
      vertex 8.74685 -21.5 27.0588
      vertex -0.144487 -21.5 22.5723
      vertex -0.0837851 -21.5 22.6221
    endloop
  endfacet
  facet normal 0 1 0
    outer loop
      vertex 8.74685 -21.5 27.0588
      vertex -0.208315 -21.5 22.5265
      vertex -0.144487 -21.5 22.5723
    endloop
  endfacet
  facet normal 0 1 0
    outer loop
      vertex 8.74685 -21.5 27.0588
      vertex -0.275 -21.5 22.4851
      vertex -0.208315 -21.5 22.5265
    endloop
  endfacet
  facet normal 0 1 0
    outer loop
      vertex -8.74685 -21.5 16.9588
      vertex -0.275 -21.5 22.4851
      vertex 8.74685 -21.5 27.0588
    endloop
  endfacet
  facet normal 0 1 0
    outer loop
      vertex -8.74685 -21.5 16.9588
      vertex -0.874999 -21.5 22.3243
      vertex -0.796515 -21.5 22.3269
    endloop
  endfacet
  facet normal 0 1 0
    outer loop
      vertex -8.74685 -21.5 16.9588
      vertex -0.796515 -21.5 22.3269
      vertex -0.718368 -21.5 22.3346
    endloop
  endfacet
  facet normal 0 1 0
    outer loop
      vertex -8.74685 -21.5 16.9588
      vertex -0.718368 -21.5 22.3346
      vertex -0.640891 -21.5 22.3474
    endloop
  endfacet
  facet normal 0 1 0
    outer loop
      vertex -8.74685 -21.5 16.9588
      vertex -0.640891 -21.5 22.3474
      vertex -0.564417 -21.5 22.3652
    endloop
  endfacet
  facet normal 0 1 0
    outer loop
      vertex -0.874999 -21.5 22.3243
      vertex -8.74685 -21.5 16.9588
      vertex -10.4968 -21.5 19.9899
    endloop
  endfacet
  facet normal 0 1 0
    outer loop
      vertex -0.489272 -21.5 22.388
      vertex -8.74685 -21.5 16.9588
      vertex -0.564417 -21.5 22.3652
    endloop
  endfacet
  facet normal 0 1 0
    outer loop
      vertex -0.415779 -21.5 22.4156
      vertex -8.74685 -21.5 16.9588
      vertex -0.489272 -21.5 22.388
    endloop
  endfacet
  facet normal 0 1 0
    outer loop
      vertex -0.344253 -21.5 22.4481
      vertex -8.74685 -21.5 16.9588
      vertex -0.415779 -21.5 22.4156
    endloop
  endfacet
  facet normal 0 1 0
    outer loop
      vertex -0.275 -21.5 22.4851
      vertex -8.74685 -21.5 16.9588
      vertex -0.344253 -21.5 22.4481
    endloop
  endfacet
  facet normal 0 1 0
    outer loop
      vertex 0.16423 -21.5 24.1243
      vertex 6.99685 -21.5 30.0898
      vertex 8.74685 -21.5 27.0588
    endloop
  endfacet
  facet normal 0 1 0
    outer loop
      vertex -0.953485 -21.5 24.7217
      vertex 6.99685 -21.5 30.0898
      vertex -0.875 -21.5 24.7243
    endloop
  endfacet
  facet normal 0 1 0
    outer loop
      vertex -1.03163 -21.5 24.714
      vertex 6.99685 -21.5 30.0898
      vertex -0.953485 -21.5 24.7217
    endloop
  endfacet
  facet normal 0 1 0
    outer loop
      vertex -1.10911 -21.5 24.7012
      vertex 6.99685 -21.5 30.0898
      vertex -1.03163 -21.5 24.714
    endloop
  endfacet
  facet normal 0 1 0
    outer loop
      vertex -1.18558 -21.5 24.6834
      vertex 6.99685 -21.5 30.0898
      vertex -1.10911 -21.5 24.7012
    endloop
  endfacet
  facet normal 0 1 0
    outer loop
      vertex -1.26073 -21.5 24.6606
      vertex 6.99685 -21.5 30.0898
      vertex -1.18558 -21.5 24.6834
    endloop
  endfacet
  facet normal 0 1 0
    outer loop
      vertex -1.33422 -21.5 24.633
      vertex 6.99685 -21.5 30.0898
      vertex -1.26073 -21.5 24.6606
    endloop
  endfacet
  facet normal 0 1 0
    outer loop
      vertex -1.40575 -21.5 24.6005
      vertex 6.99685 -21.5 30.0898
      vertex -1.33422 -21.5 24.633
    endloop
  endfacet
  facet normal 0 1 0
    outer loop
      vertex -1.475 -21.5 24.5635
      vertex 6.99685 -21.5 30.0898
      vertex -1.40575 -21.5 24.6005
    endloop
  endfacet
  facet normal 0 1 0
    outer loop
      vertex -10.4968 -21.5 19.9899
      vertex -1.475 -21.5 24.5635
      vertex -1.54168 -21.5 24.5221
    endloop
  endfacet
  facet normal 0 1 -0
    outer loop
      vertex -1.475 -21.5 24.5635
      vertex -10.4968 -21.5 19.9899
      vertex 6.99685 -21.5 30.0898
    endloop
  endfacet
  facet normal 0 1 -0
    outer loop
      vertex -1.60551 -21.5 24.4763
      vertex -10.4968 -21.5 19.9899
      vertex -1.54168 -21.5 24.5221
    endloop
  endfacet
  facet normal 0 1 -0
    outer loop
      vertex -1.66621 -21.5 24.4265
      vertex -10.4968 -21.5 19.9899
      vertex -1.60551 -21.5 24.4763
    endloop
  endfacet
  facet normal 0 1 -0
    outer loop
      vertex -1.72353 -21.5 24.3728
      vertex -10.4968 -21.5 19.9899
      vertex -1.66621 -21.5 24.4265
    endloop
  endfacet
  facet normal 0 1 -0
    outer loop
      vertex -1.77721 -21.5 24.3155
      vertex -10.4968 -21.5 19.9899
      vertex -1.72353 -21.5 24.3728
    endloop
  endfacet
  facet normal 0 1 -0
    outer loop
      vertex -1.82702 -21.5 24.2548
      vertex -10.4968 -21.5 19.9899
      vertex -1.77721 -21.5 24.3155
    endloop
  endfacet
  facet normal 0 1 -0
    outer loop
      vertex -1.87276 -21.5 24.191
      vertex -10.4968 -21.5 19.9899
      vertex -1.82702 -21.5 24.2548
    endloop
  endfacet
  facet normal 0 1 -0
    outer loop
      vertex -1.91423 -21.5 24.1243
      vertex -10.4968 -21.5 19.9899
      vertex -1.87276 -21.5 24.191
    endloop
  endfacet
  facet normal 0 1 -0
    outer loop
      vertex -1.95125 -21.5 24.055
      vertex -10.4968 -21.5 19.9899
      vertex -1.91423 -21.5 24.1243
    endloop
  endfacet
  facet normal 0 1 -0
    outer loop
      vertex -1.98366 -21.5 23.9835
      vertex -10.4968 -21.5 19.9899
      vertex -1.95125 -21.5 24.055
    endloop
  endfacet
  facet normal 0 1 -0
    outer loop
      vertex -2.01132 -21.5 23.91
      vertex -10.4968 -21.5 19.9899
      vertex -1.98366 -21.5 23.9835
    endloop
  endfacet
  facet normal 0 1 -0
    outer loop
      vertex -2.03411 -21.5 23.8349
      vertex -10.4968 -21.5 19.9899
      vertex -2.01132 -21.5 23.91
    endloop
  endfacet
  facet normal 0 1 -0
    outer loop
      vertex -2.05194 -21.5 23.7584
      vertex -10.4968 -21.5 19.9899
      vertex -2.03411 -21.5 23.8349
    endloop
  endfacet
  facet normal 0 1 -0
    outer loop
      vertex -2.06473 -21.5 23.6809
      vertex -10.4968 -21.5 19.9899
      vertex -2.05194 -21.5 23.7584
    endloop
  endfacet
  facet normal 0 1 -0
    outer loop
      vertex -2.07243 -21.5 23.6028
      vertex -10.4968 -21.5 19.9899
      vertex -2.06473 -21.5 23.6809
    endloop
  endfacet
  facet normal 0 1 -0
    outer loop
      vertex -2.075 -21.5 23.5243
      vertex -10.4968 -21.5 19.9899
      vertex -2.07243 -21.5 23.6028
    endloop
  endfacet
  facet normal 0 1 0
    outer loop
      vertex -2.07243 -21.5 23.4458
      vertex -10.4968 -21.5 19.9899
      vertex -2.075 -21.5 23.5243
    endloop
  endfacet
  facet normal 0 1 0
    outer loop
      vertex -2.06473 -21.5 23.3677
      vertex -10.4968 -21.5 19.9899
      vertex -2.07243 -21.5 23.4458
    endloop
  endfacet
  facet normal 0 1 0
    outer loop
      vertex -2.05194 -21.5 23.2902
      vertex -10.4968 -21.5 19.9899
      vertex -2.06473 -21.5 23.3677
    endloop
  endfacet
  facet normal 0 1 0
    outer loop
      vertex -2.03411 -21.5 23.2137
      vertex -10.4968 -21.5 19.9899
      vertex -2.05194 -21.5 23.2902
    endloop
  endfacet
  facet normal 0 1 0
    outer loop
      vertex -2.01132 -21.5 23.1386
      vertex -10.4968 -21.5 19.9899
      vertex -2.03411 -21.5 23.2137
    endloop
  endfacet
  facet normal 0 1 0
    outer loop
      vertex -1.98365 -21.5 23.0651
      vertex -10.4968 -21.5 19.9899
      vertex -2.01132 -21.5 23.1386
    endloop
  endfacet
  facet normal 0 1 0
    outer loop
      vertex -1.95125 -21.5 22.9936
      vertex -10.4968 -21.5 19.9899
      vertex -1.98365 -21.5 23.0651
    endloop
  endfacet
  facet normal 0 1 0
    outer loop
      vertex -1.91423 -21.5 22.9243
      vertex -10.4968 -21.5 19.9899
      vertex -1.95125 -21.5 22.9936
    endloop
  endfacet
  facet normal 0 1 0
    outer loop
      vertex -1.87276 -21.5 22.8576
      vertex -10.4968 -21.5 19.9899
      vertex -1.91423 -21.5 22.9243
    endloop
  endfacet
  facet normal 0 1 0
    outer loop
      vertex -1.82702 -21.5 22.7938
      vertex -10.4968 -21.5 19.9899
      vertex -1.87276 -21.5 22.8576
    endloop
  endfacet
  facet normal 0 1 0
    outer loop
      vertex -1.77721 -21.5 22.7331
      vertex -10.4968 -21.5 19.9899
      vertex -1.82702 -21.5 22.7938
    endloop
  endfacet
  facet normal 0 1 0
    outer loop
      vertex -1.72353 -21.5 22.6758
      vertex -10.4968 -21.5 19.9899
      vertex -1.77721 -21.5 22.7331
    endloop
  endfacet
  facet normal 0 1 0
    outer loop
      vertex -1.66621 -21.5 22.6221
      vertex -10.4968 -21.5 19.9899
      vertex -1.72353 -21.5 22.6758
    endloop
  endfacet
  facet normal 0 1 0
    outer loop
      vertex -1.60551 -21.5 22.5723
      vertex -10.4968 -21.5 19.9899
      vertex -1.66621 -21.5 22.6221
    endloop
  endfacet
  facet normal 0 1 0
    outer loop
      vertex -1.54168 -21.5 22.5265
      vertex -10.4968 -21.5 19.9899
      vertex -1.60551 -21.5 22.5723
    endloop
  endfacet
  facet normal 0 1 0
    outer loop
      vertex -1.475 -21.5 22.4851
      vertex -10.4968 -21.5 19.9899
      vertex -1.54168 -21.5 22.5265
    endloop
  endfacet
  facet normal 0 1 0
    outer loop
      vertex -1.40575 -21.5 22.4481
      vertex -10.4968 -21.5 19.9899
      vertex -1.475 -21.5 22.4851
    endloop
  endfacet
  facet normal 0 1 0
    outer loop
      vertex -1.33422 -21.5 22.4156
      vertex -10.4968 -21.5 19.9899
      vertex -1.40575 -21.5 22.4481
    endloop
  endfacet
  facet normal 0 1 0
    outer loop
      vertex -1.26073 -21.5 22.388
      vertex -10.4968 -21.5 19.9899
      vertex -1.33422 -21.5 22.4156
    endloop
  endfacet
  facet normal 0 1 0
    outer loop
      vertex -1.18558 -21.5 22.3652
      vertex -10.4968 -21.5 19.9899
      vertex -1.26073 -21.5 22.388
    endloop
  endfacet
  facet normal 0 1 0
    outer loop
      vertex -1.10911 -21.5 22.3474
      vertex -10.4968 -21.5 19.9899
      vertex -1.18558 -21.5 22.3652
    endloop
  endfacet
  facet normal 0 1 0
    outer loop
      vertex -1.03163 -21.5 22.3346
      vertex -10.4968 -21.5 19.9899
      vertex -1.10911 -21.5 22.3474
    endloop
  endfacet
  facet normal 0 1 0
    outer loop
      vertex -0.953484 -21.5 22.3269
      vertex -10.4968 -21.5 19.9899
      vertex -1.03163 -21.5 22.3346
    endloop
  endfacet
  facet normal 0 1 0
    outer loop
      vertex -10.4968 -21.5 19.9899
      vertex -0.953484 -21.5 22.3269
      vertex -0.874999 -21.5 22.3243
    endloop
  endfacet
  facet normal -0.996369 0.0851455 0
    outer loop
      vertex 14.2849 -14.7419 30.2562
      vertex 14.3208 -14.3218 5
      vertex 14.2849 -14.7419 5
    endloop
  endfacet
  facet normal -0.996369 0.0851455 0
    outer loop
      vertex 14.3208 -14.3218 5
      vertex 14.2849 -14.7419 30.2562
      vertex 14.3208 -14.3218 30.2768
    endloop
  endfacet
  facet normal 0.739555 0.062838 0.670156
    outer loop
      vertex -13.2231 -15.5089 2
      vertex -14.3121 -14.3399 3.09216
      vertex -14.2991 -14.4929 3.09216
    endloop
  endfacet
  facet normal 0.739705 0.0632135 0.669955
    outer loop
      vertex -13.2231 -15.5089 2
      vertex -14.2991 -14.4929 3.09216
      vertex -14.2788 -14.634 3.08306
    endloop
  endfacet
  facet normal 0.739628 0.0629889 0.670061
    outer loop
      vertex -13.2231 -15.5089 2
      vertex -14.2788 -14.634 3.08306
      vertex -14.2608 -14.7593 3.07497
    endloop
  endfacet
  facet normal 0.73897 0.0615808 0.670918
    outer loop
      vertex -14.3121 -14.3399 3.09216
      vertex -13.2231 -15.5089 2
      vertex -14.3129 -14.3303 3.09216
    endloop
  endfacet
  facet normal 0.718622 0.0203684 0.695102
    outer loop
      vertex -13.2231 -15.5089 2
      vertex -13.2327 -15.1702 2
      vertex -14.3327 -13.9 3.1
    endloop
  endfacet
  facet normal -0.804068 0.280891 0.523998
    outer loop
      vertex 13.7234 -16.2322 2.76955
      vertex 13.6712 -16.3046 2.72826
      vertex 13.7174 -16.2421 2.76565
    endloop
  endfacet
  facet normal -0.794524 0.25985 0.548825
    outer loop
      vertex 13.102 -16.7463 2.11337
      vertex 13.6712 -16.3046 2.72826
      vertex 13.7234 -16.2322 2.76955
    endloop
  endfacet
  facet normal -0.793284 0.255928 0.552449
    outer loop
      vertex 13.6712 -16.3046 2.72826
      vertex 13.5543 -16.451 2.62822
      vertex 13.5959 -16.4065 2.66734
    endloop
  endfacet
  facet normal -0.794428 0.258924 0.549402
    outer loop
      vertex 13.6712 -16.3046 2.72826
      vertex 13.102 -16.7463 2.11337
      vertex 13.5543 -16.451 2.62822
    endloop
  endfacet
  facet normal -0.795103 0.262238 0.546848
    outer loop
      vertex 13.5543 -16.451 2.62822
      vertex 13.3804 -16.6135 2.4533
      vertex 13.4727 -16.5383 2.55144
    endloop
  endfacet
  facet normal -0.79441 0.258508 0.549624
    outer loop
      vertex 13.5543 -16.451 2.62822
      vertex 13.102 -16.7463 2.11337
      vertex 13.3804 -16.6135 2.4533
    endloop
  endfacet
  facet normal -0.794468 0.265018 0.54643
    outer loop
      vertex 13.3804 -16.6135 2.4533
      vertex 13.2519 -16.6942 2.30561
      vertex 13.3506 -16.6377 2.42171
    endloop
  endfacet
  facet normal -0.794338 0.260486 0.548793
    outer loop
      vertex 13.3804 -16.6135 2.4533
      vertex 13.102 -16.7463 2.11337
      vertex 13.2519 -16.6942 2.30561
    endloop
  endfacet
  facet normal -0.79555 0.243889 0.554633
    outer loop
      vertex 13.2519 -16.6942 2.30561
      vertex 13.2141 -16.7118 2.25913
      vertex 13.2318 -16.7058 2.28188
    endloop
  endfacet
  facet normal -0.795445 0.247545 0.553163
    outer loop
      vertex 13.2519 -16.6942 2.30561
      vertex 13.102 -16.7463 2.11337
      vertex 13.2141 -16.7118 2.25913
    endloop
  endfacet
  facet normal -0.794648 0.255574 0.55065
    outer loop
      vertex 13.2141 -16.7118 2.25913
      vertex 13.102 -16.7463 2.11337
      vertex 13.1179 -16.7445 2.13548
    endloop
  endfacet
  facet normal 0.718797 -0.0206947 0.694912
    outer loop
      vertex -14.3243 14.1976 3.1
      vertex -13.2231 15.5089 2
      vertex -14.3129 14.3303 3.09216
    endloop
  endfacet
  facet normal 0.718562 -0.020282 0.695168
    outer loop
      vertex -13.2231 15.5089 2
      vertex -14.3243 14.1976 3.1
      vertex -14.3327 13.9 3.1
    endloop
  endfacet
  facet normal 0.707107 0 0.707107
    outer loop
      vertex -14.3327 13.9 3.1
      vertex -13.2327 -15.1702 2
      vertex -13.2327 15.1702 2
    endloop
  endfacet
  facet normal 0.707107 0 0.707107
    outer loop
      vertex -13.2327 -15.1702 2
      vertex -14.3327 13.9 3.1
      vertex -14.3327 -13.9 3.1
    endloop
  endfacet
  facet normal -0.330519 -0.943799 0
    outer loop
      vertex 10.5424 20.0077 5
      vertex 10.1926 20.1302 27.8934
      vertex 10.1926 20.1302 5
    endloop
  endfacet
  facet normal -0.330519 -0.943799 0
    outer loop
      vertex 10.1926 20.1302 27.8934
      vertex 10.5424 20.0077 5
      vertex 10.5424 20.0077 28.0954
    endloop
  endfacet
  facet normal -0.718797 -0.0206947 0.694912
    outer loop
      vertex 13.2231 15.5089 2
      vertex 14.3243 14.1976 3.1
      vertex 14.3129 14.3303 3.09216
    endloop
  endfacet
  facet normal -0.718562 -0.020282 0.695168
    outer loop
      vertex 14.3243 14.1976 3.1
      vertex 13.2231 15.5089 2
      vertex 14.3327 13.9 3.1
    endloop
  endfacet
  facet normal 0.718797 0.0206947 0.694912
    outer loop
      vertex -13.2231 -15.5089 2
      vertex -14.3243 -14.1976 3.1
      vertex -14.3129 -14.3303 3.09216
    endloop
  endfacet
  facet normal 0.718562 0.020282 0.695168
    outer loop
      vertex -14.3243 -14.1976 3.1
      vertex -13.2231 -15.5089 2
      vertex -14.3327 -13.9 3.1
    endloop
  endfacet
  facet normal 0.718622 -0.0203684 0.695102
    outer loop
      vertex -13.2327 15.1702 2
      vertex -13.2231 15.5089 2
      vertex -14.3327 13.9 3.1
    endloop
  endfacet
  facet normal -0.758205 -0.10838 0.642946
    outer loop
      vertex 13.1943 15.8463 2
      vertex 14.2585 14.7753 3.07444
      vertex 13.1465 16.1807 2
    endloop
  endfacet
  facet normal -0.757617 -0.106843 0.643895
    outer loop
      vertex 14.2585 14.7753 3.07444
      vertex 13.1943 15.8463 2
      vertex 14.2596 14.7675 3.07444
    endloop
  endfacet
  facet normal -0.996369 -0.0851455 0
    outer loop
      vertex 14.3208 14.3218 5
      vertex 14.2849 14.7419 30.2562
      vertex 14.2849 14.7419 5
    endloop
  endfacet
  facet normal -0.996369 -0.0851455 0
    outer loop
      vertex 14.2849 14.7419 30.2562
      vertex 14.3208 14.3218 5
      vertex 14.3208 14.3218 30.2768
    endloop
  endfacet
  facet normal -0.999602 -0.0282146 2.96995e-06
    outer loop
      vertex 14.3327 13.9 3.1
      vertex 14.3208 14.3218 5
      vertex 14.3243 14.1976 3.1
    endloop
  endfacet
  facet normal -0.999602 -0.0282012 -0
    outer loop
      vertex 14.3327 13.9 30.2838
      vertex 14.3208 14.3218 5
      vertex 14.3327 13.9 3.1
    endloop
  endfacet
  facet normal -0.999602 -0.0282012 0
    outer loop
      vertex 14.3208 14.3218 5
      vertex 14.3327 13.9 30.2838
      vertex 14.3208 14.3218 30.2768
    endloop
  endfacet
  facet normal 0.967186 -0.254069 0
    outer loop
      vertex -14.1424 15.5694 13.8436
      vertex -14.0363 15.9733 5
      vertex -14.0363 15.9733 13.9049
    endloop
  endfacet
  facet normal 0.967186 -0.254069 0
    outer loop
      vertex -14.0363 15.9733 5
      vertex -14.1424 15.5694 13.8436
      vertex -14.1424 15.5694 5
    endloop
  endfacet
  facet normal -0.785623 0.206191 0.583336
    outer loop
      vertex 13.975 -15.754 2.93959
      vertex 13.8806 -15.9574 2.88435
      vertex 13.9421 -15.8344 2.9237
    endloop
  endfacet
  facet normal -0.786173 0.206697 0.582416
    outer loop
      vertex 13.0705 -16.7515 2.07266
      vertex 13.8806 -15.9574 2.88435
      vertex 13.975 -15.754 2.93959
    endloop
  endfacet
  facet normal -0.786156 0.206631 0.582463
    outer loop
      vertex 13.7638 -16.1659 2.80067
      vertex 13.8806 -15.9574 2.88435
      vertex 13.0705 -16.7515 2.07266
    endloop
  endfacet
  facet normal -0.7865 0.207073 0.58184
    outer loop
      vertex 13.8806 -15.9574 2.88435
      vertex 13.7638 -16.1659 2.80067
      vertex 13.8333 -16.052 2.85408
    endloop
  endfacet
  facet normal -0.785829 0.204966 0.583491
    outer loop
      vertex 13.7638 -16.1659 2.80067
      vertex 13.0705 -16.7515 2.07266
      vertex 13.7234 -16.2322 2.76955
    endloop
  endfacet
  facet normal -0.7863 0.207721 0.581879
    outer loop
      vertex 13.7234 -16.2322 2.76955
      vertex 13.0705 -16.7515 2.07266
      vertex 13.102 -16.7463 2.11337
    endloop
  endfacet
  facet normal 0.999602 0.0282012 0
    outer loop
      vertex -14.3208 -14.3218 5
      vertex -14.3327 -13.9 3.1
      vertex -14.3327 -13.9 13.7338
    endloop
  endfacet
  facet normal 0.999602 0.0282012 -0
    outer loop
      vertex -14.3208 -14.3218 5
      vertex -14.3327 -13.9 13.7338
      vertex -14.3208 -14.3218 13.7407
    endloop
  endfacet
  facet normal 0.999602 0.0282146 2.96995e-06
    outer loop
      vertex -14.3327 -13.9 3.1
      vertex -14.3208 -14.3218 5
      vertex -14.3243 -14.1976 3.1
    endloop
  endfacet
  facet normal 0.849705 0.527258 -0
    outer loop
      vertex -13.1784 -17.8265 5
      vertex -13.3913 -17.4834 14.2773
      vertex -13.1784 -17.8265 14.4002
    endloop
  endfacet
  facet normal 0.849705 0.527258 0
    outer loop
      vertex -13.3913 -17.4834 14.2773
      vertex -13.1784 -17.8265 5
      vertex -13.3913 -17.4834 5
    endloop
  endfacet
  facet normal 0.740234 0.0650743 0.669192
    outer loop
      vertex -14.2596 -14.7675 3.07444
      vertex -13.2231 -15.5089 2
      vertex -14.2608 -14.7593 3.07497
    endloop
  endfacet
  facet normal 0.739678 0.0631379 0.669992
    outer loop
      vertex -13.2231 -15.5089 2
      vertex -14.2596 -14.7675 3.07444
      vertex -13.1943 -15.8463 2
    endloop
  endfacet
  facet normal 0.113081 -0.993586 0
    outer loop
      vertex -9.11218 20.3362 5
      vertex -9.47594 20.2948 16.5378
      vertex -9.47594 20.2948 5
    endloop
  endfacet
  facet normal 0.113081 -0.993586 0
    outer loop
      vertex -9.47594 20.2948 16.5378
      vertex -9.11218 20.3362 5
      vertex -9.11218 20.3362 16.7478
    endloop
  endfacet
  facet normal 0.773983 -0.157027 0.613427
    outer loop
      vertex -14.0408 15.5946 2.97834
      vertex -13.1465 16.1807 2
      vertex -14.0201 15.6444 2.96497
    endloop
  endfacet
  facet normal 0.773873 -0.156331 0.613743
    outer loop
      vertex -14.0823 15.4711 2.99921
      vertex -13.1465 16.1807 2
      vertex -14.0408 15.5946 2.97834
    endloop
  endfacet
  facet normal 0.773861 -0.156271 0.613774
    outer loop
      vertex -14.1272 15.3374 3.02178
      vertex -13.1465 16.1807 2
      vertex -14.0823 15.4711 2.99921
    endloop
  endfacet
  facet normal 0.77391 -0.156461 0.613664
    outer loop
      vertex -13.1465 16.1807 2
      vertex -14.1272 15.3374 3.02178
      vertex -14.1578 15.2224 3.03105
    endloop
  endfacet
  facet normal -0.583291 -0.812263 0
    outer loop
      vertex 11.8502 19.263 5
      vertex 11.5398 19.4859 28.6713
      vertex 11.5398 19.4859 5
    endloop
  endfacet
  facet normal -0.583291 -0.812263 0
    outer loop
      vertex 11.5398 19.4859 28.6713
      vertex 11.8502 19.263 5
      vertex 11.8502 19.263 28.8505
    endloop
  endfacet
  facet normal 0.786189 -0.206528 0.582454
    outer loop
      vertex -13.0705 16.7515 2.07266
      vertex -13.0799 16.5108 2
      vertex -13.0142 16.7609 2
    endloop
  endfacet
  facet normal 0.786124 -0.20655 0.582534
    outer loop
      vertex -13.975 15.754 2.93959
      vertex -13.0799 16.5108 2
      vertex -13.0705 16.7515 2.07266
    endloop
  endfacet
  facet normal 0.786157 -0.206718 0.58243
    outer loop
      vertex -13.995 15.7051 2.94923
      vertex -13.0799 16.5108 2
      vertex -13.975 15.754 2.93959
    endloop
  endfacet
  facet normal 0.785753 -0.204835 0.583639
    outer loop
      vertex -13.0799 16.5108 2
      vertex -13.995 15.7051 2.94923
      vertex -13.9983 15.697 2.95083
    endloop
  endfacet
  facet normal -1 0 0
    outer loop
      vertex 14.3327 -13.9 3.1
      vertex 14.3327 13.9 30.2838
      vertex 14.3327 13.9 3.1
    endloop
  endfacet
  facet normal -1 -0 0
    outer loop
      vertex 14.3327 13.9 30.2838
      vertex 14.3327 -13.9 3.1
      vertex 14.3327 -13.9 30.2838
    endloop
  endfacet
  facet normal -0.73897 0.0615808 0.670918
    outer loop
      vertex 13.2231 -15.5089 2
      vertex 14.3121 -14.3399 3.09216
      vertex 14.3129 -14.3303 3.09216
    endloop
  endfacet
  facet normal -0.739555 0.062838 0.670156
    outer loop
      vertex 14.3121 -14.3399 3.09216
      vertex 13.2231 -15.5089 2
      vertex 14.2991 -14.4929 3.09216
    endloop
  endfacet
  facet normal -0.739705 0.0632135 0.669955
    outer loop
      vertex 14.2991 -14.4929 3.09216
      vertex 13.2231 -15.5089 2
      vertex 14.2788 -14.634 3.08306
    endloop
  endfacet
  facet normal -0.739628 0.0629889 0.670061
    outer loop
      vertex 14.2788 -14.634 3.08306
      vertex 13.2231 -15.5089 2
      vertex 14.2608 -14.7593 3.07497
    endloop
  endfacet
  facet normal 0.999602 -0.0282012 0
    outer loop
      vertex -14.3327 13.9 13.7338
      vertex -14.3208 14.3218 5
      vertex -14.3208 14.3218 13.7407
    endloop
  endfacet
  facet normal 0.999602 -0.0282012 0
    outer loop
      vertex -14.3327 13.9 3.1
      vertex -14.3208 14.3218 5
      vertex -14.3327 13.9 13.7338
    endloop
  endfacet
  facet normal 0.999602 -0.0282146 2.96995e-06
    outer loop
      vertex -14.3208 14.3218 5
      vertex -14.3327 13.9 3.1
      vertex -14.3243 14.1976 3.1
    endloop
  endfacet
  facet normal -0.967186 -0.254069 0
    outer loop
      vertex 14.1424 15.5694 5
      vertex 14.0363 15.9733 30.1126
      vertex 14.0363 15.9733 5
    endloop
  endfacet
  facet normal -0.967186 -0.254069 0
    outer loop
      vertex 14.0363 15.9733 30.1126
      vertex 14.1424 15.5694 5
      vertex 14.1424 15.5694 30.1739
    endloop
  endfacet
  facet normal 0.849705 -0.527258 0
    outer loop
      vertex -13.3913 17.4834 14.2773
      vertex -13.1784 17.8265 5
      vertex -13.1784 17.8265 14.4002
    endloop
  endfacet
  facet normal 0.849705 -0.527258 0
    outer loop
      vertex -13.1784 17.8265 5
      vertex -13.3913 17.4834 14.2773
      vertex -13.3913 17.4834 5
    endloop
  endfacet
  facet normal 0.739628 -0.0629889 0.670061
    outer loop
      vertex -14.2788 14.634 3.08306
      vertex -13.2231 15.5089 2
      vertex -14.2608 14.7593 3.07497
    endloop
  endfacet
  facet normal 0.739705 -0.0632135 0.669955
    outer loop
      vertex -14.2991 14.4929 3.09216
      vertex -13.2231 15.5089 2
      vertex -14.2788 14.634 3.08306
    endloop
  endfacet
  facet normal 0.739555 -0.062838 0.670156
    outer loop
      vertex -14.3121 14.3399 3.09216
      vertex -13.2231 15.5089 2
      vertex -14.2991 14.4929 3.09216
    endloop
  endfacet
  facet normal 0.73897 -0.0615808 0.670918
    outer loop
      vertex -13.2231 15.5089 2
      vertex -14.3121 14.3399 3.09216
      vertex -14.3129 14.3303 3.09216
    endloop
  endfacet
  facet normal 0.907388 0.420295 -0
    outer loop
      vertex -13.5843 -17.125 5
      vertex -13.7567 -16.7528 14.0663
      vertex -13.5843 -17.125 14.1658
    endloop
  endfacet
  facet normal 0.907388 0.420295 0
    outer loop
      vertex -13.7567 -16.7528 14.0663
      vertex -13.5843 -17.125 5
      vertex -13.7567 -16.7528 5
    endloop
  endfacet
  facet normal 1 -0 0
    outer loop
      vertex -14.3327 -13.9 13.7338
      vertex -14.3327 13.9 3.1
      vertex -14.3327 13.9 13.7338
    endloop
  endfacet
  facet normal 1 0 0
    outer loop
      vertex -14.3327 13.9 3.1
      vertex -14.3327 -13.9 13.7338
      vertex -14.3327 -13.9 3.1
    endloop
  endfacet
  facet normal 0.687709 -0.725986 0
    outer loop
      vertex -12.1473 19.0171 5
      vertex -12.4299 18.7494 14.8324
      vertex -12.4299 18.7494 5
    endloop
  endfacet
  facet normal 0.687709 -0.725986 0
    outer loop
      vertex -12.4299 18.7494 14.8324
      vertex -12.1473 19.0171 5
      vertex -12.1473 19.0171 14.9955
    endloop
  endfacet
  facet normal 0.187125 -0.982336 0
    outer loop
      vertex -9.47594 20.2948 5
      vertex -9.83659 20.2261 16.3296
      vertex -9.83659 20.2261 5
    endloop
  endfacet
  facet normal 0.187125 -0.982336 0
    outer loop
      vertex -9.83659 20.2261 16.3296
      vertex -9.47594 20.2948 5
      vertex -9.47594 20.2948 16.5378
    endloop
  endfacet
  facet normal -0.989945 -0.141455 0
    outer loop
      vertex 14.2849 14.7419 5
      vertex 14.2254 15.1583 30.2218
      vertex 14.2254 15.1583 5
    endloop
  endfacet
  facet normal -0.989945 -0.141455 0
    outer loop
      vertex 14.2254 15.1583 30.2218
      vertex 14.2849 14.7419 5
      vertex 14.2849 14.7419 30.2562
    endloop
  endfacet
  facet normal 0.7863 -0.207721 0.581879
    outer loop
      vertex -13.7234 16.2322 2.76955
      vertex -13.0705 16.7515 2.07266
      vertex -13.102 16.7463 2.11337
    endloop
  endfacet
  facet normal 0.785829 -0.204966 0.583491
    outer loop
      vertex -13.7638 16.1659 2.80067
      vertex -13.0705 16.7515 2.07266
      vertex -13.7234 16.2322 2.76955
    endloop
  endfacet
  facet normal 0.7865 -0.207073 0.58184
    outer loop
      vertex -13.8806 15.9574 2.88435
      vertex -13.7638 16.1659 2.80067
      vertex -13.8333 16.052 2.85408
    endloop
  endfacet
  facet normal 0.786156 -0.206631 0.582463
    outer loop
      vertex -13.7638 16.1659 2.80067
      vertex -13.8806 15.9574 2.88435
      vertex -13.0705 16.7515 2.07266
    endloop
  endfacet
  facet normal 0.785623 -0.206191 0.583336
    outer loop
      vertex -13.975 15.754 2.93959
      vertex -13.8806 15.9574 2.88435
      vertex -13.9421 15.8344 2.9237
    endloop
  endfacet
  facet normal 0.786173 -0.206697 0.582416
    outer loop
      vertex -13.8806 15.9574 2.88435
      vertex -13.975 15.754 2.93959
      vertex -13.0705 16.7515 2.07266
    endloop
  endfacet
  facet normal 0.398638 -0.917108 0
    outer loop
      vertex -10.5424 20.0077 5
      vertex -10.8845 19.859 15.7246
      vertex -10.8845 19.859 5
    endloop
  endfacet
  facet normal 0.398638 -0.917108 0
    outer loop
      vertex -10.8845 19.859 15.7246
      vertex -10.5424 20.0077 5
      vertex -10.5424 20.0077 15.9221
    endloop
  endfacet
  facet normal -0.950733 0.310011 0
    outer loop
      vertex 13.9075 -16.3683 30.0383
      vertex 14.0363 -15.9733 5
      vertex 13.9075 -16.3683 5
    endloop
  endfacet
  facet normal -0.950733 0.310011 0
    outer loop
      vertex 14.0363 -15.9733 5
      vertex 13.9075 -16.3683 30.0383
      vertex 14.0363 -15.9733 30.1126
    endloop
  endfacet
  facet normal 0.773848 -0.156129 0.613826
    outer loop
      vertex -13.9983 15.697 2.95083
      vertex -13.1465 16.1807 2
      vertex -13.0799 16.5108 2
    endloop
  endfacet
  facet normal 0.77379 -0.155633 0.614026
    outer loop
      vertex -13.1465 16.1807 2
      vertex -13.9983 15.697 2.95083
      vertex -14.0201 15.6444 2.96497
    endloop
  endfacet
  facet normal -0.739628 -0.0629889 0.670061
    outer loop
      vertex 13.2231 15.5089 2
      vertex 14.2788 14.634 3.08306
      vertex 14.2608 14.7593 3.07497
    endloop
  endfacet
  facet normal -0.739705 -0.0632135 0.669955
    outer loop
      vertex 13.2231 15.5089 2
      vertex 14.2991 14.4929 3.09216
      vertex 14.2788 14.634 3.08306
    endloop
  endfacet
  facet normal -0.739555 -0.062838 0.670156
    outer loop
      vertex 13.2231 15.5089 2
      vertex 14.3121 14.3399 3.09216
      vertex 14.2991 14.4929 3.09216
    endloop
  endfacet
  facet normal -0.73897 -0.0615808 0.670918
    outer loop
      vertex 14.3121 14.3399 3.09216
      vertex 13.2231 15.5089 2
      vertex 14.3129 14.3303 3.09216
    endloop
  endfacet
  facet normal -0.989945 0.141455 0
    outer loop
      vertex 14.2254 -15.1583 30.2218
      vertex 14.2849 -14.7419 5
      vertex 14.2254 -15.1583 5
    endloop
  endfacet
  facet normal -0.989945 0.141455 0
    outer loop
      vertex 14.2849 -14.7419 5
      vertex 14.2254 -15.1583 30.2218
      vertex 14.2849 -14.7419 30.2562
    endloop
  endfacet
  facet normal 0.734423 -0.678692 0
    outer loop
      vertex -12.6966 18.4608 14.6783
      vertex -12.4299 18.7494 5
      vertex -12.4299 18.7494 14.8324
    endloop
  endfacet
  facet normal 0.734423 -0.678692 0
    outer loop
      vertex -12.4299 18.7494 5
      vertex -12.6966 18.4608 14.6783
      vertex -12.6966 18.4608 5
    endloop
  endfacet
  facet normal -0.707107 0 0.707107
    outer loop
      vertex 13.2327 15.1702 2
      vertex 14.3327 -13.9 3.1
      vertex 14.3327 13.9 3.1
    endloop
  endfacet
  facet normal -0.707107 0 0.707107
    outer loop
      vertex 14.3327 -13.9 3.1
      vertex 13.2327 15.1702 2
      vertex 13.2327 -15.1702 2
    endloop
  endfacet
  facet normal -0.757468 -0.106298 0.644161
    outer loop
      vertex 13.1465 16.1807 2
      vertex 14.1632 15.2021 3.03405
      vertex 14.1578 15.2224 3.03105
    endloop
  endfacet
  facet normal -0.758254 -0.108477 0.642872
    outer loop
      vertex 13.1465 16.1807 2
      vertex 14.1998 15.0658 3.05422
      vertex 14.1632 15.2021 3.03405
    endloop
  endfacet
  facet normal -0.758345 -0.1087 0.642727
    outer loop
      vertex 13.1465 16.1807 2
      vertex 14.2282 14.9265 3.06417
      vertex 14.1998 15.0658 3.05422
    endloop
  endfacet
  facet normal -0.758138 -0.108251 0.643046
    outer loop
      vertex 14.2585 14.7753 3.07444
      vertex 14.2282 14.9265 3.06417
      vertex 13.1465 16.1807 2
    endloop
  endfacet
  facet normal -0.789945 -0.117424 0.601829
    outer loop
      vertex 14.2282 14.9265 3.06417
      vertex 14.2585 14.7753 3.07444
      vertex 14.2574 14.7827 3.07444
    endloop
  endfacet
  facet normal 0.463639 -0.886024 0
    outer loop
      vertex -10.8845 19.859 5
      vertex -11.2174 19.6848 15.5324
      vertex -11.2174 19.6848 5
    endloop
  endfacet
  facet normal 0.463639 -0.886024 0
    outer loop
      vertex -11.2174 19.6848 15.5324
      vertex -10.8845 19.859 5
      vertex -10.8845 19.859 15.7246
    endloop
  endfacet
  facet normal -0.999602 0.0282146 2.96995e-06
    outer loop
      vertex 14.3208 -14.3218 5
      vertex 14.3327 -13.9 3.1
      vertex 14.3243 -14.1976 3.1
    endloop
  endfacet
  facet normal -0.999602 0.0282012 0
    outer loop
      vertex 14.3327 -13.9 3.1
      vertex 14.3208 -14.3218 5
      vertex 14.3327 -13.9 30.2838
    endloop
  endfacet
  facet normal -0.999602 0.0282012 0
    outer loop
      vertex 14.3327 -13.9 30.2838
      vertex 14.3208 -14.3218 5
      vertex 14.3208 -14.3218 30.2768
    endloop
  endfacet
  facet normal 0.776546 -0.630061 0
    outer loop
      vertex -12.9465 18.1528 14.5341
      vertex -12.6966 18.4608 5
      vertex -12.6966 18.4608 14.6783
    endloop
  endfacet
  facet normal 0.776546 -0.630061 0
    outer loop
      vertex -12.6966 18.4608 5
      vertex -12.9465 18.1528 14.5341
      vertex -12.9465 18.1528 5
    endloop
  endfacet
  facet normal -0.718562 0.020282 0.695168
    outer loop
      vertex 13.2231 -15.5089 2
      vertex 14.3243 -14.1976 3.1
      vertex 14.3327 -13.9 3.1
    endloop
  endfacet
  facet normal -0.718797 0.0206947 0.694912
    outer loop
      vertex 14.3243 -14.1976 3.1
      vertex 13.2231 -15.5089 2
      vertex 14.3129 -14.3303 3.09216
    endloop
  endfacet
  facet normal -0.757617 0.106843 0.643895
    outer loop
      vertex 13.1943 -15.8463 2
      vertex 14.2585 -14.7753 3.07444
      vertex 14.2596 -14.7675 3.07444
    endloop
  endfacet
  facet normal -0.758205 0.10838 0.642946
    outer loop
      vertex 14.2585 -14.7753 3.07444
      vertex 13.1943 -15.8463 2
      vertex 13.1465 -16.1807 2
    endloop
  endfacet
  facet normal 0.583291 0.812263 -0
    outer loop
      vertex -11.5398 -19.4859 5
      vertex -11.8502 -19.263 15.167
      vertex -11.5398 -19.4859 15.3463
    endloop
  endfacet
  facet normal 0.583291 0.812263 0
    outer loop
      vertex -11.8502 -19.263 15.167
      vertex -11.5398 -19.4859 5
      vertex -11.8502 -19.263 5
    endloop
  endfacet
  facet normal 0.996369 -0.0851455 0
    outer loop
      vertex -14.3208 14.3218 13.7407
      vertex -14.2849 14.7419 5
      vertex -14.2849 14.7419 13.7614
    endloop
  endfacet
  facet normal 0.996369 -0.0851455 0
    outer loop
      vertex -14.2849 14.7419 5
      vertex -14.3208 14.3218 13.7407
      vertex -14.3208 14.3218 5
    endloop
  endfacet
  facet normal -0.739678 -0.0631379 0.669992
    outer loop
      vertex 13.2231 15.5089 2
      vertex 14.2596 14.7675 3.07444
      vertex 13.1943 15.8463 2
    endloop
  endfacet
  facet normal -0.740234 -0.0650743 0.669192
    outer loop
      vertex 14.2596 14.7675 3.07444
      vertex 13.2231 15.5089 2
      vertex 14.2608 14.7593 3.07497
    endloop
  endfacet
  facet normal -0.687709 -0.725986 0
    outer loop
      vertex 12.4299 18.7494 5
      vertex 12.1473 19.0171 29.022
      vertex 12.1473 19.0171 5
    endloop
  endfacet
  facet normal -0.687709 -0.725986 0
    outer loop
      vertex 12.1473 19.0171 29.022
      vertex 12.4299 18.7494 5
      vertex 12.4299 18.7494 29.1851
    endloop
  endfacet
  facet normal 0.93096 -0.36512 0
    outer loop
      vertex -13.9075 16.3683 13.9792
      vertex -13.7567 16.7528 5
      vertex -13.7567 16.7528 14.0663
    endloop
  endfacet
  facet normal 0.93096 -0.36512 0
    outer loop
      vertex -13.7567 16.7528 5
      vertex -13.9075 16.3683 13.9792
      vertex -13.9075 16.3683 5
    endloop
  endfacet
  facet normal 0.907388 -0.420295 0
    outer loop
      vertex -13.7567 16.7528 14.0663
      vertex -13.5843 17.125 5
      vertex -13.5843 17.125 14.1658
    endloop
  endfacet
  facet normal 0.907388 -0.420295 0
    outer loop
      vertex -13.5843 17.125 5
      vertex -13.7567 16.7528 14.0663
      vertex -13.7567 16.7528 5
    endloop
  endfacet
  facet normal -0.113081 -0.993586 0
    outer loop
      vertex 9.47594 20.2948 5
      vertex 9.11218 20.3362 27.2697
      vertex 9.11218 20.3362 5
    endloop
  endfacet
  facet normal -0.113081 -0.993586 0
    outer loop
      vertex 9.11218 20.3362 27.2697
      vertex 9.47594 20.2948 5
      vertex 9.47594 20.2948 27.4797
    endloop
  endfacet
  facet normal 0.525054 -0.851069 0
    outer loop
      vertex -11.2174 19.6848 5
      vertex -11.5398 19.4859 15.3463
      vertex -11.5398 19.4859 5
    endloop
  endfacet
  facet normal 0.525054 -0.851069 0
    outer loop
      vertex -11.5398 19.4859 15.3463
      vertex -11.2174 19.6848 5
      vertex -11.2174 19.6848 15.5324
    endloop
  endfacet
  facet normal 0.330519 -0.943799 0
    outer loop
      vertex -10.1926 20.1302 5
      vertex -10.5424 20.0077 15.9221
      vertex -10.5424 20.0077 5
    endloop
  endfacet
  facet normal 0.330519 -0.943799 0
    outer loop
      vertex -10.5424 20.0077 15.9221
      vertex -10.1926 20.1302 5
      vertex -10.1926 20.1302 16.1241
    endloop
  endfacet
  facet normal 0.980221 0.197904 -0
    outer loop
      vertex -14.1424 -15.5694 5
      vertex -14.2254 -15.1583 13.7957
      vertex -14.1424 -15.5694 13.8436
    endloop
  endfacet
  facet normal 0.980221 0.197904 0
    outer loop
      vertex -14.2254 -15.1583 13.7957
      vertex -14.1424 -15.5694 5
      vertex -14.2254 -15.1583 5
    endloop
  endfacet
  facet normal -0.113081 0.993586 0
    outer loop
      vertex 9.47594 -20.2948 5
      vertex 9.11218 -20.3362 27.2697
      vertex 9.47594 -20.2948 27.4797
    endloop
  endfacet
  facet normal -0.113081 0.993586 0
    outer loop
      vertex 9.11218 -20.3362 27.2697
      vertex 9.47594 -20.2948 5
      vertex 9.11218 -20.3362 5
    endloop
  endfacet
  facet normal -0.815115 -0.579299 0
    outer loop
      vertex 13.1784 17.8265 5
      vertex 12.9465 18.1528 29.4834
      vertex 12.9465 18.1528 5
    endloop
  endfacet
  facet normal -0.815115 -0.579299 0
    outer loop
      vertex 12.9465 18.1528 29.4834
      vertex 13.1784 17.8265 5
      vertex 13.1784 17.8265 29.6173
    endloop
  endfacet
  facet normal -0.0377471 0.999287 0
    outer loop
      vertex 9.11218 -20.3362 5
      vertex 8.74685 -20.35 27.0588
      vertex 9.11218 -20.3362 27.2697
    endloop
  endfacet
  facet normal -0.0377471 0.999287 0
    outer loop
      vertex 8.74685 -20.35 27.0588
      vertex 9.11218 -20.3362 5
      vertex 8.74685 -20.35 5
    endloop
  endfacet
  facet normal -0.880455 -0.474129 0
    outer loop
      vertex 13.5843 17.125 5
      vertex 13.3913 17.4834 29.7402
      vertex 13.3913 17.4834 5
    endloop
  endfacet
  facet normal -0.880455 -0.474129 0
    outer loop
      vertex 13.3913 17.4834 29.7402
      vertex 13.5843 17.125 5
      vertex 13.5843 17.125 29.8517
    endloop
  endfacet
  facet normal -0.583291 0.812263 0
    outer loop
      vertex 11.8502 -19.263 5
      vertex 11.5398 -19.4859 28.6713
      vertex 11.8502 -19.263 28.8505
    endloop
  endfacet
  facet normal -0.583291 0.812263 0
    outer loop
      vertex 11.5398 -19.4859 28.6713
      vertex 11.8502 -19.263 5
      vertex 11.5398 -19.4859 5
    endloop
  endfacet
  facet normal -0.980221 0.197904 0
    outer loop
      vertex 14.1424 -15.5694 30.1739
      vertex 14.2254 -15.1583 5
      vertex 14.1424 -15.5694 5
    endloop
  endfacet
  facet normal -0.980221 0.197904 0
    outer loop
      vertex 14.2254 -15.1583 5
      vertex 14.1424 -15.5694 30.1739
      vertex 14.2254 -15.1583 30.2218
    endloop
  endfacet
  facet normal -0.794648 -0.255574 0.55065
    outer loop
      vertex 13.102 16.7463 2.11337
      vertex 13.2141 16.7118 2.25913
      vertex 13.1179 16.7445 2.13548
    endloop
  endfacet
  facet normal -0.795445 -0.247545 0.553163
    outer loop
      vertex 13.2519 16.6942 2.30561
      vertex 13.2141 16.7118 2.25913
      vertex 13.102 16.7463 2.11337
    endloop
  endfacet
  facet normal -0.79555 -0.243889 0.554633
    outer loop
      vertex 13.2141 16.7118 2.25913
      vertex 13.2519 16.6942 2.30561
      vertex 13.2318 16.7058 2.28188
    endloop
  endfacet
  facet normal -0.794338 -0.260486 0.548793
    outer loop
      vertex 13.3804 16.6135 2.4533
      vertex 13.2519 16.6942 2.30561
      vertex 13.102 16.7463 2.11337
    endloop
  endfacet
  facet normal -0.794468 -0.265018 0.54643
    outer loop
      vertex 13.2519 16.6942 2.30561
      vertex 13.3804 16.6135 2.4533
      vertex 13.3506 16.6377 2.42171
    endloop
  endfacet
  facet normal -0.79441 -0.258508 0.549624
    outer loop
      vertex 13.5543 16.451 2.62822
      vertex 13.3804 16.6135 2.4533
      vertex 13.102 16.7463 2.11337
    endloop
  endfacet
  facet normal -0.795103 -0.262238 0.546848
    outer loop
      vertex 13.3804 16.6135 2.4533
      vertex 13.5543 16.451 2.62822
      vertex 13.4727 16.5383 2.55144
    endloop
  endfacet
  facet normal -0.794428 -0.258924 0.549402
    outer loop
      vertex 13.6712 16.3046 2.72826
      vertex 13.5543 16.451 2.62822
      vertex 13.102 16.7463 2.11337
    endloop
  endfacet
  facet normal -0.793284 -0.255928 0.552449
    outer loop
      vertex 13.5543 16.451 2.62822
      vertex 13.6712 16.3046 2.72826
      vertex 13.5959 16.4065 2.66734
    endloop
  endfacet
  facet normal -0.794524 -0.25985 0.548825
    outer loop
      vertex 13.7234 16.2322 2.76955
      vertex 13.6712 16.3046 2.72826
      vertex 13.102 16.7463 2.11337
    endloop
  endfacet
  facet normal -0.804068 -0.280891 0.523998
    outer loop
      vertex 13.6712 16.3046 2.72826
      vertex 13.7234 16.2322 2.76955
      vertex 13.7174 16.2421 2.76565
    endloop
  endfacet
  facet normal 0.757468 -0.106298 0.644161
    outer loop
      vertex -14.1632 15.2021 3.03405
      vertex -13.1465 16.1807 2
      vertex -14.1578 15.2224 3.03105
    endloop
  endfacet
  facet normal 0.758254 -0.108477 0.642872
    outer loop
      vertex -14.1998 15.0658 3.05422
      vertex -13.1465 16.1807 2
      vertex -14.1632 15.2021 3.03405
    endloop
  endfacet
  facet normal 0.758345 -0.1087 0.642727
    outer loop
      vertex -14.2282 14.9265 3.06417
      vertex -13.1465 16.1807 2
      vertex -14.1998 15.0658 3.05422
    endloop
  endfacet
  facet normal 0.789945 -0.117424 0.601829
    outer loop
      vertex -14.2585 14.7753 3.07444
      vertex -14.2282 14.9265 3.06417
      vertex -14.2574 14.7827 3.07444
    endloop
  endfacet
  facet normal 0.758138 -0.108251 0.643046
    outer loop
      vertex -14.2282 14.9265 3.06417
      vertex -14.2585 14.7753 3.07444
      vertex -13.1465 16.1807 2
    endloop
  endfacet
  facet normal 0.758205 -0.10838 0.642946
    outer loop
      vertex -14.2585 14.7753 3.07444
      vertex -13.1943 15.8463 2
      vertex -13.1465 16.1807 2
    endloop
  endfacet
  facet normal 0.757617 -0.106843 0.643895
    outer loop
      vertex -13.1943 15.8463 2
      vertex -14.2585 14.7753 3.07444
      vertex -14.2596 14.7675 3.07444
    endloop
  endfacet
  facet normal 0.525054 0.851069 -0
    outer loop
      vertex -11.2174 -19.6848 5
      vertex -11.5398 -19.4859 15.3463
      vertex -11.2174 -19.6848 15.5324
    endloop
  endfacet
  facet normal 0.525054 0.851069 0
    outer loop
      vertex -11.5398 -19.4859 15.3463
      vertex -11.2174 -19.6848 5
      vertex -11.5398 -19.4859 5
    endloop
  endfacet
  facet normal -0.718622 -0.0203684 0.695102
    outer loop
      vertex 13.2327 15.1702 2
      vertex 14.3327 13.9 3.1
      vertex 13.2231 15.5089 2
    endloop
  endfacet
  facet normal -0.849705 -0.527258 0
    outer loop
      vertex 13.3913 17.4834 5
      vertex 13.1784 17.8265 29.6173
      vertex 13.1784 17.8265 5
    endloop
  endfacet
  facet normal -0.849705 -0.527258 0
    outer loop
      vertex 13.1784 17.8265 29.6173
      vertex 13.3913 17.4834 5
      vertex 13.3913 17.4834 29.7402
    endloop
  endfacet
  facet normal 0.794648 -0.255574 0.55065
    outer loop
      vertex -13.2141 16.7118 2.25913
      vertex -13.102 16.7463 2.11337
      vertex -13.1179 16.7445 2.13548
    endloop
  endfacet
  facet normal 0.79555 -0.243889 0.554633
    outer loop
      vertex -13.2519 16.6942 2.30561
      vertex -13.2141 16.7118 2.25913
      vertex -13.2318 16.7058 2.28188
    endloop
  endfacet
  facet normal 0.795445 -0.247545 0.553163
    outer loop
      vertex -13.2141 16.7118 2.25913
      vertex -13.2519 16.6942 2.30561
      vertex -13.102 16.7463 2.11337
    endloop
  endfacet
  facet normal 0.794468 -0.265018 0.54643
    outer loop
      vertex -13.3804 16.6135 2.4533
      vertex -13.2519 16.6942 2.30561
      vertex -13.3506 16.6377 2.42171
    endloop
  endfacet
  facet normal 0.794338 -0.260486 0.548793
    outer loop
      vertex -13.2519 16.6942 2.30561
      vertex -13.3804 16.6135 2.4533
      vertex -13.102 16.7463 2.11337
    endloop
  endfacet
  facet normal 0.795103 -0.262238 0.546848
    outer loop
      vertex -13.5543 16.451 2.62822
      vertex -13.3804 16.6135 2.4533
      vertex -13.4727 16.5383 2.55144
    endloop
  endfacet
  facet normal 0.79441 -0.258508 0.549624
    outer loop
      vertex -13.3804 16.6135 2.4533
      vertex -13.5543 16.451 2.62822
      vertex -13.102 16.7463 2.11337
    endloop
  endfacet
  facet normal 0.793284 -0.255928 0.552449
    outer loop
      vertex -13.6712 16.3046 2.72826
      vertex -13.5543 16.451 2.62822
      vertex -13.5959 16.4065 2.66734
    endloop
  endfacet
  facet normal 0.794428 -0.258924 0.549402
    outer loop
      vertex -13.5543 16.451 2.62822
      vertex -13.6712 16.3046 2.72826
      vertex -13.102 16.7463 2.11337
    endloop
  endfacet
  facet normal 0.804068 -0.280891 0.523998
    outer loop
      vertex -13.7234 16.2322 2.76955
      vertex -13.6712 16.3046 2.72826
      vertex -13.7174 16.2421 2.76565
    endloop
  endfacet
  facet normal 0.794524 -0.25985 0.548825
    outer loop
      vertex -13.6712 16.3046 2.72826
      vertex -13.7234 16.2322 2.76955
      vertex -13.102 16.7463 2.11337
    endloop
  endfacet
  facet normal -0.718622 0.0203684 0.695102
    outer loop
      vertex 14.3327 -13.9 3.1
      vertex 13.2327 -15.1702 2
      vertex 13.2231 -15.5089 2
    endloop
  endfacet
  facet normal 0.950733 0.310011 -0
    outer loop
      vertex -13.9075 -16.3683 5
      vertex -14.0363 -15.9733 13.9049
      vertex -13.9075 -16.3683 13.9792
    endloop
  endfacet
  facet normal 0.950733 0.310011 0
    outer loop
      vertex -14.0363 -15.9733 13.9049
      vertex -13.9075 -16.3683 5
      vertex -14.0363 -15.9733 5
    endloop
  endfacet
  facet normal -0.980221 -0.197904 0
    outer loop
      vertex 14.2254 15.1583 5
      vertex 14.1424 15.5694 30.1739
      vertex 14.1424 15.5694 5
    endloop
  endfacet
  facet normal -0.980221 -0.197904 0
    outer loop
      vertex 14.1424 15.5694 30.1739
      vertex 14.2254 15.1583 5
      vertex 14.2254 15.1583 30.2218
    endloop
  endfacet
  facet normal -0.740234 0.0650743 0.669192
    outer loop
      vertex 13.2231 -15.5089 2
      vertex 14.2596 -14.7675 3.07444
      vertex 14.2608 -14.7593 3.07497
    endloop
  endfacet
  facet normal -0.739678 0.0631379 0.669992
    outer loop
      vertex 14.2596 -14.7675 3.07444
      vertex 13.2231 -15.5089 2
      vertex 13.1943 -15.8463 2
    endloop
  endfacet
  facet normal 0.815115 -0.579299 0
    outer loop
      vertex -13.1784 17.8265 14.4002
      vertex -12.9465 18.1528 5
      vertex -12.9465 18.1528 14.5341
    endloop
  endfacet
  facet normal 0.815115 -0.579299 0
    outer loop
      vertex -12.9465 18.1528 5
      vertex -13.1784 17.8265 14.4002
      vertex -13.1784 17.8265 5
    endloop
  endfacet
  facet normal 0.880455 -0.474129 0
    outer loop
      vertex -13.5843 17.125 14.1658
      vertex -13.3913 17.4834 5
      vertex -13.3913 17.4834 14.2773
    endloop
  endfacet
  facet normal 0.880455 -0.474129 0
    outer loop
      vertex -13.3913 17.4834 5
      vertex -13.5843 17.125 14.1658
      vertex -13.5843 17.125 5
    endloop
  endfacet
  facet normal 0.0377471 -0.999287 0
    outer loop
      vertex -8.74685 20.35 5
      vertex -9.11218 20.3362 16.7478
      vertex -9.11218 20.3362 5
    endloop
  endfacet
  facet normal 0.0377471 -0.999287 0
    outer loop
      vertex -9.11218 20.3362 16.7478
      vertex -8.74685 20.35 5
      vertex -8.74685 20.35 16.9588
    endloop
  endfacet
  facet normal -0.187125 -0.982336 0
    outer loop
      vertex 9.83659 20.2261 5
      vertex 9.47594 20.2948 27.4797
      vertex 9.47594 20.2948 5
    endloop
  endfacet
  facet normal -0.187125 -0.982336 0
    outer loop
      vertex 9.47594 20.2948 27.4797
      vertex 9.83659 20.2261 5
      vertex 9.83659 20.2261 27.6879
    endloop
  endfacet
  facet normal 0 -1 0
    outer loop
      vertex 8.74685 20.35 5
      vertex -8.74685 20.35 16.9588
      vertex -8.74685 20.35 5
    endloop
  endfacet
  facet normal 0 -1 0
    outer loop
      vertex -8.74685 20.35 16.9588
      vertex 8.74685 20.35 5
      vertex 8.74685 20.35 27.0588
    endloop
  endfacet
  facet normal -0.260103 -0.965581 0
    outer loop
      vertex 10.1926 20.1302 5
      vertex 9.83659 20.2261 27.6879
      vertex 9.83659 20.2261 5
    endloop
  endfacet
  facet normal -0.260103 -0.965581 0
    outer loop
      vertex 9.83659 20.2261 27.6879
      vertex 10.1926 20.1302 5
      vertex 10.1926 20.1302 27.8934
    endloop
  endfacet
  facet normal -0.637605 -0.770364 0
    outer loop
      vertex 12.1473 19.0171 5
      vertex 11.8502 19.263 28.8505
      vertex 11.8502 19.263 5
    endloop
  endfacet
  facet normal -0.637605 -0.770364 0
    outer loop
      vertex 11.8502 19.263 28.8505
      vertex 12.1473 19.0171 5
      vertex 12.1473 19.0171 29.022
    endloop
  endfacet
  facet normal -0.815115 0.579299 0
    outer loop
      vertex 12.9465 -18.1528 29.4834
      vertex 13.1784 -17.8265 5
      vertex 12.9465 -18.1528 5
    endloop
  endfacet
  facet normal -0.815115 0.579299 0
    outer loop
      vertex 13.1784 -17.8265 5
      vertex 12.9465 -18.1528 29.4834
      vertex 13.1784 -17.8265 29.6173
    endloop
  endfacet
  facet normal 0.583291 -0.812263 0
    outer loop
      vertex -11.5398 19.4859 5
      vertex -11.8502 19.263 15.167
      vertex -11.8502 19.263 5
    endloop
  endfacet
  facet normal 0.583291 -0.812263 0
    outer loop
      vertex -11.8502 19.263 15.167
      vertex -11.5398 19.4859 5
      vertex -11.5398 19.4859 15.3463
    endloop
  endfacet
  facet normal 0.187125 0.982336 -0
    outer loop
      vertex -9.47594 -20.2948 5
      vertex -9.83659 -20.2261 16.3296
      vertex -9.47594 -20.2948 16.5378
    endloop
  endfacet
  facet normal 0.187125 0.982336 0
    outer loop
      vertex -9.83659 -20.2261 16.3296
      vertex -9.47594 -20.2948 5
      vertex -9.83659 -20.2261 5
    endloop
  endfacet
  facet normal -0.0377471 -0.999287 0
    outer loop
      vertex 9.11218 20.3362 5
      vertex 8.74685 20.35 27.0588
      vertex 8.74685 20.35 5
    endloop
  endfacet
  facet normal -0.0377471 -0.999287 0
    outer loop
      vertex 8.74685 20.35 27.0588
      vertex 9.11218 20.3362 5
      vertex 9.11218 20.3362 27.2697
    endloop
  endfacet
  facet normal 0.789945 0.117424 0.601829
    outer loop
      vertex -14.2282 -14.9265 3.06417
      vertex -14.2585 -14.7753 3.07444
      vertex -14.2574 -14.7827 3.07444
    endloop
  endfacet
  facet normal 0.758345 0.1087 0.642727
    outer loop
      vertex -13.1465 -16.1807 2
      vertex -14.2282 -14.9265 3.06417
      vertex -14.1998 -15.0658 3.05422
    endloop
  endfacet
  facet normal 0.758254 0.108477 0.642872
    outer loop
      vertex -13.1465 -16.1807 2
      vertex -14.1998 -15.0658 3.05422
      vertex -14.1632 -15.2021 3.03405
    endloop
  endfacet
  facet normal 0.757468 0.106298 0.644161
    outer loop
      vertex -13.1465 -16.1807 2
      vertex -14.1632 -15.2021 3.03405
      vertex -14.1578 -15.2224 3.03105
    endloop
  endfacet
  facet normal 0.758138 0.108251 0.643046
    outer loop
      vertex -14.2282 -14.9265 3.06417
      vertex -13.1465 -16.1807 2
      vertex -14.2585 -14.7753 3.07444
    endloop
  endfacet
  facet normal 0.739678 -0.0631379 0.669992
    outer loop
      vertex -14.2596 14.7675 3.07444
      vertex -13.2231 15.5089 2
      vertex -13.1943 15.8463 2
    endloop
  endfacet
  facet normal 0.740234 -0.0650743 0.669192
    outer loop
      vertex -13.2231 15.5089 2
      vertex -14.2596 14.7675 3.07444
      vertex -14.2608 14.7593 3.07497
    endloop
  endfacet
  facet normal -0.950733 -0.310011 0
    outer loop
      vertex 14.0363 15.9733 5
      vertex 13.9075 16.3683 30.0383
      vertex 13.9075 16.3683 5
    endloop
  endfacet
  facet normal -0.950733 -0.310011 0
    outer loop
      vertex 13.9075 16.3683 30.0383
      vertex 14.0363 15.9733 5
      vertex 14.0363 15.9733 30.1126
    endloop
  endfacet
  facet normal -0.687709 0.725986 0
    outer loop
      vertex 12.4299 -18.7494 5
      vertex 12.1473 -19.0171 29.022
      vertex 12.4299 -18.7494 29.1851
    endloop
  endfacet
  facet normal -0.687709 0.725986 0
    outer loop
      vertex 12.1473 -19.0171 29.022
      vertex 12.4299 -18.7494 5
      vertex 12.1473 -19.0171 5
    endloop
  endfacet
  facet normal 0.989945 -0.141455 0
    outer loop
      vertex -14.2849 14.7419 13.7614
      vertex -14.2254 15.1583 5
      vertex -14.2254 15.1583 13.7957
    endloop
  endfacet
  facet normal 0.989945 -0.141455 0
    outer loop
      vertex -14.2254 15.1583 5
      vertex -14.2849 14.7419 13.7614
      vertex -14.2849 14.7419 5
    endloop
  endfacet
  facet normal -0.525054 0.851069 0
    outer loop
      vertex 11.5398 -19.4859 5
      vertex 11.2174 -19.6848 28.4851
      vertex 11.5398 -19.4859 28.6713
    endloop
  endfacet
  facet normal -0.525054 0.851069 0
    outer loop
      vertex 11.2174 -19.6848 28.4851
      vertex 11.5398 -19.4859 5
      vertex 11.2174 -19.6848 5
    endloop
  endfacet
  facet normal 0.996369 0.0851455 -0
    outer loop
      vertex -14.2849 -14.7419 5
      vertex -14.3208 -14.3218 13.7407
      vertex -14.2849 -14.7419 13.7614
    endloop
  endfacet
  facet normal 0.996369 0.0851455 0
    outer loop
      vertex -14.3208 -14.3218 13.7407
      vertex -14.2849 -14.7419 5
      vertex -14.3208 -14.3218 5
    endloop
  endfacet
  facet normal -0.398638 -0.917108 0
    outer loop
      vertex 10.8845 19.859 5
      vertex 10.5424 20.0077 28.0954
      vertex 10.5424 20.0077 5
    endloop
  endfacet
  facet normal -0.398638 -0.917108 0
    outer loop
      vertex 10.5424 20.0077 28.0954
      vertex 10.8845 19.859 5
      vertex 10.8845 19.859 28.2929
    endloop
  endfacet
  facet normal 0.757617 0.106843 0.643895
    outer loop
      vertex -14.2585 -14.7753 3.07444
      vertex -13.1943 -15.8463 2
      vertex -14.2596 -14.7675 3.07444
    endloop
  endfacet
  facet normal 0.758205 0.10838 0.642946
    outer loop
      vertex -13.1943 -15.8463 2
      vertex -14.2585 -14.7753 3.07444
      vertex -13.1465 -16.1807 2
    endloop
  endfacet
  facet normal -0.77379 0.155633 0.614026
    outer loop
      vertex 13.1465 -16.1807 2
      vertex 13.9983 -15.697 2.95083
      vertex 14.0201 -15.6444 2.96497
    endloop
  endfacet
  facet normal -0.773848 0.156129 0.613826
    outer loop
      vertex 13.9983 -15.697 2.95083
      vertex 13.1465 -16.1807 2
      vertex 13.0799 -16.5108 2
    endloop
  endfacet
  facet normal -0.773983 -0.157027 0.613427
    outer loop
      vertex 13.1465 16.1807 2
      vertex 14.0408 15.5946 2.97834
      vertex 14.0201 15.6444 2.96497
    endloop
  endfacet
  facet normal -0.773873 -0.156331 0.613743
    outer loop
      vertex 13.1465 16.1807 2
      vertex 14.0823 15.4711 2.99921
      vertex 14.0408 15.5946 2.97834
    endloop
  endfacet
  facet normal -0.773861 -0.156271 0.613774
    outer loop
      vertex 13.1465 16.1807 2
      vertex 14.1272 15.3374 3.02178
      vertex 14.0823 15.4711 2.99921
    endloop
  endfacet
  facet normal -0.77391 -0.156461 0.613664
    outer loop
      vertex 14.1272 15.3374 3.02178
      vertex 13.1465 16.1807 2
      vertex 14.1578 15.2224 3.03105
    endloop
  endfacet
  facet normal -0.525054 -0.851069 0
    outer loop
      vertex 11.5398 19.4859 5
      vertex 11.2174 19.6848 28.4851
      vertex 11.2174 19.6848 5
    endloop
  endfacet
  facet normal -0.525054 -0.851069 0
    outer loop
      vertex 11.2174 19.6848 28.4851
      vertex 11.5398 19.4859 5
      vertex 11.5398 19.4859 28.6713
    endloop
  endfacet
  facet normal -0.849705 0.527258 0
    outer loop
      vertex 13.1784 -17.8265 29.6173
      vertex 13.3913 -17.4834 5
      vertex 13.1784 -17.8265 5
    endloop
  endfacet
  facet normal -0.849705 0.527258 0
    outer loop
      vertex 13.3913 -17.4834 5
      vertex 13.1784 -17.8265 29.6173
      vertex 13.3913 -17.4834 29.7402
    endloop
  endfacet
  facet normal 0.77379 0.155633 0.614026
    outer loop
      vertex -13.9983 -15.697 2.95083
      vertex -13.1465 -16.1807 2
      vertex -14.0201 -15.6444 2.96497
    endloop
  endfacet
  facet normal 0.773848 0.156129 0.613826
    outer loop
      vertex -13.1465 -16.1807 2
      vertex -13.9983 -15.697 2.95083
      vertex -13.0799 -16.5108 2
    endloop
  endfacet
  facet normal 0.786157 0.206718 0.58243
    outer loop
      vertex -13.0799 -16.5108 2
      vertex -13.995 -15.7051 2.94923
      vertex -13.975 -15.754 2.93959
    endloop
  endfacet
  facet normal 0.785753 0.204835 0.583639
    outer loop
      vertex -13.995 -15.7051 2.94923
      vertex -13.0799 -16.5108 2
      vertex -13.9983 -15.697 2.95083
    endloop
  endfacet
  facet normal 0.786124 0.20655 0.582534
    outer loop
      vertex -13.0705 -16.7515 2.07266
      vertex -13.0799 -16.5108 2
      vertex -13.975 -15.754 2.93959
    endloop
  endfacet
  facet normal 0.786189 0.206528 0.582454
    outer loop
      vertex -13.0799 -16.5108 2
      vertex -13.0705 -16.7515 2.07266
      vertex -13.0142 -16.7609 2
    endloop
  endfacet
  facet normal -0.967186 0.254069 0
    outer loop
      vertex 14.0363 -15.9733 30.1126
      vertex 14.1424 -15.5694 5
      vertex 14.0363 -15.9733 5
    endloop
  endfacet
  facet normal -0.967186 0.254069 0
    outer loop
      vertex 14.1424 -15.5694 5
      vertex 14.0363 -15.9733 30.1126
      vertex 14.1424 -15.5694 30.1739
    endloop
  endfacet
  facet normal 0.687709 0.725986 -0
    outer loop
      vertex -12.1473 -19.0171 5
      vertex -12.4299 -18.7494 14.8324
      vertex -12.1473 -19.0171 14.9955
    endloop
  endfacet
  facet normal 0.687709 0.725986 0
    outer loop
      vertex -12.4299 -18.7494 14.8324
      vertex -12.1473 -19.0171 5
      vertex -12.4299 -18.7494 5
    endloop
  endfacet
  facet normal -0.907388 0.420295 0
    outer loop
      vertex 13.5843 -17.125 29.8517
      vertex 13.7567 -16.7528 5
      vertex 13.5843 -17.125 5
    endloop
  endfacet
  facet normal -0.907388 0.420295 0
    outer loop
      vertex 13.7567 -16.7528 5
      vertex 13.5843 -17.125 29.8517
      vertex 13.7567 -16.7528 29.9512
    endloop
  endfacet
  facet normal 0.260103 -0.965581 0
    outer loop
      vertex -9.83659 20.2261 5
      vertex -10.1926 20.1302 16.1241
      vertex -10.1926 20.1302 5
    endloop
  endfacet
  facet normal 0.260103 -0.965581 0
    outer loop
      vertex -10.1926 20.1302 16.1241
      vertex -9.83659 20.2261 5
      vertex -9.83659 20.2261 16.3296
    endloop
  endfacet
  facet normal -0.637605 0.770364 0
    outer loop
      vertex 12.1473 -19.0171 5
      vertex 11.8502 -19.263 28.8505
      vertex 12.1473 -19.0171 29.022
    endloop
  endfacet
  facet normal -0.637605 0.770364 0
    outer loop
      vertex 11.8502 -19.263 28.8505
      vertex 12.1473 -19.0171 5
      vertex 11.8502 -19.263 5
    endloop
  endfacet
  facet normal -0.776546 0.630061 0
    outer loop
      vertex 12.6966 -18.4608 29.3392
      vertex 12.9465 -18.1528 5
      vertex 12.6966 -18.4608 5
    endloop
  endfacet
  facet normal -0.776546 0.630061 0
    outer loop
      vertex 12.9465 -18.1528 5
      vertex 12.6966 -18.4608 29.3392
      vertex 12.9465 -18.1528 29.4834
    endloop
  endfacet
  facet normal -0.734423 0.678692 0
    outer loop
      vertex 12.4299 -18.7494 29.1851
      vertex 12.6966 -18.4608 5
      vertex 12.4299 -18.7494 5
    endloop
  endfacet
  facet normal -0.734423 0.678692 0
    outer loop
      vertex 12.6966 -18.4608 5
      vertex 12.4299 -18.7494 29.1851
      vertex 12.6966 -18.4608 29.3392
    endloop
  endfacet
  facet normal -0.77391 0.156461 0.613664
    outer loop
      vertex 13.1465 -16.1807 2
      vertex 14.1272 -15.3374 3.02178
      vertex 14.1578 -15.2224 3.03105
    endloop
  endfacet
  facet normal -0.773861 0.156271 0.613774
    outer loop
      vertex 14.1272 -15.3374 3.02178
      vertex 13.1465 -16.1807 2
      vertex 14.0823 -15.4711 2.99921
    endloop
  endfacet
  facet normal -0.773873 0.156331 0.613743
    outer loop
      vertex 14.0823 -15.4711 2.99921
      vertex 13.1465 -16.1807 2
      vertex 14.0408 -15.5946 2.97834
    endloop
  endfacet
  facet normal -0.773983 0.157027 0.613427
    outer loop
      vertex 14.0408 -15.5946 2.97834
      vertex 13.1465 -16.1807 2
      vertex 14.0201 -15.6444 2.96497
    endloop
  endfacet
  facet normal -0.789945 0.117424 0.601829
    outer loop
      vertex 14.2585 -14.7753 3.07444
      vertex 14.2282 -14.9265 3.06417
      vertex 14.2574 -14.7827 3.07444
    endloop
  endfacet
  facet normal -0.758138 0.108251 0.643046
    outer loop
      vertex 13.1465 -16.1807 2
      vertex 14.2282 -14.9265 3.06417
      vertex 14.2585 -14.7753 3.07444
    endloop
  endfacet
  facet normal -0.758345 0.1087 0.642727
    outer loop
      vertex 14.2282 -14.9265 3.06417
      vertex 13.1465 -16.1807 2
      vertex 14.1998 -15.0658 3.05422
    endloop
  endfacet
  facet normal -0.758254 0.108477 0.642872
    outer loop
      vertex 14.1998 -15.0658 3.05422
      vertex 13.1465 -16.1807 2
      vertex 14.1632 -15.2021 3.03405
    endloop
  endfacet
  facet normal -0.757468 0.106298 0.644161
    outer loop
      vertex 14.1632 -15.2021 3.03405
      vertex 13.1465 -16.1807 2
      vertex 14.1578 -15.2224 3.03105
    endloop
  endfacet
  facet normal 0.980221 -0.197904 0
    outer loop
      vertex -14.2254 15.1583 13.7957
      vertex -14.1424 15.5694 5
      vertex -14.1424 15.5694 13.8436
    endloop
  endfacet
  facet normal 0.980221 -0.197904 0
    outer loop
      vertex -14.1424 15.5694 5
      vertex -14.2254 15.1583 13.7957
      vertex -14.2254 15.1583 5
    endloop
  endfacet
  facet normal 0.815115 0.579299 -0
    outer loop
      vertex -12.9465 -18.1528 5
      vertex -13.1784 -17.8265 14.4002
      vertex -12.9465 -18.1528 14.5341
    endloop
  endfacet
  facet normal 0.815115 0.579299 0
    outer loop
      vertex -13.1784 -17.8265 14.4002
      vertex -12.9465 -18.1528 5
      vertex -13.1784 -17.8265 5
    endloop
  endfacet
  facet normal -0.330519 0.943799 0
    outer loop
      vertex 10.5424 -20.0077 5
      vertex 10.1926 -20.1302 27.8934
      vertex 10.5424 -20.0077 28.0954
    endloop
  endfacet
  facet normal -0.330519 0.943799 0
    outer loop
      vertex 10.1926 -20.1302 27.8934
      vertex 10.5424 -20.0077 5
      vertex 10.1926 -20.1302 5
    endloop
  endfacet
  facet normal -0.786189 -0.206528 0.582454
    outer loop
      vertex 13.0799 16.5108 2
      vertex 13.0705 16.7515 2.07266
      vertex 13.0142 16.7609 2
    endloop
  endfacet
  facet normal -0.786124 -0.20655 0.582534
    outer loop
      vertex 13.0799 16.5108 2
      vertex 13.975 15.754 2.93959
      vertex 13.0705 16.7515 2.07266
    endloop
  endfacet
  facet normal -0.786157 -0.206718 0.58243
    outer loop
      vertex 13.0799 16.5108 2
      vertex 13.995 15.7051 2.94923
      vertex 13.975 15.754 2.93959
    endloop
  endfacet
  facet normal -0.785753 -0.204835 0.583639
    outer loop
      vertex 13.995 15.7051 2.94923
      vertex 13.0799 16.5108 2
      vertex 13.9983 15.697 2.95083
    endloop
  endfacet
  facet normal 0.950733 -0.310011 0
    outer loop
      vertex -14.0363 15.9733 13.9049
      vertex -13.9075 16.3683 5
      vertex -13.9075 16.3683 13.9792
    endloop
  endfacet
  facet normal 0.950733 -0.310011 0
    outer loop
      vertex -13.9075 16.3683 5
      vertex -14.0363 15.9733 13.9049
      vertex -14.0363 15.9733 5
    endloop
  endfacet
  facet normal 0.463639 0.886024 -0
    outer loop
      vertex -10.8845 -19.859 5
      vertex -11.2174 -19.6848 15.5324
      vertex -10.8845 -19.859 15.7246
    endloop
  endfacet
  facet normal 0.463639 0.886024 0
    outer loop
      vertex -11.2174 -19.6848 15.5324
      vertex -10.8845 -19.859 5
      vertex -11.2174 -19.6848 5
    endloop
  endfacet
  facet normal -0.93096 0.36512 0
    outer loop
      vertex 13.7567 -16.7528 29.9512
      vertex 13.9075 -16.3683 5
      vertex 13.7567 -16.7528 5
    endloop
  endfacet
  facet normal -0.93096 0.36512 0
    outer loop
      vertex 13.9075 -16.3683 5
      vertex 13.7567 -16.7528 29.9512
      vertex 13.9075 -16.3683 30.0383
    endloop
  endfacet
  facet normal 0.637605 -0.770364 0
    outer loop
      vertex -11.8502 19.263 5
      vertex -12.1473 19.0171 14.9955
      vertex -12.1473 19.0171 5
    endloop
  endfacet
  facet normal 0.637605 -0.770364 0
    outer loop
      vertex -12.1473 19.0171 14.9955
      vertex -11.8502 19.263 5
      vertex -11.8502 19.263 15.167
    endloop
  endfacet
  facet normal 0.637605 0.770364 -0
    outer loop
      vertex -11.8502 -19.263 5
      vertex -12.1473 -19.0171 14.9955
      vertex -11.8502 -19.263 15.167
    endloop
  endfacet
  facet normal 0.637605 0.770364 0
    outer loop
      vertex -12.1473 -19.0171 14.9955
      vertex -11.8502 -19.263 5
      vertex -12.1473 -19.0171 5
    endloop
  endfacet
  facet normal -0.7863 -0.207721 0.581879
    outer loop
      vertex 13.0705 16.7515 2.07266
      vertex 13.7234 16.2322 2.76955
      vertex 13.102 16.7463 2.11337
    endloop
  endfacet
  facet normal -0.785829 -0.204966 0.583491
    outer loop
      vertex 13.0705 16.7515 2.07266
      vertex 13.7638 16.1659 2.80067
      vertex 13.7234 16.2322 2.76955
    endloop
  endfacet
  facet normal -0.786156 -0.206631 0.582463
    outer loop
      vertex 13.8806 15.9574 2.88435
      vertex 13.7638 16.1659 2.80067
      vertex 13.0705 16.7515 2.07266
    endloop
  endfacet
  facet normal -0.7865 -0.207073 0.58184
    outer loop
      vertex 13.7638 16.1659 2.80067
      vertex 13.8806 15.9574 2.88435
      vertex 13.8333 16.052 2.85408
    endloop
  endfacet
  facet normal -0.786173 -0.206697 0.582416
    outer loop
      vertex 13.975 15.754 2.93959
      vertex 13.8806 15.9574 2.88435
      vertex 13.0705 16.7515 2.07266
    endloop
  endfacet
  facet normal -0.785623 -0.206191 0.583336
    outer loop
      vertex 13.8806 15.9574 2.88435
      vertex 13.975 15.754 2.93959
      vertex 13.9421 15.8344 2.9237
    endloop
  endfacet
  facet normal 0.330519 0.943799 -0
    outer loop
      vertex -10.1926 -20.1302 5
      vertex -10.5424 -20.0077 15.9221
      vertex -10.1926 -20.1302 16.1241
    endloop
  endfacet
  facet normal 0.330519 0.943799 0
    outer loop
      vertex -10.5424 -20.0077 15.9221
      vertex -10.1926 -20.1302 5
      vertex -10.5424 -20.0077 5
    endloop
  endfacet
  facet normal 0.260103 0.965581 -0
    outer loop
      vertex -9.83659 -20.2261 5
      vertex -10.1926 -20.1302 16.1241
      vertex -9.83659 -20.2261 16.3296
    endloop
  endfacet
  facet normal 0.260103 0.965581 0
    outer loop
      vertex -10.1926 -20.1302 16.1241
      vertex -9.83659 -20.2261 5
      vertex -10.1926 -20.1302 5
    endloop
  endfacet
  facet normal -0.776546 -0.630061 0
    outer loop
      vertex 12.9465 18.1528 5
      vertex 12.6966 18.4608 29.3392
      vertex 12.6966 18.4608 5
    endloop
  endfacet
  facet normal -0.776546 -0.630061 0
    outer loop
      vertex 12.6966 18.4608 29.3392
      vertex 12.9465 18.1528 5
      vertex 12.9465 18.1528 29.4834
    endloop
  endfacet
  facet normal -0.773848 -0.156129 0.613826
    outer loop
      vertex 13.1465 16.1807 2
      vertex 13.9983 15.697 2.95083
      vertex 13.0799 16.5108 2
    endloop
  endfacet
  facet normal -0.77379 -0.155633 0.614026
    outer loop
      vertex 13.9983 15.697 2.95083
      vertex 13.1465 16.1807 2
      vertex 14.0201 15.6444 2.96497
    endloop
  endfacet
  facet normal -0.785753 0.204835 0.583639
    outer loop
      vertex 13.0799 -16.5108 2
      vertex 13.995 -15.7051 2.94923
      vertex 13.9983 -15.697 2.95083
    endloop
  endfacet
  facet normal -0.786157 0.206718 0.58243
    outer loop
      vertex 13.995 -15.7051 2.94923
      vertex 13.0799 -16.5108 2
      vertex 13.975 -15.754 2.93959
    endloop
  endfacet
  facet normal -0.786124 0.20655 0.582534
    outer loop
      vertex 13.0799 -16.5108 2
      vertex 13.0705 -16.7515 2.07266
      vertex 13.975 -15.754 2.93959
    endloop
  endfacet
  facet normal -0.786189 0.206528 0.582454
    outer loop
      vertex 13.0705 -16.7515 2.07266
      vertex 13.0799 -16.5108 2
      vertex 13.0142 -16.7609 2
    endloop
  endfacet
  facet normal -0.93096 -0.36512 0
    outer loop
      vertex 13.9075 16.3683 5
      vertex 13.7567 16.7528 29.9512
      vertex 13.7567 16.7528 5
    endloop
  endfacet
  facet normal -0.93096 -0.36512 0
    outer loop
      vertex 13.7567 16.7528 29.9512
      vertex 13.9075 16.3683 5
      vertex 13.9075 16.3683 30.0383
    endloop
  endfacet
  facet normal -0.880455 0.474129 0
    outer loop
      vertex 13.3913 -17.4834 29.7402
      vertex 13.5843 -17.125 5
      vertex 13.3913 -17.4834 5
    endloop
  endfacet
  facet normal -0.880455 0.474129 0
    outer loop
      vertex 13.5843 -17.125 5
      vertex 13.3913 -17.4834 29.7402
      vertex 13.5843 -17.125 29.8517
    endloop
  endfacet
  facet normal 0.804068 0.280891 0.523998
    outer loop
      vertex -13.6712 -16.3046 2.72826
      vertex -13.7234 -16.2322 2.76955
      vertex -13.7174 -16.2421 2.76565
    endloop
  endfacet
  facet normal 0.793284 0.255928 0.552449
    outer loop
      vertex -13.5543 -16.451 2.62822
      vertex -13.6712 -16.3046 2.72826
      vertex -13.5959 -16.4065 2.66734
    endloop
  endfacet
  facet normal 0.794428 0.258924 0.549402
    outer loop
      vertex -13.102 -16.7463 2.11337
      vertex -13.6712 -16.3046 2.72826
      vertex -13.5543 -16.451 2.62822
    endloop
  endfacet
  facet normal 0.795103 0.262238 0.546848
    outer loop
      vertex -13.3804 -16.6135 2.4533
      vertex -13.5543 -16.451 2.62822
      vertex -13.4727 -16.5383 2.55144
    endloop
  endfacet
  facet normal 0.79441 0.258508 0.549624
    outer loop
      vertex -13.102 -16.7463 2.11337
      vertex -13.5543 -16.451 2.62822
      vertex -13.3804 -16.6135 2.4533
    endloop
  endfacet
  facet normal 0.794468 0.265018 0.54643
    outer loop
      vertex -13.2519 -16.6942 2.30561
      vertex -13.3804 -16.6135 2.4533
      vertex -13.3506 -16.6377 2.42171
    endloop
  endfacet
  facet normal 0.794338 0.260486 0.548793
    outer loop
      vertex -13.102 -16.7463 2.11337
      vertex -13.3804 -16.6135 2.4533
      vertex -13.2519 -16.6942 2.30561
    endloop
  endfacet
  facet normal 0.79555 0.243889 0.554633
    outer loop
      vertex -13.2141 -16.7118 2.25913
      vertex -13.2519 -16.6942 2.30561
      vertex -13.2318 -16.7058 2.28188
    endloop
  endfacet
  facet normal 0.795445 0.247545 0.553163
    outer loop
      vertex -13.102 -16.7463 2.11337
      vertex -13.2519 -16.6942 2.30561
      vertex -13.2141 -16.7118 2.25913
    endloop
  endfacet
  facet normal 0.794648 0.255574 0.55065
    outer loop
      vertex -13.102 -16.7463 2.11337
      vertex -13.2141 -16.7118 2.25913
      vertex -13.1179 -16.7445 2.13548
    endloop
  endfacet
  facet normal 0.794524 0.25985 0.548825
    outer loop
      vertex -13.6712 -16.3046 2.72826
      vertex -13.102 -16.7463 2.11337
      vertex -13.7234 -16.2322 2.76955
    endloop
  endfacet
  facet normal 0.93096 0.36512 -0
    outer loop
      vertex -13.7567 -16.7528 5
      vertex -13.9075 -16.3683 13.9792
      vertex -13.7567 -16.7528 14.0663
    endloop
  endfacet
  facet normal 0.93096 0.36512 0
    outer loop
      vertex -13.9075 -16.3683 13.9792
      vertex -13.7567 -16.7528 5
      vertex -13.9075 -16.3683 5
    endloop
  endfacet
  facet normal -0.907388 -0.420295 0
    outer loop
      vertex 13.7567 16.7528 5
      vertex 13.5843 17.125 29.8517
      vertex 13.5843 17.125 5
    endloop
  endfacet
  facet normal -0.907388 -0.420295 0
    outer loop
      vertex 13.5843 17.125 29.8517
      vertex 13.7567 16.7528 5
      vertex 13.7567 16.7528 29.9512
    endloop
  endfacet
  facet normal -0.463639 -0.886024 0
    outer loop
      vertex 11.2174 19.6848 5
      vertex 10.8845 19.859 28.2929
      vertex 10.8845 19.859 5
    endloop
  endfacet
  facet normal -0.463639 -0.886024 0
    outer loop
      vertex 10.8845 19.859 28.2929
      vertex 11.2174 19.6848 5
      vertex 11.2174 19.6848 28.4851
    endloop
  endfacet
  facet normal -0.260103 0.965581 0
    outer loop
      vertex 10.1926 -20.1302 5
      vertex 9.83659 -20.2261 27.6879
      vertex 10.1926 -20.1302 27.8934
    endloop
  endfacet
  facet normal -0.260103 0.965581 0
    outer loop
      vertex 9.83659 -20.2261 27.6879
      vertex 10.1926 -20.1302 5
      vertex 9.83659 -20.2261 5
    endloop
  endfacet
  facet normal 0.776546 0.630061 -0
    outer loop
      vertex -12.6966 -18.4608 5
      vertex -12.9465 -18.1528 14.5341
      vertex -12.6966 -18.4608 14.6783
    endloop
  endfacet
  facet normal 0.776546 0.630061 0
    outer loop
      vertex -12.9465 -18.1528 14.5341
      vertex -12.6966 -18.4608 5
      vertex -12.9465 -18.1528 5
    endloop
  endfacet
  facet normal 0.0377471 0.999287 -0
    outer loop
      vertex -8.74685 -20.35 5
      vertex -9.11218 -20.3362 16.7478
      vertex -8.74685 -20.35 16.9588
    endloop
  endfacet
  facet normal 0.0377471 0.999287 0
    outer loop
      vertex -9.11218 -20.3362 16.7478
      vertex -8.74685 -20.35 5
      vertex -9.11218 -20.3362 5
    endloop
  endfacet
  facet normal 0.773861 0.156271 0.613774
    outer loop
      vertex -13.1465 -16.1807 2
      vertex -14.1272 -15.3374 3.02178
      vertex -14.0823 -15.4711 2.99921
    endloop
  endfacet
  facet normal 0.773873 0.156331 0.613743
    outer loop
      vertex -13.1465 -16.1807 2
      vertex -14.0823 -15.4711 2.99921
      vertex -14.0408 -15.5946 2.97834
    endloop
  endfacet
  facet normal 0.773983 0.157027 0.613427
    outer loop
      vertex -13.1465 -16.1807 2
      vertex -14.0408 -15.5946 2.97834
      vertex -14.0201 -15.6444 2.96497
    endloop
  endfacet
  facet normal 0.77391 0.156461 0.613664
    outer loop
      vertex -14.1272 -15.3374 3.02178
      vertex -13.1465 -16.1807 2
      vertex -14.1578 -15.2224 3.03105
    endloop
  endfacet
  facet normal 0.113081 0.993586 -0
    outer loop
      vertex -9.11218 -20.3362 5
      vertex -9.47594 -20.2948 16.5378
      vertex -9.11218 -20.3362 16.7478
    endloop
  endfacet
  facet normal 0.113081 0.993586 0
    outer loop
      vertex -9.47594 -20.2948 16.5378
      vertex -9.11218 -20.3362 5
      vertex -9.47594 -20.2948 5
    endloop
  endfacet
  facet normal -0.398638 0.917108 0
    outer loop
      vertex 10.8845 -19.859 5
      vertex 10.5424 -20.0077 28.0954
      vertex 10.8845 -19.859 28.2929
    endloop
  endfacet
  facet normal -0.398638 0.917108 0
    outer loop
      vertex 10.5424 -20.0077 28.0954
      vertex 10.8845 -19.859 5
      vertex 10.5424 -20.0077 5
    endloop
  endfacet
  facet normal -0.734423 -0.678692 0
    outer loop
      vertex 12.6966 18.4608 5
      vertex 12.4299 18.7494 29.1851
      vertex 12.4299 18.7494 5
    endloop
  endfacet
  facet normal -0.734423 -0.678692 0
    outer loop
      vertex 12.4299 18.7494 29.1851
      vertex 12.6966 18.4608 5
      vertex 12.6966 18.4608 29.3392
    endloop
  endfacet
  facet normal -0.187125 0.982336 0
    outer loop
      vertex 9.83659 -20.2261 5
      vertex 9.47594 -20.2948 27.4797
      vertex 9.83659 -20.2261 27.6879
    endloop
  endfacet
  facet normal -0.187125 0.982336 0
    outer loop
      vertex 9.47594 -20.2948 27.4797
      vertex 9.83659 -20.2261 5
      vertex 9.47594 -20.2948 5
    endloop
  endfacet
  facet normal 0.989945 0.141455 -0
    outer loop
      vertex -14.2254 -15.1583 5
      vertex -14.2849 -14.7419 13.7614
      vertex -14.2254 -15.1583 13.7957
    endloop
  endfacet
  facet normal 0.989945 0.141455 0
    outer loop
      vertex -14.2849 -14.7419 13.7614
      vertex -14.2254 -15.1583 5
      vertex -14.2849 -14.7419 5
    endloop
  endfacet
  facet normal 0 1 -0
    outer loop
      vertex 8.74685 -20.35 5
      vertex -8.74685 -20.35 16.9588
      vertex 8.74685 -20.35 27.0588
    endloop
  endfacet
  facet normal 0 1 0
    outer loop
      vertex -8.74685 -20.35 16.9588
      vertex 8.74685 -20.35 5
      vertex -8.74685 -20.35 5
    endloop
  endfacet
  facet normal 0.880455 0.474129 -0
    outer loop
      vertex -13.3913 -17.4834 5
      vertex -13.5843 -17.125 14.1658
      vertex -13.3913 -17.4834 14.2773
    endloop
  endfacet
  facet normal 0.880455 0.474129 0
    outer loop
      vertex -13.5843 -17.125 14.1658
      vertex -13.3913 -17.4834 5
      vertex -13.5843 -17.125 5
    endloop
  endfacet
  facet normal 0 0 1
    outer loop
      vertex 11.3449 17.35 2
      vertex 13.2327 15.1702 2
      vertex 13.2231 15.5089 2
    endloop
  endfacet
  facet normal 0 0 1
    outer loop
      vertex 13.2327 15.1702 2
      vertex -13.2327 15.1702 2
      vertex 13.2327 -15.1702 2
    endloop
  endfacet
  facet normal 0 0 1
    outer loop
      vertex 11.5403 17.3426 2
      vertex 13.2231 15.5089 2
      vertex 13.1943 15.8463 2
    endloop
  endfacet
  facet normal 0 0 1
    outer loop
      vertex -13.2327 -15.1702 2
      vertex 13.2327 -15.1702 2
      vertex -13.2327 15.1702 2
    endloop
  endfacet
  facet normal 0 0 1
    outer loop
      vertex 12.1182 17.2324 2
      vertex 13.1943 15.8463 2
      vertex 13.1465 16.1807 2
    endloop
  endfacet
  facet normal 0 0 1
    outer loop
      vertex 13.2327 15.1702 2
      vertex 11.3449 17.35 2
      vertex -13.2327 15.1702 2
    endloop
  endfacet
  facet normal 0 0 1
    outer loop
      vertex 12.6664 16.9942 2
      vertex 13.1465 16.1807 2
      vertex 13.0799 16.5108 2
    endloop
  endfacet
  facet normal 0 -0 1
    outer loop
      vertex 11.3449 -17.35 2
      vertex 13.2327 -15.1702 2
      vertex -13.2327 -15.1702 2
    endloop
  endfacet
  facet normal 0 0 1
    outer loop
      vertex 13.0049 16.7686 2
      vertex 13.0799 16.5108 2
      vertex 13.0142 16.7609 2
    endloop
  endfacet
  facet normal 0 0 1
    outer loop
      vertex 13.2231 -15.5089 2
      vertex 11.5403 -17.3426 2
      vertex 13.1943 -15.8463 2
    endloop
  endfacet
  facet normal 0 0 1
    outer loop
      vertex 13.0799 16.5108 2
      vertex 13.0049 16.7686 2
      vertex 12.8388 16.8878 2
    endloop
  endfacet
  facet normal 0 -0 1
    outer loop
      vertex 11.7349 -17.3205 2
      vertex 13.1943 -15.8463 2
      vertex 11.5403 -17.3426 2
    endloop
  endfacet
  facet normal 0 0 1
    outer loop
      vertex 12.6664 16.9942 2
      vertex 13.0799 16.5108 2
      vertex 12.8388 16.8878 2
    endloop
  endfacet
  facet normal 0 -0 1
    outer loop
      vertex 11.9278 -17.2837 2
      vertex 13.1943 -15.8463 2
      vertex 11.7349 -17.3205 2
    endloop
  endfacet
  facet normal 0 0 1
    outer loop
      vertex 13.1465 16.1807 2
      vertex 12.6664 16.9942 2
      vertex 12.4883 17.0874 2
    endloop
  endfacet
  facet normal 0 -0 1
    outer loop
      vertex 13.0049 -16.7686 2
      vertex 13.0799 -16.5108 2
      vertex 12.8388 -16.8878 2
    endloop
  endfacet
  facet normal 0 0 1
    outer loop
      vertex 13.1465 16.1807 2
      vertex 12.4883 17.0874 2
      vertex 12.3053 17.1669 2
    endloop
  endfacet
  facet normal 0 0 1
    outer loop
      vertex 13.0799 -16.5108 2
      vertex 13.0049 -16.7686 2
      vertex 13.0142 -16.7609 2
    endloop
  endfacet
  facet normal 0 0 1
    outer loop
      vertex 13.1465 16.1807 2
      vertex 12.3053 17.1669 2
      vertex 12.1182 17.2324 2
    endloop
  endfacet
  facet normal 0 0 1
    outer loop
      vertex 13.0799 -16.5108 2
      vertex 12.6664 -16.9942 2
      vertex 12.8388 -16.8878 2
    endloop
  endfacet
  facet normal 0 0 1
    outer loop
      vertex 13.1943 15.8463 2
      vertex 12.1182 17.2324 2
      vertex 11.9278 17.2837 2
    endloop
  endfacet
  facet normal 0 0 1
    outer loop
      vertex 13.1465 -16.1807 2
      vertex 12.6664 -16.9942 2
      vertex 13.0799 -16.5108 2
    endloop
  endfacet
  facet normal 0 0 1
    outer loop
      vertex 13.1943 15.8463 2
      vertex 11.9278 17.2837 2
      vertex 11.7349 17.3205 2
    endloop
  endfacet
  facet normal 0 -0 1
    outer loop
      vertex 12.6664 -16.9942 2
      vertex 13.1465 -16.1807 2
      vertex 12.4883 -17.0874 2
    endloop
  endfacet
  facet normal 0 0 1
    outer loop
      vertex 13.1943 15.8463 2
      vertex 11.7349 17.3205 2
      vertex 11.5403 17.3426 2
    endloop
  endfacet
  facet normal 0 -0 1
    outer loop
      vertex 12.4883 -17.0874 2
      vertex 13.1465 -16.1807 2
      vertex 12.3053 -17.1669 2
    endloop
  endfacet
  facet normal 0 0 1
    outer loop
      vertex 13.2231 15.5089 2
      vertex 11.5403 17.3426 2
      vertex 11.3449 17.35 2
    endloop
  endfacet
  facet normal 0 -0 1
    outer loop
      vertex 12.3053 -17.1669 2
      vertex 13.1465 -16.1807 2
      vertex 12.1182 -17.2324 2
    endloop
  endfacet
  facet normal 0 0 1
    outer loop
      vertex 13.1943 -15.8463 2
      vertex 12.1182 -17.2324 2
      vertex 13.1465 -16.1807 2
    endloop
  endfacet
  facet normal 0 -0 1
    outer loop
      vertex 12.1182 -17.2324 2
      vertex 13.1943 -15.8463 2
      vertex 11.9278 -17.2837 2
    endloop
  endfacet
  facet normal 0 0 1
    outer loop
      vertex -13.2327 15.1702 2
      vertex 11.3449 17.35 2
      vertex -11.3449 17.35 2
    endloop
  endfacet
  facet normal 0 0 1
    outer loop
      vertex 13.2327 -15.1702 2
      vertex 11.3449 -17.35 2
      vertex 13.2231 -15.5089 2
    endloop
  endfacet
  facet normal 0 0 1
    outer loop
      vertex -13.2231 15.5089 2
      vertex -11.3449 17.35 2
      vertex -11.5403 17.3426 2
    endloop
  endfacet
  facet normal 0 -0 1
    outer loop
      vertex 11.5403 -17.3426 2
      vertex 13.2231 -15.5089 2
      vertex 11.3449 -17.35 2
    endloop
  endfacet
  facet normal 0 0 1
    outer loop
      vertex -13.1943 15.8463 2
      vertex -11.5403 17.3426 2
      vertex -11.7349 17.3205 2
    endloop
  endfacet
  facet normal 0 0 1
    outer loop
      vertex 11.3449 -17.35 2
      vertex -13.2327 -15.1702 2
      vertex -11.3449 -17.35 2
    endloop
  endfacet
  facet normal 0 0 1
    outer loop
      vertex -13.1943 15.8463 2
      vertex -11.7349 17.3205 2
      vertex -11.9278 17.2837 2
    endloop
  endfacet
  facet normal -0 -0 1
    outer loop
      vertex -13.2231 -15.5089 2
      vertex -11.3449 -17.35 2
      vertex -13.2327 -15.1702 2
    endloop
  endfacet
  facet normal 0 0 1
    outer loop
      vertex -13.1943 15.8463 2
      vertex -11.9278 17.2837 2
      vertex -12.1182 17.2324 2
    endloop
  endfacet
  facet normal 0 0 1
    outer loop
      vertex -11.3449 -17.35 2
      vertex -13.2231 -15.5089 2
      vertex -11.5403 -17.3426 2
    endloop
  endfacet
  facet normal 0 0 1
    outer loop
      vertex -13.1943 15.8463 2
      vertex -12.1182 17.2324 2
      vertex -12.3053 17.1669 2
    endloop
  endfacet
  facet normal -0 -0 1
    outer loop
      vertex -13.1943 -15.8463 2
      vertex -11.5403 -17.3426 2
      vertex -13.2231 -15.5089 2
    endloop
  endfacet
  facet normal 0 0 1
    outer loop
      vertex -13.1465 16.1807 2
      vertex -12.3053 17.1669 2
      vertex -12.4883 17.0874 2
    endloop
  endfacet
  facet normal 0 0 1
    outer loop
      vertex -11.5403 -17.3426 2
      vertex -13.1943 -15.8463 2
      vertex -11.7349 -17.3205 2
    endloop
  endfacet
  facet normal 0 0 1
    outer loop
      vertex -13.1465 16.1807 2
      vertex -12.4883 17.0874 2
      vertex -12.6664 16.9942 2
    endloop
  endfacet
  facet normal 0 0 1
    outer loop
      vertex -11.7349 -17.3205 2
      vertex -13.1943 -15.8463 2
      vertex -11.9278 -17.2837 2
    endloop
  endfacet
  facet normal 0 0 1
    outer loop
      vertex -13.0799 16.5108 2
      vertex -12.6664 16.9942 2
      vertex -12.8388 16.8878 2
    endloop
  endfacet
  facet normal 0 0 1
    outer loop
      vertex -11.9278 -17.2837 2
      vertex -13.1943 -15.8463 2
      vertex -12.1182 -17.2324 2
    endloop
  endfacet
  facet normal 0 0 1
    outer loop
      vertex -13.0799 16.5108 2
      vertex -12.8388 16.8878 2
      vertex -13.0049 16.7686 2
    endloop
  endfacet
  facet normal 0 0 1
    outer loop
      vertex -12.1182 -17.2324 2
      vertex -13.1943 -15.8463 2
      vertex -12.3053 -17.1669 2
    endloop
  endfacet
  facet normal 0 0 1
    outer loop
      vertex -13.0799 16.5108 2
      vertex -13.0049 16.7686 2
      vertex -13.0142 16.7609 2
    endloop
  endfacet
  facet normal -0 -0 1
    outer loop
      vertex -13.1465 -16.1807 2
      vertex -12.3053 -17.1669 2
      vertex -13.1943 -15.8463 2
    endloop
  endfacet
  facet normal 0 0 1
    outer loop
      vertex -12.6664 16.9942 2
      vertex -13.0799 16.5108 2
      vertex -13.1465 16.1807 2
    endloop
  endfacet
  facet normal 0 0 1
    outer loop
      vertex -12.3053 -17.1669 2
      vertex -13.1465 -16.1807 2
      vertex -12.4883 -17.0874 2
    endloop
  endfacet
  facet normal 0 0 1
    outer loop
      vertex -12.3053 17.1669 2
      vertex -13.1465 16.1807 2
      vertex -13.1943 15.8463 2
    endloop
  endfacet
  facet normal 0 0 1
    outer loop
      vertex -12.6664 -16.9942 2
      vertex -13.0799 -16.5108 2
      vertex -12.8388 -16.8878 2
    endloop
  endfacet
  facet normal 0 0 1
    outer loop
      vertex -11.5403 17.3426 2
      vertex -13.1943 15.8463 2
      vertex -13.2231 15.5089 2
    endloop
  endfacet
  facet normal 0 0 1
    outer loop
      vertex -13.0049 -16.7686 2
      vertex -13.0799 -16.5108 2
      vertex -13.0142 -16.7609 2
    endloop
  endfacet
  facet normal 0 0 1
    outer loop
      vertex -11.3449 17.35 2
      vertex -13.2231 15.5089 2
      vertex -13.2327 15.1702 2
    endloop
  endfacet
  facet normal 0 0 1
    outer loop
      vertex -12.8388 -16.8878 2
      vertex -13.0799 -16.5108 2
      vertex -13.0049 -16.7686 2
    endloop
  endfacet
  facet normal -0 -0 1
    outer loop
      vertex -13.0799 -16.5108 2
      vertex -12.6664 -16.9942 2
      vertex -13.1465 -16.1807 2
    endloop
  endfacet
  facet normal 0 0 1
    outer loop
      vertex -12.4883 -17.0874 2
      vertex -13.1465 -16.1807 2
      vertex -12.6664 -16.9942 2
    endloop
  endfacet
  facet normal 0.398638 0.917108 -0
    outer loop
      vertex -10.5424 -20.0077 5
      vertex -10.8845 -19.859 15.7246
      vertex -10.5424 -20.0077 15.9221
    endloop
  endfacet
  facet normal 0.398638 0.917108 0
    outer loop
      vertex -10.8845 -19.859 15.7246
      vertex -10.5424 -20.0077 5
      vertex -10.8845 -19.859 5
    endloop
  endfacet
  facet normal -0.463639 0.886024 0
    outer loop
      vertex 11.2174 -19.6848 5
      vertex 10.8845 -19.859 28.2929
      vertex 11.2174 -19.6848 28.4851
    endloop
  endfacet
  facet normal -0.463639 0.886024 0
    outer loop
      vertex 10.8845 -19.859 28.2929
      vertex 11.2174 -19.6848 5
      vertex 10.8845 -19.859 5
    endloop
  endfacet
  facet normal 0.734423 0.678692 -0
    outer loop
      vertex -12.4299 -18.7494 5
      vertex -12.6966 -18.4608 14.6783
      vertex -12.4299 -18.7494 14.8324
    endloop
  endfacet
  facet normal 0.734423 0.678692 0
    outer loop
      vertex -12.6966 -18.4608 14.6783
      vertex -12.4299 -18.7494 5
      vertex -12.6966 -18.4608 5
    endloop
  endfacet
  facet normal 0.967186 0.254069 -0
    outer loop
      vertex -14.0363 -15.9733 5
      vertex -14.1424 -15.5694 13.8436
      vertex -14.0363 -15.9733 13.9049
    endloop
  endfacet
  facet normal 0.967186 0.254069 0
    outer loop
      vertex -14.1424 -15.5694 13.8436
      vertex -14.0363 -15.9733 5
      vertex -14.1424 -15.5694 5
    endloop
  endfacet
  facet normal 0.785623 0.206191 0.583336
    outer loop
      vertex -13.8806 -15.9574 2.88435
      vertex -13.975 -15.754 2.93959
      vertex -13.9421 -15.8344 2.9237
    endloop
  endfacet
  facet normal 0.7865 0.207073 0.58184
    outer loop
      vertex -13.7638 -16.1659 2.80067
      vertex -13.8806 -15.9574 2.88435
      vertex -13.8333 -16.052 2.85408
    endloop
  endfacet
  facet normal 0.786156 0.206631 0.582463
    outer loop
      vertex -13.8806 -15.9574 2.88435
      vertex -13.7638 -16.1659 2.80067
      vertex -13.0705 -16.7515 2.07266
    endloop
  endfacet
  facet normal 0.785829 0.204966 0.583491
    outer loop
      vertex -13.0705 -16.7515 2.07266
      vertex -13.7638 -16.1659 2.80067
      vertex -13.7234 -16.2322 2.76955
    endloop
  endfacet
  facet normal 0.7863 0.207721 0.581879
    outer loop
      vertex -13.0705 -16.7515 2.07266
      vertex -13.7234 -16.2322 2.76955
      vertex -13.102 -16.7463 2.11337
    endloop
  endfacet
  facet normal 0.786173 0.206697 0.582416
    outer loop
      vertex -13.8806 -15.9574 2.88435
      vertex -13.0705 -16.7515 2.07266
      vertex -13.975 -15.754 2.93959
    endloop
  endfacet
  facet normal -0.989878 0.141484 0.0111137
    outer loop
      vertex 14.2608 -14.7593 3.07497
      vertex 14.2849 -14.7419 5
      vertex 14.2788 -14.634 3.08306
    endloop
  endfacet
  facet normal -0.986934 0.139183 0.0811702
    outer loop
      vertex 14.2585 -14.7753 3.07444
      vertex 14.2608 -14.7593 3.07497
      vertex 14.2596 -14.7675 3.07444
    endloop
  endfacet
  facet normal -0.978716 0.145485 -0.144736
    outer loop
      vertex 14.2574 -14.7827 3.07444
      vertex 14.2608 -14.7593 3.07497
      vertex 14.2585 -14.7753 3.07444
    endloop
  endfacet
  facet normal -0.989583 0.143534 0.0110915
    outer loop
      vertex 14.2608 -14.7593 3.07497
      vertex 14.2574 -14.7827 3.07444
      vertex 14.2849 -14.7419 5
    endloop
  endfacet
  facet normal -0.989883 0.141446 0.01114
    outer loop
      vertex 14.2849 -14.7419 5
      vertex 14.2574 -14.7827 3.07444
      vertex 14.2254 -15.1583 5
    endloop
  endfacet
  facet normal -0.531468 -0.740577 0.411203
    outer loop
      vertex 12.8388 16.8878 2
      vertex 13.0049 16.7686 2
      vertex 11.8502 19.263 5
    endloop
  endfacet
  facet normal -0.592994 -0.716465 0.367473
    outer loop
      vertex 13.0049 16.7686 2
      vertex 12.1473 19.0171 5
      vertex 11.8502 19.263 5
    endloop
  endfacet
  facet normal 0.9493 -0.309376 0.0558283
    outer loop
      vertex -14.0823 15.4711 2.99921
      vertex -14.0363 15.9733 5
      vertex -14.1272 15.3374 3.02178
    endloop
  endfacet
  facet normal 0.0838672 0.738487 0.669032
    outer loop
      vertex -9.11218 -20.3362 5
      vertex -11.5403 -17.3426 2
      vertex -11.7349 -17.3205 2
    endloop
  endfacet
  facet normal -0.928116 -0.364005 0.0781159
    outer loop
      vertex 13.995 15.7051 2.94923
      vertex 13.9075 16.3683 5
      vertex 13.7567 16.7528 5
    endloop
  endfacet
  facet normal -0.928389 -0.36012 0.0916957
    outer loop
      vertex 14.0201 15.6444 2.96497
      vertex 13.995 15.7051 2.94923
      vertex 13.9983 15.697 2.95083
    endloop
  endfacet
  facet normal -0.928274 -0.363627 0.0779871
    outer loop
      vertex 13.995 15.7051 2.94923
      vertex 14.0201 15.6444 2.96497
      vertex 13.9075 16.3683 5
    endloop
  endfacet
  facet normal -0.927848 -0.364632 0.0783681
    outer loop
      vertex 13.9075 16.3683 5
      vertex 14.0201 15.6444 2.96497
      vertex 14.0408 15.5946 2.97834
    endloop
  endfacet
  facet normal 0.0840558 0.738554 0.668934
    outer loop
      vertex -9.47594 -20.2948 5
      vertex -9.11218 -20.3362 5
      vertex -11.7349 -17.3205 2
    endloop
  endfacet
  facet normal 0.798229 -0.567298 0.202491
    outer loop
      vertex -13.1784 17.8265 5
      vertex -13.5543 16.451 2.62822
      vertex -12.9465 18.1528 5
    endloop
  endfacet
  facet normal 0.797903 -0.567663 0.202754
    outer loop
      vertex -13.5543 16.451 2.62822
      vertex -13.1784 17.8265 5
      vertex -13.5959 16.4065 2.66734
    endloop
  endfacet
  facet normal 0.837964 -0.519736 0.166409
    outer loop
      vertex -13.5959 16.4065 2.66734
      vertex -13.1784 17.8265 5
      vertex -13.6712 16.3046 2.72826
    endloop
  endfacet
  facet normal 0.336649 -0.774496 0.535559
    outer loop
      vertex -10.5424 20.0077 5
      vertex -10.8845 19.859 5
      vertex -12.4883 17.0874 2
    endloop
  endfacet
  facet normal 0.928116 -0.364005 0.0781159
    outer loop
      vertex -13.9075 16.3683 5
      vertex -13.995 15.7051 2.94923
      vertex -13.7567 16.7528 5
    endloop
  endfacet
  facet normal 0.928274 -0.363627 0.0779871
    outer loop
      vertex -14.0201 15.6444 2.96497
      vertex -13.995 15.7051 2.94923
      vertex -13.9075 16.3683 5
    endloop
  endfacet
  facet normal 0.928389 -0.36012 0.0916957
    outer loop
      vertex -13.995 15.7051 2.94923
      vertex -14.0201 15.6444 2.96497
      vertex -13.9983 15.697 2.95083
    endloop
  endfacet
  facet normal 0.927848 -0.364632 0.0783681
    outer loop
      vertex -14.0201 15.6444 2.96497
      vertex -13.9075 16.3683 5
      vertex -14.0408 15.5946 2.97834
    endloop
  endfacet
  facet normal -0.966483 0.254015 0.0372324
    outer loop
      vertex 14.1998 -15.0658 3.05422
      vertex 14.1632 -15.2021 3.03405
      vertex 14.1424 -15.5694 5
    endloop
  endfacet
  facet normal -0.979978 -0.197855 0.0222741
    outer loop
      vertex 14.2282 14.9265 3.06417
      vertex 14.2254 15.1583 5
      vertex 14.1424 15.5694 5
    endloop
  endfacet
  facet normal -0.980066 -0.197425 0.0222225
    outer loop
      vertex 14.2254 15.1583 5
      vertex 14.2282 14.9265 3.06417
      vertex 14.2574 14.7827 3.07444
    endloop
  endfacet
  facet normal -0.837915 0.519792 0.16648
    outer loop
      vertex 13.6712 -16.3046 2.72826
      vertex 13.3913 -17.4834 5
      vertex 13.7174 -16.2421 2.76565
    endloop
  endfacet
  facet normal -0.837838 0.519895 0.166542
    outer loop
      vertex 13.3913 -17.4834 5
      vertex 13.6712 -16.3046 2.72826
      vertex 13.1784 -17.8265 5
    endloop
  endfacet
  facet normal -0.753619 -0.611459 0.2412
    outer loop
      vertex 13.3506 16.6377 2.42171
      vertex 12.9465 18.1528 5
      vertex 12.6966 18.4608 5
    endloop
  endfacet
  facet normal -0.753074 -0.611976 0.241589
    outer loop
      vertex 12.9465 18.1528 5
      vertex 13.3506 16.6377 2.42171
      vertex 13.3804 16.6135 2.4533
    endloop
  endfacet
  facet normal -0.143999 0.754823 0.639927
    outer loop
      vertex 11.9278 -17.2837 2
      vertex 11.7349 -17.3205 2
      vertex 9.47594 -20.2948 5
    endloop
  endfacet
  facet normal 0 0.707107 0.707107
    outer loop
      vertex 11.3449 -17.35 2
      vertex -8.74685 -20.35 5
      vertex 8.74685 -20.35 5
    endloop
  endfacet
  facet normal 0 0.707107 0.707107
    outer loop
      vertex -8.74685 -20.35 5
      vertex 11.3449 -17.35 2
      vertex -11.3449 -17.35 2
    endloop
  endfacet
  facet normal -0.989848 -0.141692 0.0111253
    outer loop
      vertex 14.2991 14.4929 3.09216
      vertex 14.2849 14.7419 5
      vertex 14.2788 14.634 3.08306
    endloop
  endfacet
  facet normal 0.706314 0.649927 0.280563
    outer loop
      vertex -12.6966 -18.4608 5
      vertex -13.2318 -16.7058 2.28188
      vertex -13.2519 -16.6942 2.30561
    endloop
  endfacet
  facet normal 0.704678 0.651205 0.28171
    outer loop
      vertex -13.2318 -16.7058 2.28188
      vertex -12.6966 -18.4608 5
      vertex -12.4299 -18.7494 5
    endloop
  endfacet
  facet normal 0.650519 0.686726 0.324394
    outer loop
      vertex -12.1473 -19.0171 5
      vertex -13.2318 -16.7058 2.28188
      vertex -12.4299 -18.7494 5
    endloop
  endfacet
  facet normal 0.650177 0.686912 0.324688
    outer loop
      vertex -13.2318 -16.7058 2.28188
      vertex -12.1473 -19.0171 5
      vertex -13.2141 -16.7118 2.25913
    endloop
  endfacet
  facet normal 0.270836 0.773375 0.573183
    outer loop
      vertex -10.5424 -20.0077 5
      vertex -10.1926 -20.1302 5
      vertex -12.3053 -17.1669 2
    endloop
  endfacet
  facet normal 0.753074 0.611976 0.241589
    outer loop
      vertex -12.9465 -18.1528 5
      vertex -13.3506 -16.6377 2.42171
      vertex -13.3804 -16.6135 2.4533
    endloop
  endfacet
  facet normal 0.753619 0.611459 0.2412
    outer loop
      vertex -13.3506 -16.6377 2.42171
      vertex -12.9465 -18.1528 5
      vertex -12.6966 -18.4608 5
    endloop
  endfacet
  facet normal 0.902494 0.417893 0.104258
    outer loop
      vertex -13.7567 -16.7528 5
      vertex -13.8806 -15.9574 2.88435
      vertex -13.9421 -15.8344 2.9237
    endloop
  endfacet
  facet normal 0.797903 0.567663 0.202754
    outer loop
      vertex -13.1784 -17.8265 5
      vertex -13.5543 -16.451 2.62822
      vertex -13.5959 -16.4065 2.66734
    endloop
  endfacet
  facet normal 0.798229 0.567298 0.202491
    outer loop
      vertex -13.5543 -16.451 2.62822
      vertex -13.1784 -17.8265 5
      vertex -12.9465 -18.1528 5
    endloop
  endfacet
  facet normal -0.927998 0.364273 0.0782629
    outer loop
      vertex 13.7567 -16.7528 5
      vertex 13.975 -15.754 2.93959
      vertex 13.9421 -15.8344 2.9237
    endloop
  endfacet
  facet normal -0.92805 0.364154 0.0782
    outer loop
      vertex 13.975 -15.754 2.93959
      vertex 13.7567 -16.7528 5
      vertex 13.995 -15.7051 2.94923
    endloop
  endfacet
  facet normal -0.0840558 0.738554 0.668934
    outer loop
      vertex 9.47594 -20.2948 5
      vertex 11.7349 -17.3205 2
      vertex 9.11218 -20.3362 5
    endloop
  endfacet
  facet normal 0.872607 -0.469782 0.133647
    outer loop
      vertex -13.7638 16.1659 2.80067
      vertex -13.5843 17.125 5
      vertex -13.8333 16.052 2.85408
    endloop
  endfacet
  facet normal 0.989848 -0.141692 0.0111253
    outer loop
      vertex -14.2788 14.634 3.08306
      vertex -14.2849 14.7419 5
      vertex -14.2991 14.4929 3.09216
    endloop
  endfacet
  facet normal 0.0271406 -0.718498 0.694999
    outer loop
      vertex -8.74685 20.35 5
      vertex -9.11218 20.3362 5
      vertex -11.5403 17.3426 2
    endloop
  endfacet
  facet normal -0.206512 0.766637 0.607964
    outer loop
      vertex 10.1926 -20.1302 5
      vertex 11.9278 -17.2837 2
      vertex 9.83659 -20.2261 5
    endloop
  endfacet
  facet normal 0.402676 -0.769524 0.495666
    outer loop
      vertex -10.8845 19.859 5
      vertex -11.2174 19.6848 5
      vertex -12.4883 17.0874 2
    endloop
  endfacet
  facet normal -0.978716 -0.145485 -0.144736
    outer loop
      vertex 14.2608 14.7593 3.07497
      vertex 14.2574 14.7827 3.07444
      vertex 14.2585 14.7753 3.07444
    endloop
  endfacet
  facet normal -0.986934 -0.139183 0.0811702
    outer loop
      vertex 14.2608 14.7593 3.07497
      vertex 14.2585 14.7753 3.07444
      vertex 14.2596 14.7675 3.07444
    endloop
  endfacet
  facet normal -0.989583 -0.143534 0.0110915
    outer loop
      vertex 14.2574 14.7827 3.07444
      vertex 14.2608 14.7593 3.07497
      vertex 14.2849 14.7419 5
    endloop
  endfacet
  facet normal -0.989883 -0.141446 0.01114
    outer loop
      vertex 14.2574 14.7827 3.07444
      vertex 14.2849 14.7419 5
      vertex 14.2254 15.1583 5
    endloop
  endfacet
  facet normal -0.989878 -0.141484 0.0111137
    outer loop
      vertex 14.2849 14.7419 5
      vertex 14.2608 14.7593 3.07497
      vertex 14.2788 14.634 3.08306
    endloop
  endfacet
  facet normal -0.797977 -0.567562 0.202745
    outer loop
      vertex 13.4727 16.5383 2.55144
      vertex 13.5543 16.451 2.62822
      vertex 12.9465 18.1528 5
    endloop
  endfacet
  facet normal 0.402692 0.769521 0.495658
    outer loop
      vertex -11.2174 -19.6848 5
      vertex -12.4883 -17.0874 2
      vertex -12.6664 -16.9942 2
    endloop
  endfacet
  facet normal -0.837838 -0.519895 0.166542
    outer loop
      vertex 13.6712 16.3046 2.72826
      vertex 13.3913 17.4834 5
      vertex 13.1784 17.8265 5
    endloop
  endfacet
  facet normal -0.837915 -0.519792 0.16648
    outer loop
      vertex 13.3913 17.4834 5
      vertex 13.6712 16.3046 2.72826
      vertex 13.7174 16.2421 2.76565
    endloop
  endfacet
  facet normal -0.704456 0.651368 0.28189
    outer loop
      vertex 13.3506 -16.6377 2.42171
      vertex 13.2519 -16.6942 2.30561
      vertex 12.6966 -18.4608 5
    endloop
  endfacet
  facet normal 0.336461 0.774495 0.535679
    outer loop
      vertex -10.5424 -20.0077 5
      vertex -12.3053 -17.1669 2
      vertex -12.4883 -17.0874 2
    endloop
  endfacet
  facet normal -0.0271406 -0.718498 0.694999
    outer loop
      vertex 11.5403 17.3426 2
      vertex 9.11218 20.3362 5
      vertex 8.74685 20.35 5
    endloop
  endfacet
  facet normal 0.837915 0.519792 0.16648
    outer loop
      vertex -13.3913 -17.4834 5
      vertex -13.6712 -16.3046 2.72826
      vertex -13.7174 -16.2421 2.76565
    endloop
  endfacet
  facet normal 0.837838 0.519895 0.166542
    outer loop
      vertex -13.6712 -16.3046 2.72826
      vertex -13.3913 -17.4834 5
      vertex -13.1784 -17.8265 5
    endloop
  endfacet
  facet normal -0.902494 -0.417893 0.104258
    outer loop
      vertex 13.8806 15.9574 2.88435
      vertex 13.9421 15.8344 2.9237
      vertex 13.7567 16.7528 5
    endloop
  endfacet
  facet normal -0.966483 -0.254015 0.0372324
    outer loop
      vertex 14.1632 15.2021 3.03405
      vertex 14.1998 15.0658 3.05422
      vertex 14.1424 15.5694 5
    endloop
  endfacet
  facet normal 0.0838672 -0.738487 0.669032
    outer loop
      vertex -11.5403 17.3426 2
      vertex -9.11218 20.3362 5
      vertex -11.7349 17.3205 2
    endloop
  endfacet
  facet normal -0.467793 0.758253 0.454118
    outer loop
      vertex 11.5398 -19.4859 5
      vertex 12.8388 -16.8878 2
      vertex 11.2174 -19.6848 5
    endloop
  endfacet
  facet normal 0.336649 0.774496 0.535559
    outer loop
      vertex -10.8845 -19.859 5
      vertex -10.5424 -20.0077 5
      vertex -12.4883 -17.0874 2
    endloop
  endfacet
  facet normal -0.0271406 0.718498 0.694999
    outer loop
      vertex 9.11218 -20.3362 5
      vertex 11.5403 -17.3426 2
      vertex 8.74685 -20.35 5
    endloop
  endfacet
  facet normal 0.402692 -0.769521 0.495658
    outer loop
      vertex -12.4883 17.0874 2
      vertex -11.2174 19.6848 5
      vertex -12.6664 16.9942 2
    endloop
  endfacet
  facet normal -0.143774 -0.754762 0.64005
    outer loop
      vertex 11.9278 17.2837 2
      vertex 9.83659 20.2261 5
      vertex 9.47594 20.2948 5
    endloop
  endfacet
  facet normal 0.996539 -0.0830449 0.00375649
    outer loop
      vertex -14.3208 14.3218 5
      vertex -14.3129 14.3303 3.09216
      vertex -14.3121 14.3399 3.09216
    endloop
  endfacet
  facet normal 0.996342 -0.0853725 0.0037453
    outer loop
      vertex -14.3129 14.3303 3.09216
      vertex -14.3208 14.3218 5
      vertex -14.3243 14.1976 3.1
    endloop
  endfacet
  facet normal -0.27074 0.773366 0.573241
    outer loop
      vertex 12.3053 -17.1669 2
      vertex 12.1182 -17.2324 2
      vertex 10.1926 -20.1302 5
    endloop
  endfacet
  facet normal 0.592994 -0.716465 0.367473
    outer loop
      vertex -11.8502 19.263 5
      vertex -12.1473 19.0171 5
      vertex -13.0049 16.7686 2
    endloop
  endfacet
  facet normal -0.402676 -0.769524 0.495666
    outer loop
      vertex 12.4883 17.0874 2
      vertex 11.2174 19.6848 5
      vertex 10.8845 19.859 5
    endloop
  endfacet
  facet normal -0.0838672 0.738487 0.669032
    outer loop
      vertex 11.7349 -17.3205 2
      vertex 11.5403 -17.3426 2
      vertex 9.11218 -20.3362 5
    endloop
  endfacet
  facet normal -0.0272115 0.71853 0.694964
    outer loop
      vertex 11.5403 -17.3426 2
      vertex 11.3449 -17.35 2
      vertex 8.74685 -20.35 5
    endloop
  endfacet
  facet normal -0.53174 0.740476 0.411033
    outer loop
      vertex 11.8502 -19.263 5
      vertex 12.8388 -16.8878 2
      vertex 11.5398 -19.4859 5
    endloop
  endfacet
  facet normal -0.798229 -0.567298 0.202491
    outer loop
      vertex 13.5543 16.451 2.62822
      vertex 13.1784 17.8265 5
      vertex 12.9465 18.1528 5
    endloop
  endfacet
  facet normal -0.797903 -0.567663 0.202754
    outer loop
      vertex 13.1784 17.8265 5
      vertex 13.5543 16.451 2.62822
      vertex 13.5959 16.4065 2.66734
    endloop
  endfacet
  facet normal 0.966351 0.257223 -0.0011092
    outer loop
      vertex -14.1632 -15.2021 3.03405
      vertex -14.1272 -15.3374 3.02178
      vertex -14.1578 -15.2224 3.03105
    endloop
  endfacet
  facet normal 0.966541 0.2538 0.0371915
    outer loop
      vertex -14.1424 -15.5694 5
      vertex -14.1272 -15.3374 3.02178
      vertex -14.1632 -15.2021 3.03405
    endloop
  endfacet
  facet normal 0.966517 0.253893 0.0372023
    outer loop
      vertex -14.1272 -15.3374 3.02178
      vertex -14.1424 -15.5694 5
      vertex -14.0363 -15.9733 5
    endloop
  endfacet
  facet normal -0.704456 -0.651368 0.28189
    outer loop
      vertex 13.2519 16.6942 2.30561
      vertex 13.3506 16.6377 2.42171
      vertex 12.6966 18.4608 5
    endloop
  endfacet
  facet normal -0.704678 -0.651205 0.28171
    outer loop
      vertex 13.2318 16.7058 2.28188
      vertex 12.6966 18.4608 5
      vertex 12.4299 18.7494 5
    endloop
  endfacet
  facet normal -0.706314 -0.649927 0.280563
    outer loop
      vertex 12.6966 18.4608 5
      vertex 13.2318 16.7058 2.28188
      vertex 13.2519 16.6942 2.30561
    endloop
  endfacet
  facet normal -0.650519 -0.686726 0.324394
    outer loop
      vertex 12.1473 19.0171 5
      vertex 13.2318 16.7058 2.28188
      vertex 12.4299 18.7494 5
    endloop
  endfacet
  facet normal -0.650177 -0.686912 0.324688
    outer loop
      vertex 13.2318 16.7058 2.28188
      vertex 12.1473 19.0171 5
      vertex 13.2141 16.7118 2.25913
    endloop
  endfacet
  facet normal 0.53174 0.740476 0.411033
    outer loop
      vertex -11.8502 -19.263 5
      vertex -11.5398 -19.4859 5
      vertex -12.8388 -16.8878 2
    endloop
  endfacet
  facet normal 0.927848 0.364632 0.0783681
    outer loop
      vertex -13.9075 -16.3683 5
      vertex -14.0201 -15.6444 2.96497
      vertex -14.0408 -15.5946 2.97834
    endloop
  endfacet
  facet normal 0.928389 0.36012 0.0916957
    outer loop
      vertex -14.0201 -15.6444 2.96497
      vertex -13.995 -15.7051 2.94923
      vertex -13.9983 -15.697 2.95083
    endloop
  endfacet
  facet normal 0.928274 0.363627 0.0779871
    outer loop
      vertex -14.0201 -15.6444 2.96497
      vertex -13.9075 -16.3683 5
      vertex -13.995 -15.7051 2.94923
    endloop
  endfacet
  facet normal 0.928116 0.364005 0.0781159
    outer loop
      vertex -13.995 -15.7051 2.94923
      vertex -13.9075 -16.3683 5
      vertex -13.7567 -16.7528 5
    endloop
  endfacet
  facet normal -0.996342 0.0853725 0.0037453
    outer loop
      vertex 14.3129 -14.3303 3.09216
      vertex 14.3208 -14.3218 5
      vertex 14.3243 -14.1976 3.1
    endloop
  endfacet
  facet normal -0.996539 0.0830449 0.00375649
    outer loop
      vertex 14.3208 -14.3218 5
      vertex 14.3129 -14.3303 3.09216
      vertex 14.3121 -14.3399 3.09216
    endloop
  endfacet
  facet normal 0.996362 -0.0851449 0.00369672
    outer loop
      vertex -14.3208 14.3218 5
      vertex -14.2991 14.4929 3.09216
      vertex -14.2849 14.7419 5
    endloop
  endfacet
  facet normal 0.996403 -0.0846617 0.00374053
    outer loop
      vertex -14.2991 14.4929 3.09216
      vertex -14.3208 14.3218 5
      vertex -14.3121 14.3399 3.09216
    endloop
  endfacet
  facet normal 0.979978 -0.197855 0.0222741
    outer loop
      vertex -14.2254 15.1583 5
      vertex -14.2282 14.9265 3.06417
      vertex -14.1424 15.5694 5
    endloop
  endfacet
  facet normal 0.980066 -0.197425 0.0222225
    outer loop
      vertex -14.2282 14.9265 3.06417
      vertex -14.2254 15.1583 5
      vertex -14.2574 14.7827 3.07444
    endloop
  endfacet
  facet normal -0.966351 0.257223 -0.0011092
    outer loop
      vertex 14.1272 -15.3374 3.02178
      vertex 14.1632 -15.2021 3.03405
      vertex 14.1578 -15.2224 3.03105
    endloop
  endfacet
  facet normal -0.966541 0.2538 0.0371915
    outer loop
      vertex 14.1272 -15.3374 3.02178
      vertex 14.1424 -15.5694 5
      vertex 14.1632 -15.2021 3.03405
    endloop
  endfacet
  facet normal -0.966517 0.253893 0.0372023
    outer loop
      vertex 14.1424 -15.5694 5
      vertex 14.1272 -15.3374 3.02178
      vertex 14.0363 -15.9733 5
    endloop
  endfacet
  facet normal -0.753074 0.611976 0.241589
    outer loop
      vertex 13.3506 -16.6377 2.42171
      vertex 12.9465 -18.1528 5
      vertex 13.3804 -16.6135 2.4533
    endloop
  endfacet
  facet normal -0.753619 0.611459 0.2412
    outer loop
      vertex 12.9465 -18.1528 5
      vertex 13.3506 -16.6377 2.42171
      vertex 12.6966 -18.4608 5
    endloop
  endfacet
  facet normal -0.143774 0.754762 0.64005
    outer loop
      vertex 9.83659 -20.2261 5
      vertex 11.9278 -17.2837 2
      vertex 9.47594 -20.2948 5
    endloop
  endfacet
  facet normal 0.650463 -0.686755 0.324445
    outer loop
      vertex -13.1179 16.7445 2.13548
      vertex -12.1473 19.0171 5
      vertex -13.2141 16.7118 2.25913
    endloop
  endfacet
  facet normal -0.996539 -0.0830449 0.00375649
    outer loop
      vertex 14.3129 14.3303 3.09216
      vertex 14.3208 14.3218 5
      vertex 14.3121 14.3399 3.09216
    endloop
  endfacet
  facet normal -0.996342 -0.0853725 0.0037453
    outer loop
      vertex 14.3208 14.3218 5
      vertex 14.3129 14.3303 3.09216
      vertex 14.3243 14.1976 3.1
    endloop
  endfacet
  facet normal -0.754014 -0.611091 0.240895
    outer loop
      vertex 13.3804 16.6135 2.4533
      vertex 13.4727 16.5383 2.55144
      vertex 12.9465 18.1528 5
    endloop
  endfacet
  facet normal -0.650463 -0.686755 0.324445
    outer loop
      vertex 13.1179 16.7445 2.13548
      vertex 13.2141 16.7118 2.25913
      vertex 12.1473 19.0171 5
    endloop
  endfacet
  facet normal 0.0272115 0.71853 0.694964
    outer loop
      vertex -8.74685 -20.35 5
      vertex -11.3449 -17.35 2
      vertex -11.5403 -17.3426 2
    endloop
  endfacet
  facet normal -0.837964 0.519736 0.166409
    outer loop
      vertex 13.6712 -16.3046 2.72826
      vertex 13.5959 -16.4065 2.66734
      vertex 13.1784 -17.8265 5
    endloop
  endfacet
  facet normal -0.97991 0.198182 0.0223856
    outer loop
      vertex 14.2282 -14.9265 3.06417
      vertex 14.1998 -15.0658 3.05422
      vertex 14.1424 -15.5694 5
    endloop
  endfacet
  facet normal 0.754014 -0.611091 0.240895
    outer loop
      vertex -13.3804 16.6135 2.4533
      vertex -12.9465 18.1528 5
      vertex -13.4727 16.5383 2.55144
    endloop
  endfacet
  facet normal -0.996403 -0.0846617 0.00374053
    outer loop
      vertex 14.3208 14.3218 5
      vertex 14.2991 14.4929 3.09216
      vertex 14.3121 14.3399 3.09216
    endloop
  endfacet
  facet normal -0.996362 -0.0851449 0.00369672
    outer loop
      vertex 14.2991 14.4929 3.09216
      vertex 14.3208 14.3218 5
      vertex 14.2849 14.7419 5
    endloop
  endfacet
  facet normal 0.593199 0.716364 0.367339
    outer loop
      vertex -13.0049 -16.7686 2
      vertex -13.1179 -16.7445 2.13548
      vertex -12.1473 -19.0171 5
    endloop
  endfacet
  facet normal 0.596924 0.711173 0.371369
    outer loop
      vertex -13.1179 -16.7445 2.13548
      vertex -13.0049 -16.7686 2
      vertex -13.102 -16.7463 2.11337
    endloop
  endfacet
  facet normal 0.595101 0.713775 0.369296
    outer loop
      vertex -13.102 -16.7463 2.11337
      vertex -13.0049 -16.7686 2
      vertex -13.0705 -16.7515 2.07266
    endloop
  endfacet
  facet normal 0.593243 0.716514 0.366974
    outer loop
      vertex -13.0705 -16.7515 2.07266
      vertex -13.0049 -16.7686 2
      vertex -13.0142 -16.7609 2
    endloop
  endfacet
  facet normal -0.336461 -0.774495 0.535679
    outer loop
      vertex 12.3053 17.1669 2
      vertex 12.4883 17.0874 2
      vertex 10.5424 20.0077 5
    endloop
  endfacet
  facet normal -0.996403 0.0846617 0.00374053
    outer loop
      vertex 14.2991 -14.4929 3.09216
      vertex 14.3208 -14.3218 5
      vertex 14.3121 -14.3399 3.09216
    endloop
  endfacet
  facet normal -0.996362 0.0851449 0.00369672
    outer loop
      vertex 14.3208 -14.3218 5
      vertex 14.2991 -14.4929 3.09216
      vertex 14.2849 -14.7419 5
    endloop
  endfacet
  facet normal 0.206512 0.766637 0.607964
    outer loop
      vertex -10.1926 -20.1302 5
      vertex -9.83659 -20.2261 5
      vertex -11.9278 -17.2837 2
    endloop
  endfacet
  facet normal -0.593199 -0.716364 0.367339
    outer loop
      vertex 13.0049 16.7686 2
      vertex 13.1179 16.7445 2.13548
      vertex 12.1473 19.0171 5
    endloop
  endfacet
  facet normal -0.596924 -0.711173 0.371369
    outer loop
      vertex 13.1179 16.7445 2.13548
      vertex 13.0049 16.7686 2
      vertex 13.102 16.7463 2.11337
    endloop
  endfacet
  facet normal -0.595101 -0.713775 0.369296
    outer loop
      vertex 13.102 16.7463 2.11337
      vertex 13.0049 16.7686 2
      vertex 13.0705 16.7515 2.07266
    endloop
  endfacet
  facet normal -0.593243 -0.716514 0.366974
    outer loop
      vertex 13.0705 16.7515 2.07266
      vertex 13.0049 16.7686 2
      vertex 13.0142 16.7609 2
    endloop
  endfacet
  facet normal -0.872607 -0.469782 0.133647
    outer loop
      vertex 13.7638 16.1659 2.80067
      vertex 13.8333 16.052 2.85408
      vertex 13.5843 17.125 5
    endloop
  endfacet
  facet normal 0.467952 0.758223 0.454004
    outer loop
      vertex -11.2174 -19.6848 5
      vertex -12.6664 -16.9942 2
      vertex -12.8388 -16.8878 2
    endloop
  endfacet
  facet normal -0.989848 0.141692 0.0111253
    outer loop
      vertex 14.2849 -14.7419 5
      vertex 14.2991 -14.4929 3.09216
      vertex 14.2788 -14.634 3.08306
    endloop
  endfacet
  facet normal 0.467793 0.758253 0.454118
    outer loop
      vertex -11.5398 -19.4859 5
      vertex -11.2174 -19.6848 5
      vertex -12.8388 -16.8878 2
    endloop
  endfacet
  facet normal -0.797977 0.567562 0.202745
    outer loop
      vertex 13.5543 -16.451 2.62822
      vertex 13.4727 -16.5383 2.55144
      vertex 12.9465 -18.1528 5
    endloop
  endfacet
  facet normal -0.97991 -0.198182 0.0223856
    outer loop
      vertex 14.1998 15.0658 3.05422
      vertex 14.2282 14.9265 3.06417
      vertex 14.1424 15.5694 5
    endloop
  endfacet
  facet normal 0.650463 0.686755 0.324445
    outer loop
      vertex -12.1473 -19.0171 5
      vertex -13.1179 -16.7445 2.13548
      vertex -13.2141 -16.7118 2.25913
    endloop
  endfacet
  facet normal 0.650519 -0.686726 0.324394
    outer loop
      vertex -13.2318 16.7058 2.28188
      vertex -12.1473 19.0171 5
      vertex -12.4299 18.7494 5
    endloop
  endfacet
  facet normal 0.650177 -0.686912 0.324688
    outer loop
      vertex -12.1473 19.0171 5
      vertex -13.2318 16.7058 2.28188
      vertex -13.2141 16.7118 2.25913
    endloop
  endfacet
  facet normal -0.902439 -0.418002 0.104295
    outer loop
      vertex 13.8333 16.052 2.85408
      vertex 13.7567 16.7528 5
      vertex 13.5843 17.125 5
    endloop
  endfacet
  facet normal -0.902496 -0.417889 0.104256
    outer loop
      vertex 13.7567 16.7528 5
      vertex 13.8333 16.052 2.85408
      vertex 13.8806 15.9574 2.88435
    endloop
  endfacet
  facet normal -0.872551 -0.469873 0.133692
    outer loop
      vertex 13.7174 16.2421 2.76565
      vertex 13.5843 17.125 5
      vertex 13.3913 17.4834 5
    endloop
  endfacet
  facet normal -0.861084 -0.507073 0.0375609
    outer loop
      vertex 13.7638 16.1659 2.80067
      vertex 13.7174 16.2421 2.76565
      vertex 13.7234 16.2322 2.76955
    endloop
  endfacet
  facet normal -0.87255 -0.469874 0.133692
    outer loop
      vertex 13.7174 16.2421 2.76565
      vertex 13.7638 16.1659 2.80067
      vertex 13.5843 17.125 5
    endloop
  endfacet
  facet normal 0.966483 -0.254015 0.0372324
    outer loop
      vertex -14.1632 15.2021 3.03405
      vertex -14.1424 15.5694 5
      vertex -14.1998 15.0658 3.05422
    endloop
  endfacet
  facet normal 0.902439 -0.418002 0.104295
    outer loop
      vertex -13.7567 16.7528 5
      vertex -13.8333 16.052 2.85408
      vertex -13.5843 17.125 5
    endloop
  endfacet
  facet normal 0.902496 -0.417889 0.104256
    outer loop
      vertex -13.8333 16.052 2.85408
      vertex -13.7567 16.7528 5
      vertex -13.8806 15.9574 2.88435
    endloop
  endfacet
  facet normal -0.650519 0.686726 0.324394
    outer loop
      vertex 13.2318 -16.7058 2.28188
      vertex 12.1473 -19.0171 5
      vertex 12.4299 -18.7494 5
    endloop
  endfacet
  facet normal -0.650177 0.686912 0.324688
    outer loop
      vertex 12.1473 -19.0171 5
      vertex 13.2318 -16.7058 2.28188
      vertex 13.2141 -16.7118 2.25913
    endloop
  endfacet
  facet normal 0.143774 -0.754762 0.64005
    outer loop
      vertex -9.47594 20.2948 5
      vertex -9.83659 20.2261 5
      vertex -11.9278 17.2837 2
    endloop
  endfacet
  facet normal 0.9493 0.309376 0.0558283
    outer loop
      vertex -14.0363 -15.9733 5
      vertex -14.0823 -15.4711 2.99921
      vertex -14.1272 -15.3374 3.02178
    endloop
  endfacet
  facet normal -0.9493 0.309376 0.0558283
    outer loop
      vertex 14.1272 -15.3374 3.02178
      vertex 14.0823 -15.4711 2.99921
      vertex 14.0363 -15.9733 5
    endloop
  endfacet
  facet normal -0.980066 0.197425 0.0222225
    outer loop
      vertex 14.2282 -14.9265 3.06417
      vertex 14.2254 -15.1583 5
      vertex 14.2574 -14.7827 3.07444
    endloop
  endfacet
  facet normal -0.979978 0.197855 0.0222741
    outer loop
      vertex 14.2254 -15.1583 5
      vertex 14.2282 -14.9265 3.06417
      vertex 14.1424 -15.5694 5
    endloop
  endfacet
  facet normal -0.837964 -0.519736 0.166409
    outer loop
      vertex 13.5959 16.4065 2.66734
      vertex 13.6712 16.3046 2.72826
      vertex 13.1784 17.8265 5
    endloop
  endfacet
  facet normal -0.861084 0.507073 0.0375609
    outer loop
      vertex 13.7174 -16.2421 2.76565
      vertex 13.7638 -16.1659 2.80067
      vertex 13.7234 -16.2322 2.76955
    endloop
  endfacet
  facet normal -0.87255 0.469874 0.133692
    outer loop
      vertex 13.7174 -16.2421 2.76565
      vertex 13.5843 -17.125 5
      vertex 13.7638 -16.1659 2.80067
    endloop
  endfacet
  facet normal -0.872551 0.469873 0.133692
    outer loop
      vertex 13.5843 -17.125 5
      vertex 13.7174 -16.2421 2.76565
      vertex 13.3913 -17.4834 5
    endloop
  endfacet
  facet normal -0.797903 0.567663 0.202754
    outer loop
      vertex 13.5543 -16.451 2.62822
      vertex 13.1784 -17.8265 5
      vertex 13.5959 -16.4065 2.66734
    endloop
  endfacet
  facet normal -0.798229 0.567298 0.202491
    outer loop
      vertex 13.1784 -17.8265 5
      vertex 13.5543 -16.451 2.62822
      vertex 12.9465 -18.1528 5
    endloop
  endfacet
  facet normal -0.754014 0.611091 0.240895
    outer loop
      vertex 13.4727 -16.5383 2.55144
      vertex 13.3804 -16.6135 2.4533
      vertex 12.9465 -18.1528 5
    endloop
  endfacet
  facet normal 0.143999 0.754823 0.639927
    outer loop
      vertex -9.47594 -20.2948 5
      vertex -11.7349 -17.3205 2
      vertex -11.9278 -17.2837 2
    endloop
  endfacet
  facet normal 0.902494 -0.417893 0.104258
    outer loop
      vertex -13.8806 15.9574 2.88435
      vertex -13.7567 16.7528 5
      vertex -13.9421 15.8344 2.9237
    endloop
  endfacet
  facet normal 0.797977 0.567562 0.202745
    outer loop
      vertex -12.9465 -18.1528 5
      vertex -13.4727 -16.5383 2.55144
      vertex -13.5543 -16.451 2.62822
    endloop
  endfacet
  facet normal -0.9493 -0.309376 0.0558283
    outer loop
      vertex 14.0823 15.4711 2.99921
      vertex 14.1272 15.3374 3.02178
      vertex 14.0363 15.9733 5
    endloop
  endfacet
  facet normal 0.966517 -0.253893 0.0372023
    outer loop
      vertex -14.1424 15.5694 5
      vertex -14.1272 15.3374 3.02178
      vertex -14.0363 15.9733 5
    endloop
  endfacet
  facet normal 0.966446 -0.254157 0.0372327
    outer loop
      vertex -14.1424 15.5694 5
      vertex -14.1578 15.2224 3.03105
      vertex -14.1272 15.3374 3.02178
    endloop
  endfacet
  facet normal 0.967076 -0.251811 0.0368143
    outer loop
      vertex -14.1578 15.2224 3.03105
      vertex -14.1424 15.5694 5
      vertex -14.1632 15.2021 3.03405
    endloop
  endfacet
  facet normal -0.206558 -0.766642 0.607942
    outer loop
      vertex 11.9278 17.2837 2
      vertex 12.1182 17.2324 2
      vertex 10.1926 20.1302 5
    endloop
  endfacet
  facet normal -0.966517 -0.253893 0.0372023
    outer loop
      vertex 14.1272 15.3374 3.02178
      vertex 14.1424 15.5694 5
      vertex 14.0363 15.9733 5
    endloop
  endfacet
  facet normal -0.966446 -0.254157 0.0372327
    outer loop
      vertex 14.1578 15.2224 3.03105
      vertex 14.1424 15.5694 5
      vertex 14.1272 15.3374 3.02178
    endloop
  endfacet
  facet normal -0.967076 -0.251811 0.0368143
    outer loop
      vertex 14.1424 15.5694 5
      vertex 14.1578 15.2224 3.03105
      vertex 14.1632 15.2021 3.03405
    endloop
  endfacet
  facet normal 0 -0.707107 0.707107
    outer loop
      vertex -11.3449 17.35 2
      vertex 8.74685 20.35 5
      vertex -8.74685 20.35 5
    endloop
  endfacet
  facet normal 0 -0.707107 0.707107
    outer loop
      vertex 8.74685 20.35 5
      vertex -11.3449 17.35 2
      vertex 11.3449 17.35 2
    endloop
  endfacet
  facet normal 0.861084 0.507073 0.0375609
    outer loop
      vertex -13.7638 -16.1659 2.80067
      vertex -13.7174 -16.2421 2.76565
      vertex -13.7234 -16.2322 2.76955
    endloop
  endfacet
  facet normal 0.87255 0.469874 0.133692
    outer loop
      vertex -13.5843 -17.125 5
      vertex -13.7174 -16.2421 2.76565
      vertex -13.7638 -16.1659 2.80067
    endloop
  endfacet
  facet normal 0.872551 0.469873 0.133692
    outer loop
      vertex -13.7174 -16.2421 2.76565
      vertex -13.5843 -17.125 5
      vertex -13.3913 -17.4834 5
    endloop
  endfacet
  facet normal -0.872607 0.469782 0.133647
    outer loop
      vertex 13.8333 -16.052 2.85408
      vertex 13.7638 -16.1659 2.80067
      vertex 13.5843 -17.125 5
    endloop
  endfacet
  facet normal 0.0271406 0.718498 0.694999
    outer loop
      vertex -9.11218 -20.3362 5
      vertex -8.74685 -20.35 5
      vertex -11.5403 -17.3426 2
    endloop
  endfacet
  facet normal 0.989878 0.141484 0.0111137
    outer loop
      vertex -14.2849 -14.7419 5
      vertex -14.2608 -14.7593 3.07497
      vertex -14.2788 -14.634 3.08306
    endloop
  endfacet
  facet normal 0.989583 0.143534 0.0110915
    outer loop
      vertex -14.2574 -14.7827 3.07444
      vertex -14.2608 -14.7593 3.07497
      vertex -14.2849 -14.7419 5
    endloop
  endfacet
  facet normal 0.986934 0.139183 0.0811702
    outer loop
      vertex -14.2608 -14.7593 3.07497
      vertex -14.2585 -14.7753 3.07444
      vertex -14.2596 -14.7675 3.07444
    endloop
  endfacet
  facet normal 0.978716 0.145485 -0.144736
    outer loop
      vertex -14.2608 -14.7593 3.07497
      vertex -14.2574 -14.7827 3.07444
      vertex -14.2585 -14.7753 3.07444
    endloop
  endfacet
  facet normal 0.989883 0.141446 0.01114
    outer loop
      vertex -14.2574 -14.7827 3.07444
      vertex -14.2849 -14.7419 5
      vertex -14.2254 -15.1583 5
    endloop
  endfacet
  facet normal 0.402676 0.769524 0.495666
    outer loop
      vertex -11.2174 -19.6848 5
      vertex -10.8845 -19.859 5
      vertex -12.4883 -17.0874 2
    endloop
  endfacet
  facet normal -0.596924 0.711173 0.371369
    outer loop
      vertex 13.0049 -16.7686 2
      vertex 13.1179 -16.7445 2.13548
      vertex 13.102 -16.7463 2.11337
    endloop
  endfacet
  facet normal -0.595101 0.713775 0.369296
    outer loop
      vertex 13.0049 -16.7686 2
      vertex 13.102 -16.7463 2.11337
      vertex 13.0705 -16.7515 2.07266
    endloop
  endfacet
  facet normal -0.593243 0.716514 0.366974
    outer loop
      vertex 13.0049 -16.7686 2
      vertex 13.0705 -16.7515 2.07266
      vertex 13.0142 -16.7609 2
    endloop
  endfacet
  facet normal -0.593199 0.716364 0.367339
    outer loop
      vertex 13.1179 -16.7445 2.13548
      vertex 13.0049 -16.7686 2
      vertex 12.1473 -19.0171 5
    endloop
  endfacet
  facet normal -0.902496 0.417889 0.104256
    outer loop
      vertex 13.8333 -16.052 2.85408
      vertex 13.7567 -16.7528 5
      vertex 13.8806 -15.9574 2.88435
    endloop
  endfacet
  facet normal -0.902439 0.418002 0.104295
    outer loop
      vertex 13.7567 -16.7528 5
      vertex 13.8333 -16.052 2.85408
      vertex 13.5843 -17.125 5
    endloop
  endfacet
  facet normal 0.97991 -0.198182 0.0223856
    outer loop
      vertex -14.1998 15.0658 3.05422
      vertex -14.1424 15.5694 5
      vertex -14.2282 14.9265 3.06417
    endloop
  endfacet
  facet normal -0.467793 -0.758253 0.454118
    outer loop
      vertex 12.8388 16.8878 2
      vertex 11.5398 19.4859 5
      vertex 11.2174 19.6848 5
    endloop
  endfacet
  facet normal -0.0838672 -0.738487 0.669032
    outer loop
      vertex 11.5403 17.3426 2
      vertex 11.7349 17.3205 2
      vertex 9.11218 20.3362 5
    endloop
  endfacet
  facet normal 0.989883 -0.141446 0.01114
    outer loop
      vertex -14.2849 14.7419 5
      vertex -14.2574 14.7827 3.07444
      vertex -14.2254 15.1583 5
    endloop
  endfacet
  facet normal 0.989583 -0.143534 0.0110915
    outer loop
      vertex -14.2608 14.7593 3.07497
      vertex -14.2574 14.7827 3.07444
      vertex -14.2849 14.7419 5
    endloop
  endfacet
  facet normal 0.978716 -0.145485 -0.144736
    outer loop
      vertex -14.2574 14.7827 3.07444
      vertex -14.2608 14.7593 3.07497
      vertex -14.2585 14.7753 3.07444
    endloop
  endfacet
  facet normal 0.986934 -0.139183 0.0811702
    outer loop
      vertex -14.2585 14.7753 3.07444
      vertex -14.2608 14.7593 3.07497
      vertex -14.2596 14.7675 3.07444
    endloop
  endfacet
  facet normal 0.989878 -0.141484 0.0111137
    outer loop
      vertex -14.2608 14.7593 3.07497
      vertex -14.2849 14.7419 5
      vertex -14.2788 14.634 3.08306
    endloop
  endfacet
  facet normal 0.0272115 -0.71853 0.694964
    outer loop
      vertex -11.3449 17.35 2
      vertex -8.74685 20.35 5
      vertex -11.5403 17.3426 2
    endloop
  endfacet
  facet normal -0.0272115 -0.71853 0.694964
    outer loop
      vertex 11.3449 17.35 2
      vertex 11.5403 17.3426 2
      vertex 8.74685 20.35 5
    endloop
  endfacet
  facet normal -0.706314 0.649927 0.280563
    outer loop
      vertex 13.2318 -16.7058 2.28188
      vertex 12.6966 -18.4608 5
      vertex 13.2519 -16.6942 2.30561
    endloop
  endfacet
  facet normal -0.704678 0.651205 0.28171
    outer loop
      vertex 12.6966 -18.4608 5
      vertex 13.2318 -16.7058 2.28188
      vertex 12.4299 -18.7494 5
    endloop
  endfacet
  facet normal -0.902494 0.417893 0.104258
    outer loop
      vertex 13.9421 -15.8344 2.9237
      vertex 13.8806 -15.9574 2.88435
      vertex 13.7567 -16.7528 5
    endloop
  endfacet
  facet normal -0.402676 0.769524 0.495666
    outer loop
      vertex 11.2174 -19.6848 5
      vertex 12.4883 -17.0874 2
      vertex 10.8845 -19.859 5
    endloop
  endfacet
  facet normal 0.980066 0.197425 0.0222225
    outer loop
      vertex -14.2254 -15.1583 5
      vertex -14.2282 -14.9265 3.06417
      vertex -14.2574 -14.7827 3.07444
    endloop
  endfacet
  facet normal 0.979978 0.197855 0.0222741
    outer loop
      vertex -14.2282 -14.9265 3.06417
      vertex -14.2254 -15.1583 5
      vertex -14.1424 -15.5694 5
    endloop
  endfacet
  facet normal 0.837838 -0.519895 0.166542
    outer loop
      vertex -13.3913 17.4834 5
      vertex -13.6712 16.3046 2.72826
      vertex -13.1784 17.8265 5
    endloop
  endfacet
  facet normal 0.837915 -0.519792 0.16648
    outer loop
      vertex -13.6712 16.3046 2.72826
      vertex -13.3913 17.4834 5
      vertex -13.7174 16.2421 2.76565
    endloop
  endfacet
  facet normal 0.704678 -0.651205 0.28171
    outer loop
      vertex -12.6966 18.4608 5
      vertex -13.2318 16.7058 2.28188
      vertex -12.4299 18.7494 5
    endloop
  endfacet
  facet normal 0.706314 -0.649927 0.280563
    outer loop
      vertex -13.2318 16.7058 2.28188
      vertex -12.6966 18.4608 5
      vertex -13.2519 16.6942 2.30561
    endloop
  endfacet
  facet normal -0.949245 0.309536 0.0558697
    outer loop
      vertex 14.0408 -15.5946 2.97834
      vertex 14.0363 -15.9733 5
      vertex 14.0823 -15.4711 2.99921
    endloop
  endfacet
  facet normal -0.949248 0.309527 0.0558681
    outer loop
      vertex 14.0363 -15.9733 5
      vertex 14.0408 -15.5946 2.97834
      vertex 13.9075 -16.3683 5
    endloop
  endfacet
  facet normal -0.928389 0.36012 0.0916957
    outer loop
      vertex 13.995 -15.7051 2.94923
      vertex 14.0201 -15.6444 2.96497
      vertex 13.9983 -15.697 2.95083
    endloop
  endfacet
  facet normal -0.928274 0.363627 0.0779871
    outer loop
      vertex 13.9075 -16.3683 5
      vertex 14.0201 -15.6444 2.96497
      vertex 13.995 -15.7051 2.94923
    endloop
  endfacet
  facet normal -0.927848 0.364632 0.0783681
    outer loop
      vertex 14.0201 -15.6444 2.96497
      vertex 13.9075 -16.3683 5
      vertex 14.0408 -15.5946 2.97834
    endloop
  endfacet
  facet normal -0.928116 0.364005 0.0781159
    outer loop
      vertex 13.9075 -16.3683 5
      vertex 13.995 -15.7051 2.94923
      vertex 13.7567 -16.7528 5
    endloop
  endfacet
  facet normal -0.206512 -0.766637 0.607964
    outer loop
      vertex 11.9278 17.2837 2
      vertex 10.1926 20.1302 5
      vertex 9.83659 20.2261 5
    endloop
  endfacet
  facet normal 0.837964 0.519736 0.166409
    outer loop
      vertex -13.1784 -17.8265 5
      vertex -13.5959 -16.4065 2.66734
      vertex -13.6712 -16.3046 2.72826
    endloop
  endfacet
  facet normal 0.92805 0.364154 0.0782
    outer loop
      vertex -13.7567 -16.7528 5
      vertex -13.975 -15.754 2.93959
      vertex -13.995 -15.7051 2.94923
    endloop
  endfacet
  facet normal 0.927998 0.364273 0.0782629
    outer loop
      vertex -13.975 -15.754 2.93959
      vertex -13.7567 -16.7528 5
      vertex -13.9421 -15.8344 2.9237
    endloop
  endfacet
  facet normal 0.797977 -0.567562 0.202745
    outer loop
      vertex -13.4727 16.5383 2.55144
      vertex -12.9465 18.1528 5
      vertex -13.5543 16.451 2.62822
    endloop
  endfacet
  facet normal -0.592994 0.716465 0.367473
    outer loop
      vertex 12.1473 -19.0171 5
      vertex 13.0049 -16.7686 2
      vertex 11.8502 -19.263 5
    endloop
  endfacet
  facet normal -0.531468 0.740577 0.411203
    outer loop
      vertex 13.0049 -16.7686 2
      vertex 12.8388 -16.8878 2
      vertex 11.8502 -19.263 5
    endloop
  endfacet
  facet normal 0.927998 -0.364273 0.0782629
    outer loop
      vertex -13.7567 16.7528 5
      vertex -13.975 15.754 2.93959
      vertex -13.9421 15.8344 2.9237
    endloop
  endfacet
  facet normal 0.92805 -0.364154 0.0782
    outer loop
      vertex -13.975 15.754 2.93959
      vertex -13.7567 16.7528 5
      vertex -13.995 15.7051 2.94923
    endloop
  endfacet
  facet normal 0.592994 0.716465 0.367473
    outer loop
      vertex -12.1473 -19.0171 5
      vertex -11.8502 -19.263 5
      vertex -13.0049 -16.7686 2
    endloop
  endfacet
  facet normal 0.531468 0.740577 0.411203
    outer loop
      vertex -11.8502 -19.263 5
      vertex -12.8388 -16.8878 2
      vertex -13.0049 -16.7686 2
    endloop
  endfacet
  facet normal -0.270836 0.773375 0.573183
    outer loop
      vertex 10.5424 -20.0077 5
      vertex 12.3053 -17.1669 2
      vertex 10.1926 -20.1302 5
    endloop
  endfacet
  facet normal -0.402692 0.769521 0.495658
    outer loop
      vertex 12.6664 -16.9942 2
      vertex 12.4883 -17.0874 2
      vertex 11.2174 -19.6848 5
    endloop
  endfacet
  facet normal -0.467952 0.758223 0.454004
    outer loop
      vertex 12.8388 -16.8878 2
      vertex 12.6664 -16.9942 2
      vertex 11.2174 -19.6848 5
    endloop
  endfacet
  facet normal 0.596924 -0.711173 0.371369
    outer loop
      vertex -13.0049 16.7686 2
      vertex -13.1179 16.7445 2.13548
      vertex -13.102 16.7463 2.11337
    endloop
  endfacet
  facet normal 0.595101 -0.713775 0.369296
    outer loop
      vertex -13.0049 16.7686 2
      vertex -13.102 16.7463 2.11337
      vertex -13.0705 16.7515 2.07266
    endloop
  endfacet
  facet normal 0.593243 -0.716514 0.366974
    outer loop
      vertex -13.0049 16.7686 2
      vertex -13.0705 16.7515 2.07266
      vertex -13.0142 16.7609 2
    endloop
  endfacet
  facet normal 0.593199 -0.716364 0.367339
    outer loop
      vertex -13.1179 16.7445 2.13548
      vertex -13.0049 16.7686 2
      vertex -12.1473 19.0171 5
    endloop
  endfacet
  facet normal 0.902496 0.417889 0.104256
    outer loop
      vertex -13.7567 -16.7528 5
      vertex -13.8333 -16.052 2.85408
      vertex -13.8806 -15.9574 2.88435
    endloop
  endfacet
  facet normal 0.902439 0.418002 0.104295
    outer loop
      vertex -13.8333 -16.052 2.85408
      vertex -13.7567 -16.7528 5
      vertex -13.5843 -17.125 5
    endloop
  endfacet
  facet normal 0.872607 0.469782 0.133647
    outer loop
      vertex -13.5843 -17.125 5
      vertex -13.7638 -16.1659 2.80067
      vertex -13.8333 -16.052 2.85408
    endloop
  endfacet
  facet normal 0.996403 0.0846617 0.00374053
    outer loop
      vertex -14.3208 -14.3218 5
      vertex -14.2991 -14.4929 3.09216
      vertex -14.3121 -14.3399 3.09216
    endloop
  endfacet
  facet normal 0.996362 0.0851449 0.00369672
    outer loop
      vertex -14.2991 -14.4929 3.09216
      vertex -14.3208 -14.3218 5
      vertex -14.2849 -14.7419 5
    endloop
  endfacet
  facet normal 0.531468 -0.740577 0.411203
    outer loop
      vertex -12.8388 16.8878 2
      vertex -11.8502 19.263 5
      vertex -13.0049 16.7686 2
    endloop
  endfacet
  facet normal 0.949245 0.309536 0.0558697
    outer loop
      vertex -14.0363 -15.9733 5
      vertex -14.0408 -15.5946 2.97834
      vertex -14.0823 -15.4711 2.99921
    endloop
  endfacet
  facet normal 0.949248 0.309527 0.0558681
    outer loop
      vertex -14.0408 -15.5946 2.97834
      vertex -14.0363 -15.9733 5
      vertex -13.9075 -16.3683 5
    endloop
  endfacet
  facet normal 0.996342 0.0853725 0.0037453
    outer loop
      vertex -14.3208 -14.3218 5
      vertex -14.3129 -14.3303 3.09216
      vertex -14.3243 -14.1976 3.1
    endloop
  endfacet
  facet normal 0.996539 0.0830449 0.00375649
    outer loop
      vertex -14.3129 -14.3303 3.09216
      vertex -14.3208 -14.3218 5
      vertex -14.3121 -14.3399 3.09216
    endloop
  endfacet
  facet normal -0.206558 0.766642 0.607942
    outer loop
      vertex 12.1182 -17.2324 2
      vertex 11.9278 -17.2837 2
      vertex 10.1926 -20.1302 5
    endloop
  endfacet
  facet normal -0.927998 -0.364273 0.0782629
    outer loop
      vertex 13.975 15.754 2.93959
      vertex 13.7567 16.7528 5
      vertex 13.9421 15.8344 2.9237
    endloop
  endfacet
  facet normal -0.92805 -0.364154 0.0782
    outer loop
      vertex 13.7567 16.7528 5
      vertex 13.975 15.754 2.93959
      vertex 13.995 15.7051 2.94923
    endloop
  endfacet
  facet normal 0.143774 0.754762 0.64005
    outer loop
      vertex -9.83659 -20.2261 5
      vertex -9.47594 -20.2948 5
      vertex -11.9278 -17.2837 2
    endloop
  endfacet
  facet normal 0.27074 0.773366 0.573241
    outer loop
      vertex -10.1926 -20.1302 5
      vertex -12.1182 -17.2324 2
      vertex -12.3053 -17.1669 2
    endloop
  endfacet
  facet normal 0.206558 0.766642 0.607942
    outer loop
      vertex -10.1926 -20.1302 5
      vertex -11.9278 -17.2837 2
      vertex -12.1182 -17.2324 2
    endloop
  endfacet
  facet normal -0.336649 0.774496 0.535559
    outer loop
      vertex 10.8845 -19.859 5
      vertex 12.4883 -17.0874 2
      vertex 10.5424 -20.0077 5
    endloop
  endfacet
  facet normal -0.143999 -0.754823 0.639927
    outer loop
      vertex 11.7349 17.3205 2
      vertex 11.9278 17.2837 2
      vertex 9.47594 20.2948 5
    endloop
  endfacet
  facet normal -0.0840558 -0.738554 0.668934
    outer loop
      vertex 11.7349 17.3205 2
      vertex 9.47594 20.2948 5
      vertex 9.11218 20.3362 5
    endloop
  endfacet
  facet normal 0.206558 -0.766642 0.607942
    outer loop
      vertex -11.9278 17.2837 2
      vertex -10.1926 20.1302 5
      vertex -12.1182 17.2324 2
    endloop
  endfacet
  facet normal 0.704456 0.651368 0.28189
    outer loop
      vertex -12.6966 -18.4608 5
      vertex -13.2519 -16.6942 2.30561
      vertex -13.3506 -16.6377 2.42171
    endloop
  endfacet
  facet normal -0.336461 0.774495 0.535679
    outer loop
      vertex 12.4883 -17.0874 2
      vertex 12.3053 -17.1669 2
      vertex 10.5424 -20.0077 5
    endloop
  endfacet
  facet normal 0.872551 -0.469873 0.133692
    outer loop
      vertex -13.5843 17.125 5
      vertex -13.7174 16.2421 2.76565
      vertex -13.3913 17.4834 5
    endloop
  endfacet
  facet normal 0.87255 -0.469874 0.133692
    outer loop
      vertex -13.7638 16.1659 2.80067
      vertex -13.7174 16.2421 2.76565
      vertex -13.5843 17.125 5
    endloop
  endfacet
  facet normal 0.861084 -0.507073 0.0375609
    outer loop
      vertex -13.7174 16.2421 2.76565
      vertex -13.7638 16.1659 2.80067
      vertex -13.7234 16.2322 2.76955
    endloop
  endfacet
  facet normal 0.754014 0.611091 0.240895
    outer loop
      vertex -12.9465 -18.1528 5
      vertex -13.3804 -16.6135 2.4533
      vertex -13.4727 -16.5383 2.55144
    endloop
  endfacet
  facet normal 0.949248 -0.309527 0.0558681
    outer loop
      vertex -14.0363 15.9733 5
      vertex -14.0408 15.5946 2.97834
      vertex -13.9075 16.3683 5
    endloop
  endfacet
  facet normal 0.949245 -0.309536 0.0558697
    outer loop
      vertex -14.0408 15.5946 2.97834
      vertex -14.0363 15.9733 5
      vertex -14.0823 15.4711 2.99921
    endloop
  endfacet
  facet normal 0.989848 0.141692 0.0111253
    outer loop
      vertex -14.2849 -14.7419 5
      vertex -14.2788 -14.634 3.08306
      vertex -14.2991 -14.4929 3.09216
    endloop
  endfacet
  facet normal -0.650463 0.686755 0.324445
    outer loop
      vertex 13.2141 -16.7118 2.25913
      vertex 13.1179 -16.7445 2.13548
      vertex 12.1473 -19.0171 5
    endloop
  endfacet
  facet normal 0.966483 0.254015 0.0372324
    outer loop
      vertex -14.1424 -15.5694 5
      vertex -14.1632 -15.2021 3.03405
      vertex -14.1998 -15.0658 3.05422
    endloop
  endfacet
  facet normal -0.949248 -0.309527 0.0558681
    outer loop
      vertex 14.0408 15.5946 2.97834
      vertex 14.0363 15.9733 5
      vertex 13.9075 16.3683 5
    endloop
  endfacet
  facet normal -0.949245 -0.309536 0.0558697
    outer loop
      vertex 14.0363 15.9733 5
      vertex 14.0408 15.5946 2.97834
      vertex 14.0823 15.4711 2.99921
    endloop
  endfacet
  facet normal 0.97991 0.198182 0.0223856
    outer loop
      vertex -14.1424 -15.5694 5
      vertex -14.1998 -15.0658 3.05422
      vertex -14.2282 -14.9265 3.06417
    endloop
  endfacet
  facet normal -0.270836 -0.773375 0.573183
    outer loop
      vertex 12.3053 17.1669 2
      vertex 10.5424 20.0077 5
      vertex 10.1926 20.1302 5
    endloop
  endfacet
  facet normal -0.27074 -0.773366 0.573241
    outer loop
      vertex 12.1182 17.2324 2
      vertex 12.3053 17.1669 2
      vertex 10.1926 20.1302 5
    endloop
  endfacet
  facet normal -0.467952 -0.758223 0.454004
    outer loop
      vertex 12.6664 16.9942 2
      vertex 12.8388 16.8878 2
      vertex 11.2174 19.6848 5
    endloop
  endfacet
  facet normal -0.402692 -0.769521 0.495658
    outer loop
      vertex 12.4883 17.0874 2
      vertex 12.6664 16.9942 2
      vertex 11.2174 19.6848 5
    endloop
  endfacet
  facet normal 0.467952 -0.758223 0.454004
    outer loop
      vertex -12.6664 16.9942 2
      vertex -11.2174 19.6848 5
      vertex -12.8388 16.8878 2
    endloop
  endfacet
  facet normal 0.27074 -0.773366 0.573241
    outer loop
      vertex -12.1182 17.2324 2
      vertex -10.1926 20.1302 5
      vertex -12.3053 17.1669 2
    endloop
  endfacet
  facet normal 0.704456 -0.651368 0.28189
    outer loop
      vertex -13.2519 16.6942 2.30561
      vertex -12.6966 18.4608 5
      vertex -13.3506 16.6377 2.42171
    endloop
  endfacet
  facet normal 0.753619 -0.611459 0.2412
    outer loop
      vertex -12.9465 18.1528 5
      vertex -13.3506 16.6377 2.42171
      vertex -12.6966 18.4608 5
    endloop
  endfacet
  facet normal 0.753074 -0.611976 0.241589
    outer loop
      vertex -13.3506 16.6377 2.42171
      vertex -12.9465 18.1528 5
      vertex -13.3804 16.6135 2.4533
    endloop
  endfacet
  facet normal 0.206512 -0.766637 0.607964
    outer loop
      vertex -9.83659 20.2261 5
      vertex -10.1926 20.1302 5
      vertex -11.9278 17.2837 2
    endloop
  endfacet
  facet normal 0.336461 -0.774495 0.535679
    outer loop
      vertex -12.3053 17.1669 2
      vertex -10.5424 20.0077 5
      vertex -12.4883 17.0874 2
    endloop
  endfacet
  facet normal -0.336649 -0.774496 0.535559
    outer loop
      vertex 12.4883 17.0874 2
      vertex 10.8845 19.859 5
      vertex 10.5424 20.0077 5
    endloop
  endfacet
  facet normal -0.53174 -0.740476 0.411033
    outer loop
      vertex 12.8388 16.8878 2
      vertex 11.8502 19.263 5
      vertex 11.5398 19.4859 5
    endloop
  endfacet
  facet normal 0.467793 -0.758253 0.454118
    outer loop
      vertex -11.2174 19.6848 5
      vertex -11.5398 19.4859 5
      vertex -12.8388 16.8878 2
    endloop
  endfacet
  facet normal 0.53174 -0.740476 0.411033
    outer loop
      vertex -11.5398 19.4859 5
      vertex -11.8502 19.263 5
      vertex -12.8388 16.8878 2
    endloop
  endfacet
  facet normal 0.270836 -0.773375 0.573183
    outer loop
      vertex -10.1926 20.1302 5
      vertex -10.5424 20.0077 5
      vertex -12.3053 17.1669 2
    endloop
  endfacet
  facet normal 0.0840558 -0.738554 0.668934
    outer loop
      vertex -9.11218 20.3362 5
      vertex -9.47594 20.2948 5
      vertex -11.7349 17.3205 2
    endloop
  endfacet
  facet normal 0.143999 -0.754823 0.639927
    outer loop
      vertex -11.7349 17.3205 2
      vertex -9.47594 20.2948 5
      vertex -11.9278 17.2837 2
    endloop
  endfacet
endsolid OpenSCAD_Model
