solid OpenSCAD_Model
  facet normal -0.675605 0.737264 0
    outer loop
      vertex -15.6922 20.5646 0.4
      vertex -16.2518 20.0518 11.2
      vertex -15.6922 20.5646 11.2
    endloop
  endfacet
  facet normal -0.675605 0.737264 0
    outer loop
      vertex -16.2518 20.0518 11.2
      vertex -15.6922 20.5646 0.4
      vertex -16.2518 20.0518 0.4
    endloop
  endfacet
  facet normal -0.6907 0.153147 -0.706738
    outer loop
      vertex -18.2739 15.3413 0
      vertex -18.6678 15.4107 0.4
      vertex -18.5035 16.1517 0.4
    endloop
  endfacet
  facet normal 0.326663 0.627418 -0.706851
    outer loop
      vertex 14.45 21.4344 0.4
      vertex 13.6077 21.4223 0
      vertex 13.7768 21.7849 0.4
    endloop
  endfacet
  facet normal -0.270723 -0.653506 -0.706851
    outer loop
      vertex -12.9388 -21.6994 0
      vertex -13.7768 -21.7849 0.4
      vertex -13.6077 -21.4223 0
    endloop
  endfacet
  facet normal 0.0436145 -0.999048 0
    outer loop
      vertex 10.1 -22.6 0.4
      vertex 10.8582 -22.5669 11.2
      vertex 10.1 -22.6 11.2
    endloop
  endfacet
  facet normal 0.0436145 -0.999048 0
    outer loop
      vertex 10.8582 -22.5669 11.2
      vertex 10.1 -22.6 0.4
      vertex 10.8582 -22.5669 0.4
    endloop
  endfacet
  facet normal 0.953734 -0.300652 0
    outer loop
      vertex 18.2753 -16.8756 11.2
      vertex 18.5035 -16.1517 0.4
      vertex 18.5035 -16.1517 11.2
    endloop
  endfacet
  facet normal 0.953734 -0.300652 0
    outer loop
      vertex 18.5035 -16.1517 0.4
      vertex 18.2753 -16.8756 11.2
      vertex 18.2753 -16.8756 0.4
    endloop
  endfacet
  facet normal 0.030854 0.706753 -0.706787
    outer loop
      vertex 10.8234 22.1684 0
      vertex 10.1 22.6 0.4
      vertex 10.8582 22.5669 0.4
    endloop
  endfacet
  facet normal -0.380072 -0.596683 -0.706764
    outer loop
      vertex -14.45 -21.4344 0.4
      vertex -14.8607 -20.699 0
      vertex -14.25 -21.088 0
    endloop
  endfacet
  facet normal 0.153147 -0.6907 -0.706738
    outer loop
      vertex 11.6107 -22.4678 0.4
      vertex 11.5413 -22.0739 0
      vertex 12.3517 -22.3035 0.4
    endloop
  endfacet
  facet normal -0.030854 -0.706753 -0.706787
    outer loop
      vertex -10.1 -22.6 0.4
      vertex -10.8582 -22.5669 0.4
      vertex -10.8234 -22.1684 0
    endloop
  endfacet
  facet normal 0.674697 -0.212689 -0.706786
    outer loop
      vertex 18.2753 -16.8756 0.4
      vertex 17.8994 -16.7388 0
      vertex 18.5035 -16.1517 0.4
    endloop
  endfacet
  facet normal -0.212689 -0.674697 -0.706786
    outer loop
      vertex -12.3517 -22.3035 0.4
      vertex -13.0756 -22.0753 0.4
      vertex -12.9388 -21.6994 0
    endloop
  endfacet
  facet normal 0 1 -0
    outer loop
      vertex 10.1 22.6 0.4
      vertex -10.1 22.6 11.2
      vertex 10.1 22.6 11.2
    endloop
  endfacet
  facet normal 0 1 0
    outer loop
      vertex -10.1 22.6 11.2
      vertex 10.1 22.6 0.4
      vertex -10.1 22.6 0.4
    endloop
  endfacet
  facet normal 0.608755 -0.793358 0
    outer loop
      vertex 15.0901 -21.0266 0.4
      vertex 15.6922 -20.5646 11.2
      vertex 15.0901 -21.0266 11.2
    endloop
  endfacet
  facet normal 0.608755 -0.793358 0
    outer loop
      vertex 15.6922 -20.5646 11.2
      vertex 15.0901 -21.0266 0.4
      vertex 15.6922 -20.5646 0.4
    endloop
  endfacet
  facet normal 0.270723 0.653506 -0.706851
    outer loop
      vertex 13.6077 21.4223 0
      vertex 12.9388 21.6994 0
      vertex 13.7768 21.7849 0.4
    endloop
  endfacet
  facet normal -0.675605 -0.737264 0
    outer loop
      vertex -16.2518 -20.0518 0.4
      vertex -15.6922 -20.5646 11.2
      vertex -16.2518 -20.0518 11.2
    endloop
  endfacet
  facet normal -0.675605 -0.737264 -0
    outer loop
      vertex -15.6922 -20.5646 11.2
      vertex -16.2518 -20.0518 0.4
      vertex -15.6922 -20.5646 0.4
    endloop
  endfacet
  facet normal -0.886982 -0.461805 0
    outer loop
      vertex -17.6344 -18.25 0.4
      vertex -17.9849 -17.5768 11.2
      vertex -17.9849 -17.5768 0.4
    endloop
  endfacet
  facet normal -0.886982 -0.461805 0
    outer loop
      vertex -17.9849 -17.5768 11.2
      vertex -17.6344 -18.25 0.4
      vertex -17.6344 -18.25 11.2
    endloop
  endfacet
  facet normal -1 0 0
    outer loop
      vertex -18.8 -13.9 0.4
      vertex -18.8 13.9 11.2
      vertex -18.8 13.9 0.4
    endloop
  endfacet
  facet normal -1 -0 0
    outer loop
      vertex -18.8 13.9 11.2
      vertex -18.8 -13.9 0.4
      vertex -18.8 -13.9 11.2
    endloop
  endfacet
  facet normal -0.0308735 0.70677 -0.70677
    outer loop
      vertex -10.1 22.2 0
      vertex -10.8234 22.1684 0
      vertex -10.1 22.6 0.4
    endloop
  endfacet
  facet normal -0.953734 0.300652 0
    outer loop
      vertex -18.5035 16.1517 0.4
      vertex -18.2753 16.8756 11.2
      vertex -18.2753 16.8756 0.4
    endloop
  endfacet
  facet normal -0.953734 0.300652 0
    outer loop
      vertex -18.2753 16.8756 11.2
      vertex -18.5035 16.1517 0.4
      vertex -18.5035 16.1517 11.2
    endloop
  endfacet
  facet normal 0.0923307 -0.70142 -0.706743
    outer loop
      vertex 11.6107 -22.4678 0.4
      vertex 10.8234 -22.1684 0
      vertex 11.5413 -22.0739 0
    endloop
  endfacet
  facet normal -0.0923307 0.70142 -0.706743
    outer loop
      vertex -11.5413 22.0739 0
      vertex -11.6107 22.4678 0.4
      vertex -10.8234 22.1684 0
    endloop
  endfacet
  facet normal 0.737264 -0.675605 0
    outer loop
      vertex 16.2518 -20.0518 11.2
      vertex 16.7646 -19.4922 0.4
      vertex 16.7646 -19.4922 11.2
    endloop
  endfacet
  facet normal 0.737264 -0.675605 0
    outer loop
      vertex 16.7646 -19.4922 0.4
      vertex 16.2518 -20.0518 11.2
      vertex 16.2518 -20.0518 0.4
    endloop
  endfacet
  facet normal 0.70138 -0.0923255 -0.706783
    outer loop
      vertex 18.7669 -14.6582 0.4
      vertex 18.2739 -15.3413 0
      vertex 18.3684 -14.6234 0
    endloop
  endfacet
  facet normal -0.70677 0.0308548 -0.70677
    outer loop
      vertex -18.4 13.9 0
      vertex -18.8 13.9 0.4
      vertex -18.7669 14.6582 0.4
    endloop
  endfacet
  facet normal -0.991439 0.130567 0
    outer loop
      vertex -18.7669 14.6582 0.4
      vertex -18.6678 15.4107 11.2
      vertex -18.6678 15.4107 0.4
    endloop
  endfacet
  facet normal -0.991439 0.130567 0
    outer loop
      vertex -18.6678 15.4107 11.2
      vertex -18.7669 14.6582 0.4
      vertex -18.7669 14.6582 11.2
    endloop
  endfacet
  facet normal 0.130567 0.991439 -0
    outer loop
      vertex 11.6107 22.4678 0.4
      vertex 10.8582 22.5669 11.2
      vertex 11.6107 22.4678 11.2
    endloop
  endfacet
  facet normal 0.130567 0.991439 0
    outer loop
      vertex 10.8582 22.5669 11.2
      vertex 11.6107 22.4678 0.4
      vertex 10.8582 22.5669 0.4
    endloop
  endfacet
  facet normal 0.596697 0.380149 -0.70671
    outer loop
      vertex 17.6344 18.25 0.4
      vertex 16.899 18.6607 0
      vertex 17.2266 18.8901 0.4
    endloop
  endfacet
  facet normal -0.461805 -0.886982 0
    outer loop
      vertex -14.45 -21.4344 0.4
      vertex -13.7768 -21.7849 11.2
      vertex -14.45 -21.4344 11.2
    endloop
  endfacet
  facet normal -0.461805 -0.886982 -0
    outer loop
      vertex -13.7768 -21.7849 11.2
      vertex -14.45 -21.4344 0.4
      vertex -13.7768 -21.7849 0.4
    endloop
  endfacet
  facet normal 0.0308735 0.70677 -0.70677
    outer loop
      vertex 10.8234 22.1684 0
      vertex 10.1 22.2 0
      vertex 10.1 22.6 0.4
    endloop
  endfacet
  facet normal 0.675605 -0.737264 0
    outer loop
      vertex 15.6922 -20.5646 0.4
      vertex 16.2518 -20.0518 11.2
      vertex 15.6922 -20.5646 11.2
    endloop
  endfacet
  facet normal 0.675605 -0.737264 0
    outer loop
      vertex 16.2518 -20.0518 11.2
      vertex 15.6922 -20.5646 0.4
      vertex 16.2518 -20.0518 0.4
    endloop
  endfacet
  facet normal -0.999048 -0.0436145 0
    outer loop
      vertex -18.7669 -14.6582 0.4
      vertex -18.8 -13.9 11.2
      vertex -18.8 -13.9 0.4
    endloop
  endfacet
  facet normal -0.999048 -0.0436145 0
    outer loop
      vertex -18.8 -13.9 11.2
      vertex -18.7669 -14.6582 0.4
      vertex -18.7669 -14.6582 11.2
    endloop
  endfacet
  facet normal -0.430672 0.561272 -0.706749
    outer loop
      vertex -15.4351 20.2582 0
      vertex -15.6922 20.5646 0.4
      vertex -15.0901 21.0266 0.4
    endloop
  endfacet
  facet normal -0.737264 0.675605 0
    outer loop
      vertex -16.7646 19.4922 0.4
      vertex -16.2518 20.0518 11.2
      vertex -16.2518 20.0518 0.4
    endloop
  endfacet
  facet normal -0.737264 0.675605 0
    outer loop
      vertex -16.2518 20.0518 11.2
      vertex -16.7646 19.4922 0.4
      vertex -16.7646 19.4922 11.2
    endloop
  endfacet
  facet normal -0.0436145 0.999048 0
    outer loop
      vertex -10.1 22.6 0.4
      vertex -10.8582 22.5669 11.2
      vertex -10.1 22.6 11.2
    endloop
  endfacet
  facet normal -0.0436145 0.999048 0
    outer loop
      vertex -10.8582 22.5669 11.2
      vertex -10.1 22.6 0.4
      vertex -10.8582 22.5669 0.4
    endloop
  endfacet
  facet normal -0.923901 0.382631 0
    outer loop
      vertex -18.2753 16.8756 0.4
      vertex -17.9849 17.5768 11.2
      vertex -17.9849 17.5768 0.4
    endloop
  endfacet
  facet normal -0.923901 0.382631 0
    outer loop
      vertex -17.9849 17.5768 11.2
      vertex -18.2753 16.8756 0.4
      vertex -18.2753 16.8756 11.2
    endloop
  endfacet
  facet normal -0.596697 0.380149 -0.70671
    outer loop
      vertex -16.899 18.6607 0
      vertex -17.6344 18.25 0.4
      vertex -17.2266 18.8901 0.4
    endloop
  endfacet
  facet normal 0.030854 -0.706753 -0.706787
    outer loop
      vertex 10.8582 -22.5669 0.4
      vertex 10.1 -22.6 0.4
      vertex 10.8234 -22.1684 0
    endloop
  endfacet
  facet normal -0.561303 -0.430696 -0.706711
    outer loop
      vertex -16.7646 -19.4922 0.4
      vertex -17.2266 -18.8901 0.4
      vertex -16.899 -18.6607 0
    endloop
  endfacet
  facet normal 0.608755 0.793358 -0
    outer loop
      vertex 15.6922 20.5646 0.4
      vertex 15.0901 21.0266 11.2
      vertex 15.6922 20.5646 11.2
    endloop
  endfacet
  facet normal 0.608755 0.793358 0
    outer loop
      vertex 15.0901 21.0266 11.2
      vertex 15.6922 20.5646 0.4
      vertex 15.0901 21.0266 0.4
    endloop
  endfacet
  facet normal -0.380149 -0.596697 -0.70671
    outer loop
      vertex -14.45 -21.4344 0.4
      vertex -15.0901 -21.0266 0.4
      vertex -14.8607 -20.699 0
    endloop
  endfacet
  facet normal -0.47794 -0.521611 -0.70675
    outer loop
      vertex -15.6922 -20.5646 0.4
      vertex -15.969 -19.769 0
      vertex -15.4351 -20.2582 0
    endloop
  endfacet
  facet normal -0.976289 -0.21647 0
    outer loop
      vertex -18.5035 -16.1517 0.4
      vertex -18.6678 -15.4107 11.2
      vertex -18.6678 -15.4107 0.4
    endloop
  endfacet
  facet normal -0.976289 -0.21647 0
    outer loop
      vertex -18.6678 -15.4107 11.2
      vertex -18.5035 -16.1517 0.4
      vertex -18.5035 -16.1517 11.2
    endloop
  endfacet
  facet normal 0.380072 0.596683 -0.706764
    outer loop
      vertex 14.8607 20.699 0
      vertex 14.25 21.088 0
      vertex 14.45 21.4344 0.4
    endloop
  endfacet
  facet normal -0.976289 0.21647 0
    outer loop
      vertex -18.6678 15.4107 0.4
      vertex -18.5035 16.1517 11.2
      vertex -18.5035 16.1517 0.4
    endloop
  endfacet
  facet normal -0.976289 0.21647 0
    outer loop
      vertex -18.5035 16.1517 11.2
      vertex -18.6678 15.4107 0.4
      vertex -18.6678 15.4107 11.2
    endloop
  endfacet
  facet normal -0.130567 0.991439 0
    outer loop
      vertex -10.8582 22.5669 0.4
      vertex -11.6107 22.4678 11.2
      vertex -10.8582 22.5669 11.2
    endloop
  endfacet
  facet normal -0.130567 0.991439 0
    outer loop
      vertex -11.6107 22.4678 11.2
      vertex -10.8582 22.5669 0.4
      vertex -11.6107 22.4678 0.4
    endloop
  endfacet
  facet normal -0.991439 -0.130567 0
    outer loop
      vertex -18.6678 -15.4107 0.4
      vertex -18.7669 -14.6582 11.2
      vertex -18.7669 -14.6582 0.4
    endloop
  endfacet
  facet normal -0.991439 -0.130567 0
    outer loop
      vertex -18.7669 -14.6582 11.2
      vertex -18.6678 -15.4107 0.4
      vertex -18.6678 -15.4107 11.2
    endloop
  endfacet
  facet normal -0.53731 0.843385 0
    outer loop
      vertex -14.45 21.4344 0.4
      vertex -15.0901 21.0266 11.2
      vertex -14.45 21.4344 11.2
    endloop
  endfacet
  facet normal -0.53731 0.843385 0
    outer loop
      vertex -15.0901 21.0266 11.2
      vertex -14.45 21.4344 0.4
      vertex -15.0901 21.0266 0.4
    endloop
  endfacet
  facet normal -0.326619 0.627542 -0.706761
    outer loop
      vertex -14.25 21.088 0
      vertex -14.45 21.4344 0.4
      vertex -13.6077 21.4223 0
    endloop
  endfacet
  facet normal 0 0 -1
    outer loop
      vertex -10.116 -16.6808 0
      vertex 10.116 -16.6808 0
      vertex -10.0081 -16.85 0
    endloop
  endfacet
  facet normal 0 0 -1
    outer loop
      vertex 10.6808 16.116 0
      vertex -9.70875 17.7995 0
      vertex -9.7 18 0
    endloop
  endfacet
  facet normal 0 0 -1
    outer loop
      vertex 10.116 -16.6808 0
      vertex -10.116 -16.6808 0
      vertex 10.2381 -16.5216 0
    endloop
  endfacet
  facet normal 0 0 -1
    outer loop
      vertex 10.6808 16.116 0
      vertex -9.73494 17.6006 0
      vertex -9.70875 17.7995 0
    endloop
  endfacet
  facet normal 0 0 -1
    outer loop
      vertex -10.2381 -16.5216 0
      vertex 10.2381 -16.5216 0
      vertex -10.116 -16.6808 0
    endloop
  endfacet
  facet normal 0 0 -1
    outer loop
      vertex 10.6808 16.116 0
      vertex -9.77837 17.4047 0
      vertex -9.73494 17.6006 0
    endloop
  endfacet
  facet normal 0 0 -1
    outer loop
      vertex 10.2381 -16.5216 0
      vertex -10.2381 -16.5216 0
      vertex 10.3737 -16.3737 0
    endloop
  endfacet
  facet normal 0 0 -1
    outer loop
      vertex 10.6808 16.116 0
      vertex -9.83871 17.2134 0
      vertex -9.77837 17.4047 0
    endloop
  endfacet
  facet normal 0 0 -1
    outer loop
      vertex -10.3737 -16.3737 0
      vertex 10.3737 -16.3737 0
      vertex -10.2381 -16.5216 0
    endloop
  endfacet
  facet normal 0 0 -1
    outer loop
      vertex 10.6808 16.116 0
      vertex -9.91549 17.028 0
      vertex -9.83871 17.2134 0
    endloop
  endfacet
  facet normal 0 0 -1
    outer loop
      vertex 10.3737 -16.3737 0
      vertex -10.3737 -16.3737 0
      vertex 10.5216 -16.2381 0
    endloop
  endfacet
  facet normal 0 0 -1
    outer loop
      vertex 10.6808 16.116 0
      vertex -10.0081 16.85 0
      vertex -9.91549 17.028 0
    endloop
  endfacet
  facet normal 0 0 -1
    outer loop
      vertex -10.5216 -16.2381 0
      vertex 10.5216 -16.2381 0
      vertex -10.3737 -16.3737 0
    endloop
  endfacet
  facet normal 0 0 -1
    outer loop
      vertex 10.6808 16.116 0
      vertex -10.116 16.6808 0
      vertex -10.0081 16.85 0
    endloop
  endfacet
  facet normal 0 0 -1
    outer loop
      vertex 10.5216 -16.2381 0
      vertex -10.5216 -16.2381 0
      vertex 10.6808 -16.116 0
    endloop
  endfacet
  facet normal 0 0 -1
    outer loop
      vertex 10.6808 16.116 0
      vertex -10.2381 16.5216 0
      vertex -10.116 16.6808 0
    endloop
  endfacet
  facet normal 0 0 -1
    outer loop
      vertex -10.6808 -16.116 0
      vertex 10.6808 -16.116 0
      vertex -10.5216 -16.2381 0
    endloop
  endfacet
  facet normal 0 0 -1
    outer loop
      vertex 10.6808 16.116 0
      vertex -10.3737 16.3737 0
      vertex -10.2381 16.5216 0
    endloop
  endfacet
  facet normal 0 0 -1
    outer loop
      vertex 10.6808 -16.116 0
      vertex -10.6808 -16.116 0
      vertex 10.6808 16.116 0
    endloop
  endfacet
  facet normal 0 0 -1
    outer loop
      vertex 10.6808 16.116 0
      vertex -10.5216 16.2381 0
      vertex -10.3737 16.3737 0
    endloop
  endfacet
  facet normal 0 0 -1
    outer loop
      vertex -10.6808 16.116 0
      vertex 10.6808 16.116 0
      vertex -10.6808 -16.116 0
    endloop
  endfacet
  facet normal 0 0 -1
    outer loop
      vertex 10.6808 16.116 0
      vertex -10.6808 16.116 0
      vertex -10.5216 16.2381 0
    endloop
  endfacet
  facet normal 0 0 -1
    outer loop
      vertex -10.85 -16.0081 0
      vertex -10.6808 16.116 0
      vertex -10.6808 -16.116 0
    endloop
  endfacet
  facet normal 0 0 -1
    outer loop
      vertex -10.85 -16.0081 0
      vertex -10.85 16.0081 0
      vertex -10.6808 16.116 0
    endloop
  endfacet
  facet normal 0 0 -1
    outer loop
      vertex -11.028 -15.9155 0
      vertex -10.85 16.0081 0
      vertex -10.85 -16.0081 0
    endloop
  endfacet
  facet normal 0 0 -1
    outer loop
      vertex -11.028 -15.9155 0
      vertex -11.028 15.9155 0
      vertex -10.85 16.0081 0
    endloop
  endfacet
  facet normal 0 0 -1
    outer loop
      vertex -11.2134 -15.8387 0
      vertex -11.028 15.9155 0
      vertex -11.028 -15.9155 0
    endloop
  endfacet
  facet normal 0 0 -1
    outer loop
      vertex -11.2134 -15.8387 0
      vertex -11.2134 15.8387 0
      vertex -11.028 15.9155 0
    endloop
  endfacet
  facet normal 0 0 -1
    outer loop
      vertex -11.4047 -15.7784 0
      vertex -11.2134 15.8387 0
      vertex -11.2134 -15.8387 0
    endloop
  endfacet
  facet normal 0 0 -1
    outer loop
      vertex -11.4047 -15.7784 0
      vertex -11.4047 15.7784 0
      vertex -11.2134 15.8387 0
    endloop
  endfacet
  facet normal 0 0 -1
    outer loop
      vertex -11.6006 -15.7349 0
      vertex -11.4047 15.7784 0
      vertex -11.4047 -15.7784 0
    endloop
  endfacet
  facet normal 0 0 -1
    outer loop
      vertex -11.6006 -15.7349 0
      vertex -11.6006 15.7349 0
      vertex -11.4047 15.7784 0
    endloop
  endfacet
  facet normal 0 0 -1
    outer loop
      vertex -11.7995 -15.7088 0
      vertex -11.6006 15.7349 0
      vertex -11.6006 -15.7349 0
    endloop
  endfacet
  facet normal 0 0 -1
    outer loop
      vertex -11.7995 -15.7088 0
      vertex -11.7995 15.7088 0
      vertex -11.6006 15.7349 0
    endloop
  endfacet
  facet normal 0 0 -1
    outer loop
      vertex -18.4 -13.9 0
      vertex -11.7995 -15.7088 0
      vertex -12 -15.7 0
    endloop
  endfacet
  facet normal 0 0 -1
    outer loop
      vertex -11.7995 -15.7088 0
      vertex -18.4 -13.9 0
      vertex -11.7995 15.7088 0
    endloop
  endfacet
  facet normal 0 0 -1
    outer loop
      vertex -18.4 -13.9 0
      vertex -12 -15.7 0
      vertex -12.2005 -15.7088 0
    endloop
  endfacet
  facet normal 0 0 -1
    outer loop
      vertex -18.4 13.9 0
      vertex -11.7995 15.7088 0
      vertex -18.4 -13.9 0
    endloop
  endfacet
  facet normal 0 0 -1
    outer loop
      vertex -18.4 -13.9 0
      vertex -12.2005 -15.7088 0
      vertex -12.3994 -15.7349 0
    endloop
  endfacet
  facet normal 0 0 -1
    outer loop
      vertex -11.7995 15.7088 0
      vertex -18.4 13.9 0
      vertex -12 15.7 0
    endloop
  endfacet
  facet normal 0 0 -1
    outer loop
      vertex -18.4 -13.9 0
      vertex -12.3994 -15.7349 0
      vertex -12.5953 -15.7784 0
    endloop
  endfacet
  facet normal -0 0 -1
    outer loop
      vertex -12 15.7 0
      vertex -18.4 13.9 0
      vertex -12.2005 15.7088 0
    endloop
  endfacet
  facet normal 0 0 -1
    outer loop
      vertex -18.4 -13.9 0
      vertex -12.5953 -15.7784 0
      vertex -12.7866 -15.8387 0
    endloop
  endfacet
  facet normal -0 0 -1
    outer loop
      vertex -12.2005 15.7088 0
      vertex -18.4 13.9 0
      vertex -12.3994 15.7349 0
    endloop
  endfacet
  facet normal 0 0 -1
    outer loop
      vertex -18.4 -13.9 0
      vertex -12.7866 -15.8387 0
      vertex -12.972 -15.9155 0
    endloop
  endfacet
  facet normal -0 0 -1
    outer loop
      vertex -12.3994 15.7349 0
      vertex -18.4 13.9 0
      vertex -12.5953 15.7784 0
    endloop
  endfacet
  facet normal 0 0 -1
    outer loop
      vertex -18.4 -13.9 0
      vertex -12.972 -15.9155 0
      vertex -13.15 -16.0081 0
    endloop
  endfacet
  facet normal -0 0 -1
    outer loop
      vertex -12.5953 15.7784 0
      vertex -18.4 13.9 0
      vertex -12.7866 15.8387 0
    endloop
  endfacet
  facet normal 0 0 -1
    outer loop
      vertex -18.4 -13.9 0
      vertex -13.15 -16.0081 0
      vertex -13.3192 -16.116 0
    endloop
  endfacet
  facet normal -0 0 -1
    outer loop
      vertex -12.7866 15.8387 0
      vertex -18.4 13.9 0
      vertex -12.972 15.9155 0
    endloop
  endfacet
  facet normal 0 0 -1
    outer loop
      vertex -18.4 -13.9 0
      vertex -13.3192 -16.116 0
      vertex -13.4784 -16.2381 0
    endloop
  endfacet
  facet normal -0 0 -1
    outer loop
      vertex -12.972 15.9155 0
      vertex -18.4 13.9 0
      vertex -13.15 16.0081 0
    endloop
  endfacet
  facet normal 0 0 -1
    outer loop
      vertex -18.3684 -14.6234 0
      vertex -13.4784 -16.2381 0
      vertex -13.6263 -16.3737 0
    endloop
  endfacet
  facet normal -0 0 -1
    outer loop
      vertex -13.15 16.0081 0
      vertex -18.4 13.9 0
      vertex -13.3192 16.116 0
    endloop
  endfacet
  facet normal 0 0 -1
    outer loop
      vertex -18.3684 -14.6234 0
      vertex -13.6263 -16.3737 0
      vertex -13.7619 -16.5216 0
    endloop
  endfacet
  facet normal -0 0 -1
    outer loop
      vertex -13.3192 16.116 0
      vertex -18.4 13.9 0
      vertex -13.4784 16.2381 0
    endloop
  endfacet
  facet normal 0 0 -1
    outer loop
      vertex -18.2739 -15.3413 0
      vertex -13.7619 -16.5216 0
      vertex -13.884 -16.6808 0
    endloop
  endfacet
  facet normal 0 -0 -1
    outer loop
      vertex -18.3684 14.6234 0
      vertex -13.4784 16.2381 0
      vertex -18.4 13.9 0
    endloop
  endfacet
  facet normal 0 0 -1
    outer loop
      vertex -18.1172 -16.0482 0
      vertex -13.884 -16.6808 0
      vertex -13.9919 -16.85 0
    endloop
  endfacet
  facet normal -0 0 -1
    outer loop
      vertex -13.4784 16.2381 0
      vertex -18.3684 14.6234 0
      vertex -13.6263 16.3737 0
    endloop
  endfacet
  facet normal 0 0 -1
    outer loop
      vertex -17.8994 -16.7388 0
      vertex -13.9919 -16.85 0
      vertex -14.0845 -17.028 0
    endloop
  endfacet
  facet normal -0 0 -1
    outer loop
      vertex -13.6263 16.3737 0
      vertex -18.3684 14.6234 0
      vertex -13.7619 16.5216 0
    endloop
  endfacet
  facet normal 0 0 -1
    outer loop
      vertex -17.6223 -17.4077 0
      vertex -14.0845 -17.028 0
      vertex -14.1613 -17.2134 0
    endloop
  endfacet
  facet normal 0 -0 -1
    outer loop
      vertex -18.2739 15.3413 0
      vertex -13.7619 16.5216 0
      vertex -18.3684 14.6234 0
    endloop
  endfacet
  facet normal 0 0 -1
    outer loop
      vertex -17.6223 -17.4077 0
      vertex -14.1613 -17.2134 0
      vertex -14.2216 -17.4047 0
    endloop
  endfacet
  facet normal -0 0 -1
    outer loop
      vertex -13.7619 16.5216 0
      vertex -18.2739 15.3413 0
      vertex -13.884 16.6808 0
    endloop
  endfacet
  facet normal 0 0 -1
    outer loop
      vertex -17.288 -18.05 0
      vertex -14.2216 -17.4047 0
      vertex -14.2651 -17.6006 0
    endloop
  endfacet
  facet normal 0 -0 -1
    outer loop
      vertex -18.1172 16.0482 0
      vertex -13.884 16.6808 0
      vertex -18.2739 15.3413 0
    endloop
  endfacet
  facet normal 0 0 -1
    outer loop
      vertex -17.288 -18.05 0
      vertex -14.2651 -17.6006 0
      vertex -14.2912 -17.7995 0
    endloop
  endfacet
  facet normal -0 0 -1
    outer loop
      vertex -13.884 16.6808 0
      vertex -18.1172 16.0482 0
      vertex -13.9919 16.85 0
    endloop
  endfacet
  facet normal 0 0 -1
    outer loop
      vertex -16.899 -18.6607 0
      vertex -14.2912 -17.7995 0
      vertex -14.3 -18 0
    endloop
  endfacet
  facet normal 0 -0 -1
    outer loop
      vertex -17.8994 16.7388 0
      vertex -13.9919 16.85 0
      vertex -18.1172 16.0482 0
    endloop
  endfacet
  facet normal -0 0 -1
    outer loop
      vertex 17.8994 -16.7388 0
      vertex 13.9919 -16.85 0
      vertex 18.1172 -16.0482 0
    endloop
  endfacet
  facet normal 0 0 -1
    outer loop
      vertex 18.4 13.9 0
      vertex 14.2912 17.7995 0
      vertex 14.3 18 0
    endloop
  endfacet
  facet normal 0 0 -1
    outer loop
      vertex 13.884 -16.6808 0
      vertex 18.1172 -16.0482 0
      vertex 13.9919 -16.85 0
    endloop
  endfacet
  facet normal 0 0 -1
    outer loop
      vertex 18.4 13.9 0
      vertex 14.2651 17.6006 0
      vertex 14.2912 17.7995 0
    endloop
  endfacet
  facet normal -0 0 -1
    outer loop
      vertex 18.1172 -16.0482 0
      vertex 13.884 -16.6808 0
      vertex 18.2739 -15.3413 0
    endloop
  endfacet
  facet normal 0 0 -1
    outer loop
      vertex 18.4 13.9 0
      vertex 14.2216 17.4047 0
      vertex 14.2651 17.6006 0
    endloop
  endfacet
  facet normal 0 0 -1
    outer loop
      vertex 13.7619 -16.5216 0
      vertex 18.2739 -15.3413 0
      vertex 13.884 -16.6808 0
    endloop
  endfacet
  facet normal 0 0 -1
    outer loop
      vertex 18.4 13.9 0
      vertex 14.1613 17.2134 0
      vertex 14.2216 17.4047 0
    endloop
  endfacet
  facet normal -0 0 -1
    outer loop
      vertex 18.2739 -15.3413 0
      vertex 13.7619 -16.5216 0
      vertex 18.3684 -14.6234 0
    endloop
  endfacet
  facet normal 0 0 -1
    outer loop
      vertex 18.4 13.9 0
      vertex 14.0845 17.028 0
      vertex 14.1613 17.2134 0
    endloop
  endfacet
  facet normal 0 0 -1
    outer loop
      vertex 13.6263 -16.3737 0
      vertex 18.3684 -14.6234 0
      vertex 13.7619 -16.5216 0
    endloop
  endfacet
  facet normal 0 0 -1
    outer loop
      vertex 18.4 13.9 0
      vertex 13.9919 16.85 0
      vertex 14.0845 17.028 0
    endloop
  endfacet
  facet normal 0 0 -1
    outer loop
      vertex 13.4784 -16.2381 0
      vertex 18.3684 -14.6234 0
      vertex 13.6263 -16.3737 0
    endloop
  endfacet
  facet normal 0 0 -1
    outer loop
      vertex 18.4 13.9 0
      vertex 13.884 16.6808 0
      vertex 13.9919 16.85 0
    endloop
  endfacet
  facet normal -0 0 -1
    outer loop
      vertex 18.3684 -14.6234 0
      vertex 13.4784 -16.2381 0
      vertex 18.4 -13.9 0
    endloop
  endfacet
  facet normal 0 0 -1
    outer loop
      vertex 18.4 13.9 0
      vertex 13.7619 16.5216 0
      vertex 13.884 16.6808 0
    endloop
  endfacet
  facet normal 0 0 -1
    outer loop
      vertex 13.3192 -16.116 0
      vertex 18.4 -13.9 0
      vertex 13.4784 -16.2381 0
    endloop
  endfacet
  facet normal 0 0 -1
    outer loop
      vertex 18.4 13.9 0
      vertex 13.6263 16.3737 0
      vertex 13.7619 16.5216 0
    endloop
  endfacet
  facet normal 0 0 -1
    outer loop
      vertex 13.15 -16.0081 0
      vertex 18.4 -13.9 0
      vertex 13.3192 -16.116 0
    endloop
  endfacet
  facet normal 0 0 -1
    outer loop
      vertex 18.4 13.9 0
      vertex 13.4784 16.2381 0
      vertex 13.6263 16.3737 0
    endloop
  endfacet
  facet normal 0 0 -1
    outer loop
      vertex 12.972 -15.9155 0
      vertex 18.4 -13.9 0
      vertex 13.15 -16.0081 0
    endloop
  endfacet
  facet normal 0 0 -1
    outer loop
      vertex 18.4 13.9 0
      vertex 13.3192 16.116 0
      vertex 13.4784 16.2381 0
    endloop
  endfacet
  facet normal 0 0 -1
    outer loop
      vertex 12.7866 -15.8387 0
      vertex 18.4 -13.9 0
      vertex 12.972 -15.9155 0
    endloop
  endfacet
  facet normal 0 0 -1
    outer loop
      vertex 18.4 13.9 0
      vertex 13.15 16.0081 0
      vertex 13.3192 16.116 0
    endloop
  endfacet
  facet normal 0 0 -1
    outer loop
      vertex 12.5953 -15.7784 0
      vertex 18.4 -13.9 0
      vertex 12.7866 -15.8387 0
    endloop
  endfacet
  facet normal 0 0 -1
    outer loop
      vertex 18.4 13.9 0
      vertex 12.972 15.9155 0
      vertex 13.15 16.0081 0
    endloop
  endfacet
  facet normal 0 0 -1
    outer loop
      vertex 12.3994 -15.7349 0
      vertex 18.4 -13.9 0
      vertex 12.5953 -15.7784 0
    endloop
  endfacet
  facet normal 0 0 -1
    outer loop
      vertex 18.4 13.9 0
      vertex 12.7866 15.8387 0
      vertex 12.972 15.9155 0
    endloop
  endfacet
  facet normal 0 0 -1
    outer loop
      vertex 12.2005 -15.7088 0
      vertex 18.4 -13.9 0
      vertex 12.3994 -15.7349 0
    endloop
  endfacet
  facet normal 0 0 -1
    outer loop
      vertex 18.4 13.9 0
      vertex 12.5953 15.7784 0
      vertex 12.7866 15.8387 0
    endloop
  endfacet
  facet normal 0 0 -1
    outer loop
      vertex 12 -15.7 0
      vertex 18.4 -13.9 0
      vertex 12.2005 -15.7088 0
    endloop
  endfacet
  facet normal 0 0 -1
    outer loop
      vertex 18.4 13.9 0
      vertex 12.3994 15.7349 0
      vertex 12.5953 15.7784 0
    endloop
  endfacet
  facet normal 0 0 -1
    outer loop
      vertex 11.7995 -15.7088 0
      vertex 18.4 -13.9 0
      vertex 12 -15.7 0
    endloop
  endfacet
  facet normal 0 0 -1
    outer loop
      vertex 18.4 13.9 0
      vertex 12.2005 15.7088 0
      vertex 12.3994 15.7349 0
    endloop
  endfacet
  facet normal -0 0 -1
    outer loop
      vertex 18.4 -13.9 0
      vertex 11.7995 -15.7088 0
      vertex 18.4 13.9 0
    endloop
  endfacet
  facet normal 0 0 -1
    outer loop
      vertex 18.4 13.9 0
      vertex 12 15.7 0
      vertex 12.2005 15.7088 0
    endloop
  endfacet
  facet normal 0 0 -1
    outer loop
      vertex 11.7995 15.7088 0
      vertex 18.4 13.9 0
      vertex 11.7995 -15.7088 0
    endloop
  endfacet
  facet normal 0 0 -1
    outer loop
      vertex 18.4 13.9 0
      vertex 11.7995 15.7088 0
      vertex 12 15.7 0
    endloop
  endfacet
  facet normal 0 0 -1
    outer loop
      vertex 11.6006 -15.7349 0
      vertex 11.7995 15.7088 0
      vertex 11.7995 -15.7088 0
    endloop
  endfacet
  facet normal 0 0 -1
    outer loop
      vertex 11.6006 -15.7349 0
      vertex 11.6006 15.7349 0
      vertex 11.7995 15.7088 0
    endloop
  endfacet
  facet normal 0 0 -1
    outer loop
      vertex 11.4047 -15.7784 0
      vertex 11.6006 15.7349 0
      vertex 11.6006 -15.7349 0
    endloop
  endfacet
  facet normal 0 0 -1
    outer loop
      vertex 11.4047 -15.7784 0
      vertex 11.4047 15.7784 0
      vertex 11.6006 15.7349 0
    endloop
  endfacet
  facet normal 0 0 -1
    outer loop
      vertex 11.2134 -15.8387 0
      vertex 11.4047 15.7784 0
      vertex 11.4047 -15.7784 0
    endloop
  endfacet
  facet normal 0 0 -1
    outer loop
      vertex 11.2134 -15.8387 0
      vertex 11.2134 15.8387 0
      vertex 11.4047 15.7784 0
    endloop
  endfacet
  facet normal 0 0 -1
    outer loop
      vertex 11.028 -15.9155 0
      vertex 11.2134 15.8387 0
      vertex 11.2134 -15.8387 0
    endloop
  endfacet
  facet normal 0 0 -1
    outer loop
      vertex 11.028 -15.9155 0
      vertex 11.028 15.9155 0
      vertex 11.2134 15.8387 0
    endloop
  endfacet
  facet normal 0 0 -1
    outer loop
      vertex 10.85 -16.0081 0
      vertex 11.028 15.9155 0
      vertex 11.028 -15.9155 0
    endloop
  endfacet
  facet normal 0 0 -1
    outer loop
      vertex 10.85 -16.0081 0
      vertex 10.85 16.0081 0
      vertex 11.028 15.9155 0
    endloop
  endfacet
  facet normal 0 0 -1
    outer loop
      vertex 10.6808 -16.116 0
      vertex 10.85 16.0081 0
      vertex 10.85 -16.0081 0
    endloop
  endfacet
  facet normal 0 0 -1
    outer loop
      vertex 10.6808 -16.116 0
      vertex 10.6808 16.116 0
      vertex 10.85 16.0081 0
    endloop
  endfacet
  facet normal 0 0 -1
    outer loop
      vertex 9.91549 -17.028 0
      vertex -9.91549 -17.028 0
      vertex 10.0081 -16.85 0
    endloop
  endfacet
  facet normal 0 0 -1
    outer loop
      vertex -10.0081 -16.85 0
      vertex 10.0081 -16.85 0
      vertex -9.91549 -17.028 0
    endloop
  endfacet
  facet normal 0 0 -1
    outer loop
      vertex -9.91549 -17.028 0
      vertex 9.91549 -17.028 0
      vertex -9.83871 -17.2134 0
    endloop
  endfacet
  facet normal 0 0 -1
    outer loop
      vertex 10.0081 -16.85 0
      vertex -10.0081 -16.85 0
      vertex 10.116 -16.6808 0
    endloop
  endfacet
  facet normal 0 0 -1
    outer loop
      vertex 9.83871 -17.2134 0
      vertex -9.83871 -17.2134 0
      vertex 9.91549 -17.028 0
    endloop
  endfacet
  facet normal 0 0 -1
    outer loop
      vertex 10.6808 16.116 0
      vertex -9.7 18 0
      vertex 10.5216 16.2381 0
    endloop
  endfacet
  facet normal 0 0 -1
    outer loop
      vertex -9.83871 -17.2134 0
      vertex 9.83871 -17.2134 0
      vertex -9.77837 -17.4047 0
    endloop
  endfacet
  facet normal 0 0 -1
    outer loop
      vertex 10.5216 16.2381 0
      vertex -9.7 18 0
      vertex 10.3737 16.3737 0
    endloop
  endfacet
  facet normal 0 0 -1
    outer loop
      vertex 9.77837 -17.4047 0
      vertex -9.77837 -17.4047 0
      vertex 9.83871 -17.2134 0
    endloop
  endfacet
  facet normal 0 0 -1
    outer loop
      vertex 10.3737 16.3737 0
      vertex -9.7 18 0
      vertex 10.2381 16.5216 0
    endloop
  endfacet
  facet normal 0 0 -1
    outer loop
      vertex -9.77837 -17.4047 0
      vertex 9.77837 -17.4047 0
      vertex -9.73494 -17.6006 0
    endloop
  endfacet
  facet normal 0 0 -1
    outer loop
      vertex 10.2381 16.5216 0
      vertex -9.7 18 0
      vertex 10.116 16.6808 0
    endloop
  endfacet
  facet normal 0 0 -1
    outer loop
      vertex 9.73494 -17.6006 0
      vertex -9.73494 -17.6006 0
      vertex 9.77837 -17.4047 0
    endloop
  endfacet
  facet normal 0 0 -1
    outer loop
      vertex 10.116 16.6808 0
      vertex -9.7 18 0
      vertex 10.0081 16.85 0
    endloop
  endfacet
  facet normal 0 0 -1
    outer loop
      vertex -9.73494 -17.6006 0
      vertex 9.73494 -17.6006 0
      vertex -9.70875 -17.7995 0
    endloop
  endfacet
  facet normal 0 0 -1
    outer loop
      vertex 10.0081 16.85 0
      vertex -9.7 18 0
      vertex 9.91549 17.028 0
    endloop
  endfacet
  facet normal 0 0 -1
    outer loop
      vertex 9.70875 -17.7995 0
      vertex -9.70875 -17.7995 0
      vertex 9.73494 -17.6006 0
    endloop
  endfacet
  facet normal 0 0 -1
    outer loop
      vertex 9.91549 17.028 0
      vertex -9.7 18 0
      vertex 9.83871 17.2134 0
    endloop
  endfacet
  facet normal 0 0 -1
    outer loop
      vertex -9.70875 -17.7995 0
      vertex 9.70875 -17.7995 0
      vertex -9.7 -18 0
    endloop
  endfacet
  facet normal 0 0 -1
    outer loop
      vertex 9.83871 17.2134 0
      vertex -9.7 18 0
      vertex 9.77837 17.4047 0
    endloop
  endfacet
  facet normal 0 0 -1
    outer loop
      vertex -9.7 -18 0
      vertex 9.70875 -17.7995 0
      vertex 9.7 -18 0
    endloop
  endfacet
  facet normal 0 0 -1
    outer loop
      vertex 9.77837 17.4047 0
      vertex -9.7 18 0
      vertex 9.73494 17.6006 0
    endloop
  endfacet
  facet normal 0 0 -1
    outer loop
      vertex 14.0845 -17.028 0
      vertex 17.6223 -17.4077 0
      vertex 14.1613 -17.2134 0
    endloop
  endfacet
  facet normal 0 0 -1
    outer loop
      vertex 17.6223 -17.4077 0
      vertex 14.0845 -17.028 0
      vertex 17.8994 -16.7388 0
    endloop
  endfacet
  facet normal 0 0 -1
    outer loop
      vertex 14.1613 -17.2134 0
      vertex 17.6223 -17.4077 0
      vertex 14.2216 -17.4047 0
    endloop
  endfacet
  facet normal 0 0 -1
    outer loop
      vertex 13.9919 -16.85 0
      vertex 17.8994 -16.7388 0
      vertex 14.0845 -17.028 0
    endloop
  endfacet
  facet normal 0 0 -1
    outer loop
      vertex 17.288 -18.05 0
      vertex 14.2216 -17.4047 0
      vertex 17.6223 -17.4077 0
    endloop
  endfacet
  facet normal 0 0 -1
    outer loop
      vertex 18.4 13.9 0
      vertex 14.3 18 0
      vertex 18.3684 14.6234 0
    endloop
  endfacet
  facet normal 0 0 -1
    outer loop
      vertex 14.2216 -17.4047 0
      vertex 17.288 -18.05 0
      vertex 14.2651 -17.6006 0
    endloop
  endfacet
  facet normal 0 0 -1
    outer loop
      vertex 18.3684 14.6234 0
      vertex 14.3 18 0
      vertex 18.2739 15.3413 0
    endloop
  endfacet
  facet normal 0 0 -1
    outer loop
      vertex 14.2651 -17.6006 0
      vertex 17.288 -18.05 0
      vertex 14.2912 -17.7995 0
    endloop
  endfacet
  facet normal 0 0 -1
    outer loop
      vertex 18.2739 15.3413 0
      vertex 14.3 18 0
      vertex 18.1172 16.0482 0
    endloop
  endfacet
  facet normal 0 0 -1
    outer loop
      vertex 16.899 -18.6607 0
      vertex 14.2912 -17.7995 0
      vertex 17.288 -18.05 0
    endloop
  endfacet
  facet normal 0 0 -1
    outer loop
      vertex 18.1172 16.0482 0
      vertex 14.3 18 0
      vertex 17.8994 16.7388 0
    endloop
  endfacet
  facet normal 0 0 -1
    outer loop
      vertex 14.2912 -17.7995 0
      vertex 16.899 -18.6607 0
      vertex 14.3 -18 0
    endloop
  endfacet
  facet normal 0 0 -1
    outer loop
      vertex 17.8994 16.7388 0
      vertex 14.3 18 0
      vertex 17.6223 17.4077 0
    endloop
  endfacet
  facet normal 0 0 -1
    outer loop
      vertex 14.3 -18 0
      vertex 16.899 -18.6607 0
      vertex 16.4582 -19.2351 0
    endloop
  endfacet
  facet normal 0 0 -1
    outer loop
      vertex 17.6223 17.4077 0
      vertex 14.3 18 0
      vertex 17.288 18.05 0
    endloop
  endfacet
  facet normal 0 0 -1
    outer loop
      vertex 14.2651 -18.3994 0
      vertex 16.4582 -19.2351 0
      vertex 15.969 -19.769 0
    endloop
  endfacet
  facet normal -0 0 -1
    outer loop
      vertex 17.288 18.05 0
      vertex 14.3 18 0
      vertex 16.899 18.6607 0
    endloop
  endfacet
  facet normal 0 0 -1
    outer loop
      vertex 14.0845 -18.972 0
      vertex 15.969 -19.769 0
      vertex 15.4351 -20.2582 0
    endloop
  endfacet
  facet normal -0 0 -1
    outer loop
      vertex 16.899 18.6607 0
      vertex 14.3 18 0
      vertex 16.4582 19.2351 0
    endloop
  endfacet
  facet normal 0 0 -1
    outer loop
      vertex 13.884 -19.3192 0
      vertex 15.4351 -20.2582 0
      vertex 14.8607 -20.699 0
    endloop
  endfacet
  facet normal 0 0 -1
    outer loop
      vertex 14.2912 18.2005 0
      vertex 16.4582 19.2351 0
      vertex 14.3 18 0
    endloop
  endfacet
  facet normal 0 0 -1
    outer loop
      vertex 14.2651 18.3994 0
      vertex 16.4582 19.2351 0
      vertex 14.2912 18.2005 0
    endloop
  endfacet
  facet normal 0 0 -1
    outer loop
      vertex 16.4582 -19.2351 0
      vertex 14.2912 -18.2005 0
      vertex 14.3 -18 0
    endloop
  endfacet
  facet normal 0 0 -1
    outer loop
      vertex 16.4582 -19.2351 0
      vertex 14.2651 -18.3994 0
      vertex 14.2912 -18.2005 0
    endloop
  endfacet
  facet normal 0 0 -1
    outer loop
      vertex 13.6263 -19.6263 0
      vertex 14.8607 -20.699 0
      vertex 14.25 -21.088 0
    endloop
  endfacet
  facet normal 0 0 -1
    outer loop
      vertex 15.969 -19.769 0
      vertex 14.2216 -18.5953 0
      vertex 14.2651 -18.3994 0
    endloop
  endfacet
  facet normal 0 0 -1
    outer loop
      vertex 15.969 -19.769 0
      vertex 14.1613 -18.7866 0
      vertex 14.2216 -18.5953 0
    endloop
  endfacet
  facet normal 0 0 -1
    outer loop
      vertex 15.969 -19.769 0
      vertex 14.0845 -18.972 0
      vertex 14.1613 -18.7866 0
    endloop
  endfacet
  facet normal 0 0 -1
    outer loop
      vertex 15.4351 -20.2582 0
      vertex 13.9919 -19.15 0
      vertex 14.0845 -18.972 0
    endloop
  endfacet
  facet normal 0 0 -1
    outer loop
      vertex 15.4351 -20.2582 0
      vertex 13.884 -19.3192 0
      vertex 13.9919 -19.15 0
    endloop
  endfacet
  facet normal 0 0 -1
    outer loop
      vertex 14.8607 -20.699 0
      vertex 13.7619 -19.4784 0
      vertex 13.884 -19.3192 0
    endloop
  endfacet
  facet normal 0 0 -1
    outer loop
      vertex 14.8607 -20.699 0
      vertex 13.6263 -19.6263 0
      vertex 13.7619 -19.4784 0
    endloop
  endfacet
  facet normal 0 0 -1
    outer loop
      vertex 13.15 -19.9919 0
      vertex 14.25 -21.088 0
      vertex 13.6077 -21.4223 0
    endloop
  endfacet
  facet normal 0 0 -1
    outer loop
      vertex 14.25 -21.088 0
      vertex 13.4784 -19.7619 0
      vertex 13.6263 -19.6263 0
    endloop
  endfacet
  facet normal 0 0 -1
    outer loop
      vertex 14.25 -21.088 0
      vertex 13.3192 -19.884 0
      vertex 13.4784 -19.7619 0
    endloop
  endfacet
  facet normal 0 0 -1
    outer loop
      vertex 14.25 -21.088 0
      vertex 13.15 -19.9919 0
      vertex 13.3192 -19.884 0
    endloop
  endfacet
  facet normal 0 0 -1
    outer loop
      vertex 13.6077 -21.4223 0
      vertex 12.972 -20.0845 0
      vertex 13.15 -19.9919 0
    endloop
  endfacet
  facet normal 0 0 -1
    outer loop
      vertex 12.7866 -20.1613 0
      vertex 13.6077 -21.4223 0
      vertex 12.9388 -21.6994 0
    endloop
  endfacet
  facet normal 0 0 -1
    outer loop
      vertex 13.6077 -21.4223 0
      vertex 12.7866 -20.1613 0
      vertex 12.972 -20.0845 0
    endloop
  endfacet
  facet normal 0 0 -1
    outer loop
      vertex 12.9388 -21.6994 0
      vertex 12.5953 -20.2216 0
      vertex 12.7866 -20.1613 0
    endloop
  endfacet
  facet normal 0 0 -1
    outer loop
      vertex 12.9388 -21.6994 0
      vertex 12.3994 -20.2651 0
      vertex 12.5953 -20.2216 0
    endloop
  endfacet
  facet normal 0 0 -1
    outer loop
      vertex 12.2005 -20.2912 0
      vertex 12.9388 -21.6994 0
      vertex 12.2482 -21.9172 0
    endloop
  endfacet
  facet normal 0 0 -1
    outer loop
      vertex 12.9388 -21.6994 0
      vertex 12.2005 -20.2912 0
      vertex 12.3994 -20.2651 0
    endloop
  endfacet
  facet normal 0 0 -1
    outer loop
      vertex 12.2482 -21.9172 0
      vertex 12 -20.3 0
      vertex 12.2005 -20.2912 0
    endloop
  endfacet
  facet normal 0 0 -1
    outer loop
      vertex 12.2482 -21.9172 0
      vertex 11.7995 -20.2912 0
      vertex 12 -20.3 0
    endloop
  endfacet
  facet normal 0 0 -1
    outer loop
      vertex 11.5413 -22.0739 0
      vertex 11.7995 -20.2912 0
      vertex 12.2482 -21.9172 0
    endloop
  endfacet
  facet normal -0 0 -1
    outer loop
      vertex 11.7995 -20.2912 0
      vertex 11.5413 -22.0739 0
      vertex 11.6006 -20.2651 0
    endloop
  endfacet
  facet normal 0 0 -1
    outer loop
      vertex 11.5413 -22.0739 0
      vertex 11.4047 -20.2216 0
      vertex 11.6006 -20.2651 0
    endloop
  endfacet
  facet normal 0 0 -1
    outer loop
      vertex 10.8234 -22.1684 0
      vertex 11.4047 -20.2216 0
      vertex 11.5413 -22.0739 0
    endloop
  endfacet
  facet normal -0 0 -1
    outer loop
      vertex 11.4047 -20.2216 0
      vertex 10.8234 -22.1684 0
      vertex 11.2134 -20.1613 0
    endloop
  endfacet
  facet normal -0 0 -1
    outer loop
      vertex 11.2134 -20.1613 0
      vertex 10.8234 -22.1684 0
      vertex 11.028 -20.0845 0
    endloop
  endfacet
  facet normal 0 0 -1
    outer loop
      vertex 10.1 -22.2 0
      vertex 11.028 -20.0845 0
      vertex 10.8234 -22.1684 0
    endloop
  endfacet
  facet normal -0 0 -1
    outer loop
      vertex 11.028 -20.0845 0
      vertex 10.1 -22.2 0
      vertex 10.85 -19.9919 0
    endloop
  endfacet
  facet normal -0 0 -1
    outer loop
      vertex 10.85 -19.9919 0
      vertex 10.1 -22.2 0
      vertex 10.6808 -19.884 0
    endloop
  endfacet
  facet normal -0 0 -1
    outer loop
      vertex 10.6808 -19.884 0
      vertex 10.1 -22.2 0
      vertex 10.5216 -19.7619 0
    endloop
  endfacet
  facet normal -0 0 -1
    outer loop
      vertex 10.5216 -19.7619 0
      vertex 10.1 -22.2 0
      vertex 10.3737 -19.6263 0
    endloop
  endfacet
  facet normal -0 0 -1
    outer loop
      vertex 10.3737 -19.6263 0
      vertex 10.1 -22.2 0
      vertex 10.2381 -19.4784 0
    endloop
  endfacet
  facet normal -0 0 -1
    outer loop
      vertex 10.2381 -19.4784 0
      vertex 10.1 -22.2 0
      vertex 10.116 -19.3192 0
    endloop
  endfacet
  facet normal 0 0 -1
    outer loop
      vertex 10.1 -22.2 0
      vertex 10.0081 -19.15 0
      vertex 10.116 -19.3192 0
    endloop
  endfacet
  facet normal 0 0 -1
    outer loop
      vertex 10.1 -22.2 0
      vertex 9.91549 -18.972 0
      vertex 10.0081 -19.15 0
    endloop
  endfacet
  facet normal 0 0 -1
    outer loop
      vertex 10.1 -22.2 0
      vertex 9.83871 -18.7866 0
      vertex 9.91549 -18.972 0
    endloop
  endfacet
  facet normal 0 0 -1
    outer loop
      vertex 10.1 -22.2 0
      vertex 9.77837 -18.5953 0
      vertex 9.83871 -18.7866 0
    endloop
  endfacet
  facet normal 0 0 -1
    outer loop
      vertex -9.77837 -18.5953 0
      vertex 9.77837 -18.5953 0
      vertex 10.1 -22.2 0
    endloop
  endfacet
  facet normal 0 0 -1
    outer loop
      vertex 9.77837 -18.5953 0
      vertex -9.77837 -18.5953 0
      vertex 9.73494 -18.3994 0
    endloop
  endfacet
  facet normal 0 0 -1
    outer loop
      vertex 9.73494 17.6006 0
      vertex -9.7 18 0
      vertex 9.70875 17.7995 0
    endloop
  endfacet
  facet normal 0 0 -1
    outer loop
      vertex 9.70875 -18.2005 0
      vertex -9.7 -18 0
      vertex 9.7 -18 0
    endloop
  endfacet
  facet normal 0 -0 -1
    outer loop
      vertex -9.73494 -18.3994 0
      vertex 9.73494 -18.3994 0
      vertex -9.77837 -18.5953 0
    endloop
  endfacet
  facet normal 0 0 -1
    outer loop
      vertex 9.70875 -18.2005 0
      vertex -9.70875 -18.2005 0
      vertex -9.7 -18 0
    endloop
  endfacet
  facet normal -0 0 -1
    outer loop
      vertex 9.70875 -18.2005 0
      vertex -9.73494 -18.3994 0
      vertex -9.70875 -18.2005 0
    endloop
  endfacet
  facet normal 0 0 -1
    outer loop
      vertex 9.73494 -18.3994 0
      vertex -9.73494 -18.3994 0
      vertex 9.70875 -18.2005 0
    endloop
  endfacet
  facet normal 0 0 -1
    outer loop
      vertex -10.1 -22.2 0
      vertex -9.77837 -18.5953 0
      vertex 10.1 -22.2 0
    endloop
  endfacet
  facet normal 0 0 -1
    outer loop
      vertex -9.77837 -18.5953 0
      vertex -10.1 -22.2 0
      vertex -9.83871 -18.7866 0
    endloop
  endfacet
  facet normal 0 0 -1
    outer loop
      vertex -9.83871 -18.7866 0
      vertex -10.1 -22.2 0
      vertex -9.91549 -18.972 0
    endloop
  endfacet
  facet normal 0 0 -1
    outer loop
      vertex -9.91549 -18.972 0
      vertex -10.1 -22.2 0
      vertex -10.0081 -19.15 0
    endloop
  endfacet
  facet normal 0 0 -1
    outer loop
      vertex -10.1 -22.2 0
      vertex -10.116 -19.3192 0
      vertex -10.0081 -19.15 0
    endloop
  endfacet
  facet normal 0 0 -1
    outer loop
      vertex -10.1 -22.2 0
      vertex -10.2381 -19.4784 0
      vertex -10.116 -19.3192 0
    endloop
  endfacet
  facet normal 0 0 -1
    outer loop
      vertex -10.1 -22.2 0
      vertex -10.3737 -19.6263 0
      vertex -10.2381 -19.4784 0
    endloop
  endfacet
  facet normal 0 0 -1
    outer loop
      vertex -10.1 -22.2 0
      vertex -10.5216 -19.7619 0
      vertex -10.3737 -19.6263 0
    endloop
  endfacet
  facet normal 0 0 -1
    outer loop
      vertex -10.1 -22.2 0
      vertex -10.6808 -19.884 0
      vertex -10.5216 -19.7619 0
    endloop
  endfacet
  facet normal 0 0 -1
    outer loop
      vertex -11.028 -20.0845 0
      vertex -10.1 -22.2 0
      vertex -10.8234 -22.1684 0
    endloop
  endfacet
  facet normal 0 0 -1
    outer loop
      vertex -10.1 -22.2 0
      vertex -10.85 -19.9919 0
      vertex -10.6808 -19.884 0
    endloop
  endfacet
  facet normal 0 0 -1
    outer loop
      vertex -10.1 -22.2 0
      vertex -11.028 -20.0845 0
      vertex -10.85 -19.9919 0
    endloop
  endfacet
  facet normal 0 0 -1
    outer loop
      vertex -10.8234 -22.1684 0
      vertex -11.2134 -20.1613 0
      vertex -11.028 -20.0845 0
    endloop
  endfacet
  facet normal 0 0 -1
    outer loop
      vertex -10.8234 -22.1684 0
      vertex -11.4047 -20.2216 0
      vertex -11.2134 -20.1613 0
    endloop
  endfacet
  facet normal 0 0 -1
    outer loop
      vertex -11.5413 -22.0739 0
      vertex -11.4047 -20.2216 0
      vertex -10.8234 -22.1684 0
    endloop
  endfacet
  facet normal 0 0 -1
    outer loop
      vertex -11.5413 -22.0739 0
      vertex -11.6006 -20.2651 0
      vertex -11.4047 -20.2216 0
    endloop
  endfacet
  facet normal 0 0 -1
    outer loop
      vertex -11.5413 -22.0739 0
      vertex -11.7995 -20.2912 0
      vertex -11.6006 -20.2651 0
    endloop
  endfacet
  facet normal 0 0 -1
    outer loop
      vertex -12.2482 -21.9172 0
      vertex -11.7995 -20.2912 0
      vertex -11.5413 -22.0739 0
    endloop
  endfacet
  facet normal 0 0 -1
    outer loop
      vertex -11.7995 -20.2912 0
      vertex -12.2482 -21.9172 0
      vertex -12 -20.3 0
    endloop
  endfacet
  facet normal -0 0 -1
    outer loop
      vertex -12 -20.3 0
      vertex -12.2482 -21.9172 0
      vertex -12.2005 -20.2912 0
    endloop
  endfacet
  facet normal 0 0 -1
    outer loop
      vertex -12.9388 -21.6994 0
      vertex -12.2005 -20.2912 0
      vertex -12.2482 -21.9172 0
    endloop
  endfacet
  facet normal -0 0 -1
    outer loop
      vertex -12.2005 -20.2912 0
      vertex -12.9388 -21.6994 0
      vertex -12.3994 -20.2651 0
    endloop
  endfacet
  facet normal -0 0 -1
    outer loop
      vertex -12.3994 -20.2651 0
      vertex -12.9388 -21.6994 0
      vertex -12.5953 -20.2216 0
    endloop
  endfacet
  facet normal -0 0 -1
    outer loop
      vertex -12.5953 -20.2216 0
      vertex -12.9388 -21.6994 0
      vertex -12.7866 -20.1613 0
    endloop
  endfacet
  facet normal 0 0 -1
    outer loop
      vertex -13.6077 -21.4223 0
      vertex -12.7866 -20.1613 0
      vertex -12.9388 -21.6994 0
    endloop
  endfacet
  facet normal -0 0 -1
    outer loop
      vertex -12.7866 -20.1613 0
      vertex -13.6077 -21.4223 0
      vertex -12.972 -20.0845 0
    endloop
  endfacet
  facet normal -0 0 -1
    outer loop
      vertex -12.972 -20.0845 0
      vertex -13.6077 -21.4223 0
      vertex -13.15 -19.9919 0
    endloop
  endfacet
  facet normal 0 0 -1
    outer loop
      vertex -14.25 -21.088 0
      vertex -13.15 -19.9919 0
      vertex -13.6077 -21.4223 0
    endloop
  endfacet
  facet normal -0 0 -1
    outer loop
      vertex -13.15 -19.9919 0
      vertex -14.25 -21.088 0
      vertex -13.3192 -19.884 0
    endloop
  endfacet
  facet normal -0 0 -1
    outer loop
      vertex -13.3192 -19.884 0
      vertex -14.25 -21.088 0
      vertex -13.4784 -19.7619 0
    endloop
  endfacet
  facet normal -0 0 -1
    outer loop
      vertex -13.4784 -19.7619 0
      vertex -14.25 -21.088 0
      vertex -13.6263 -19.6263 0
    endloop
  endfacet
  facet normal 0 0 -1
    outer loop
      vertex -14.8607 -20.699 0
      vertex -13.6263 -19.6263 0
      vertex -14.25 -21.088 0
    endloop
  endfacet
  facet normal -0 0 -1
    outer loop
      vertex -13.6263 -19.6263 0
      vertex -14.8607 -20.699 0
      vertex -13.7619 -19.4784 0
    endloop
  endfacet
  facet normal -0 0 -1
    outer loop
      vertex -13.7619 -19.4784 0
      vertex -14.8607 -20.699 0
      vertex -13.884 -19.3192 0
    endloop
  endfacet
  facet normal 0 0 -1
    outer loop
      vertex -15.4351 -20.2582 0
      vertex -13.884 -19.3192 0
      vertex -14.8607 -20.699 0
    endloop
  endfacet
  facet normal -0 0 -1
    outer loop
      vertex -13.884 -19.3192 0
      vertex -15.4351 -20.2582 0
      vertex -13.9919 -19.15 0
    endloop
  endfacet
  facet normal -0 0 -1
    outer loop
      vertex -13.9919 -19.15 0
      vertex -15.4351 -20.2582 0
      vertex -14.0845 -18.972 0
    endloop
  endfacet
  facet normal 0 0 -1
    outer loop
      vertex -15.969 -19.769 0
      vertex -14.0845 -18.972 0
      vertex -15.4351 -20.2582 0
    endloop
  endfacet
  facet normal -0 0 -1
    outer loop
      vertex -14.0845 -18.972 0
      vertex -15.969 -19.769 0
      vertex -14.1613 -18.7866 0
    endloop
  endfacet
  facet normal -0 0 -1
    outer loop
      vertex -14.1613 -18.7866 0
      vertex -15.969 -19.769 0
      vertex -14.2216 -18.5953 0
    endloop
  endfacet
  facet normal 0 0 -1
    outer loop
      vertex -16.4582 -19.2351 0
      vertex -14.2651 -18.3994 0
      vertex -15.969 -19.769 0
    endloop
  endfacet
  facet normal -0 0 -1
    outer loop
      vertex -14.2216 -18.5953 0
      vertex -15.969 -19.769 0
      vertex -14.2651 -18.3994 0
    endloop
  endfacet
  facet normal -0 0 -1
    outer loop
      vertex 16.4582 19.2351 0
      vertex 14.2651 18.3994 0
      vertex 15.969 19.769 0
    endloop
  endfacet
  facet normal 0 0 -1
    outer loop
      vertex 14.2216 18.5953 0
      vertex 15.969 19.769 0
      vertex 14.2651 18.3994 0
    endloop
  endfacet
  facet normal 0 0 -1
    outer loop
      vertex 14.1613 18.7866 0
      vertex 15.969 19.769 0
      vertex 14.2216 18.5953 0
    endloop
  endfacet
  facet normal 0 0 -1
    outer loop
      vertex 14.0845 18.972 0
      vertex 15.969 19.769 0
      vertex 14.1613 18.7866 0
    endloop
  endfacet
  facet normal -0 0 -1
    outer loop
      vertex 15.969 19.769 0
      vertex 14.0845 18.972 0
      vertex 15.4351 20.2582 0
    endloop
  endfacet
  facet normal 0 0 -1
    outer loop
      vertex 13.9919 19.15 0
      vertex 15.4351 20.2582 0
      vertex 14.0845 18.972 0
    endloop
  endfacet
  facet normal 0 0 -1
    outer loop
      vertex 13.884 19.3192 0
      vertex 15.4351 20.2582 0
      vertex 13.9919 19.15 0
    endloop
  endfacet
  facet normal -0 0 -1
    outer loop
      vertex 15.4351 20.2582 0
      vertex 13.884 19.3192 0
      vertex 14.8607 20.699 0
    endloop
  endfacet
  facet normal 0 0 -1
    outer loop
      vertex 13.7619 19.4784 0
      vertex 14.8607 20.699 0
      vertex 13.884 19.3192 0
    endloop
  endfacet
  facet normal 0 0 -1
    outer loop
      vertex 13.6263 19.6263 0
      vertex 14.8607 20.699 0
      vertex 13.7619 19.4784 0
    endloop
  endfacet
  facet normal -0 0 -1
    outer loop
      vertex 14.8607 20.699 0
      vertex 13.6263 19.6263 0
      vertex 14.25 21.088 0
    endloop
  endfacet
  facet normal 0 0 -1
    outer loop
      vertex 13.4784 19.7619 0
      vertex 14.25 21.088 0
      vertex 13.6263 19.6263 0
    endloop
  endfacet
  facet normal 0 0 -1
    outer loop
      vertex 13.3192 19.884 0
      vertex 14.25 21.088 0
      vertex 13.4784 19.7619 0
    endloop
  endfacet
  facet normal 0 0 -1
    outer loop
      vertex 13.15 19.9919 0
      vertex 14.25 21.088 0
      vertex 13.3192 19.884 0
    endloop
  endfacet
  facet normal -0 0 -1
    outer loop
      vertex 14.25 21.088 0
      vertex 13.15 19.9919 0
      vertex 13.6077 21.4223 0
    endloop
  endfacet
  facet normal 0 0 -1
    outer loop
      vertex 12.972 20.0845 0
      vertex 13.6077 21.4223 0
      vertex 13.15 19.9919 0
    endloop
  endfacet
  facet normal 0 0 -1
    outer loop
      vertex 12.7866 20.1613 0
      vertex 13.6077 21.4223 0
      vertex 12.972 20.0845 0
    endloop
  endfacet
  facet normal -0 0 -1
    outer loop
      vertex 13.6077 21.4223 0
      vertex 12.7866 20.1613 0
      vertex 12.9388 21.6994 0
    endloop
  endfacet
  facet normal 0 0 -1
    outer loop
      vertex 12.5953 20.2216 0
      vertex 12.9388 21.6994 0
      vertex 12.7866 20.1613 0
    endloop
  endfacet
  facet normal 0 0 -1
    outer loop
      vertex 12.3994 20.2651 0
      vertex 12.9388 21.6994 0
      vertex 12.5953 20.2216 0
    endloop
  endfacet
  facet normal 0 0 -1
    outer loop
      vertex 12.2005 20.2912 0
      vertex 12.9388 21.6994 0
      vertex 12.3994 20.2651 0
    endloop
  endfacet
  facet normal -0 0 -1
    outer loop
      vertex 12.9388 21.6994 0
      vertex 12.2005 20.2912 0
      vertex 12.2482 21.9172 0
    endloop
  endfacet
  facet normal 0 0 -1
    outer loop
      vertex 12 20.3 0
      vertex 12.2482 21.9172 0
      vertex 12.2005 20.2912 0
    endloop
  endfacet
  facet normal 0 0 -1
    outer loop
      vertex 11.7995 20.2912 0
      vertex 12.2482 21.9172 0
      vertex 12 20.3 0
    endloop
  endfacet
  facet normal 0 0 -1
    outer loop
      vertex 11.5413 22.0739 0
      vertex 11.7995 20.2912 0
      vertex 11.6006 20.2651 0
    endloop
  endfacet
  facet normal 0 0 -1
    outer loop
      vertex 11.7995 20.2912 0
      vertex 11.5413 22.0739 0
      vertex 12.2482 21.9172 0
    endloop
  endfacet
  facet normal 0 0 -1
    outer loop
      vertex 11.4047 20.2216 0
      vertex 11.5413 22.0739 0
      vertex 11.6006 20.2651 0
    endloop
  endfacet
  facet normal 0 0 -1
    outer loop
      vertex 10.8234 22.1684 0
      vertex 11.4047 20.2216 0
      vertex 11.2134 20.1613 0
    endloop
  endfacet
  facet normal 0 0 -1
    outer loop
      vertex 10.8234 22.1684 0
      vertex 11.2134 20.1613 0
      vertex 11.028 20.0845 0
    endloop
  endfacet
  facet normal 0 0 -1
    outer loop
      vertex 10.1 22.2 0
      vertex 11.028 20.0845 0
      vertex 10.85 19.9919 0
    endloop
  endfacet
  facet normal 0 0 -1
    outer loop
      vertex 11.4047 20.2216 0
      vertex 10.8234 22.1684 0
      vertex 11.5413 22.0739 0
    endloop
  endfacet
  facet normal 0 0 -1
    outer loop
      vertex 10.1 22.2 0
      vertex 10.85 19.9919 0
      vertex 10.6808 19.884 0
    endloop
  endfacet
  facet normal 0 0 -1
    outer loop
      vertex 10.1 22.2 0
      vertex 10.6808 19.884 0
      vertex 10.5216 19.7619 0
    endloop
  endfacet
  facet normal 0 0 -1
    outer loop
      vertex 10.1 22.2 0
      vertex 10.5216 19.7619 0
      vertex 10.3737 19.6263 0
    endloop
  endfacet
  facet normal 0 0 -1
    outer loop
      vertex 10.1 22.2 0
      vertex 10.3737 19.6263 0
      vertex 10.2381 19.4784 0
    endloop
  endfacet
  facet normal 0 0 -1
    outer loop
      vertex 10.1 22.2 0
      vertex 10.2381 19.4784 0
      vertex 10.116 19.3192 0
    endloop
  endfacet
  facet normal 0 0 -1
    outer loop
      vertex 11.028 20.0845 0
      vertex 10.1 22.2 0
      vertex 10.8234 22.1684 0
    endloop
  endfacet
  facet normal 0 0 -1
    outer loop
      vertex 10.0081 19.15 0
      vertex 10.1 22.2 0
      vertex 10.116 19.3192 0
    endloop
  endfacet
  facet normal 0 0 -1
    outer loop
      vertex 9.91549 18.972 0
      vertex 10.1 22.2 0
      vertex 10.0081 19.15 0
    endloop
  endfacet
  facet normal 0 0 -1
    outer loop
      vertex 9.83871 18.7866 0
      vertex 10.1 22.2 0
      vertex 9.91549 18.972 0
    endloop
  endfacet
  facet normal 0 0 -1
    outer loop
      vertex 9.77837 18.5953 0
      vertex 10.1 22.2 0
      vertex 9.83871 18.7866 0
    endloop
  endfacet
  facet normal 0 0 -1
    outer loop
      vertex -9.77837 18.5953 0
      vertex 9.77837 18.5953 0
      vertex 9.73494 18.3994 0
    endloop
  endfacet
  facet normal 0 0 -1
    outer loop
      vertex -9.73494 18.3994 0
      vertex 9.73494 18.3994 0
      vertex 9.70875 18.2005 0
    endloop
  endfacet
  facet normal 0 0 -1
    outer loop
      vertex 9.70875 17.7995 0
      vertex -9.7 18 0
      vertex 9.7 18 0
    endloop
  endfacet
  facet normal 0 0 -1
    outer loop
      vertex 9.7 18 0
      vertex -9.7 18 0
      vertex 9.70875 18.2005 0
    endloop
  endfacet
  facet normal 0 0 -1
    outer loop
      vertex -9.70875 18.2005 0
      vertex 9.70875 18.2005 0
      vertex -9.7 18 0
    endloop
  endfacet
  facet normal 0 0 -1
    outer loop
      vertex -9.73494 18.3994 0
      vertex 9.70875 18.2005 0
      vertex -9.70875 18.2005 0
    endloop
  endfacet
  facet normal 0 0 -1
    outer loop
      vertex 9.73494 18.3994 0
      vertex -9.73494 18.3994 0
      vertex -9.77837 18.5953 0
    endloop
  endfacet
  facet normal 0 0 -1
    outer loop
      vertex 9.77837 18.5953 0
      vertex -9.77837 18.5953 0
      vertex 10.1 22.2 0
    endloop
  endfacet
  facet normal 0 0 -1
    outer loop
      vertex -10.1 22.2 0
      vertex -9.77837 18.5953 0
      vertex -9.83871 18.7866 0
    endloop
  endfacet
  facet normal 0 0 -1
    outer loop
      vertex -10.1 22.2 0
      vertex -9.83871 18.7866 0
      vertex -9.91549 18.972 0
    endloop
  endfacet
  facet normal 0 0 -1
    outer loop
      vertex -10.1 22.2 0
      vertex -9.91549 18.972 0
      vertex -10.0081 19.15 0
    endloop
  endfacet
  facet normal 0 0 -1
    outer loop
      vertex -9.77837 18.5953 0
      vertex -10.1 22.2 0
      vertex 10.1 22.2 0
    endloop
  endfacet
  facet normal 0 0 -1
    outer loop
      vertex -10.116 19.3192 0
      vertex -10.1 22.2 0
      vertex -10.0081 19.15 0
    endloop
  endfacet
  facet normal 0 0 -1
    outer loop
      vertex -10.2381 19.4784 0
      vertex -10.1 22.2 0
      vertex -10.116 19.3192 0
    endloop
  endfacet
  facet normal 0 0 -1
    outer loop
      vertex -10.3737 19.6263 0
      vertex -10.1 22.2 0
      vertex -10.2381 19.4784 0
    endloop
  endfacet
  facet normal 0 0 -1
    outer loop
      vertex -10.5216 19.7619 0
      vertex -10.1 22.2 0
      vertex -10.3737 19.6263 0
    endloop
  endfacet
  facet normal 0 0 -1
    outer loop
      vertex -10.6808 19.884 0
      vertex -10.1 22.2 0
      vertex -10.5216 19.7619 0
    endloop
  endfacet
  facet normal 0 0 -1
    outer loop
      vertex -10.85 19.9919 0
      vertex -10.1 22.2 0
      vertex -10.6808 19.884 0
    endloop
  endfacet
  facet normal 0 0 -1
    outer loop
      vertex -11.028 20.0845 0
      vertex -10.1 22.2 0
      vertex -10.85 19.9919 0
    endloop
  endfacet
  facet normal 0 0 -1
    outer loop
      vertex -10.1 22.2 0
      vertex -11.028 20.0845 0
      vertex -10.8234 22.1684 0
    endloop
  endfacet
  facet normal 0 0 -1
    outer loop
      vertex -11.2134 20.1613 0
      vertex -10.8234 22.1684 0
      vertex -11.028 20.0845 0
    endloop
  endfacet
  facet normal 0 0 -1
    outer loop
      vertex -11.4047 20.2216 0
      vertex -10.8234 22.1684 0
      vertex -11.2134 20.1613 0
    endloop
  endfacet
  facet normal 0 0 -1
    outer loop
      vertex -11.4047 20.2216 0
      vertex -11.5413 22.0739 0
      vertex -10.8234 22.1684 0
    endloop
  endfacet
  facet normal 0 0 -1
    outer loop
      vertex -11.6006 20.2651 0
      vertex -11.5413 22.0739 0
      vertex -11.4047 20.2216 0
    endloop
  endfacet
  facet normal 0 0 -1
    outer loop
      vertex -11.7995 20.2912 0
      vertex -11.5413 22.0739 0
      vertex -11.6006 20.2651 0
    endloop
  endfacet
  facet normal 0 0 -1
    outer loop
      vertex -12.2482 21.9172 0
      vertex -11.7995 20.2912 0
      vertex -12 20.3 0
    endloop
  endfacet
  facet normal 0 0 -1
    outer loop
      vertex -12.2482 21.9172 0
      vertex -12 20.3 0
      vertex -12.2005 20.2912 0
    endloop
  endfacet
  facet normal 0 0 -1
    outer loop
      vertex -11.7995 20.2912 0
      vertex -12.2482 21.9172 0
      vertex -11.5413 22.0739 0
    endloop
  endfacet
  facet normal 0 0 -1
    outer loop
      vertex -12.9388 21.6994 0
      vertex -12.2005 20.2912 0
      vertex -12.3994 20.2651 0
    endloop
  endfacet
  facet normal 0 0 -1
    outer loop
      vertex -12.9388 21.6994 0
      vertex -12.3994 20.2651 0
      vertex -12.5953 20.2216 0
    endloop
  endfacet
  facet normal 0 0 -1
    outer loop
      vertex -12.9388 21.6994 0
      vertex -12.5953 20.2216 0
      vertex -12.7866 20.1613 0
    endloop
  endfacet
  facet normal 0 0 -1
    outer loop
      vertex -12.2005 20.2912 0
      vertex -12.9388 21.6994 0
      vertex -12.2482 21.9172 0
    endloop
  endfacet
  facet normal 0 0 -1
    outer loop
      vertex -13.6077 21.4223 0
      vertex -12.7866 20.1613 0
      vertex -12.972 20.0845 0
    endloop
  endfacet
  facet normal 0 0 -1
    outer loop
      vertex -13.6077 21.4223 0
      vertex -12.972 20.0845 0
      vertex -13.15 19.9919 0
    endloop
  endfacet
  facet normal 0 0 -1
    outer loop
      vertex -14.25 21.088 0
      vertex -13.15 19.9919 0
      vertex -13.3192 19.884 0
    endloop
  endfacet
  facet normal 0 0 -1
    outer loop
      vertex -14.25 21.088 0
      vertex -13.3192 19.884 0
      vertex -13.4784 19.7619 0
    endloop
  endfacet
  facet normal 0 0 -1
    outer loop
      vertex -12.7866 20.1613 0
      vertex -13.6077 21.4223 0
      vertex -12.9388 21.6994 0
    endloop
  endfacet
  facet normal 0 0 -1
    outer loop
      vertex -14.25 21.088 0
      vertex -13.4784 19.7619 0
      vertex -13.6263 19.6263 0
    endloop
  endfacet
  facet normal 0 0 -1
    outer loop
      vertex -14.8607 20.699 0
      vertex -13.6263 19.6263 0
      vertex -13.7619 19.4784 0
    endloop
  endfacet
  facet normal 0 0 -1
    outer loop
      vertex -14.8607 20.699 0
      vertex -13.7619 19.4784 0
      vertex -13.884 19.3192 0
    endloop
  endfacet
  facet normal 0 0 -1
    outer loop
      vertex -15.4351 20.2582 0
      vertex -13.884 19.3192 0
      vertex -13.9919 19.15 0
    endloop
  endfacet
  facet normal 0 0 -1
    outer loop
      vertex -15.4351 20.2582 0
      vertex -13.9919 19.15 0
      vertex -14.0845 18.972 0
    endloop
  endfacet
  facet normal 0 0 -1
    outer loop
      vertex -15.969 19.769 0
      vertex -14.0845 18.972 0
      vertex -14.1613 18.7866 0
    endloop
  endfacet
  facet normal 0 0 -1
    outer loop
      vertex -15.969 19.769 0
      vertex -14.1613 18.7866 0
      vertex -14.2216 18.5953 0
    endloop
  endfacet
  facet normal 0 0 -1
    outer loop
      vertex -13.15 19.9919 0
      vertex -14.25 21.088 0
      vertex -13.6077 21.4223 0
    endloop
  endfacet
  facet normal 0 0 -1
    outer loop
      vertex -15.969 19.769 0
      vertex -14.2216 18.5953 0
      vertex -14.2651 18.3994 0
    endloop
  endfacet
  facet normal 0 0 -1
    outer loop
      vertex -16.4582 19.2351 0
      vertex -14.2651 18.3994 0
      vertex -14.2912 18.2005 0
    endloop
  endfacet
  facet normal 0 0 -1
    outer loop
      vertex -16.4582 19.2351 0
      vertex -14.2912 18.2005 0
      vertex -14.3 18 0
    endloop
  endfacet
  facet normal 0 0 -1
    outer loop
      vertex -13.6263 19.6263 0
      vertex -14.8607 20.699 0
      vertex -14.25 21.088 0
    endloop
  endfacet
  facet normal -0 0 -1
    outer loop
      vertex -13.9919 16.85 0
      vertex -17.8994 16.7388 0
      vertex -14.0845 17.028 0
    endloop
  endfacet
  facet normal -0 0 -1
    outer loop
      vertex -14.2651 -18.3994 0
      vertex -16.4582 -19.2351 0
      vertex -14.2912 -18.2005 0
    endloop
  endfacet
  facet normal 0 -0 -1
    outer loop
      vertex -17.6223 17.4077 0
      vertex -14.0845 17.028 0
      vertex -17.8994 16.7388 0
    endloop
  endfacet
  facet normal -0 0 -1
    outer loop
      vertex -14.2912 -18.2005 0
      vertex -16.4582 -19.2351 0
      vertex -14.3 -18 0
    endloop
  endfacet
  facet normal 0 0 -1
    outer loop
      vertex -14.0845 17.028 0
      vertex -17.6223 17.4077 0
      vertex -14.1613 17.2134 0
    endloop
  endfacet
  facet normal 0 0 -1
    outer loop
      vertex -16.899 -18.6607 0
      vertex -14.3 -18 0
      vertex -16.4582 -19.2351 0
    endloop
  endfacet
  facet normal 0 0 -1
    outer loop
      vertex -13.884 19.3192 0
      vertex -15.4351 20.2582 0
      vertex -14.8607 20.699 0
    endloop
  endfacet
  facet normal 0 0 -1
    outer loop
      vertex -14.2912 -17.7995 0
      vertex -16.899 -18.6607 0
      vertex -17.288 -18.05 0
    endloop
  endfacet
  facet normal 0 0 -1
    outer loop
      vertex -14.0845 18.972 0
      vertex -15.969 19.769 0
      vertex -15.4351 20.2582 0
    endloop
  endfacet
  facet normal 0 0 -1
    outer loop
      vertex -14.2216 -17.4047 0
      vertex -17.288 -18.05 0
      vertex -17.6223 -17.4077 0
    endloop
  endfacet
  facet normal 0 0 -1
    outer loop
      vertex -14.2651 18.3994 0
      vertex -16.4582 19.2351 0
      vertex -15.969 19.769 0
    endloop
  endfacet
  facet normal -0 0 -1
    outer loop
      vertex -14.0845 -17.028 0
      vertex -17.6223 -17.4077 0
      vertex -17.8994 -16.7388 0
    endloop
  endfacet
  facet normal 0 0 -1
    outer loop
      vertex -14.3 18 0
      vertex -16.899 18.6607 0
      vertex -16.4582 19.2351 0
    endloop
  endfacet
  facet normal 0 0 -1
    outer loop
      vertex -13.9919 -16.85 0
      vertex -17.8994 -16.7388 0
      vertex -18.1172 -16.0482 0
    endloop
  endfacet
  facet normal 0 0 -1
    outer loop
      vertex -14.2912 17.7995 0
      vertex -16.899 18.6607 0
      vertex -14.3 18 0
    endloop
  endfacet
  facet normal 0 0 -1
    outer loop
      vertex -13.884 -16.6808 0
      vertex -18.1172 -16.0482 0
      vertex -18.2739 -15.3413 0
    endloop
  endfacet
  facet normal 0 -0 -1
    outer loop
      vertex -16.899 18.6607 0
      vertex -14.2912 17.7995 0
      vertex -17.288 18.05 0
    endloop
  endfacet
  facet normal 0 0 -1
    outer loop
      vertex -13.7619 -16.5216 0
      vertex -18.2739 -15.3413 0
      vertex -18.3684 -14.6234 0
    endloop
  endfacet
  facet normal 0 0 -1
    outer loop
      vertex -14.2651 17.6006 0
      vertex -17.288 18.05 0
      vertex -14.2912 17.7995 0
    endloop
  endfacet
  facet normal 0 0 -1
    outer loop
      vertex -13.4784 -16.2381 0
      vertex -18.3684 -14.6234 0
      vertex -18.4 -13.9 0
    endloop
  endfacet
  facet normal 0 0 -1
    outer loop
      vertex -14.2216 17.4047 0
      vertex -17.288 18.05 0
      vertex -14.2651 17.6006 0
    endloop
  endfacet
  facet normal 0 -0 -1
    outer loop
      vertex -17.288 18.05 0
      vertex -14.2216 17.4047 0
      vertex -17.6223 17.4077 0
    endloop
  endfacet
  facet normal 0 0 -1
    outer loop
      vertex -14.1613 17.2134 0
      vertex -17.6223 17.4077 0
      vertex -14.2216 17.4047 0
    endloop
  endfacet
  facet normal 0 -1 0
    outer loop
      vertex -10.1 -22.6 0.4
      vertex 10.1 -22.6 11.2
      vertex -10.1 -22.6 11.2
    endloop
  endfacet
  facet normal 0 -1 -0
    outer loop
      vertex 10.1 -22.6 11.2
      vertex -10.1 -22.6 0.4
      vertex 10.1 -22.6 0.4
    endloop
  endfacet
  facet normal 0.561303 -0.430696 -0.706711
    outer loop
      vertex 17.2266 -18.8901 0.4
      vertex 16.7646 -19.4922 0.4
      vertex 16.899 -18.6607 0
    endloop
  endfacet
  facet normal 0.0923307 0.70142 -0.706743
    outer loop
      vertex 11.5413 22.0739 0
      vertex 10.8234 22.1684 0
      vertex 11.6107 22.4678 0.4
    endloop
  endfacet
  facet normal 0.0308735 -0.70677 -0.70677
    outer loop
      vertex 10.8234 -22.1684 0
      vertex 10.1 -22.6 0.4
      vertex 10.1 -22.2 0
    endloop
  endfacet
  facet normal -0.21647 0.976289 0
    outer loop
      vertex -11.6107 22.4678 0.4
      vertex -12.3517 22.3035 11.2
      vertex -11.6107 22.4678 11.2
    endloop
  endfacet
  facet normal -0.21647 0.976289 0
    outer loop
      vertex -12.3517 22.3035 11.2
      vertex -11.6107 22.4678 0.4
      vertex -12.3517 22.3035 0.4
    endloop
  endfacet
  facet normal -0.843385 -0.53731 0
    outer loop
      vertex -17.2266 -18.8901 0.4
      vertex -17.6344 -18.25 11.2
      vertex -17.6344 -18.25 0.4
    endloop
  endfacet
  facet normal -0.843385 -0.53731 0
    outer loop
      vertex -17.6344 -18.25 11.2
      vertex -17.2266 -18.8901 0.4
      vertex -17.2266 -18.8901 11.2
    endloop
  endfacet
  facet normal 0.793358 0.608755 0
    outer loop
      vertex 17.2266 18.8901 11.2
      vertex 16.7646 19.4922 0.4
      vertex 16.7646 19.4922 11.2
    endloop
  endfacet
  facet normal 0.793358 0.608755 0
    outer loop
      vertex 16.7646 19.4922 0.4
      vertex 17.2266 18.8901 11.2
      vertex 17.2266 18.8901 0.4
    endloop
  endfacet
  facet normal 0.561303 0.430696 -0.706711
    outer loop
      vertex 16.899 18.6607 0
      vertex 16.7646 19.4922 0.4
      vertex 17.2266 18.8901 0.4
    endloop
  endfacet
  facet normal 0.21647 -0.976289 0
    outer loop
      vertex 11.6107 -22.4678 0.4
      vertex 12.3517 -22.3035 11.2
      vertex 11.6107 -22.4678 11.2
    endloop
  endfacet
  facet normal 0.21647 -0.976289 0
    outer loop
      vertex 12.3517 -22.3035 11.2
      vertex 11.6107 -22.4678 0.4
      vertex 12.3517 -22.3035 0.4
    endloop
  endfacet
  facet normal -0.382631 0.923901 0
    outer loop
      vertex -13.0756 22.0753 0.4
      vertex -13.7768 21.7849 11.2
      vertex -13.0756 22.0753 11.2
    endloop
  endfacet
  facet normal -0.382631 0.923901 0
    outer loop
      vertex -13.7768 21.7849 11.2
      vertex -13.0756 22.0753 0.4
      vertex -13.7768 21.7849 0.4
    endloop
  endfacet
  facet normal 0.270683 -0.653592 -0.706787
    outer loop
      vertex 13.0756 -22.0753 0.4
      vertex 12.9388 -21.6994 0
      vertex 13.7768 -21.7849 0.4
    endloop
  endfacet
  facet normal 0.47794 -0.521611 -0.70675
    outer loop
      vertex 15.6922 -20.5646 0.4
      vertex 15.4351 -20.2582 0
      vertex 15.969 -19.769 0
    endloop
  endfacet
  facet normal 0.706752 -0.0308728 -0.706788
    outer loop
      vertex 18.7669 -14.6582 0.4
      vertex 18.3684 -14.6234 0
      vertex 18.4 -13.9 0
    endloop
  endfacet
  facet normal -0.793358 0.608755 0
    outer loop
      vertex -17.2266 18.8901 0.4
      vertex -16.7646 19.4922 11.2
      vertex -16.7646 19.4922 0.4
    endloop
  endfacet
  facet normal -0.793358 0.608755 0
    outer loop
      vertex -16.7646 19.4922 11.2
      vertex -17.2266 18.8901 0.4
      vertex -17.2266 18.8901 11.2
    endloop
  endfacet
  facet normal -0.608755 -0.793358 0
    outer loop
      vertex -15.6922 -20.5646 0.4
      vertex -15.0901 -21.0266 11.2
      vertex -15.6922 -20.5646 11.2
    endloop
  endfacet
  facet normal -0.608755 -0.793358 -0
    outer loop
      vertex -15.0901 -21.0266 11.2
      vertex -15.6922 -20.5646 0.4
      vertex -15.0901 -21.0266 0.4
    endloop
  endfacet
  facet normal 0.0923672 0.701376 -0.706782
    outer loop
      vertex 11.6107 22.4678 0.4
      vertex 10.8234 22.1684 0
      vertex 10.8582 22.5669 0.4
    endloop
  endfacet
  facet normal -0.627418 -0.326663 -0.706851
    outer loop
      vertex -17.6344 -18.25 0.4
      vertex -17.9849 -17.5768 0.4
      vertex -17.6223 -17.4077 0
    endloop
  endfacet
  facet normal 0.70677 0.0308548 -0.70677
    outer loop
      vertex 18.8 13.9 0.4
      vertex 18.4 13.9 0
      vertex 18.7669 14.6582 0.4
    endloop
  endfacet
  facet normal -0.477988 -0.521611 -0.706717
    outer loop
      vertex -15.6922 -20.5646 0.4
      vertex -16.2518 -20.0518 0.4
      vertex -15.969 -19.769 0
    endloop
  endfacet
  facet normal 0.999048 -0.0436145 0
    outer loop
      vertex 18.7669 -14.6582 11.2
      vertex 18.8 -13.9 0.4
      vertex 18.8 -13.9 11.2
    endloop
  endfacet
  facet normal 0.999048 -0.0436145 0
    outer loop
      vertex 18.8 -13.9 0.4
      vertex 18.7669 -14.6582 11.2
      vertex 18.7669 -14.6582 0.4
    endloop
  endfacet
  facet normal 0.380072 -0.596683 -0.706764
    outer loop
      vertex 14.45 -21.4344 0.4
      vertex 14.25 -21.088 0
      vertex 14.8607 -20.699 0
    endloop
  endfacet
  facet normal -0.521611 0.477988 -0.706717
    outer loop
      vertex -15.969 19.769 0
      vertex -16.7646 19.4922 0.4
      vertex -16.2518 20.0518 0.4
    endloop
  endfacet
  facet normal 0.70677 -0.0308548 -0.70677
    outer loop
      vertex 18.7669 -14.6582 0.4
      vertex 18.4 -13.9 0
      vertex 18.8 -13.9 0.4
    endloop
  endfacet
  facet normal -0.953734 -0.300652 0
    outer loop
      vertex -18.2753 -16.8756 0.4
      vertex -18.5035 -16.1517 11.2
      vertex -18.5035 -16.1517 0.4
    endloop
  endfacet
  facet normal -0.953734 -0.300652 0
    outer loop
      vertex -18.5035 -16.1517 11.2
      vertex -18.2753 -16.8756 0.4
      vertex -18.2753 -16.8756 11.2
    endloop
  endfacet
  facet normal -0.382631 -0.923901 0
    outer loop
      vertex -13.7768 -21.7849 0.4
      vertex -13.0756 -22.0753 11.2
      vertex -13.7768 -21.7849 11.2
    endloop
  endfacet
  facet normal -0.382631 -0.923901 -0
    outer loop
      vertex -13.0756 -22.0753 11.2
      vertex -13.7768 -21.7849 0.4
      vertex -13.0756 -22.0753 0.4
    endloop
  endfacet
  facet normal 0.382631 -0.923901 0
    outer loop
      vertex 13.0756 -22.0753 0.4
      vertex 13.7768 -21.7849 11.2
      vertex 13.0756 -22.0753 11.2
    endloop
  endfacet
  facet normal 0.382631 -0.923901 0
    outer loop
      vertex 13.7768 -21.7849 11.2
      vertex 13.0756 -22.0753 0.4
      vertex 13.7768 -21.7849 0.4
    endloop
  endfacet
  facet normal -0.737264 -0.675605 0
    outer loop
      vertex -16.2518 -20.0518 0.4
      vertex -16.7646 -19.4922 11.2
      vertex -16.7646 -19.4922 0.4
    endloop
  endfacet
  facet normal -0.737264 -0.675605 0
    outer loop
      vertex -16.7646 -19.4922 11.2
      vertex -16.2518 -20.0518 0.4
      vertex -16.2518 -20.0518 11.2
    endloop
  endfacet
  facet normal 0.43073 -0.561278 -0.70671
    outer loop
      vertex 15.0901 -21.0266 0.4
      vertex 14.8607 -20.699 0
      vertex 15.4351 -20.2582 0
    endloop
  endfacet
  facet normal -0.999048 0.0436145 0
    outer loop
      vertex -18.8 13.9 0.4
      vertex -18.7669 14.6582 11.2
      vertex -18.7669 14.6582 0.4
    endloop
  endfacet
  facet normal -0.999048 0.0436145 0
    outer loop
      vertex -18.7669 14.6582 11.2
      vertex -18.8 13.9 0.4
      vertex -18.8 13.9 11.2
    endloop
  endfacet
  facet normal 0.561246 0.430705 -0.70675
    outer loop
      vertex 16.899 18.6607 0
      vertex 16.4582 19.2351 0
      vertex 16.7646 19.4922 0.4
    endloop
  endfacet
  facet normal -0.0923672 0.701376 -0.706782
    outer loop
      vertex -10.8234 22.1684 0
      vertex -11.6107 22.4678 0.4
      vertex -10.8582 22.5669 0.4
    endloop
  endfacet
  facet normal -0.0923307 -0.70142 -0.706743
    outer loop
      vertex -10.8234 -22.1684 0
      vertex -11.6107 -22.4678 0.4
      vertex -11.5413 -22.0739 0
    endloop
  endfacet
  facet normal -0.70138 0.0923255 -0.706783
    outer loop
      vertex -18.3684 14.6234 0
      vertex -18.7669 14.6582 0.4
      vertex -18.2739 15.3413 0
    endloop
  endfacet
  facet normal 0.6907 -0.153147 -0.706738
    outer loop
      vertex 18.5035 -16.1517 0.4
      vertex 18.2739 -15.3413 0
      vertex 18.6678 -15.4107 0.4
    endloop
  endfacet
  facet normal -0.793358 -0.608755 0
    outer loop
      vertex -16.7646 -19.4922 0.4
      vertex -17.2266 -18.8901 11.2
      vertex -17.2266 -18.8901 0.4
    endloop
  endfacet
  facet normal -0.793358 -0.608755 0
    outer loop
      vertex -17.2266 -18.8901 11.2
      vertex -16.7646 -19.4922 0.4
      vertex -16.7646 -19.4922 11.2
    endloop
  endfacet
  facet normal 0.886982 -0.461805 0
    outer loop
      vertex 17.6344 -18.25 11.2
      vertex 17.9849 -17.5768 0.4
      vertex 17.9849 -17.5768 11.2
    endloop
  endfacet
  facet normal 0.886982 -0.461805 0
    outer loop
      vertex 17.9849 -17.5768 0.4
      vertex 17.6344 -18.25 11.2
      vertex 17.6344 -18.25 0.4
    endloop
  endfacet
  facet normal -0.561303 0.430696 -0.706711
    outer loop
      vertex -16.899 18.6607 0
      vertex -17.2266 18.8901 0.4
      vertex -16.7646 19.4922 0.4
    endloop
  endfacet
  facet normal 0.21647 0.976289 -0
    outer loop
      vertex 12.3517 22.3035 0.4
      vertex 11.6107 22.4678 11.2
      vertex 12.3517 22.3035 11.2
    endloop
  endfacet
  facet normal 0.21647 0.976289 0
    outer loop
      vertex 11.6107 22.4678 11.2
      vertex 12.3517 22.3035 0.4
      vertex 11.6107 22.4678 0.4
    endloop
  endfacet
  facet normal 0.53731 0.843385 -0
    outer loop
      vertex 15.0901 21.0266 0.4
      vertex 14.45 21.4344 11.2
      vertex 15.0901 21.0266 11.2
    endloop
  endfacet
  facet normal 0.53731 0.843385 0
    outer loop
      vertex 14.45 21.4344 11.2
      vertex 15.0901 21.0266 0.4
      vertex 14.45 21.4344 0.4
    endloop
  endfacet
  facet normal -0.923901 -0.382631 0
    outer loop
      vertex -17.9849 -17.5768 0.4
      vertex -18.2753 -16.8756 11.2
      vertex -18.2753 -16.8756 0.4
    endloop
  endfacet
  facet normal -0.923901 -0.382631 0
    outer loop
      vertex -18.2753 -16.8756 11.2
      vertex -17.9849 -17.5768 0.4
      vertex -17.9849 -17.5768 11.2
    endloop
  endfacet
  facet normal -0.608755 0.793358 0
    outer loop
      vertex -15.0901 21.0266 0.4
      vertex -15.6922 20.5646 11.2
      vertex -15.0901 21.0266 11.2
    endloop
  endfacet
  facet normal -0.608755 0.793358 0
    outer loop
      vertex -15.6922 20.5646 11.2
      vertex -15.0901 21.0266 0.4
      vertex -15.6922 20.5646 0.4
    endloop
  endfacet
  facet normal 1 -0 0
    outer loop
      vertex 18.8 -13.9 11.2
      vertex 18.8 13.9 0.4
      vertex 18.8 13.9 11.2
    endloop
  endfacet
  facet normal 1 0 0
    outer loop
      vertex 18.8 13.9 0.4
      vertex 18.8 -13.9 11.2
      vertex 18.8 -13.9 0.4
    endloop
  endfacet
  facet normal 0.153147 0.6907 -0.706738
    outer loop
      vertex 12.3517 22.3035 0.4
      vertex 11.5413 22.0739 0
      vertex 11.6107 22.4678 0.4
    endloop
  endfacet
  facet normal 0.707107 0 -0.707107
    outer loop
      vertex 18.8 -13.9 0.4
      vertex 18.4 13.9 0
      vertex 18.8 13.9 0.4
    endloop
  endfacet
  facet normal 0.707107 0 -0.707107
    outer loop
      vertex 18.4 13.9 0
      vertex 18.8 -13.9 0.4
      vertex 18.4 -13.9 0
    endloop
  endfacet
  facet normal 0.270723 -0.653506 -0.706851
    outer loop
      vertex 13.7768 -21.7849 0.4
      vertex 12.9388 -21.6994 0
      vertex 13.6077 -21.4223 0
    endloop
  endfacet
  facet normal -0.596683 0.380072 -0.706764
    outer loop
      vertex -17.288 18.05 0
      vertex -17.6344 18.25 0.4
      vertex -16.899 18.6607 0
    endloop
  endfacet
  facet normal -0.674697 -0.212689 -0.706786
    outer loop
      vertex -18.2753 -16.8756 0.4
      vertex -18.5035 -16.1517 0.4
      vertex -17.8994 -16.7388 0
    endloop
  endfacet
  facet normal -0.43073 -0.561278 -0.70671
    outer loop
      vertex -15.0901 -21.0266 0.4
      vertex -15.4351 -20.2582 0
      vertex -14.8607 -20.699 0
    endloop
  endfacet
  facet normal -0.300652 0.953734 0
    outer loop
      vertex -12.3517 22.3035 0.4
      vertex -13.0756 22.0753 11.2
      vertex -12.3517 22.3035 11.2
    endloop
  endfacet
  facet normal -0.300652 0.953734 0
    outer loop
      vertex -13.0756 22.0753 11.2
      vertex -12.3517 22.3035 0.4
      vertex -13.0756 22.0753 0.4
    endloop
  endfacet
  facet normal 0.0436145 0.999048 -0
    outer loop
      vertex 10.8582 22.5669 0.4
      vertex 10.1 22.6 11.2
      vertex 10.8582 22.5669 11.2
    endloop
  endfacet
  facet normal 0.0436145 0.999048 0
    outer loop
      vertex 10.1 22.6 11.2
      vertex 10.8582 22.5669 0.4
      vertex 10.1 22.6 0.4
    endloop
  endfacet
  facet normal -0.707107 0 -0.707107
    outer loop
      vertex -18.4 -13.9 0
      vertex -18.8 13.9 0.4
      vertex -18.4 13.9 0
    endloop
  endfacet
  facet normal -0.707107 -0 -0.707107
    outer loop
      vertex -18.8 13.9 0.4
      vertex -18.4 -13.9 0
      vertex -18.8 -13.9 0.4
    endloop
  endfacet
  facet normal 0.843385 -0.53731 0
    outer loop
      vertex 17.2266 -18.8901 11.2
      vertex 17.6344 -18.25 0.4
      vertex 17.6344 -18.25 11.2
    endloop
  endfacet
  facet normal 0.843385 -0.53731 0
    outer loop
      vertex 17.6344 -18.25 0.4
      vertex 17.2266 -18.8901 11.2
      vertex 17.2266 -18.8901 0.4
    endloop
  endfacet
  facet normal 0.326663 -0.627418 -0.706851
    outer loop
      vertex 13.7768 -21.7849 0.4
      vertex 13.6077 -21.4223 0
      vertex 14.45 -21.4344 0.4
    endloop
  endfacet
  facet normal -0.21647 -0.976289 0
    outer loop
      vertex -12.3517 -22.3035 0.4
      vertex -11.6107 -22.4678 11.2
      vertex -12.3517 -22.3035 11.2
    endloop
  endfacet
  facet normal -0.21647 -0.976289 -0
    outer loop
      vertex -11.6107 -22.4678 11.2
      vertex -12.3517 -22.3035 0.4
      vertex -11.6107 -22.4678 0.4
    endloop
  endfacet
  facet normal 0.675605 0.737264 -0
    outer loop
      vertex 16.2518 20.0518 0.4
      vertex 15.6922 20.5646 11.2
      vertex 16.2518 20.0518 11.2
    endloop
  endfacet
  facet normal 0.675605 0.737264 0
    outer loop
      vertex 15.6922 20.5646 11.2
      vertex 16.2518 20.0518 0.4
      vertex 15.6922 20.5646 0.4
    endloop
  endfacet
  facet normal 0.212689 0.674697 -0.706786
    outer loop
      vertex 12.9388 21.6994 0
      vertex 12.3517 22.3035 0.4
      vertex 13.0756 22.0753 0.4
    endloop
  endfacet
  facet normal 0.923901 0.382631 0
    outer loop
      vertex 18.2753 16.8756 11.2
      vertex 17.9849 17.5768 0.4
      vertex 17.9849 17.5768 11.2
    endloop
  endfacet
  facet normal 0.923901 0.382631 0
    outer loop
      vertex 17.9849 17.5768 0.4
      vertex 18.2753 16.8756 11.2
      vertex 18.2753 16.8756 0.4
    endloop
  endfacet
  facet normal -0.6907 -0.153147 -0.706738
    outer loop
      vertex -18.5035 -16.1517 0.4
      vertex -18.6678 -15.4107 0.4
      vertex -18.2739 -15.3413 0
    endloop
  endfacet
  facet normal -0.0436145 -0.999048 0
    outer loop
      vertex -10.8582 -22.5669 0.4
      vertex -10.1 -22.6 11.2
      vertex -10.8582 -22.5669 11.2
    endloop
  endfacet
  facet normal -0.0436145 -0.999048 -0
    outer loop
      vertex -10.1 -22.6 11.2
      vertex -10.8582 -22.5669 0.4
      vertex -10.1 -22.6 0.4
    endloop
  endfacet
  facet normal 0.270683 0.653592 -0.706787
    outer loop
      vertex 13.7768 21.7849 0.4
      vertex 12.9388 21.6994 0
      vertex 13.0756 22.0753 0.4
    endloop
  endfacet
  facet normal -0.701414 -0.0923722 -0.706744
    outer loop
      vertex -18.6678 -15.4107 0.4
      vertex -18.7669 -14.6582 0.4
      vertex -18.2739 -15.3413 0
    endloop
  endfacet
  facet normal -0.886982 0.461805 0
    outer loop
      vertex -17.9849 17.5768 0.4
      vertex -17.6344 18.25 11.2
      vertex -17.6344 18.25 0.4
    endloop
  endfacet
  facet normal -0.886982 0.461805 0
    outer loop
      vertex -17.6344 18.25 11.2
      vertex -17.9849 17.5768 0.4
      vertex -17.9849 17.5768 11.2
    endloop
  endfacet
  facet normal 0.130567 -0.991439 0
    outer loop
      vertex 10.8582 -22.5669 0.4
      vertex 11.6107 -22.4678 11.2
      vertex 10.8582 -22.5669 11.2
    endloop
  endfacet
  facet normal 0.130567 -0.991439 0
    outer loop
      vertex 11.6107 -22.4678 11.2
      vertex 10.8582 -22.5669 0.4
      vertex 11.6107 -22.4678 0.4
    endloop
  endfacet
  facet normal -0.561246 -0.430705 -0.70675
    outer loop
      vertex -16.7646 -19.4922 0.4
      vertex -16.899 -18.6607 0
      vertex -16.4582 -19.2351 0
    endloop
  endfacet
  facet normal 0.991439 -0.130567 0
    outer loop
      vertex 18.6678 -15.4107 11.2
      vertex 18.7669 -14.6582 0.4
      vertex 18.7669 -14.6582 11.2
    endloop
  endfacet
  facet normal 0.991439 -0.130567 0
    outer loop
      vertex 18.7669 -14.6582 0.4
      vertex 18.6678 -15.4107 11.2
      vertex 18.6678 -15.4107 0.4
    endloop
  endfacet
  facet normal -0.461805 0.886982 0
    outer loop
      vertex -13.7768 21.7849 0.4
      vertex -14.45 21.4344 11.2
      vertex -13.7768 21.7849 11.2
    endloop
  endfacet
  facet normal -0.461805 0.886982 0
    outer loop
      vertex -14.45 21.4344 11.2
      vertex -13.7768 21.7849 0.4
      vertex -14.45 21.4344 0.4
    endloop
  endfacet
  facet normal 0.976289 0.21647 0
    outer loop
      vertex 18.6678 15.4107 11.2
      vertex 18.5035 16.1517 0.4
      vertex 18.5035 16.1517 11.2
    endloop
  endfacet
  facet normal 0.976289 0.21647 0
    outer loop
      vertex 18.5035 16.1517 0.4
      vertex 18.6678 15.4107 11.2
      vertex 18.6678 15.4107 0.4
    endloop
  endfacet
  facet normal -0.130567 -0.991439 0
    outer loop
      vertex -11.6107 -22.4678 0.4
      vertex -10.8582 -22.5669 11.2
      vertex -11.6107 -22.4678 11.2
    endloop
  endfacet
  facet normal -0.130567 -0.991439 -0
    outer loop
      vertex -10.8582 -22.5669 11.2
      vertex -11.6107 -22.4678 0.4
      vertex -10.8582 -22.5669 0.4
    endloop
  endfacet
  facet normal -0.67475 -0.212801 -0.706702
    outer loop
      vertex -17.8994 -16.7388 0
      vertex -18.5035 -16.1517 0.4
      vertex -18.1172 -16.0482 0
    endloop
  endfacet
  facet normal -0.843385 0.53731 0
    outer loop
      vertex -17.6344 18.25 0.4
      vertex -17.2266 18.8901 11.2
      vertex -17.2266 18.8901 0.4
    endloop
  endfacet
  facet normal -0.843385 0.53731 0
    outer loop
      vertex -17.2266 18.8901 11.2
      vertex -17.6344 18.25 0.4
      vertex -17.6344 18.25 11.2
    endloop
  endfacet
  facet normal 0.300652 0.953734 -0
    outer loop
      vertex 13.0756 22.0753 0.4
      vertex 12.3517 22.3035 11.2
      vertex 13.0756 22.0753 11.2
    endloop
  endfacet
  facet normal 0.300652 0.953734 0
    outer loop
      vertex 12.3517 22.3035 11.2
      vertex 13.0756 22.0753 0.4
      vertex 12.3517 22.3035 0.4
    endloop
  endfacet
  facet normal -0.030854 0.706753 -0.706787
    outer loop
      vertex -10.8234 22.1684 0
      vertex -10.8582 22.5669 0.4
      vertex -10.1 22.6 0.4
    endloop
  endfacet
  facet normal -0.627418 0.326663 -0.706851
    outer loop
      vertex -17.6223 17.4077 0
      vertex -17.9849 17.5768 0.4
      vertex -17.6344 18.25 0.4
    endloop
  endfacet
  facet normal -0.70677 -0.0308548 -0.70677
    outer loop
      vertex -18.7669 -14.6582 0.4
      vertex -18.8 -13.9 0.4
      vertex -18.4 -13.9 0
    endloop
  endfacet
  facet normal -0.701414 0.0923722 -0.706744
    outer loop
      vertex -18.2739 15.3413 0
      vertex -18.7669 14.6582 0.4
      vertex -18.6678 15.4107 0.4
    endloop
  endfacet
  facet normal 0.923901 -0.382631 0
    outer loop
      vertex 17.9849 -17.5768 11.2
      vertex 18.2753 -16.8756 0.4
      vertex 18.2753 -16.8756 11.2
    endloop
  endfacet
  facet normal 0.923901 -0.382631 0
    outer loop
      vertex 18.2753 -16.8756 0.4
      vertex 17.9849 -17.5768 11.2
      vertex 17.9849 -17.5768 0.4
    endloop
  endfacet
  facet normal -0.653567 0.270748 -0.706785
    outer loop
      vertex -17.8994 16.7388 0
      vertex -18.2753 16.8756 0.4
      vertex -17.6223 17.4077 0
    endloop
  endfacet
  facet normal -0.521611 -0.477988 -0.706717
    outer loop
      vertex -16.2518 -20.0518 0.4
      vertex -16.7646 -19.4922 0.4
      vertex -15.969 -19.769 0
    endloop
  endfacet
  facet normal -0.153147 -0.6907 -0.706738
    outer loop
      vertex -11.6107 -22.4678 0.4
      vertex -12.3517 -22.3035 0.4
      vertex -11.5413 -22.0739 0
    endloop
  endfacet
  facet normal 0.561246 -0.430705 -0.70675
    outer loop
      vertex 16.7646 -19.4922 0.4
      vertex 16.4582 -19.2351 0
      vertex 16.899 -18.6607 0
    endloop
  endfacet
  facet normal -0.0923672 -0.701376 -0.706782
    outer loop
      vertex -10.8582 -22.5669 0.4
      vertex -11.6107 -22.4678 0.4
      vertex -10.8234 -22.1684 0
    endloop
  endfacet
  facet normal -0.212801 -0.67475 -0.706702
    outer loop
      vertex -12.3517 -22.3035 0.4
      vertex -12.9388 -21.6994 0
      vertex -12.2482 -21.9172 0
    endloop
  endfacet
  facet normal 0.690742 0.153118 -0.706704
    outer loop
      vertex 18.2739 15.3413 0
      vertex 18.1172 16.0482 0
      vertex 18.5035 16.1517 0.4
    endloop
  endfacet
  facet normal 0.212801 0.67475 -0.706702
    outer loop
      vertex 12.9388 21.6994 0
      vertex 12.2482 21.9172 0
      vertex 12.3517 22.3035 0.4
    endloop
  endfacet
  facet normal 0.521611 0.477988 -0.706717
    outer loop
      vertex 16.7646 19.4922 0.4
      vertex 15.969 19.769 0
      vertex 16.2518 20.0518 0.4
    endloop
  endfacet
  facet normal 0.477988 0.521611 -0.706717
    outer loop
      vertex 15.969 19.769 0
      vertex 15.6922 20.5646 0.4
      vertex 16.2518 20.0518 0.4
    endloop
  endfacet
  facet normal 0.991439 0.130567 0
    outer loop
      vertex 18.7669 14.6582 11.2
      vertex 18.6678 15.4107 0.4
      vertex 18.6678 15.4107 11.2
    endloop
  endfacet
  facet normal 0.991439 0.130567 0
    outer loop
      vertex 18.6678 15.4107 0.4
      vertex 18.7669 14.6582 11.2
      vertex 18.7669 14.6582 0.4
    endloop
  endfacet
  facet normal 0.521611 -0.47794 -0.70675
    outer loop
      vertex 16.7646 -19.4922 0.4
      vertex 15.969 -19.769 0
      vertex 16.4582 -19.2351 0
    endloop
  endfacet
  facet normal 0.6907 0.153147 -0.706738
    outer loop
      vertex 18.6678 15.4107 0.4
      vertex 18.2739 15.3413 0
      vertex 18.5035 16.1517 0.4
    endloop
  endfacet
  facet normal -0.153118 -0.690742 -0.706704
    outer loop
      vertex -11.5413 -22.0739 0
      vertex -12.3517 -22.3035 0.4
      vertex -12.2482 -21.9172 0
    endloop
  endfacet
  facet normal 0.701414 -0.0923722 -0.706744
    outer loop
      vertex 18.6678 -15.4107 0.4
      vertex 18.2739 -15.3413 0
      vertex 18.7669 -14.6582 0.4
    endloop
  endfacet
  facet normal -0.270683 -0.653592 -0.706787
    outer loop
      vertex -13.0756 -22.0753 0.4
      vertex -13.7768 -21.7849 0.4
      vertex -12.9388 -21.6994 0
    endloop
  endfacet
  facet normal -0.627542 -0.326619 -0.706761
    outer loop
      vertex -17.288 -18.05 0
      vertex -17.6344 -18.25 0.4
      vertex -17.6223 -17.4077 0
    endloop
  endfacet
  facet normal -0.326663 0.627418 -0.706851
    outer loop
      vertex -13.6077 21.4223 0
      vertex -14.45 21.4344 0.4
      vertex -13.7768 21.7849 0.4
    endloop
  endfacet
  facet normal -0.430672 -0.561272 -0.706749
    outer loop
      vertex -15.0901 -21.0266 0.4
      vertex -15.6922 -20.5646 0.4
      vertex -15.4351 -20.2582 0
    endloop
  endfacet
  facet normal -0.674697 0.212689 -0.706786
    outer loop
      vertex -17.8994 16.7388 0
      vertex -18.5035 16.1517 0.4
      vertex -18.2753 16.8756 0.4
    endloop
  endfacet
  facet normal 0.521611 0.47794 -0.70675
    outer loop
      vertex 16.4582 19.2351 0
      vertex 15.969 19.769 0
      vertex 16.7646 19.4922 0.4
    endloop
  endfacet
  facet normal 0.326619 -0.627542 -0.706761
    outer loop
      vertex 14.45 -21.4344 0.4
      vertex 13.6077 -21.4223 0
      vertex 14.25 -21.088 0
    endloop
  endfacet
  facet normal 0.70138 0.0923255 -0.706783
    outer loop
      vertex 18.3684 14.6234 0
      vertex 18.2739 15.3413 0
      vertex 18.7669 14.6582 0.4
    endloop
  endfacet
  facet normal 0.67475 -0.212801 -0.706702
    outer loop
      vertex 18.5035 -16.1517 0.4
      vertex 17.8994 -16.7388 0
      vertex 18.1172 -16.0482 0
    endloop
  endfacet
  facet normal 0.627542 0.326619 -0.706761
    outer loop
      vertex 17.6223 17.4077 0
      vertex 17.288 18.05 0
      vertex 17.6344 18.25 0.4
    endloop
  endfacet
  facet normal 0.430672 -0.561272 -0.706749
    outer loop
      vertex 15.6922 -20.5646 0.4
      vertex 15.0901 -21.0266 0.4
      vertex 15.4351 -20.2582 0
    endloop
  endfacet
  facet normal -0.653534 -0.270659 -0.70685
    outer loop
      vertex -17.9849 -17.5768 0.4
      vertex -18.2753 -16.8756 0.4
      vertex -17.6223 -17.4077 0
    endloop
  endfacet
  facet normal -0.627542 0.326619 -0.706761
    outer loop
      vertex -17.6223 17.4077 0
      vertex -17.6344 18.25 0.4
      vertex -17.288 18.05 0
    endloop
  endfacet
  facet normal 0.653567 0.270748 -0.706785
    outer loop
      vertex 17.8994 16.7388 0
      vertex 17.6223 17.4077 0
      vertex 18.2753 16.8756 0.4
    endloop
  endfacet
  facet normal 0.53731 -0.843385 0
    outer loop
      vertex 14.45 -21.4344 0.4
      vertex 15.0901 -21.0266 11.2
      vertex 14.45 -21.4344 11.2
    endloop
  endfacet
  facet normal 0.53731 -0.843385 0
    outer loop
      vertex 15.0901 -21.0266 11.2
      vertex 14.45 -21.4344 0.4
      vertex 15.0901 -21.0266 0.4
    endloop
  endfacet
  facet normal 0.380149 -0.596697 -0.70671
    outer loop
      vertex 15.0901 -21.0266 0.4
      vertex 14.45 -21.4344 0.4
      vertex 14.8607 -20.699 0
    endloop
  endfacet
  facet normal 0.627542 -0.326619 -0.706761
    outer loop
      vertex 17.6344 -18.25 0.4
      vertex 17.288 -18.05 0
      vertex 17.6223 -17.4077 0
    endloop
  endfacet
  facet normal -0.212689 0.674697 -0.706786
    outer loop
      vertex -12.9388 21.6994 0
      vertex -13.0756 22.0753 0.4
      vertex -12.3517 22.3035 0.4
    endloop
  endfacet
  facet normal -0.706752 0.0308728 -0.706788
    outer loop
      vertex -18.4 13.9 0
      vertex -18.7669 14.6582 0.4
      vertex -18.3684 14.6234 0
    endloop
  endfacet
  facet normal 0 0.707107 -0.707107
    outer loop
      vertex 10.1 22.2 0
      vertex -10.1 22.6 0.4
      vertex 10.1 22.6 0.4
    endloop
  endfacet
  facet normal 0 0.707107 -0.707107
    outer loop
      vertex -10.1 22.6 0.4
      vertex 10.1 22.2 0
      vertex -10.1 22.2 0
    endloop
  endfacet
  facet normal -0.300652 -0.953734 0
    outer loop
      vertex -13.0756 -22.0753 0.4
      vertex -12.3517 -22.3035 11.2
      vertex -13.0756 -22.0753 11.2
    endloop
  endfacet
  facet normal -0.300652 -0.953734 -0
    outer loop
      vertex -12.3517 -22.3035 11.2
      vertex -13.0756 -22.0753 0.4
      vertex -12.3517 -22.3035 0.4
    endloop
  endfacet
  facet normal 0.706752 0.0308728 -0.706788
    outer loop
      vertex 18.4 13.9 0
      vertex 18.3684 14.6234 0
      vertex 18.7669 14.6582 0.4
    endloop
  endfacet
  facet normal -0.326663 -0.627418 -0.706851
    outer loop
      vertex -13.7768 -21.7849 0.4
      vertex -14.45 -21.4344 0.4
      vertex -13.6077 -21.4223 0
    endloop
  endfacet
  facet normal -0.521611 -0.47794 -0.70675
    outer loop
      vertex -15.969 -19.769 0
      vertex -16.7646 -19.4922 0.4
      vertex -16.4582 -19.2351 0
    endloop
  endfacet
  facet normal -0.47794 0.521611 -0.70675
    outer loop
      vertex -15.4351 20.2582 0
      vertex -15.969 19.769 0
      vertex -15.6922 20.5646 0.4
    endloop
  endfacet
  facet normal 0.653567 -0.270748 -0.706785
    outer loop
      vertex 18.2753 -16.8756 0.4
      vertex 17.6223 -17.4077 0
      vertex 17.8994 -16.7388 0
    endloop
  endfacet
  facet normal -0.0308735 -0.70677 -0.70677
    outer loop
      vertex -10.1 -22.6 0.4
      vertex -10.8234 -22.1684 0
      vertex -10.1 -22.2 0
    endloop
  endfacet
  facet normal -0.653534 0.270659 -0.70685
    outer loop
      vertex -17.6223 17.4077 0
      vertex -18.2753 16.8756 0.4
      vertex -17.9849 17.5768 0.4
    endloop
  endfacet
  facet normal -0.653567 -0.270748 -0.706785
    outer loop
      vertex -17.6223 -17.4077 0
      vertex -18.2753 -16.8756 0.4
      vertex -17.8994 -16.7388 0
    endloop
  endfacet
  facet normal 0 -0.707107 -0.707107
    outer loop
      vertex -10.1 -22.2 0
      vertex 10.1 -22.6 0.4
      vertex -10.1 -22.6 0.4
    endloop
  endfacet
  facet normal 0 -0.707107 -0.707107
    outer loop
      vertex 10.1 -22.6 0.4
      vertex -10.1 -22.2 0
      vertex 10.1 -22.2 0
    endloop
  endfacet
  facet normal 0.0923672 -0.701376 -0.706782
    outer loop
      vertex 10.8582 -22.5669 0.4
      vertex 10.8234 -22.1684 0
      vertex 11.6107 -22.4678 0.4
    endloop
  endfacet
  facet normal 0.47794 0.521611 -0.70675
    outer loop
      vertex 15.969 19.769 0
      vertex 15.4351 20.2582 0
      vertex 15.6922 20.5646 0.4
    endloop
  endfacet
  facet normal -0.43073 0.561278 -0.70671
    outer loop
      vertex -14.8607 20.699 0
      vertex -15.4351 20.2582 0
      vertex -15.0901 21.0266 0.4
    endloop
  endfacet
  facet normal -0.690742 0.153118 -0.706704
    outer loop
      vertex -18.2739 15.3413 0
      vertex -18.5035 16.1517 0.4
      vertex -18.1172 16.0482 0
    endloop
  endfacet
  facet normal 0.430672 0.561272 -0.706749
    outer loop
      vertex 15.4351 20.2582 0
      vertex 15.0901 21.0266 0.4
      vertex 15.6922 20.5646 0.4
    endloop
  endfacet
  facet normal 0.653534 0.270659 -0.70685
    outer loop
      vertex 18.2753 16.8756 0.4
      vertex 17.6223 17.4077 0
      vertex 17.9849 17.5768 0.4
    endloop
  endfacet
  facet normal 0.793358 -0.608755 0
    outer loop
      vertex 16.7646 -19.4922 11.2
      vertex 17.2266 -18.8901 0.4
      vertex 17.2266 -18.8901 11.2
    endloop
  endfacet
  facet normal 0.793358 -0.608755 0
    outer loop
      vertex 17.2266 -18.8901 0.4
      vertex 16.7646 -19.4922 11.2
      vertex 16.7646 -19.4922 0.4
    endloop
  endfacet
  facet normal 0.737264 0.675605 0
    outer loop
      vertex 16.7646 19.4922 11.2
      vertex 16.2518 20.0518 0.4
      vertex 16.2518 20.0518 11.2
    endloop
  endfacet
  facet normal 0.737264 0.675605 0
    outer loop
      vertex 16.2518 20.0518 0.4
      vertex 16.7646 19.4922 11.2
      vertex 16.7646 19.4922 0.4
    endloop
  endfacet
  facet normal -0.326619 -0.627542 -0.706761
    outer loop
      vertex -13.6077 -21.4223 0
      vertex -14.45 -21.4344 0.4
      vertex -14.25 -21.088 0
    endloop
  endfacet
  facet normal 0.300652 -0.953734 0
    outer loop
      vertex 12.3517 -22.3035 0.4
      vertex 13.0756 -22.0753 11.2
      vertex 12.3517 -22.3035 11.2
    endloop
  endfacet
  facet normal 0.300652 -0.953734 0
    outer loop
      vertex 13.0756 -22.0753 11.2
      vertex 12.3517 -22.3035 0.4
      vertex 13.0756 -22.0753 0.4
    endloop
  endfacet
  facet normal 0.153118 -0.690742 -0.706704
    outer loop
      vertex 12.3517 -22.3035 0.4
      vertex 11.5413 -22.0739 0
      vertex 12.2482 -21.9172 0
    endloop
  endfacet
  facet normal 0.153118 0.690742 -0.706704
    outer loop
      vertex 12.2482 21.9172 0
      vertex 11.5413 22.0739 0
      vertex 12.3517 22.3035 0.4
    endloop
  endfacet
  facet normal 0.521611 -0.477988 -0.706717
    outer loop
      vertex 16.2518 -20.0518 0.4
      vertex 15.969 -19.769 0
      vertex 16.7646 -19.4922 0.4
    endloop
  endfacet
  facet normal -0.596697 -0.380149 -0.70671
    outer loop
      vertex -17.2266 -18.8901 0.4
      vertex -17.6344 -18.25 0.4
      vertex -16.899 -18.6607 0
    endloop
  endfacet
  facet normal -0.596683 -0.380072 -0.706764
    outer loop
      vertex -16.899 -18.6607 0
      vertex -17.6344 -18.25 0.4
      vertex -17.288 -18.05 0
    endloop
  endfacet
  facet normal 0.690742 -0.153118 -0.706704
    outer loop
      vertex 18.5035 -16.1517 0.4
      vertex 18.1172 -16.0482 0
      vertex 18.2739 -15.3413 0
    endloop
  endfacet
  facet normal -0.270683 0.653592 -0.706787
    outer loop
      vertex -12.9388 21.6994 0
      vertex -13.7768 21.7849 0.4
      vertex -13.0756 22.0753 0.4
    endloop
  endfacet
  facet normal 0.477988 -0.521611 -0.706717
    outer loop
      vertex 16.2518 -20.0518 0.4
      vertex 15.6922 -20.5646 0.4
      vertex 15.969 -19.769 0
    endloop
  endfacet
  facet normal -0.706752 -0.0308728 -0.706788
    outer loop
      vertex -18.3684 -14.6234 0
      vertex -18.7669 -14.6582 0.4
      vertex -18.4 -13.9 0
    endloop
  endfacet
  facet normal 0.461805 -0.886982 0
    outer loop
      vertex 13.7768 -21.7849 0.4
      vertex 14.45 -21.4344 11.2
      vertex 13.7768 -21.7849 11.2
    endloop
  endfacet
  facet normal 0.461805 -0.886982 0
    outer loop
      vertex 14.45 -21.4344 11.2
      vertex 13.7768 -21.7849 0.4
      vertex 14.45 -21.4344 0.4
    endloop
  endfacet
  facet normal 0.701414 0.0923722 -0.706744
    outer loop
      vertex 18.7669 14.6582 0.4
      vertex 18.2739 15.3413 0
      vertex 18.6678 15.4107 0.4
    endloop
  endfacet
  facet normal 0.953734 0.300652 0
    outer loop
      vertex 18.5035 16.1517 11.2
      vertex 18.2753 16.8756 0.4
      vertex 18.2753 16.8756 11.2
    endloop
  endfacet
  facet normal 0.953734 0.300652 0
    outer loop
      vertex 18.2753 16.8756 0.4
      vertex 18.5035 16.1517 11.2
      vertex 18.5035 16.1517 0.4
    endloop
  endfacet
  facet normal 0.999048 0.0436145 0
    outer loop
      vertex 18.8 13.9 11.2
      vertex 18.7669 14.6582 0.4
      vertex 18.7669 14.6582 11.2
    endloop
  endfacet
  facet normal 0.999048 0.0436145 0
    outer loop
      vertex 18.7669 14.6582 0.4
      vertex 18.8 13.9 11.2
      vertex 18.8 13.9 0.4
    endloop
  endfacet
  facet normal 0.653534 -0.270659 -0.70685
    outer loop
      vertex 17.9849 -17.5768 0.4
      vertex 17.6223 -17.4077 0
      vertex 18.2753 -16.8756 0.4
    endloop
  endfacet
  facet normal 0.627418 -0.326663 -0.706851
    outer loop
      vertex 17.6344 -18.25 0.4
      vertex 17.6223 -17.4077 0
      vertex 17.9849 -17.5768 0.4
    endloop
  endfacet
  facet normal 0.843385 0.53731 0
    outer loop
      vertex 17.6344 18.25 11.2
      vertex 17.2266 18.8901 0.4
      vertex 17.2266 18.8901 11.2
    endloop
  endfacet
  facet normal 0.843385 0.53731 0
    outer loop
      vertex 17.2266 18.8901 0.4
      vertex 17.6344 18.25 11.2
      vertex 17.6344 18.25 0.4
    endloop
  endfacet
  facet normal -0.380072 0.596683 -0.706764
    outer loop
      vertex -14.25 21.088 0
      vertex -14.8607 20.699 0
      vertex -14.45 21.4344 0.4
    endloop
  endfacet
  facet normal -0.212801 0.67475 -0.706702
    outer loop
      vertex -12.2482 21.9172 0
      vertex -12.9388 21.6994 0
      vertex -12.3517 22.3035 0.4
    endloop
  endfacet
  facet normal 0.382631 0.923901 -0
    outer loop
      vertex 13.7768 21.7849 0.4
      vertex 13.0756 22.0753 11.2
      vertex 13.7768 21.7849 11.2
    endloop
  endfacet
  facet normal 0.382631 0.923901 0
    outer loop
      vertex 13.0756 22.0753 11.2
      vertex 13.7768 21.7849 0.4
      vertex 13.0756 22.0753 0.4
    endloop
  endfacet
  facet normal 0.461805 0.886982 -0
    outer loop
      vertex 14.45 21.4344 0.4
      vertex 13.7768 21.7849 11.2
      vertex 14.45 21.4344 11.2
    endloop
  endfacet
  facet normal 0.461805 0.886982 0
    outer loop
      vertex 13.7768 21.7849 11.2
      vertex 14.45 21.4344 0.4
      vertex 13.7768 21.7849 0.4
    endloop
  endfacet
  facet normal 0 0 1
    outer loop
      vertex 17.35 13.9 11.2
      vertex 18.8 13.9 11.2
      vertex 18.7669 14.6582 11.2
    endloop
  endfacet
  facet normal 0 0 1
    outer loop
      vertex 18.8 13.9 11.2
      vertex 17.35 13.9 11.2
      vertex 18.8 -13.9 11.2
    endloop
  endfacet
  facet normal 0 0 1
    outer loop
      vertex 17.3224 14.5319 11.2
      vertex 18.7669 14.6582 11.2
      vertex 18.6678 15.4107 11.2
    endloop
  endfacet
  facet normal 0 0 1
    outer loop
      vertex 17.35 -13.9 11.2
      vertex 18.8 -13.9 11.2
      vertex 17.35 13.9 11.2
    endloop
  endfacet
  facet normal 0 0 1
    outer loop
      vertex 17.2399 15.1589 11.2
      vertex 18.6678 15.4107 11.2
      vertex 18.5035 16.1517 11.2
    endloop
  endfacet
  facet normal 0 0 1
    outer loop
      vertex 18.8 -13.9 11.2
      vertex 17.35 -13.9 11.2
      vertex 18.7669 -14.6582 11.2
    endloop
  endfacet
  facet normal 0 0 1
    outer loop
      vertex 17.103 15.7764 11.2
      vertex 18.5035 16.1517 11.2
      vertex 18.2753 16.8756 11.2
    endloop
  endfacet
  facet normal -0 0 1
    outer loop
      vertex 17.3224 -14.5319 11.2
      vertex 18.7669 -14.6582 11.2
      vertex 17.35 -13.9 11.2
    endloop
  endfacet
  facet normal 0 0 1
    outer loop
      vertex 16.9128 16.3796 11.2
      vertex 18.2753 16.8756 11.2
      vertex 17.9849 17.5768 11.2
    endloop
  endfacet
  facet normal 0 0 1
    outer loop
      vertex 18.7669 -14.6582 11.2
      vertex 17.3224 -14.5319 11.2
      vertex 18.6678 -15.4107 11.2
    endloop
  endfacet
  facet normal 0 0 1
    outer loop
      vertex 16.6707 16.964 11.2
      vertex 17.9849 17.5768 11.2
      vertex 17.6344 18.25 11.2
    endloop
  endfacet
  facet normal -0 0 1
    outer loop
      vertex 17.2399 -15.1589 11.2
      vertex 18.6678 -15.4107 11.2
      vertex 17.3224 -14.5319 11.2
    endloop
  endfacet
  facet normal 0 0 1
    outer loop
      vertex 18.6678 -15.4107 11.2
      vertex 17.2399 -15.1589 11.2
      vertex 18.5035 -16.1517 11.2
    endloop
  endfacet
  facet normal 0 0 1
    outer loop
      vertex 18.7669 14.6582 11.2
      vertex 17.3224 14.5319 11.2
      vertex 17.35 13.9 11.2
    endloop
  endfacet
  facet normal 0 0 1
    outer loop
      vertex 18.6678 15.4107 11.2
      vertex 17.2399 15.1589 11.2
      vertex 17.3224 14.5319 11.2
    endloop
  endfacet
  facet normal 0 0 1
    outer loop
      vertex 16.3787 17.525 11.2
      vertex 17.6344 18.25 11.2
      vertex 17.2266 18.8901 11.2
    endloop
  endfacet
  facet normal 0 0 1
    outer loop
      vertex 18.5035 16.1517 11.2
      vertex 17.103 15.7764 11.2
      vertex 17.2399 15.1589 11.2
    endloop
  endfacet
  facet normal 0 0 1
    outer loop
      vertex 18.2753 16.8756 11.2
      vertex 16.9128 16.3796 11.2
      vertex 17.103 15.7764 11.2
    endloop
  endfacet
  facet normal 0 0 1
    outer loop
      vertex 16.0388 18.0584 11.2
      vertex 17.2266 18.8901 11.2
      vertex 16.7646 19.4922 11.2
    endloop
  endfacet
  facet normal 0 0 1
    outer loop
      vertex 17.9849 17.5768 11.2
      vertex 16.6707 16.964 11.2
      vertex 16.9128 16.3796 11.2
    endloop
  endfacet
  facet normal 0 0 1
    outer loop
      vertex 17.6344 18.25 11.2
      vertex 16.3787 17.525 11.2
      vertex 16.6707 16.964 11.2
    endloop
  endfacet
  facet normal 0 0 1
    outer loop
      vertex 15.6538 18.5602 11.2
      vertex 16.7646 19.4922 11.2
      vertex 16.2518 20.0518 11.2
    endloop
  endfacet
  facet normal 0 0 1
    outer loop
      vertex 17.2266 18.8901 11.2
      vertex 16.0388 18.0584 11.2
      vertex 16.3787 17.525 11.2
    endloop
  endfacet
  facet normal 0 0 1
    outer loop
      vertex 15.2265 19.0265 11.2
      vertex 16.2518 20.0518 11.2
      vertex 15.6922 20.5646 11.2
    endloop
  endfacet
  facet normal 0 0 1
    outer loop
      vertex 16.7646 19.4922 11.2
      vertex 15.6538 18.5602 11.2
      vertex 16.0388 18.0584 11.2
    endloop
  endfacet
  facet normal 0 0 1
    outer loop
      vertex 16.2518 20.0518 11.2
      vertex 15.2265 19.0265 11.2
      vertex 15.6538 18.5602 11.2
    endloop
  endfacet
  facet normal 0 0 1
    outer loop
      vertex 14.7602 19.4538 11.2
      vertex 15.6922 20.5646 11.2
      vertex 15.0901 21.0266 11.2
    endloop
  endfacet
  facet normal 0 0 1
    outer loop
      vertex 15.6922 20.5646 11.2
      vertex 14.7602 19.4538 11.2
      vertex 15.2265 19.0265 11.2
    endloop
  endfacet
  facet normal 0 0 1
    outer loop
      vertex 14.2584 19.8389 11.2
      vertex 15.0901 21.0266 11.2
      vertex 14.45 21.4344 11.2
    endloop
  endfacet
  facet normal 0 0 1
    outer loop
      vertex 15.0901 21.0266 11.2
      vertex 14.2584 19.8389 11.2
      vertex 14.7602 19.4538 11.2
    endloop
  endfacet
  facet normal 0 0 1
    outer loop
      vertex 13.725 20.1787 11.2
      vertex 14.45 21.4344 11.2
      vertex 13.7768 21.7849 11.2
    endloop
  endfacet
  facet normal 0 0 1
    outer loop
      vertex 14.45 21.4344 11.2
      vertex 13.725 20.1787 11.2
      vertex 14.2584 19.8389 11.2
    endloop
  endfacet
  facet normal 0 0 1
    outer loop
      vertex 13.7768 21.7849 11.2
      vertex 13.164 20.4707 11.2
      vertex 13.725 20.1787 11.2
    endloop
  endfacet
  facet normal 0 0 1
    outer loop
      vertex 13.0756 22.0753 11.2
      vertex 13.164 20.4707 11.2
      vertex 13.7768 21.7849 11.2
    endloop
  endfacet
  facet normal 0 0 1
    outer loop
      vertex 13.0756 22.0753 11.2
      vertex 12.5796 20.7128 11.2
      vertex 13.164 20.4707 11.2
    endloop
  endfacet
  facet normal 0 0 1
    outer loop
      vertex 12.3517 22.3035 11.2
      vertex 12.5796 20.7128 11.2
      vertex 13.0756 22.0753 11.2
    endloop
  endfacet
  facet normal 0 0 1
    outer loop
      vertex 12.3517 22.3035 11.2
      vertex 11.9764 20.903 11.2
      vertex 12.5796 20.7128 11.2
    endloop
  endfacet
  facet normal 0 0 1
    outer loop
      vertex 11.6107 22.4678 11.2
      vertex 11.9764 20.903 11.2
      vertex 12.3517 22.3035 11.2
    endloop
  endfacet
  facet normal 0 0 1
    outer loop
      vertex 11.6107 22.4678 11.2
      vertex 11.3589 21.0399 11.2
      vertex 11.9764 20.903 11.2
    endloop
  endfacet
  facet normal 0 0 1
    outer loop
      vertex 10.8582 22.5669 11.2
      vertex 11.3589 21.0399 11.2
      vertex 11.6107 22.4678 11.2
    endloop
  endfacet
  facet normal 0 0 1
    outer loop
      vertex 10.8582 22.5669 11.2
      vertex 10.7319 21.1224 11.2
      vertex 11.3589 21.0399 11.2
    endloop
  endfacet
  facet normal 0 0 1
    outer loop
      vertex 10.1 22.6 11.2
      vertex 10.7319 21.1224 11.2
      vertex 10.8582 22.5669 11.2
    endloop
  endfacet
  facet normal 0 0 1
    outer loop
      vertex 10.1 22.6 11.2
      vertex 10.1 21.15 11.2
      vertex 10.7319 21.1224 11.2
    endloop
  endfacet
  facet normal -0 0 1
    outer loop
      vertex -10.1 22.6 11.2
      vertex 10.1 21.15 11.2
      vertex 10.1 22.6 11.2
    endloop
  endfacet
  facet normal 0 0 1
    outer loop
      vertex -10.1 22.6 11.2
      vertex -10.1 21.15 11.2
      vertex 10.1 21.15 11.2
    endloop
  endfacet
  facet normal 0 0 1
    outer loop
      vertex -10.1 22.6 11.2
      vertex -10.7319 21.1224 11.2
      vertex -10.1 21.15 11.2
    endloop
  endfacet
  facet normal -0 0 1
    outer loop
      vertex -10.8582 22.5669 11.2
      vertex -10.7319 21.1224 11.2
      vertex -10.1 22.6 11.2
    endloop
  endfacet
  facet normal 0 0 1
    outer loop
      vertex -10.8582 22.5669 11.2
      vertex -11.3589 21.0399 11.2
      vertex -10.7319 21.1224 11.2
    endloop
  endfacet
  facet normal -0 0 1
    outer loop
      vertex -11.6107 22.4678 11.2
      vertex -11.3589 21.0399 11.2
      vertex -10.8582 22.5669 11.2
    endloop
  endfacet
  facet normal 0 0 1
    outer loop
      vertex -11.6107 22.4678 11.2
      vertex -11.9764 20.903 11.2
      vertex -11.3589 21.0399 11.2
    endloop
  endfacet
  facet normal -0 0 1
    outer loop
      vertex -12.3517 22.3035 11.2
      vertex -11.9764 20.903 11.2
      vertex -11.6107 22.4678 11.2
    endloop
  endfacet
  facet normal 0 0 1
    outer loop
      vertex -12.3517 22.3035 11.2
      vertex -12.5796 20.7128 11.2
      vertex -11.9764 20.903 11.2
    endloop
  endfacet
  facet normal -0 0 1
    outer loop
      vertex -13.0756 22.0753 11.2
      vertex -12.5796 20.7128 11.2
      vertex -12.3517 22.3035 11.2
    endloop
  endfacet
  facet normal 0 0 1
    outer loop
      vertex -13.0756 22.0753 11.2
      vertex -13.164 20.4707 11.2
      vertex -12.5796 20.7128 11.2
    endloop
  endfacet
  facet normal -0 0 1
    outer loop
      vertex -13.7768 21.7849 11.2
      vertex -13.164 20.4707 11.2
      vertex -13.0756 22.0753 11.2
    endloop
  endfacet
  facet normal 0 0 1
    outer loop
      vertex -13.164 20.4707 11.2
      vertex -13.7768 21.7849 11.2
      vertex -13.725 20.1787 11.2
    endloop
  endfacet
  facet normal -0 0 1
    outer loop
      vertex -14.45 21.4344 11.2
      vertex -13.725 20.1787 11.2
      vertex -13.7768 21.7849 11.2
    endloop
  endfacet
  facet normal 0 0 1
    outer loop
      vertex -13.725 20.1787 11.2
      vertex -14.45 21.4344 11.2
      vertex -14.2584 19.8389 11.2
    endloop
  endfacet
  facet normal -0 0 1
    outer loop
      vertex -15.0901 21.0266 11.2
      vertex -14.2584 19.8389 11.2
      vertex -14.45 21.4344 11.2
    endloop
  endfacet
  facet normal 0 0 1
    outer loop
      vertex -14.2584 19.8389 11.2
      vertex -15.0901 21.0266 11.2
      vertex -14.7602 19.4538 11.2
    endloop
  endfacet
  facet normal -0 0 1
    outer loop
      vertex -15.6922 20.5646 11.2
      vertex -14.7602 19.4538 11.2
      vertex -15.0901 21.0266 11.2
    endloop
  endfacet
  facet normal 0 0 1
    outer loop
      vertex -14.7602 19.4538 11.2
      vertex -15.6922 20.5646 11.2
      vertex -15.2265 19.0265 11.2
    endloop
  endfacet
  facet normal -0 0 1
    outer loop
      vertex -16.2518 20.0518 11.2
      vertex -15.2265 19.0265 11.2
      vertex -15.6922 20.5646 11.2
    endloop
  endfacet
  facet normal 0 0 1
    outer loop
      vertex -15.2265 19.0265 11.2
      vertex -16.2518 20.0518 11.2
      vertex -15.6538 18.5602 11.2
    endloop
  endfacet
  facet normal -0 0 1
    outer loop
      vertex -16.7646 19.4922 11.2
      vertex -15.6538 18.5602 11.2
      vertex -16.2518 20.0518 11.2
    endloop
  endfacet
  facet normal 0 0 1
    outer loop
      vertex -15.6538 18.5602 11.2
      vertex -16.7646 19.4922 11.2
      vertex -16.0388 18.0584 11.2
    endloop
  endfacet
  facet normal -0 0 1
    outer loop
      vertex -17.2266 18.8901 11.2
      vertex -16.0388 18.0584 11.2
      vertex -16.7646 19.4922 11.2
    endloop
  endfacet
  facet normal 0 0 1
    outer loop
      vertex -16.0388 18.0584 11.2
      vertex -17.2266 18.8901 11.2
      vertex -16.3787 17.525 11.2
    endloop
  endfacet
  facet normal -0 0 1
    outer loop
      vertex -17.6344 18.25 11.2
      vertex -16.3787 17.525 11.2
      vertex -17.2266 18.8901 11.2
    endloop
  endfacet
  facet normal 0 0 1
    outer loop
      vertex -16.3787 17.525 11.2
      vertex -17.6344 18.25 11.2
      vertex -16.6707 16.964 11.2
    endloop
  endfacet
  facet normal -0 0 1
    outer loop
      vertex -17.9849 17.5768 11.2
      vertex -16.6707 16.964 11.2
      vertex -17.6344 18.25 11.2
    endloop
  endfacet
  facet normal 0 0 1
    outer loop
      vertex -16.6707 16.964 11.2
      vertex -17.9849 17.5768 11.2
      vertex -16.9128 16.3796 11.2
    endloop
  endfacet
  facet normal -0 0 1
    outer loop
      vertex -18.2753 16.8756 11.2
      vertex -16.9128 16.3796 11.2
      vertex -17.9849 17.5768 11.2
    endloop
  endfacet
  facet normal 0 0 1
    outer loop
      vertex -16.9128 16.3796 11.2
      vertex -18.2753 16.8756 11.2
      vertex -17.103 15.7764 11.2
    endloop
  endfacet
  facet normal 0 0 1
    outer loop
      vertex -17.103 15.7764 11.2
      vertex -18.5035 16.1517 11.2
      vertex -17.2399 15.1589 11.2
    endloop
  endfacet
  facet normal -0 0 1
    outer loop
      vertex -18.5035 16.1517 11.2
      vertex -17.103 15.7764 11.2
      vertex -18.2753 16.8756 11.2
    endloop
  endfacet
  facet normal -0 0 1
    outer loop
      vertex 17.103 -15.7764 11.2
      vertex 18.5035 -16.1517 11.2
      vertex 17.2399 -15.1589 11.2
    endloop
  endfacet
  facet normal 0 0 1
    outer loop
      vertex 18.5035 -16.1517 11.2
      vertex 17.103 -15.7764 11.2
      vertex 18.2753 -16.8756 11.2
    endloop
  endfacet
  facet normal -0 0 1
    outer loop
      vertex 16.9128 -16.3796 11.2
      vertex 18.2753 -16.8756 11.2
      vertex 17.103 -15.7764 11.2
    endloop
  endfacet
  facet normal 0 0 1
    outer loop
      vertex 18.2753 -16.8756 11.2
      vertex 16.9128 -16.3796 11.2
      vertex 17.9849 -17.5768 11.2
    endloop
  endfacet
  facet normal -0 0 1
    outer loop
      vertex 16.6707 -16.964 11.2
      vertex 17.9849 -17.5768 11.2
      vertex 16.9128 -16.3796 11.2
    endloop
  endfacet
  facet normal 0 0 1
    outer loop
      vertex 17.9849 -17.5768 11.2
      vertex 16.6707 -16.964 11.2
      vertex 17.6344 -18.25 11.2
    endloop
  endfacet
  facet normal -0 0 1
    outer loop
      vertex 16.3787 -17.525 11.2
      vertex 17.6344 -18.25 11.2
      vertex 16.6707 -16.964 11.2
    endloop
  endfacet
  facet normal 0 0 1
    outer loop
      vertex 17.6344 -18.25 11.2
      vertex 16.3787 -17.525 11.2
      vertex 17.2266 -18.8901 11.2
    endloop
  endfacet
  facet normal -0 0 1
    outer loop
      vertex 16.0388 -18.0584 11.2
      vertex 17.2266 -18.8901 11.2
      vertex 16.3787 -17.525 11.2
    endloop
  endfacet
  facet normal 0 0 1
    outer loop
      vertex 17.2266 -18.8901 11.2
      vertex 16.0388 -18.0584 11.2
      vertex 16.7646 -19.4922 11.2
    endloop
  endfacet
  facet normal -0 0 1
    outer loop
      vertex 15.6538 -18.5602 11.2
      vertex 16.7646 -19.4922 11.2
      vertex 16.0388 -18.0584 11.2
    endloop
  endfacet
  facet normal 0 0 1
    outer loop
      vertex 16.7646 -19.4922 11.2
      vertex 15.6538 -18.5602 11.2
      vertex 16.2518 -20.0518 11.2
    endloop
  endfacet
  facet normal -0 0 1
    outer loop
      vertex 15.2265 -19.0265 11.2
      vertex 16.2518 -20.0518 11.2
      vertex 15.6538 -18.5602 11.2
    endloop
  endfacet
  facet normal 0 0 1
    outer loop
      vertex 16.2518 -20.0518 11.2
      vertex 15.2265 -19.0265 11.2
      vertex 15.6922 -20.5646 11.2
    endloop
  endfacet
  facet normal -0 0 1
    outer loop
      vertex 14.7602 -19.4538 11.2
      vertex 15.6922 -20.5646 11.2
      vertex 15.2265 -19.0265 11.2
    endloop
  endfacet
  facet normal 0 0 1
    outer loop
      vertex 15.6922 -20.5646 11.2
      vertex 14.7602 -19.4538 11.2
      vertex 15.0901 -21.0266 11.2
    endloop
  endfacet
  facet normal -0 0 1
    outer loop
      vertex 14.2584 -19.8389 11.2
      vertex 15.0901 -21.0266 11.2
      vertex 14.7602 -19.4538 11.2
    endloop
  endfacet
  facet normal 0 0 1
    outer loop
      vertex 15.0901 -21.0266 11.2
      vertex 14.2584 -19.8389 11.2
      vertex 14.45 -21.4344 11.2
    endloop
  endfacet
  facet normal -0 0 1
    outer loop
      vertex 13.725 -20.1787 11.2
      vertex 14.45 -21.4344 11.2
      vertex 14.2584 -19.8389 11.2
    endloop
  endfacet
  facet normal 0 0 1
    outer loop
      vertex 14.45 -21.4344 11.2
      vertex 13.725 -20.1787 11.2
      vertex 13.7768 -21.7849 11.2
    endloop
  endfacet
  facet normal -0 0 1
    outer loop
      vertex 13.164 -20.4707 11.2
      vertex 13.7768 -21.7849 11.2
      vertex 13.725 -20.1787 11.2
    endloop
  endfacet
  facet normal 0 0 1
    outer loop
      vertex 13.164 -20.4707 11.2
      vertex 13.0756 -22.0753 11.2
      vertex 13.7768 -21.7849 11.2
    endloop
  endfacet
  facet normal -0 0 1
    outer loop
      vertex 12.5796 -20.7128 11.2
      vertex 13.0756 -22.0753 11.2
      vertex 13.164 -20.4707 11.2
    endloop
  endfacet
  facet normal 0 0 1
    outer loop
      vertex 12.5796 -20.7128 11.2
      vertex 12.3517 -22.3035 11.2
      vertex 13.0756 -22.0753 11.2
    endloop
  endfacet
  facet normal -0 0 1
    outer loop
      vertex 11.9764 -20.903 11.2
      vertex 12.3517 -22.3035 11.2
      vertex 12.5796 -20.7128 11.2
    endloop
  endfacet
  facet normal 0 0 1
    outer loop
      vertex 11.9764 -20.903 11.2
      vertex 11.6107 -22.4678 11.2
      vertex 12.3517 -22.3035 11.2
    endloop
  endfacet
  facet normal -0 0 1
    outer loop
      vertex 11.3589 -21.0399 11.2
      vertex 11.6107 -22.4678 11.2
      vertex 11.9764 -20.903 11.2
    endloop
  endfacet
  facet normal 0 0 1
    outer loop
      vertex 11.3589 -21.0399 11.2
      vertex 10.8582 -22.5669 11.2
      vertex 11.6107 -22.4678 11.2
    endloop
  endfacet
  facet normal -0 0 1
    outer loop
      vertex 10.7319 -21.1224 11.2
      vertex 10.8582 -22.5669 11.2
      vertex 11.3589 -21.0399 11.2
    endloop
  endfacet
  facet normal -0 0 1
    outer loop
      vertex 10.1 -21.15 11.2
      vertex 10.8582 -22.5669 11.2
      vertex 10.7319 -21.1224 11.2
    endloop
  endfacet
  facet normal 0 0 1
    outer loop
      vertex 10.1 -21.15 11.2
      vertex 10.1 -22.6 11.2
      vertex 10.8582 -22.5669 11.2
    endloop
  endfacet
  facet normal -0 0 1
    outer loop
      vertex -10.1 -21.15 11.2
      vertex 10.1 -22.6 11.2
      vertex 10.1 -21.15 11.2
    endloop
  endfacet
  facet normal 0 0 1
    outer loop
      vertex -10.1 -21.15 11.2
      vertex -10.1 -22.6 11.2
      vertex 10.1 -22.6 11.2
    endloop
  endfacet
  facet normal 0 0 1
    outer loop
      vertex -10.7319 -21.1224 11.2
      vertex -10.1 -22.6 11.2
      vertex -10.1 -21.15 11.2
    endloop
  endfacet
  facet normal 0 0 1
    outer loop
      vertex -10.7319 -21.1224 11.2
      vertex -10.8582 -22.5669 11.2
      vertex -10.1 -22.6 11.2
    endloop
  endfacet
  facet normal 0 0 1
    outer loop
      vertex -11.3589 -21.0399 11.2
      vertex -10.8582 -22.5669 11.2
      vertex -10.7319 -21.1224 11.2
    endloop
  endfacet
  facet normal 0 0 1
    outer loop
      vertex -11.3589 -21.0399 11.2
      vertex -11.6107 -22.4678 11.2
      vertex -10.8582 -22.5669 11.2
    endloop
  endfacet
  facet normal 0 0 1
    outer loop
      vertex -11.9764 -20.903 11.2
      vertex -11.6107 -22.4678 11.2
      vertex -11.3589 -21.0399 11.2
    endloop
  endfacet
  facet normal 0 0 1
    outer loop
      vertex -11.9764 -20.903 11.2
      vertex -12.3517 -22.3035 11.2
      vertex -11.6107 -22.4678 11.2
    endloop
  endfacet
  facet normal 0 0 1
    outer loop
      vertex -12.5796 -20.7128 11.2
      vertex -12.3517 -22.3035 11.2
      vertex -11.9764 -20.903 11.2
    endloop
  endfacet
  facet normal 0 0 1
    outer loop
      vertex -12.5796 -20.7128 11.2
      vertex -13.0756 -22.0753 11.2
      vertex -12.3517 -22.3035 11.2
    endloop
  endfacet
  facet normal 0 0 1
    outer loop
      vertex -13.164 -20.4707 11.2
      vertex -13.0756 -22.0753 11.2
      vertex -12.5796 -20.7128 11.2
    endloop
  endfacet
  facet normal 0 0 1
    outer loop
      vertex -13.7768 -21.7849 11.2
      vertex -13.164 -20.4707 11.2
      vertex -13.725 -20.1787 11.2
    endloop
  endfacet
  facet normal 0 0 1
    outer loop
      vertex -13.164 -20.4707 11.2
      vertex -13.7768 -21.7849 11.2
      vertex -13.0756 -22.0753 11.2
    endloop
  endfacet
  facet normal 0 0 1
    outer loop
      vertex -14.45 -21.4344 11.2
      vertex -13.725 -20.1787 11.2
      vertex -14.2584 -19.8389 11.2
    endloop
  endfacet
  facet normal 0 0 1
    outer loop
      vertex -13.725 -20.1787 11.2
      vertex -14.45 -21.4344 11.2
      vertex -13.7768 -21.7849 11.2
    endloop
  endfacet
  facet normal 0 0 1
    outer loop
      vertex -15.0901 -21.0266 11.2
      vertex -14.2584 -19.8389 11.2
      vertex -14.7602 -19.4538 11.2
    endloop
  endfacet
  facet normal 0 0 1
    outer loop
      vertex -14.2584 -19.8389 11.2
      vertex -15.0901 -21.0266 11.2
      vertex -14.45 -21.4344 11.2
    endloop
  endfacet
  facet normal 0 0 1
    outer loop
      vertex -15.6922 -20.5646 11.2
      vertex -14.7602 -19.4538 11.2
      vertex -15.2265 -19.0265 11.2
    endloop
  endfacet
  facet normal 0 0 1
    outer loop
      vertex -16.2518 -20.0518 11.2
      vertex -15.2265 -19.0265 11.2
      vertex -15.6538 -18.5602 11.2
    endloop
  endfacet
  facet normal 0 0 1
    outer loop
      vertex -14.7602 -19.4538 11.2
      vertex -15.6922 -20.5646 11.2
      vertex -15.0901 -21.0266 11.2
    endloop
  endfacet
  facet normal 0 0 1
    outer loop
      vertex -16.7646 -19.4922 11.2
      vertex -15.6538 -18.5602 11.2
      vertex -16.0388 -18.0584 11.2
    endloop
  endfacet
  facet normal 0 0 1
    outer loop
      vertex -15.2265 -19.0265 11.2
      vertex -16.2518 -20.0518 11.2
      vertex -15.6922 -20.5646 11.2
    endloop
  endfacet
  facet normal 0 0 1
    outer loop
      vertex -17.2266 -18.8901 11.2
      vertex -16.0388 -18.0584 11.2
      vertex -16.3787 -17.525 11.2
    endloop
  endfacet
  facet normal 0 0 1
    outer loop
      vertex -17.6344 -18.25 11.2
      vertex -16.3787 -17.525 11.2
      vertex -16.6707 -16.964 11.2
    endloop
  endfacet
  facet normal 0 0 1
    outer loop
      vertex -15.6538 -18.5602 11.2
      vertex -16.7646 -19.4922 11.2
      vertex -16.2518 -20.0518 11.2
    endloop
  endfacet
  facet normal 0 0 1
    outer loop
      vertex -17.9849 -17.5768 11.2
      vertex -16.6707 -16.964 11.2
      vertex -16.9128 -16.3796 11.2
    endloop
  endfacet
  facet normal 0 0 1
    outer loop
      vertex -18.2753 -16.8756 11.2
      vertex -16.9128 -16.3796 11.2
      vertex -17.103 -15.7764 11.2
    endloop
  endfacet
  facet normal 0 0 1
    outer loop
      vertex -16.0388 -18.0584 11.2
      vertex -17.2266 -18.8901 11.2
      vertex -16.7646 -19.4922 11.2
    endloop
  endfacet
  facet normal 0 0 1
    outer loop
      vertex -18.5035 -16.1517 11.2
      vertex -17.103 -15.7764 11.2
      vertex -17.2399 -15.1589 11.2
    endloop
  endfacet
  facet normal 0 0 1
    outer loop
      vertex -18.6678 -15.4107 11.2
      vertex -17.2399 -15.1589 11.2
      vertex -17.3224 -14.5319 11.2
    endloop
  endfacet
  facet normal 0 0 1
    outer loop
      vertex -18.7669 -14.6582 11.2
      vertex -17.3224 -14.5319 11.2
      vertex -17.35 -13.9 11.2
    endloop
  endfacet
  facet normal 0 0 1
    outer loop
      vertex -16.3787 -17.525 11.2
      vertex -17.6344 -18.25 11.2
      vertex -17.2266 -18.8901 11.2
    endloop
  endfacet
  facet normal 0 0 1
    outer loop
      vertex -17.35 13.9 11.2
      vertex -18.8 13.9 11.2
      vertex -17.35 -13.9 11.2
    endloop
  endfacet
  facet normal -0 0 1
    outer loop
      vertex -18.6678 15.4107 11.2
      vertex -17.2399 15.1589 11.2
      vertex -18.5035 16.1517 11.2
    endloop
  endfacet
  facet normal 0 0 1
    outer loop
      vertex -18.8 -13.9 11.2
      vertex -17.35 -13.9 11.2
      vertex -18.8 13.9 11.2
    endloop
  endfacet
  facet normal 0 0 1
    outer loop
      vertex -17.2399 15.1589 11.2
      vertex -18.6678 15.4107 11.2
      vertex -17.3224 14.5319 11.2
    endloop
  endfacet
  facet normal 0 -0 1
    outer loop
      vertex -18.7669 -14.6582 11.2
      vertex -17.35 -13.9 11.2
      vertex -18.8 -13.9 11.2
    endloop
  endfacet
  facet normal -0 0 1
    outer loop
      vertex -18.7669 14.6582 11.2
      vertex -17.3224 14.5319 11.2
      vertex -18.6678 15.4107 11.2
    endloop
  endfacet
  facet normal 0 0 1
    outer loop
      vertex -16.6707 -16.964 11.2
      vertex -17.9849 -17.5768 11.2
      vertex -17.6344 -18.25 11.2
    endloop
  endfacet
  facet normal 0 0 1
    outer loop
      vertex -17.3224 14.5319 11.2
      vertex -18.7669 14.6582 11.2
      vertex -17.35 13.9 11.2
    endloop
  endfacet
  facet normal 0 0 1
    outer loop
      vertex -16.9128 -16.3796 11.2
      vertex -18.2753 -16.8756 11.2
      vertex -17.9849 -17.5768 11.2
    endloop
  endfacet
  facet normal 0 0 1
    outer loop
      vertex -17.35 13.9 11.2
      vertex -18.7669 14.6582 11.2
      vertex -18.8 13.9 11.2
    endloop
  endfacet
  facet normal 0 0 1
    outer loop
      vertex -17.103 -15.7764 11.2
      vertex -18.5035 -16.1517 11.2
      vertex -18.2753 -16.8756 11.2
    endloop
  endfacet
  facet normal 0 0 1
    outer loop
      vertex -17.2399 -15.1589 11.2
      vertex -18.6678 -15.4107 11.2
      vertex -18.5035 -16.1517 11.2
    endloop
  endfacet
  facet normal 0 0 1
    outer loop
      vertex -17.3224 -14.5319 11.2
      vertex -18.7669 -14.6582 11.2
      vertex -18.6678 -15.4107 11.2
    endloop
  endfacet
  facet normal 0.596683 -0.380072 -0.706764
    outer loop
      vertex 17.6344 -18.25 0.4
      vertex 16.899 -18.6607 0
      vertex 17.288 -18.05 0
    endloop
  endfacet
  facet normal 0.596697 -0.380149 -0.70671
    outer loop
      vertex 17.2266 -18.8901 0.4
      vertex 16.899 -18.6607 0
      vertex 17.6344 -18.25 0.4
    endloop
  endfacet
  facet normal 0.326619 0.627542 -0.706761
    outer loop
      vertex 14.25 21.088 0
      vertex 13.6077 21.4223 0
      vertex 14.45 21.4344 0.4
    endloop
  endfacet
  facet normal -0.521611 0.47794 -0.70675
    outer loop
      vertex -16.4582 19.2351 0
      vertex -16.7646 19.4922 0.4
      vertex -15.969 19.769 0
    endloop
  endfacet
  facet normal -0.690742 -0.153118 -0.706704
    outer loop
      vertex -18.1172 -16.0482 0
      vertex -18.5035 -16.1517 0.4
      vertex -18.2739 -15.3413 0
    endloop
  endfacet
  facet normal 0.380149 0.596697 -0.70671
    outer loop
      vertex 14.8607 20.699 0
      vertex 14.45 21.4344 0.4
      vertex 15.0901 21.0266 0.4
    endloop
  endfacet
  facet normal -0.70138 -0.0923255 -0.706783
    outer loop
      vertex -18.2739 -15.3413 0
      vertex -18.7669 -14.6582 0.4
      vertex -18.3684 -14.6234 0
    endloop
  endfacet
  facet normal 0.43073 0.561278 -0.70671
    outer loop
      vertex 15.4351 20.2582 0
      vertex 14.8607 20.699 0
      vertex 15.0901 21.0266 0.4
    endloop
  endfacet
  facet normal -0.477988 0.521611 -0.706717
    outer loop
      vertex -15.969 19.769 0
      vertex -16.2518 20.0518 0.4
      vertex -15.6922 20.5646 0.4
    endloop
  endfacet
  facet normal 0.212801 -0.67475 -0.706702
    outer loop
      vertex 12.3517 -22.3035 0.4
      vertex 12.2482 -21.9172 0
      vertex 12.9388 -21.6994 0
    endloop
  endfacet
  facet normal -0.380149 0.596697 -0.70671
    outer loop
      vertex -14.8607 20.699 0
      vertex -15.0901 21.0266 0.4
      vertex -14.45 21.4344 0.4
    endloop
  endfacet
  facet normal 0.212689 -0.674697 -0.706786
    outer loop
      vertex 13.0756 -22.0753 0.4
      vertex 12.3517 -22.3035 0.4
      vertex 12.9388 -21.6994 0
    endloop
  endfacet
  facet normal -0.53731 -0.843385 0
    outer loop
      vertex -15.0901 -21.0266 0.4
      vertex -14.45 -21.4344 11.2
      vertex -15.0901 -21.0266 11.2
    endloop
  endfacet
  facet normal -0.53731 -0.843385 -0
    outer loop
      vertex -14.45 -21.4344 11.2
      vertex -15.0901 -21.0266 0.4
      vertex -14.45 -21.4344 0.4
    endloop
  endfacet
  facet normal -0.270723 0.653506 -0.706851
    outer loop
      vertex -13.6077 21.4223 0
      vertex -13.7768 21.7849 0.4
      vertex -12.9388 21.6994 0
    endloop
  endfacet
  facet normal -0.67475 0.212801 -0.706702
    outer loop
      vertex -18.1172 16.0482 0
      vertex -18.5035 16.1517 0.4
      vertex -17.8994 16.7388 0
    endloop
  endfacet
  facet normal -0.561246 0.430705 -0.70675
    outer loop
      vertex -16.4582 19.2351 0
      vertex -16.899 18.6607 0
      vertex -16.7646 19.4922 0.4
    endloop
  endfacet
  facet normal 0.596683 0.380072 -0.706764
    outer loop
      vertex 17.288 18.05 0
      vertex 16.899 18.6607 0
      vertex 17.6344 18.25 0.4
    endloop
  endfacet
  facet normal 0.627418 0.326663 -0.706851
    outer loop
      vertex 17.9849 17.5768 0.4
      vertex 17.6223 17.4077 0
      vertex 17.6344 18.25 0.4
    endloop
  endfacet
  facet normal 0.886982 0.461805 0
    outer loop
      vertex 17.9849 17.5768 11.2
      vertex 17.6344 18.25 0.4
      vertex 17.6344 18.25 11.2
    endloop
  endfacet
  facet normal 0.886982 0.461805 0
    outer loop
      vertex 17.6344 18.25 0.4
      vertex 17.9849 17.5768 11.2
      vertex 17.9849 17.5768 0.4
    endloop
  endfacet
  facet normal 0.67475 0.212801 -0.706702
    outer loop
      vertex 18.1172 16.0482 0
      vertex 17.8994 16.7388 0
      vertex 18.5035 16.1517 0.4
    endloop
  endfacet
  facet normal 0.674697 0.212689 -0.706786
    outer loop
      vertex 18.5035 16.1517 0.4
      vertex 17.8994 16.7388 0
      vertex 18.2753 16.8756 0.4
    endloop
  endfacet
  facet normal 0.976289 -0.21647 0
    outer loop
      vertex 18.5035 -16.1517 11.2
      vertex 18.6678 -15.4107 0.4
      vertex 18.6678 -15.4107 11.2
    endloop
  endfacet
  facet normal 0.976289 -0.21647 0
    outer loop
      vertex 18.6678 -15.4107 0.4
      vertex 18.5035 -16.1517 11.2
      vertex 18.5035 -16.1517 0.4
    endloop
  endfacet
  facet normal -0.153147 0.6907 -0.706738
    outer loop
      vertex -11.5413 22.0739 0
      vertex -12.3517 22.3035 0.4
      vertex -11.6107 22.4678 0.4
    endloop
  endfacet
  facet normal -0.153118 0.690742 -0.706704
    outer loop
      vertex -12.2482 21.9172 0
      vertex -12.3517 22.3035 0.4
      vertex -11.5413 22.0739 0
    endloop
  endfacet
  facet normal 0 0 1
    outer loop
      vertex 16.55 13.9 13.2
      vertex 17.35 13.9 13.2
      vertex 17.3224 14.5319 13.2
    endloop
  endfacet
  facet normal 0 0 1
    outer loop
      vertex 17.35 13.9 13.2
      vertex 16.55 13.9 13.2
      vertex 17.35 -13.9 13.2
    endloop
  endfacet
  facet normal 0 0 1
    outer loop
      vertex 16.5255 14.4621 13.2
      vertex 17.3224 14.5319 13.2
      vertex 17.2399 15.1589 13.2
    endloop
  endfacet
  facet normal 0 0 1
    outer loop
      vertex 16.55 -13.9 13.2
      vertex 17.35 -13.9 13.2
      vertex 16.55 13.9 13.2
    endloop
  endfacet
  facet normal 0 0 1
    outer loop
      vertex 16.452 15.02 13.2
      vertex 17.2399 15.1589 13.2
      vertex 17.103 15.7764 13.2
    endloop
  endfacet
  facet normal 0 0 1
    outer loop
      vertex 17.35 -13.9 13.2
      vertex 16.55 -13.9 13.2
      vertex 17.3224 -14.5319 13.2
    endloop
  endfacet
  facet normal 0 0 1
    outer loop
      vertex 16.3302 15.5694 13.2
      vertex 17.103 15.7764 13.2
      vertex 16.9128 16.3796 13.2
    endloop
  endfacet
  facet normal -0 0 1
    outer loop
      vertex 16.5255 -14.4621 13.2
      vertex 17.3224 -14.5319 13.2
      vertex 16.55 -13.9 13.2
    endloop
  endfacet
  facet normal 0 0 1
    outer loop
      vertex 16.161 16.106 13.2
      vertex 16.9128 16.3796 13.2
      vertex 16.6707 16.964 13.2
    endloop
  endfacet
  facet normal 0 0 1
    outer loop
      vertex 17.3224 -14.5319 13.2
      vertex 16.5255 -14.4621 13.2
      vertex 17.2399 -15.1589 13.2
    endloop
  endfacet
  facet normal -0 0 1
    outer loop
      vertex 16.452 -15.02 13.2
      vertex 17.2399 -15.1589 13.2
      vertex 16.5255 -14.4621 13.2
    endloop
  endfacet
  facet normal 0 0 1
    outer loop
      vertex 17.3224 14.5319 13.2
      vertex 16.5255 14.4621 13.2
      vertex 16.55 13.9 13.2
    endloop
  endfacet
  facet normal 0 0 1
    outer loop
      vertex 17.2399 15.1589 13.2
      vertex 16.452 15.02 13.2
      vertex 16.5255 14.4621 13.2
    endloop
  endfacet
  facet normal 0 0 1
    outer loop
      vertex 15.9457 16.6259 13.2
      vertex 16.6707 16.964 13.2
      vertex 16.3787 17.525 13.2
    endloop
  endfacet
  facet normal 0 0 1
    outer loop
      vertex 17.103 15.7764 13.2
      vertex 16.3302 15.5694 13.2
      vertex 16.452 15.02 13.2
    endloop
  endfacet
  facet normal 0 0 1
    outer loop
      vertex 16.9128 16.3796 13.2
      vertex 16.161 16.106 13.2
      vertex 16.3302 15.5694 13.2
    endloop
  endfacet
  facet normal 0 0 1
    outer loop
      vertex 15.6859 17.125 13.2
      vertex 16.3787 17.525 13.2
      vertex 16.0388 18.0584 13.2
    endloop
  endfacet
  facet normal 0 0 1
    outer loop
      vertex 16.6707 16.964 13.2
      vertex 15.9457 16.6259 13.2
      vertex 16.161 16.106 13.2
    endloop
  endfacet
  facet normal 0 0 1
    outer loop
      vertex 16.3787 17.525 13.2
      vertex 15.6859 17.125 13.2
      vertex 15.9457 16.6259 13.2
    endloop
  endfacet
  facet normal 0 0 1
    outer loop
      vertex 15.3835 17.5996 13.2
      vertex 16.0388 18.0584 13.2
      vertex 15.6538 18.5602 13.2
    endloop
  endfacet
  facet normal 0 0 1
    outer loop
      vertex 16.0388 18.0584 13.2
      vertex 15.3835 17.5996 13.2
      vertex 15.6859 17.125 13.2
    endloop
  endfacet
  facet normal 0 0 1
    outer loop
      vertex 15.041 18.046 13.2
      vertex 15.6538 18.5602 13.2
      vertex 15.2265 19.0265 13.2
    endloop
  endfacet
  facet normal 0 0 1
    outer loop
      vertex 15.6538 18.5602 13.2
      vertex 15.041 18.046 13.2
      vertex 15.3835 17.5996 13.2
    endloop
  endfacet
  facet normal 0 0 1
    outer loop
      vertex 14.6608 18.4608 13.2
      vertex 15.2265 19.0265 13.2
      vertex 14.7602 19.4538 13.2
    endloop
  endfacet
  facet normal 0 0 1
    outer loop
      vertex 15.2265 19.0265 13.2
      vertex 14.6608 18.4608 13.2
      vertex 15.041 18.046 13.2
    endloop
  endfacet
  facet normal 0 0 1
    outer loop
      vertex 14.246 18.841 13.2
      vertex 14.7602 19.4538 13.2
      vertex 14.2584 19.8389 13.2
    endloop
  endfacet
  facet normal 0 0 1
    outer loop
      vertex 14.7602 19.4538 13.2
      vertex 14.246 18.841 13.2
      vertex 14.6608 18.4608 13.2
    endloop
  endfacet
  facet normal 0 0 1
    outer loop
      vertex 14.2584 19.8389 13.2
      vertex 13.7996 19.1835 13.2
      vertex 14.246 18.841 13.2
    endloop
  endfacet
  facet normal 0 0 1
    outer loop
      vertex 13.725 20.1787 13.2
      vertex 13.7996 19.1835 13.2
      vertex 14.2584 19.8389 13.2
    endloop
  endfacet
  facet normal 0 0 1
    outer loop
      vertex 13.725 20.1787 13.2
      vertex 13.325 19.4859 13.2
      vertex 13.7996 19.1835 13.2
    endloop
  endfacet
  facet normal 0 0 1
    outer loop
      vertex 13.164 20.4707 13.2
      vertex 13.325 19.4859 13.2
      vertex 13.725 20.1787 13.2
    endloop
  endfacet
  facet normal 0 0 1
    outer loop
      vertex 13.164 20.4707 13.2
      vertex 12.8259 19.7457 13.2
      vertex 13.325 19.4859 13.2
    endloop
  endfacet
  facet normal 0 0 1
    outer loop
      vertex 12.5796 20.7128 13.2
      vertex 12.8259 19.7457 13.2
      vertex 13.164 20.4707 13.2
    endloop
  endfacet
  facet normal 0 0 1
    outer loop
      vertex 12.5796 20.7128 13.2
      vertex 12.306 19.961 13.2
      vertex 12.8259 19.7457 13.2
    endloop
  endfacet
  facet normal 0 0 1
    outer loop
      vertex 11.9764 20.903 13.2
      vertex 12.306 19.961 13.2
      vertex 12.5796 20.7128 13.2
    endloop
  endfacet
  facet normal 0 0 1
    outer loop
      vertex 11.9764 20.903 13.2
      vertex 11.7694 20.1302 13.2
      vertex 12.306 19.961 13.2
    endloop
  endfacet
  facet normal 0 0 1
    outer loop
      vertex 11.3589 21.0399 13.2
      vertex 11.7694 20.1302 13.2
      vertex 11.9764 20.903 13.2
    endloop
  endfacet
  facet normal 0 0 1
    outer loop
      vertex 11.3589 21.0399 13.2
      vertex 11.22 20.252 13.2
      vertex 11.7694 20.1302 13.2
    endloop
  endfacet
  facet normal 0 0 1
    outer loop
      vertex 10.7319 21.1224 13.2
      vertex 11.22 20.252 13.2
      vertex 11.3589 21.0399 13.2
    endloop
  endfacet
  facet normal 0 0 1
    outer loop
      vertex 10.7319 21.1224 13.2
      vertex 10.6621 20.3255 13.2
      vertex 11.22 20.252 13.2
    endloop
  endfacet
  facet normal 0 0 1
    outer loop
      vertex 10.1 21.15 13.2
      vertex 10.6621 20.3255 13.2
      vertex 10.7319 21.1224 13.2
    endloop
  endfacet
  facet normal 0 0 1
    outer loop
      vertex 10.1 21.15 13.2
      vertex 10.1 20.35 13.2
      vertex 10.6621 20.3255 13.2
    endloop
  endfacet
  facet normal -0 0 1
    outer loop
      vertex -10.1 21.15 13.2
      vertex 10.1 20.35 13.2
      vertex 10.1 21.15 13.2
    endloop
  endfacet
  facet normal 0 0 1
    outer loop
      vertex -10.1 21.15 13.2
      vertex -10.1 20.35 13.2
      vertex 10.1 20.35 13.2
    endloop
  endfacet
  facet normal 0 0 1
    outer loop
      vertex -10.1 21.15 13.2
      vertex -10.6621 20.3255 13.2
      vertex -10.1 20.35 13.2
    endloop
  endfacet
  facet normal -0 0 1
    outer loop
      vertex -10.7319 21.1224 13.2
      vertex -10.6621 20.3255 13.2
      vertex -10.1 21.15 13.2
    endloop
  endfacet
  facet normal 0 0 1
    outer loop
      vertex -10.7319 21.1224 13.2
      vertex -11.22 20.252 13.2
      vertex -10.6621 20.3255 13.2
    endloop
  endfacet
  facet normal -0 0 1
    outer loop
      vertex -11.3589 21.0399 13.2
      vertex -11.22 20.252 13.2
      vertex -10.7319 21.1224 13.2
    endloop
  endfacet
  facet normal 0 0 1
    outer loop
      vertex -11.3589 21.0399 13.2
      vertex -11.7694 20.1302 13.2
      vertex -11.22 20.252 13.2
    endloop
  endfacet
  facet normal -0 0 1
    outer loop
      vertex -11.9764 20.903 13.2
      vertex -11.7694 20.1302 13.2
      vertex -11.3589 21.0399 13.2
    endloop
  endfacet
  facet normal 0 0 1
    outer loop
      vertex -11.9764 20.903 13.2
      vertex -12.306 19.961 13.2
      vertex -11.7694 20.1302 13.2
    endloop
  endfacet
  facet normal -0 0 1
    outer loop
      vertex -12.5796 20.7128 13.2
      vertex -12.306 19.961 13.2
      vertex -11.9764 20.903 13.2
    endloop
  endfacet
  facet normal 0 0 1
    outer loop
      vertex -12.5796 20.7128 13.2
      vertex -12.8259 19.7457 13.2
      vertex -12.306 19.961 13.2
    endloop
  endfacet
  facet normal -0 0 1
    outer loop
      vertex -13.164 20.4707 13.2
      vertex -12.8259 19.7457 13.2
      vertex -12.5796 20.7128 13.2
    endloop
  endfacet
  facet normal 0 0 1
    outer loop
      vertex -13.164 20.4707 13.2
      vertex -13.325 19.4859 13.2
      vertex -12.8259 19.7457 13.2
    endloop
  endfacet
  facet normal -0 0 1
    outer loop
      vertex -13.725 20.1787 13.2
      vertex -13.325 19.4859 13.2
      vertex -13.164 20.4707 13.2
    endloop
  endfacet
  facet normal 0 0 1
    outer loop
      vertex -13.725 20.1787 13.2
      vertex -13.7996 19.1835 13.2
      vertex -13.325 19.4859 13.2
    endloop
  endfacet
  facet normal -0 0 1
    outer loop
      vertex -14.2584 19.8389 13.2
      vertex -13.7996 19.1835 13.2
      vertex -13.725 20.1787 13.2
    endloop
  endfacet
  facet normal 0 0 1
    outer loop
      vertex -13.7996 19.1835 13.2
      vertex -14.2584 19.8389 13.2
      vertex -14.246 18.841 13.2
    endloop
  endfacet
  facet normal -0 0 1
    outer loop
      vertex -14.7602 19.4538 13.2
      vertex -14.246 18.841 13.2
      vertex -14.2584 19.8389 13.2
    endloop
  endfacet
  facet normal 0 0 1
    outer loop
      vertex -14.246 18.841 13.2
      vertex -14.7602 19.4538 13.2
      vertex -14.6608 18.4608 13.2
    endloop
  endfacet
  facet normal -0 0 1
    outer loop
      vertex -15.2265 19.0265 13.2
      vertex -14.6608 18.4608 13.2
      vertex -14.7602 19.4538 13.2
    endloop
  endfacet
  facet normal 0 0 1
    outer loop
      vertex -14.6608 18.4608 13.2
      vertex -15.2265 19.0265 13.2
      vertex -15.041 18.046 13.2
    endloop
  endfacet
  facet normal -0 0 1
    outer loop
      vertex -15.6538 18.5602 13.2
      vertex -15.041 18.046 13.2
      vertex -15.2265 19.0265 13.2
    endloop
  endfacet
  facet normal 0 0 1
    outer loop
      vertex -15.041 18.046 13.2
      vertex -15.6538 18.5602 13.2
      vertex -15.3835 17.5996 13.2
    endloop
  endfacet
  facet normal -0 0 1
    outer loop
      vertex -16.0388 18.0584 13.2
      vertex -15.3835 17.5996 13.2
      vertex -15.6538 18.5602 13.2
    endloop
  endfacet
  facet normal 0 0 1
    outer loop
      vertex -15.3835 17.5996 13.2
      vertex -16.0388 18.0584 13.2
      vertex -15.6859 17.125 13.2
    endloop
  endfacet
  facet normal -0 0 1
    outer loop
      vertex -16.3787 17.525 13.2
      vertex -15.6859 17.125 13.2
      vertex -16.0388 18.0584 13.2
    endloop
  endfacet
  facet normal 0 0 1
    outer loop
      vertex -15.6859 17.125 13.2
      vertex -16.3787 17.525 13.2
      vertex -15.9457 16.6259 13.2
    endloop
  endfacet
  facet normal -0 0 1
    outer loop
      vertex -16.6707 16.964 13.2
      vertex -15.9457 16.6259 13.2
      vertex -16.3787 17.525 13.2
    endloop
  endfacet
  facet normal 0 0 1
    outer loop
      vertex -15.9457 16.6259 13.2
      vertex -16.6707 16.964 13.2
      vertex -16.161 16.106 13.2
    endloop
  endfacet
  facet normal -0 0 1
    outer loop
      vertex -16.9128 16.3796 13.2
      vertex -16.161 16.106 13.2
      vertex -16.6707 16.964 13.2
    endloop
  endfacet
  facet normal 0 0 1
    outer loop
      vertex -16.161 16.106 13.2
      vertex -16.9128 16.3796 13.2
      vertex -16.3302 15.5694 13.2
    endloop
  endfacet
  facet normal -0 0 1
    outer loop
      vertex -17.2399 15.1589 13.2
      vertex -16.452 15.02 13.2
      vertex -17.103 15.7764 13.2
    endloop
  endfacet
  facet normal 0 0 1
    outer loop
      vertex -16.3302 15.5694 13.2
      vertex -17.103 15.7764 13.2
      vertex -16.452 15.02 13.2
    endloop
  endfacet
  facet normal -0 0 1
    outer loop
      vertex -17.103 15.7764 13.2
      vertex -16.3302 15.5694 13.2
      vertex -16.9128 16.3796 13.2
    endloop
  endfacet
  facet normal 0 0 1
    outer loop
      vertex 17.2399 -15.1589 13.2
      vertex 16.452 -15.02 13.2
      vertex 17.103 -15.7764 13.2
    endloop
  endfacet
  facet normal -0 0 1
    outer loop
      vertex 16.3302 -15.5694 13.2
      vertex 17.103 -15.7764 13.2
      vertex 16.452 -15.02 13.2
    endloop
  endfacet
  facet normal 0 0 1
    outer loop
      vertex 17.103 -15.7764 13.2
      vertex 16.3302 -15.5694 13.2
      vertex 16.9128 -16.3796 13.2
    endloop
  endfacet
  facet normal -0 0 1
    outer loop
      vertex 16.161 -16.106 13.2
      vertex 16.9128 -16.3796 13.2
      vertex 16.3302 -15.5694 13.2
    endloop
  endfacet
  facet normal 0 0 1
    outer loop
      vertex 16.9128 -16.3796 13.2
      vertex 16.161 -16.106 13.2
      vertex 16.6707 -16.964 13.2
    endloop
  endfacet
  facet normal -0 0 1
    outer loop
      vertex 15.9457 -16.6259 13.2
      vertex 16.6707 -16.964 13.2
      vertex 16.161 -16.106 13.2
    endloop
  endfacet
  facet normal 0 0 1
    outer loop
      vertex 16.6707 -16.964 13.2
      vertex 15.9457 -16.6259 13.2
      vertex 16.3787 -17.525 13.2
    endloop
  endfacet
  facet normal -0 0 1
    outer loop
      vertex 15.6859 -17.125 13.2
      vertex 16.3787 -17.525 13.2
      vertex 15.9457 -16.6259 13.2
    endloop
  endfacet
  facet normal 0 0 1
    outer loop
      vertex 16.3787 -17.525 13.2
      vertex 15.6859 -17.125 13.2
      vertex 16.0388 -18.0584 13.2
    endloop
  endfacet
  facet normal -0 0 1
    outer loop
      vertex 15.3835 -17.5996 13.2
      vertex 16.0388 -18.0584 13.2
      vertex 15.6859 -17.125 13.2
    endloop
  endfacet
  facet normal 0 0 1
    outer loop
      vertex 16.0388 -18.0584 13.2
      vertex 15.3835 -17.5996 13.2
      vertex 15.6538 -18.5602 13.2
    endloop
  endfacet
  facet normal -0 0 1
    outer loop
      vertex 15.041 -18.046 13.2
      vertex 15.6538 -18.5602 13.2
      vertex 15.3835 -17.5996 13.2
    endloop
  endfacet
  facet normal 0 0 1
    outer loop
      vertex 15.6538 -18.5602 13.2
      vertex 15.041 -18.046 13.2
      vertex 15.2265 -19.0265 13.2
    endloop
  endfacet
  facet normal -0 0 1
    outer loop
      vertex 14.6608 -18.4608 13.2
      vertex 15.2265 -19.0265 13.2
      vertex 15.041 -18.046 13.2
    endloop
  endfacet
  facet normal 0 0 1
    outer loop
      vertex 15.2265 -19.0265 13.2
      vertex 14.6608 -18.4608 13.2
      vertex 14.7602 -19.4538 13.2
    endloop
  endfacet
  facet normal -0 0 1
    outer loop
      vertex 14.246 -18.841 13.2
      vertex 14.7602 -19.4538 13.2
      vertex 14.6608 -18.4608 13.2
    endloop
  endfacet
  facet normal 0 0 1
    outer loop
      vertex 14.7602 -19.4538 13.2
      vertex 14.246 -18.841 13.2
      vertex 14.2584 -19.8389 13.2
    endloop
  endfacet
  facet normal -0 0 1
    outer loop
      vertex 13.7996 -19.1835 13.2
      vertex 14.2584 -19.8389 13.2
      vertex 14.246 -18.841 13.2
    endloop
  endfacet
  facet normal 0 0 1
    outer loop
      vertex 13.7996 -19.1835 13.2
      vertex 13.725 -20.1787 13.2
      vertex 14.2584 -19.8389 13.2
    endloop
  endfacet
  facet normal -0 0 1
    outer loop
      vertex 13.325 -19.4859 13.2
      vertex 13.725 -20.1787 13.2
      vertex 13.7996 -19.1835 13.2
    endloop
  endfacet
  facet normal 0 0 1
    outer loop
      vertex 13.325 -19.4859 13.2
      vertex 13.164 -20.4707 13.2
      vertex 13.725 -20.1787 13.2
    endloop
  endfacet
  facet normal -0 0 1
    outer loop
      vertex 12.8259 -19.7457 13.2
      vertex 13.164 -20.4707 13.2
      vertex 13.325 -19.4859 13.2
    endloop
  endfacet
  facet normal 0 0 1
    outer loop
      vertex 12.8259 -19.7457 13.2
      vertex 12.5796 -20.7128 13.2
      vertex 13.164 -20.4707 13.2
    endloop
  endfacet
  facet normal -0 0 1
    outer loop
      vertex 12.306 -19.961 13.2
      vertex 12.5796 -20.7128 13.2
      vertex 12.8259 -19.7457 13.2
    endloop
  endfacet
  facet normal 0 0 1
    outer loop
      vertex 12.306 -19.961 13.2
      vertex 11.9764 -20.903 13.2
      vertex 12.5796 -20.7128 13.2
    endloop
  endfacet
  facet normal -0 0 1
    outer loop
      vertex 11.7694 -20.1302 13.2
      vertex 11.9764 -20.903 13.2
      vertex 12.306 -19.961 13.2
    endloop
  endfacet
  facet normal 0 0 1
    outer loop
      vertex 11.7694 -20.1302 13.2
      vertex 11.3589 -21.0399 13.2
      vertex 11.9764 -20.903 13.2
    endloop
  endfacet
  facet normal -0 0 1
    outer loop
      vertex 11.22 -20.252 13.2
      vertex 11.3589 -21.0399 13.2
      vertex 11.7694 -20.1302 13.2
    endloop
  endfacet
  facet normal 0 0 1
    outer loop
      vertex 11.22 -20.252 13.2
      vertex 10.7319 -21.1224 13.2
      vertex 11.3589 -21.0399 13.2
    endloop
  endfacet
  facet normal -0 0 1
    outer loop
      vertex 10.6621 -20.3255 13.2
      vertex 10.7319 -21.1224 13.2
      vertex 11.22 -20.252 13.2
    endloop
  endfacet
  facet normal -0 0 1
    outer loop
      vertex 10.1 -20.35 13.2
      vertex 10.7319 -21.1224 13.2
      vertex 10.6621 -20.3255 13.2
    endloop
  endfacet
  facet normal 0 0 1
    outer loop
      vertex 10.1 -20.35 13.2
      vertex 10.1 -21.15 13.2
      vertex 10.7319 -21.1224 13.2
    endloop
  endfacet
  facet normal -0 0 1
    outer loop
      vertex -10.1 -20.35 13.2
      vertex 10.1 -21.15 13.2
      vertex 10.1 -20.35 13.2
    endloop
  endfacet
  facet normal 0 0 1
    outer loop
      vertex -10.1 -20.35 13.2
      vertex -10.1 -21.15 13.2
      vertex 10.1 -21.15 13.2
    endloop
  endfacet
  facet normal 0 0 1
    outer loop
      vertex -10.6621 -20.3255 13.2
      vertex -10.1 -21.15 13.2
      vertex -10.1 -20.35 13.2
    endloop
  endfacet
  facet normal 0 0 1
    outer loop
      vertex -10.6621 -20.3255 13.2
      vertex -10.7319 -21.1224 13.2
      vertex -10.1 -21.15 13.2
    endloop
  endfacet
  facet normal 0 0 1
    outer loop
      vertex -11.22 -20.252 13.2
      vertex -10.7319 -21.1224 13.2
      vertex -10.6621 -20.3255 13.2
    endloop
  endfacet
  facet normal 0 0 1
    outer loop
      vertex -11.22 -20.252 13.2
      vertex -11.3589 -21.0399 13.2
      vertex -10.7319 -21.1224 13.2
    endloop
  endfacet
  facet normal 0 0 1
    outer loop
      vertex -11.7694 -20.1302 13.2
      vertex -11.3589 -21.0399 13.2
      vertex -11.22 -20.252 13.2
    endloop
  endfacet
  facet normal 0 0 1
    outer loop
      vertex -11.7694 -20.1302 13.2
      vertex -11.9764 -20.903 13.2
      vertex -11.3589 -21.0399 13.2
    endloop
  endfacet
  facet normal 0 0 1
    outer loop
      vertex -12.306 -19.961 13.2
      vertex -11.9764 -20.903 13.2
      vertex -11.7694 -20.1302 13.2
    endloop
  endfacet
  facet normal 0 0 1
    outer loop
      vertex -12.306 -19.961 13.2
      vertex -12.5796 -20.7128 13.2
      vertex -11.9764 -20.903 13.2
    endloop
  endfacet
  facet normal 0 0 1
    outer loop
      vertex -12.8259 -19.7457 13.2
      vertex -12.5796 -20.7128 13.2
      vertex -12.306 -19.961 13.2
    endloop
  endfacet
  facet normal 0 0 1
    outer loop
      vertex -12.8259 -19.7457 13.2
      vertex -13.164 -20.4707 13.2
      vertex -12.5796 -20.7128 13.2
    endloop
  endfacet
  facet normal 0 0 1
    outer loop
      vertex -13.325 -19.4859 13.2
      vertex -13.164 -20.4707 13.2
      vertex -12.8259 -19.7457 13.2
    endloop
  endfacet
  facet normal 0 0 1
    outer loop
      vertex -13.325 -19.4859 13.2
      vertex -13.725 -20.1787 13.2
      vertex -13.164 -20.4707 13.2
    endloop
  endfacet
  facet normal 0 0 1
    outer loop
      vertex -13.7996 -19.1835 13.2
      vertex -13.725 -20.1787 13.2
      vertex -13.325 -19.4859 13.2
    endloop
  endfacet
  facet normal 0 0 1
    outer loop
      vertex -14.2584 -19.8389 13.2
      vertex -13.7996 -19.1835 13.2
      vertex -14.246 -18.841 13.2
    endloop
  endfacet
  facet normal 0 0 1
    outer loop
      vertex -13.7996 -19.1835 13.2
      vertex -14.2584 -19.8389 13.2
      vertex -13.725 -20.1787 13.2
    endloop
  endfacet
  facet normal 0 0 1
    outer loop
      vertex -14.7602 -19.4538 13.2
      vertex -14.246 -18.841 13.2
      vertex -14.6608 -18.4608 13.2
    endloop
  endfacet
  facet normal 0 0 1
    outer loop
      vertex -14.246 -18.841 13.2
      vertex -14.7602 -19.4538 13.2
      vertex -14.2584 -19.8389 13.2
    endloop
  endfacet
  facet normal 0 0 1
    outer loop
      vertex -15.2265 -19.0265 13.2
      vertex -14.6608 -18.4608 13.2
      vertex -15.041 -18.046 13.2
    endloop
  endfacet
  facet normal 0 0 1
    outer loop
      vertex -14.6608 -18.4608 13.2
      vertex -15.2265 -19.0265 13.2
      vertex -14.7602 -19.4538 13.2
    endloop
  endfacet
  facet normal 0 0 1
    outer loop
      vertex -15.6538 -18.5602 13.2
      vertex -15.041 -18.046 13.2
      vertex -15.3835 -17.5996 13.2
    endloop
  endfacet
  facet normal 0 0 1
    outer loop
      vertex -15.041 -18.046 13.2
      vertex -15.6538 -18.5602 13.2
      vertex -15.2265 -19.0265 13.2
    endloop
  endfacet
  facet normal 0 0 1
    outer loop
      vertex -16.0388 -18.0584 13.2
      vertex -15.3835 -17.5996 13.2
      vertex -15.6859 -17.125 13.2
    endloop
  endfacet
  facet normal 0 0 1
    outer loop
      vertex -16.3787 -17.525 13.2
      vertex -15.6859 -17.125 13.2
      vertex -15.9457 -16.6259 13.2
    endloop
  endfacet
  facet normal 0 0 1
    outer loop
      vertex -15.3835 -17.5996 13.2
      vertex -16.0388 -18.0584 13.2
      vertex -15.6538 -18.5602 13.2
    endloop
  endfacet
  facet normal 0 0 1
    outer loop
      vertex -16.6707 -16.964 13.2
      vertex -15.9457 -16.6259 13.2
      vertex -16.161 -16.106 13.2
    endloop
  endfacet
  facet normal 0 0 1
    outer loop
      vertex -16.9128 -16.3796 13.2
      vertex -16.161 -16.106 13.2
      vertex -16.3302 -15.5694 13.2
    endloop
  endfacet
  facet normal 0 0 1
    outer loop
      vertex -15.6859 -17.125 13.2
      vertex -16.3787 -17.525 13.2
      vertex -16.0388 -18.0584 13.2
    endloop
  endfacet
  facet normal 0 0 1
    outer loop
      vertex -17.103 -15.7764 13.2
      vertex -16.3302 -15.5694 13.2
      vertex -16.452 -15.02 13.2
    endloop
  endfacet
  facet normal 0 0 1
    outer loop
      vertex -17.2399 -15.1589 13.2
      vertex -16.452 -15.02 13.2
      vertex -16.5255 -14.4621 13.2
    endloop
  endfacet
  facet normal 0 0 1
    outer loop
      vertex -15.9457 -16.6259 13.2
      vertex -16.6707 -16.964 13.2
      vertex -16.3787 -17.525 13.2
    endloop
  endfacet
  facet normal 0 0 1
    outer loop
      vertex -17.3224 -14.5319 13.2
      vertex -16.5255 -14.4621 13.2
      vertex -16.55 -13.9 13.2
    endloop
  endfacet
  facet normal 0 0 1
    outer loop
      vertex -16.55 13.9 13.2
      vertex -17.35 13.9 13.2
      vertex -16.55 -13.9 13.2
    endloop
  endfacet
  facet normal 0 0 1
    outer loop
      vertex -16.452 15.02 13.2
      vertex -17.2399 15.1589 13.2
      vertex -16.5255 14.4621 13.2
    endloop
  endfacet
  facet normal 0 0 1
    outer loop
      vertex -17.35 -13.9 13.2
      vertex -16.55 -13.9 13.2
      vertex -17.35 13.9 13.2
    endloop
  endfacet
  facet normal -0 0 1
    outer loop
      vertex -17.3224 14.5319 13.2
      vertex -16.5255 14.4621 13.2
      vertex -17.2399 15.1589 13.2
    endloop
  endfacet
  facet normal 0 -0 1
    outer loop
      vertex -17.3224 -14.5319 13.2
      vertex -16.55 -13.9 13.2
      vertex -17.35 -13.9 13.2
    endloop
  endfacet
  facet normal 0 0 1
    outer loop
      vertex -16.5255 14.4621 13.2
      vertex -17.3224 14.5319 13.2
      vertex -16.55 13.9 13.2
    endloop
  endfacet
  facet normal 0 0 1
    outer loop
      vertex -16.161 -16.106 13.2
      vertex -16.9128 -16.3796 13.2
      vertex -16.6707 -16.964 13.2
    endloop
  endfacet
  facet normal 0 0 1
    outer loop
      vertex -16.55 13.9 13.2
      vertex -17.3224 14.5319 13.2
      vertex -17.35 13.9 13.2
    endloop
  endfacet
  facet normal 0 0 1
    outer loop
      vertex -16.3302 -15.5694 13.2
      vertex -17.103 -15.7764 13.2
      vertex -16.9128 -16.3796 13.2
    endloop
  endfacet
  facet normal 0 0 1
    outer loop
      vertex -16.452 -15.02 13.2
      vertex -17.2399 -15.1589 13.2
      vertex -17.103 -15.7764 13.2
    endloop
  endfacet
  facet normal 0 0 1
    outer loop
      vertex -16.5255 -14.4621 13.2
      vertex -17.3224 -14.5319 13.2
      vertex -17.2399 -15.1589 13.2
    endloop
  endfacet
  facet normal 0.130455 -0.991454 0
    outer loop
      vertex 10.7319 -21.1224 11.2
      vertex 11.3589 -21.0399 13.2
      vertex 10.7319 -21.1224 13.2
    endloop
  endfacet
  facet normal 0.130455 -0.991454 0
    outer loop
      vertex 11.3589 -21.0399 13.2
      vertex 10.7319 -21.1224 11.2
      vertex 11.3589 -21.0399 11.2
    endloop
  endfacet
  facet normal 0.216445 -0.976295 0
    outer loop
      vertex 11.3589 -21.0399 11.2
      vertex 11.9764 -20.903 13.2
      vertex 11.3589 -21.0399 13.2
    endloop
  endfacet
  facet normal 0.216445 -0.976295 0
    outer loop
      vertex 11.9764 -20.903 13.2
      vertex 11.3589 -21.0399 11.2
      vertex 11.9764 -20.903 11.2
    endloop
  endfacet
  facet normal 0.300723 -0.953712 0
    outer loop
      vertex 11.9764 -20.903 11.2
      vertex 12.5796 -20.7128 13.2
      vertex 11.9764 -20.903 13.2
    endloop
  endfacet
  facet normal 0.300723 -0.953712 0
    outer loop
      vertex 12.5796 -20.7128 13.2
      vertex 11.9764 -20.903 11.2
      vertex 12.5796 -20.7128 11.2
    endloop
  endfacet
  facet normal 0.382729 -0.923861 0
    outer loop
      vertex 12.5796 -20.7128 11.2
      vertex 13.164 -20.4707 13.2
      vertex 12.5796 -20.7128 13.2
    endloop
  endfacet
  facet normal 0.382729 -0.923861 0
    outer loop
      vertex 13.164 -20.4707 13.2
      vertex 12.5796 -20.7128 11.2
      vertex 13.164 -20.4707 11.2
    endloop
  endfacet
  facet normal 0.461701 -0.887036 0
    outer loop
      vertex 13.164 -20.4707 11.2
      vertex 13.725 -20.1787 13.2
      vertex 13.164 -20.4707 13.2
    endloop
  endfacet
  facet normal 0.461701 -0.887036 0
    outer loop
      vertex 13.725 -20.1787 13.2
      vertex 13.164 -20.4707 11.2
      vertex 13.725 -20.1787 11.2
    endloop
  endfacet
  facet normal 0.537285 -0.843401 0
    outer loop
      vertex 13.725 -20.1787 11.2
      vertex 14.2584 -19.8389 13.2
      vertex 13.725 -20.1787 13.2
    endloop
  endfacet
  facet normal 0.537285 -0.843401 0
    outer loop
      vertex 14.2584 -19.8389 13.2
      vertex 13.725 -20.1787 11.2
      vertex 14.2584 -19.8389 11.2
    endloop
  endfacet
  facet normal 0.608816 -0.793311 0
    outer loop
      vertex 14.2584 -19.8389 11.2
      vertex 14.7602 -19.4538 13.2
      vertex 14.2584 -19.8389 13.2
    endloop
  endfacet
  facet normal 0.608816 -0.793311 0
    outer loop
      vertex 14.7602 -19.4538 13.2
      vertex 14.2584 -19.8389 11.2
      vertex 14.7602 -19.4538 11.2
    endloop
  endfacet
  facet normal 0.675603 -0.737266 0
    outer loop
      vertex 14.7602 -19.4538 11.2
      vertex 15.2265 -19.0265 13.2
      vertex 14.7602 -19.4538 13.2
    endloop
  endfacet
  facet normal 0.675603 -0.737266 0
    outer loop
      vertex 15.2265 -19.0265 13.2
      vertex 14.7602 -19.4538 11.2
      vertex 15.2265 -19.0265 11.2
    endloop
  endfacet
  facet normal 0.737266 -0.675603 0
    outer loop
      vertex 15.2265 -19.0265 13.2
      vertex 15.6538 -18.5602 11.2
      vertex 15.6538 -18.5602 13.2
    endloop
  endfacet
  facet normal 0.737266 -0.675603 0
    outer loop
      vertex 15.6538 -18.5602 11.2
      vertex 15.2265 -19.0265 13.2
      vertex 15.2265 -19.0265 11.2
    endloop
  endfacet
  facet normal 0.793387 -0.608717 0
    outer loop
      vertex 15.6538 -18.5602 13.2
      vertex 16.0388 -18.0584 11.2
      vertex 16.0388 -18.0584 13.2
    endloop
  endfacet
  facet normal 0.793387 -0.608717 0
    outer loop
      vertex 16.0388 -18.0584 11.2
      vertex 15.6538 -18.5602 13.2
      vertex 15.6538 -18.5602 11.2
    endloop
  endfacet
  facet normal 0.843329 -0.537397 0
    outer loop
      vertex 16.0388 -18.0584 13.2
      vertex 16.3787 -17.525 11.2
      vertex 16.3787 -17.525 13.2
    endloop
  endfacet
  facet normal 0.843329 -0.537397 0
    outer loop
      vertex 16.3787 -17.525 11.2
      vertex 16.0388 -18.0584 13.2
      vertex 16.0388 -18.0584 11.2
    endloop
  endfacet
  facet normal 0.887036 -0.461701 0
    outer loop
      vertex 16.3787 -17.525 13.2
      vertex 16.6707 -16.964 11.2
      vertex 16.6707 -16.964 13.2
    endloop
  endfacet
  facet normal 0.887036 -0.461701 0
    outer loop
      vertex 16.6707 -16.964 11.2
      vertex 16.3787 -17.525 13.2
      vertex 16.3787 -17.525 11.2
    endloop
  endfacet
  facet normal 0.923861 -0.382729 0
    outer loop
      vertex 16.6707 -16.964 13.2
      vertex 16.9128 -16.3796 11.2
      vertex 16.9128 -16.3796 13.2
    endloop
  endfacet
  facet normal 0.923861 -0.382729 0
    outer loop
      vertex 16.9128 -16.3796 11.2
      vertex 16.6707 -16.964 13.2
      vertex 16.6707 -16.964 11.2
    endloop
  endfacet
  facet normal 0.953712 -0.300723 0
    outer loop
      vertex 16.9128 -16.3796 13.2
      vertex 17.103 -15.7764 11.2
      vertex 17.103 -15.7764 13.2
    endloop
  endfacet
  facet normal 0.953712 -0.300723 0
    outer loop
      vertex 17.103 -15.7764 11.2
      vertex 16.9128 -16.3796 13.2
      vertex 16.9128 -16.3796 11.2
    endloop
  endfacet
  facet normal 0.976295 -0.216445 0
    outer loop
      vertex 17.103 -15.7764 13.2
      vertex 17.2399 -15.1589 11.2
      vertex 17.2399 -15.1589 13.2
    endloop
  endfacet
  facet normal 0.976295 -0.216445 0
    outer loop
      vertex 17.2399 -15.1589 11.2
      vertex 17.103 -15.7764 13.2
      vertex 17.103 -15.7764 11.2
    endloop
  endfacet
  facet normal 0.991454 -0.130455 0
    outer loop
      vertex 17.2399 -15.1589 13.2
      vertex 17.3224 -14.5319 11.2
      vertex 17.3224 -14.5319 13.2
    endloop
  endfacet
  facet normal 0.991454 -0.130455 0
    outer loop
      vertex 17.3224 -14.5319 11.2
      vertex 17.2399 -15.1589 13.2
      vertex 17.2399 -15.1589 11.2
    endloop
  endfacet
  facet normal 0.999047 -0.0436362 0
    outer loop
      vertex 17.3224 -14.5319 13.2
      vertex 17.35 -13.9 11.2
      vertex 17.35 -13.9 13.2
    endloop
  endfacet
  facet normal 0.999047 -0.0436362 0
    outer loop
      vertex 17.35 -13.9 11.2
      vertex 17.3224 -14.5319 13.2
      vertex 17.3224 -14.5319 11.2
    endloop
  endfacet
  facet normal 1 -0 0
    outer loop
      vertex 17.35 -13.9 13.2
      vertex 17.35 13.9 11.2
      vertex 17.35 13.9 13.2
    endloop
  endfacet
  facet normal 1 0 0
    outer loop
      vertex 17.35 13.9 11.2
      vertex 17.35 -13.9 13.2
      vertex 17.35 -13.9 11.2
    endloop
  endfacet
  facet normal 0.999047 0.0436362 0
    outer loop
      vertex 17.35 13.9 13.2
      vertex 17.3224 14.5319 11.2
      vertex 17.3224 14.5319 13.2
    endloop
  endfacet
  facet normal 0.999047 0.0436362 0
    outer loop
      vertex 17.3224 14.5319 11.2
      vertex 17.35 13.9 13.2
      vertex 17.35 13.9 11.2
    endloop
  endfacet
  facet normal 0.991454 0.130455 0
    outer loop
      vertex 17.3224 14.5319 13.2
      vertex 17.2399 15.1589 11.2
      vertex 17.2399 15.1589 13.2
    endloop
  endfacet
  facet normal 0.991454 0.130455 0
    outer loop
      vertex 17.2399 15.1589 11.2
      vertex 17.3224 14.5319 13.2
      vertex 17.3224 14.5319 11.2
    endloop
  endfacet
  facet normal 0.976295 0.216445 0
    outer loop
      vertex 17.2399 15.1589 13.2
      vertex 17.103 15.7764 11.2
      vertex 17.103 15.7764 13.2
    endloop
  endfacet
  facet normal 0.976295 0.216445 0
    outer loop
      vertex 17.103 15.7764 11.2
      vertex 17.2399 15.1589 13.2
      vertex 17.2399 15.1589 11.2
    endloop
  endfacet
  facet normal 0.953712 0.300723 0
    outer loop
      vertex 17.103 15.7764 13.2
      vertex 16.9128 16.3796 11.2
      vertex 16.9128 16.3796 13.2
    endloop
  endfacet
  facet normal 0.953712 0.300723 0
    outer loop
      vertex 16.9128 16.3796 11.2
      vertex 17.103 15.7764 13.2
      vertex 17.103 15.7764 11.2
    endloop
  endfacet
  facet normal 0.923861 0.382729 0
    outer loop
      vertex 16.9128 16.3796 13.2
      vertex 16.6707 16.964 11.2
      vertex 16.6707 16.964 13.2
    endloop
  endfacet
  facet normal 0.923861 0.382729 0
    outer loop
      vertex 16.6707 16.964 11.2
      vertex 16.9128 16.3796 13.2
      vertex 16.9128 16.3796 11.2
    endloop
  endfacet
  facet normal 0.887036 0.461701 0
    outer loop
      vertex 16.6707 16.964 13.2
      vertex 16.3787 17.525 11.2
      vertex 16.3787 17.525 13.2
    endloop
  endfacet
  facet normal 0.887036 0.461701 0
    outer loop
      vertex 16.3787 17.525 11.2
      vertex 16.6707 16.964 13.2
      vertex 16.6707 16.964 11.2
    endloop
  endfacet
  facet normal 0.843329 0.537397 0
    outer loop
      vertex 16.3787 17.525 13.2
      vertex 16.0388 18.0584 11.2
      vertex 16.0388 18.0584 13.2
    endloop
  endfacet
  facet normal 0.843329 0.537397 0
    outer loop
      vertex 16.0388 18.0584 11.2
      vertex 16.3787 17.525 13.2
      vertex 16.3787 17.525 11.2
    endloop
  endfacet
  facet normal 0.793387 0.608717 0
    outer loop
      vertex 16.0388 18.0584 13.2
      vertex 15.6538 18.5602 11.2
      vertex 15.6538 18.5602 13.2
    endloop
  endfacet
  facet normal 0.793387 0.608717 0
    outer loop
      vertex 15.6538 18.5602 11.2
      vertex 16.0388 18.0584 13.2
      vertex 16.0388 18.0584 11.2
    endloop
  endfacet
  facet normal 0.737266 0.675603 0
    outer loop
      vertex 15.6538 18.5602 13.2
      vertex 15.2265 19.0265 11.2
      vertex 15.2265 19.0265 13.2
    endloop
  endfacet
  facet normal 0.737266 0.675603 0
    outer loop
      vertex 15.2265 19.0265 11.2
      vertex 15.6538 18.5602 13.2
      vertex 15.6538 18.5602 11.2
    endloop
  endfacet
  facet normal 0.675603 0.737266 -0
    outer loop
      vertex 15.2265 19.0265 11.2
      vertex 14.7602 19.4538 13.2
      vertex 15.2265 19.0265 13.2
    endloop
  endfacet
  facet normal 0.675603 0.737266 0
    outer loop
      vertex 14.7602 19.4538 13.2
      vertex 15.2265 19.0265 11.2
      vertex 14.7602 19.4538 11.2
    endloop
  endfacet
  facet normal 0.608816 0.793311 -0
    outer loop
      vertex 14.7602 19.4538 11.2
      vertex 14.2584 19.8389 13.2
      vertex 14.7602 19.4538 13.2
    endloop
  endfacet
  facet normal 0.608816 0.793311 0
    outer loop
      vertex 14.2584 19.8389 13.2
      vertex 14.7602 19.4538 11.2
      vertex 14.2584 19.8389 11.2
    endloop
  endfacet
  facet normal 0.537285 0.843401 -0
    outer loop
      vertex 14.2584 19.8389 11.2
      vertex 13.725 20.1787 13.2
      vertex 14.2584 19.8389 13.2
    endloop
  endfacet
  facet normal 0.537285 0.843401 0
    outer loop
      vertex 13.725 20.1787 13.2
      vertex 14.2584 19.8389 11.2
      vertex 13.725 20.1787 11.2
    endloop
  endfacet
  facet normal 0.461701 0.887036 -0
    outer loop
      vertex 13.725 20.1787 11.2
      vertex 13.164 20.4707 13.2
      vertex 13.725 20.1787 13.2
    endloop
  endfacet
  facet normal 0.461701 0.887036 0
    outer loop
      vertex 13.164 20.4707 13.2
      vertex 13.725 20.1787 11.2
      vertex 13.164 20.4707 11.2
    endloop
  endfacet
  facet normal 0.382729 0.923861 -0
    outer loop
      vertex 13.164 20.4707 11.2
      vertex 12.5796 20.7128 13.2
      vertex 13.164 20.4707 13.2
    endloop
  endfacet
  facet normal 0.382729 0.923861 0
    outer loop
      vertex 12.5796 20.7128 13.2
      vertex 13.164 20.4707 11.2
      vertex 12.5796 20.7128 11.2
    endloop
  endfacet
  facet normal 0.300723 0.953712 -0
    outer loop
      vertex 12.5796 20.7128 11.2
      vertex 11.9764 20.903 13.2
      vertex 12.5796 20.7128 13.2
    endloop
  endfacet
  facet normal 0.300723 0.953712 0
    outer loop
      vertex 11.9764 20.903 13.2
      vertex 12.5796 20.7128 11.2
      vertex 11.9764 20.903 11.2
    endloop
  endfacet
  facet normal 0.216445 0.976295 -0
    outer loop
      vertex 11.9764 20.903 11.2
      vertex 11.3589 21.0399 13.2
      vertex 11.9764 20.903 13.2
    endloop
  endfacet
  facet normal 0.216445 0.976295 0
    outer loop
      vertex 11.3589 21.0399 13.2
      vertex 11.9764 20.903 11.2
      vertex 11.3589 21.0399 11.2
    endloop
  endfacet
  facet normal 0.130455 0.991454 -0
    outer loop
      vertex 11.3589 21.0399 11.2
      vertex 10.7319 21.1224 13.2
      vertex 11.3589 21.0399 13.2
    endloop
  endfacet
  facet normal 0.130455 0.991454 0
    outer loop
      vertex 10.7319 21.1224 13.2
      vertex 11.3589 21.0399 11.2
      vertex 10.7319 21.1224 11.2
    endloop
  endfacet
  facet normal 0.0436362 0.999047 -0
    outer loop
      vertex 10.7319 21.1224 11.2
      vertex 10.1 21.15 13.2
      vertex 10.7319 21.1224 13.2
    endloop
  endfacet
  facet normal 0.0436362 0.999047 0
    outer loop
      vertex 10.1 21.15 13.2
      vertex 10.7319 21.1224 11.2
      vertex 10.1 21.15 11.2
    endloop
  endfacet
  facet normal 0 1 -0
    outer loop
      vertex 10.1 21.15 11.2
      vertex -10.1 21.15 13.2
      vertex 10.1 21.15 13.2
    endloop
  endfacet
  facet normal 0 1 0
    outer loop
      vertex -10.1 21.15 13.2
      vertex 10.1 21.15 11.2
      vertex -10.1 21.15 11.2
    endloop
  endfacet
  facet normal -0.0436362 0.999047 0
    outer loop
      vertex -10.1 21.15 11.2
      vertex -10.7319 21.1224 13.2
      vertex -10.1 21.15 13.2
    endloop
  endfacet
  facet normal -0.0436362 0.999047 0
    outer loop
      vertex -10.7319 21.1224 13.2
      vertex -10.1 21.15 11.2
      vertex -10.7319 21.1224 11.2
    endloop
  endfacet
  facet normal -0.130455 0.991454 0
    outer loop
      vertex -10.7319 21.1224 11.2
      vertex -11.3589 21.0399 13.2
      vertex -10.7319 21.1224 13.2
    endloop
  endfacet
  facet normal -0.130455 0.991454 0
    outer loop
      vertex -11.3589 21.0399 13.2
      vertex -10.7319 21.1224 11.2
      vertex -11.3589 21.0399 11.2
    endloop
  endfacet
  facet normal -0.216445 0.976295 0
    outer loop
      vertex -11.3589 21.0399 11.2
      vertex -11.9764 20.903 13.2
      vertex -11.3589 21.0399 13.2
    endloop
  endfacet
  facet normal -0.216445 0.976295 0
    outer loop
      vertex -11.9764 20.903 13.2
      vertex -11.3589 21.0399 11.2
      vertex -11.9764 20.903 11.2
    endloop
  endfacet
  facet normal -0.300723 0.953712 0
    outer loop
      vertex -11.9764 20.903 11.2
      vertex -12.5796 20.7128 13.2
      vertex -11.9764 20.903 13.2
    endloop
  endfacet
  facet normal -0.300723 0.953712 0
    outer loop
      vertex -12.5796 20.7128 13.2
      vertex -11.9764 20.903 11.2
      vertex -12.5796 20.7128 11.2
    endloop
  endfacet
  facet normal -0.382729 0.923861 0
    outer loop
      vertex -12.5796 20.7128 11.2
      vertex -13.164 20.4707 13.2
      vertex -12.5796 20.7128 13.2
    endloop
  endfacet
  facet normal -0.382729 0.923861 0
    outer loop
      vertex -13.164 20.4707 13.2
      vertex -12.5796 20.7128 11.2
      vertex -13.164 20.4707 11.2
    endloop
  endfacet
  facet normal -0.461701 0.887036 0
    outer loop
      vertex -13.164 20.4707 11.2
      vertex -13.725 20.1787 13.2
      vertex -13.164 20.4707 13.2
    endloop
  endfacet
  facet normal -0.461701 0.887036 0
    outer loop
      vertex -13.725 20.1787 13.2
      vertex -13.164 20.4707 11.2
      vertex -13.725 20.1787 11.2
    endloop
  endfacet
  facet normal -0.537285 0.843401 0
    outer loop
      vertex -13.725 20.1787 11.2
      vertex -14.2584 19.8389 13.2
      vertex -13.725 20.1787 13.2
    endloop
  endfacet
  facet normal -0.537285 0.843401 0
    outer loop
      vertex -14.2584 19.8389 13.2
      vertex -13.725 20.1787 11.2
      vertex -14.2584 19.8389 11.2
    endloop
  endfacet
  facet normal -0.608816 0.793311 0
    outer loop
      vertex -14.2584 19.8389 11.2
      vertex -14.7602 19.4538 13.2
      vertex -14.2584 19.8389 13.2
    endloop
  endfacet
  facet normal -0.608816 0.793311 0
    outer loop
      vertex -14.7602 19.4538 13.2
      vertex -14.2584 19.8389 11.2
      vertex -14.7602 19.4538 11.2
    endloop
  endfacet
  facet normal -0.675603 0.737266 0
    outer loop
      vertex -14.7602 19.4538 11.2
      vertex -15.2265 19.0265 13.2
      vertex -14.7602 19.4538 13.2
    endloop
  endfacet
  facet normal -0.675603 0.737266 0
    outer loop
      vertex -15.2265 19.0265 13.2
      vertex -14.7602 19.4538 11.2
      vertex -15.2265 19.0265 11.2
    endloop
  endfacet
  facet normal -0.737266 0.675603 0
    outer loop
      vertex -15.6538 18.5602 11.2
      vertex -15.2265 19.0265 13.2
      vertex -15.2265 19.0265 11.2
    endloop
  endfacet
  facet normal -0.737266 0.675603 0
    outer loop
      vertex -15.2265 19.0265 13.2
      vertex -15.6538 18.5602 11.2
      vertex -15.6538 18.5602 13.2
    endloop
  endfacet
  facet normal -0.793387 0.608717 0
    outer loop
      vertex -16.0388 18.0584 11.2
      vertex -15.6538 18.5602 13.2
      vertex -15.6538 18.5602 11.2
    endloop
  endfacet
  facet normal -0.793387 0.608717 0
    outer loop
      vertex -15.6538 18.5602 13.2
      vertex -16.0388 18.0584 11.2
      vertex -16.0388 18.0584 13.2
    endloop
  endfacet
  facet normal -0.843329 0.537397 0
    outer loop
      vertex -16.3787 17.525 11.2
      vertex -16.0388 18.0584 13.2
      vertex -16.0388 18.0584 11.2
    endloop
  endfacet
  facet normal -0.843329 0.537397 0
    outer loop
      vertex -16.0388 18.0584 13.2
      vertex -16.3787 17.525 11.2
      vertex -16.3787 17.525 13.2
    endloop
  endfacet
  facet normal -0.887036 0.461701 0
    outer loop
      vertex -16.6707 16.964 11.2
      vertex -16.3787 17.525 13.2
      vertex -16.3787 17.525 11.2
    endloop
  endfacet
  facet normal -0.887036 0.461701 0
    outer loop
      vertex -16.3787 17.525 13.2
      vertex -16.6707 16.964 11.2
      vertex -16.6707 16.964 13.2
    endloop
  endfacet
  facet normal -0.923861 0.382729 0
    outer loop
      vertex -16.9128 16.3796 11.2
      vertex -16.6707 16.964 13.2
      vertex -16.6707 16.964 11.2
    endloop
  endfacet
  facet normal -0.923861 0.382729 0
    outer loop
      vertex -16.6707 16.964 13.2
      vertex -16.9128 16.3796 11.2
      vertex -16.9128 16.3796 13.2
    endloop
  endfacet
  facet normal -0.953712 0.300723 0
    outer loop
      vertex -17.103 15.7764 11.2
      vertex -16.9128 16.3796 13.2
      vertex -16.9128 16.3796 11.2
    endloop
  endfacet
  facet normal -0.953712 0.300723 0
    outer loop
      vertex -16.9128 16.3796 13.2
      vertex -17.103 15.7764 11.2
      vertex -17.103 15.7764 13.2
    endloop
  endfacet
  facet normal -0.976295 0.216445 0
    outer loop
      vertex -17.2399 15.1589 11.2
      vertex -17.103 15.7764 13.2
      vertex -17.103 15.7764 11.2
    endloop
  endfacet
  facet normal -0.976295 0.216445 0
    outer loop
      vertex -17.103 15.7764 13.2
      vertex -17.2399 15.1589 11.2
      vertex -17.2399 15.1589 13.2
    endloop
  endfacet
  facet normal -0.991454 0.130455 0
    outer loop
      vertex -17.3224 14.5319 11.2
      vertex -17.2399 15.1589 13.2
      vertex -17.2399 15.1589 11.2
    endloop
  endfacet
  facet normal -0.991454 0.130455 0
    outer loop
      vertex -17.2399 15.1589 13.2
      vertex -17.3224 14.5319 11.2
      vertex -17.3224 14.5319 13.2
    endloop
  endfacet
  facet normal -0.999047 0.0436362 0
    outer loop
      vertex -17.35 13.9 11.2
      vertex -17.3224 14.5319 13.2
      vertex -17.3224 14.5319 11.2
    endloop
  endfacet
  facet normal -0.999047 0.0436362 0
    outer loop
      vertex -17.3224 14.5319 13.2
      vertex -17.35 13.9 11.2
      vertex -17.35 13.9 13.2
    endloop
  endfacet
  facet normal -1 0 0
    outer loop
      vertex -17.35 -13.9 11.2
      vertex -17.35 13.9 13.2
      vertex -17.35 13.9 11.2
    endloop
  endfacet
  facet normal -1 -0 0
    outer loop
      vertex -17.35 13.9 13.2
      vertex -17.35 -13.9 11.2
      vertex -17.35 -13.9 13.2
    endloop
  endfacet
  facet normal -0.999047 -0.0436362 0
    outer loop
      vertex -17.3224 -14.5319 11.2
      vertex -17.35 -13.9 13.2
      vertex -17.35 -13.9 11.2
    endloop
  endfacet
  facet normal -0.999047 -0.0436362 0
    outer loop
      vertex -17.35 -13.9 13.2
      vertex -17.3224 -14.5319 11.2
      vertex -17.3224 -14.5319 13.2
    endloop
  endfacet
  facet normal -0.991454 -0.130455 0
    outer loop
      vertex -17.2399 -15.1589 11.2
      vertex -17.3224 -14.5319 13.2
      vertex -17.3224 -14.5319 11.2
    endloop
  endfacet
  facet normal -0.991454 -0.130455 0
    outer loop
      vertex -17.3224 -14.5319 13.2
      vertex -17.2399 -15.1589 11.2
      vertex -17.2399 -15.1589 13.2
    endloop
  endfacet
  facet normal -0.976295 -0.216445 0
    outer loop
      vertex -17.103 -15.7764 11.2
      vertex -17.2399 -15.1589 13.2
      vertex -17.2399 -15.1589 11.2
    endloop
  endfacet
  facet normal -0.976295 -0.216445 0
    outer loop
      vertex -17.2399 -15.1589 13.2
      vertex -17.103 -15.7764 11.2
      vertex -17.103 -15.7764 13.2
    endloop
  endfacet
  facet normal -0.953712 -0.300723 0
    outer loop
      vertex -16.9128 -16.3796 11.2
      vertex -17.103 -15.7764 13.2
      vertex -17.103 -15.7764 11.2
    endloop
  endfacet
  facet normal -0.953712 -0.300723 0
    outer loop
      vertex -17.103 -15.7764 13.2
      vertex -16.9128 -16.3796 11.2
      vertex -16.9128 -16.3796 13.2
    endloop
  endfacet
  facet normal -0.923861 -0.382729 0
    outer loop
      vertex -16.6707 -16.964 11.2
      vertex -16.9128 -16.3796 13.2
      vertex -16.9128 -16.3796 11.2
    endloop
  endfacet
  facet normal -0.923861 -0.382729 0
    outer loop
      vertex -16.9128 -16.3796 13.2
      vertex -16.6707 -16.964 11.2
      vertex -16.6707 -16.964 13.2
    endloop
  endfacet
  facet normal -0.887036 -0.461701 0
    outer loop
      vertex -16.3787 -17.525 11.2
      vertex -16.6707 -16.964 13.2
      vertex -16.6707 -16.964 11.2
    endloop
  endfacet
  facet normal -0.887036 -0.461701 0
    outer loop
      vertex -16.6707 -16.964 13.2
      vertex -16.3787 -17.525 11.2
      vertex -16.3787 -17.525 13.2
    endloop
  endfacet
  facet normal -0.843329 -0.537397 0
    outer loop
      vertex -16.0388 -18.0584 11.2
      vertex -16.3787 -17.525 13.2
      vertex -16.3787 -17.525 11.2
    endloop
  endfacet
  facet normal -0.843329 -0.537397 0
    outer loop
      vertex -16.3787 -17.525 13.2
      vertex -16.0388 -18.0584 11.2
      vertex -16.0388 -18.0584 13.2
    endloop
  endfacet
  facet normal -0.793387 -0.608717 0
    outer loop
      vertex -15.6538 -18.5602 11.2
      vertex -16.0388 -18.0584 13.2
      vertex -16.0388 -18.0584 11.2
    endloop
  endfacet
  facet normal -0.793387 -0.608717 0
    outer loop
      vertex -16.0388 -18.0584 13.2
      vertex -15.6538 -18.5602 11.2
      vertex -15.6538 -18.5602 13.2
    endloop
  endfacet
  facet normal -0.737266 -0.675603 0
    outer loop
      vertex -15.2265 -19.0265 11.2
      vertex -15.6538 -18.5602 13.2
      vertex -15.6538 -18.5602 11.2
    endloop
  endfacet
  facet normal -0.737266 -0.675603 0
    outer loop
      vertex -15.6538 -18.5602 13.2
      vertex -15.2265 -19.0265 11.2
      vertex -15.2265 -19.0265 13.2
    endloop
  endfacet
  facet normal -0.675603 -0.737266 0
    outer loop
      vertex -15.2265 -19.0265 11.2
      vertex -14.7602 -19.4538 13.2
      vertex -15.2265 -19.0265 13.2
    endloop
  endfacet
  facet normal -0.675603 -0.737266 -0
    outer loop
      vertex -14.7602 -19.4538 13.2
      vertex -15.2265 -19.0265 11.2
      vertex -14.7602 -19.4538 11.2
    endloop
  endfacet
  facet normal -0.608816 -0.793311 0
    outer loop
      vertex -14.7602 -19.4538 11.2
      vertex -14.2584 -19.8389 13.2
      vertex -14.7602 -19.4538 13.2
    endloop
  endfacet
  facet normal -0.608816 -0.793311 -0
    outer loop
      vertex -14.2584 -19.8389 13.2
      vertex -14.7602 -19.4538 11.2
      vertex -14.2584 -19.8389 11.2
    endloop
  endfacet
  facet normal -0.537285 -0.843401 0
    outer loop
      vertex -14.2584 -19.8389 11.2
      vertex -13.725 -20.1787 13.2
      vertex -14.2584 -19.8389 13.2
    endloop
  endfacet
  facet normal -0.537285 -0.843401 -0
    outer loop
      vertex -13.725 -20.1787 13.2
      vertex -14.2584 -19.8389 11.2
      vertex -13.725 -20.1787 11.2
    endloop
  endfacet
  facet normal -0.461701 -0.887036 0
    outer loop
      vertex -13.725 -20.1787 11.2
      vertex -13.164 -20.4707 13.2
      vertex -13.725 -20.1787 13.2
    endloop
  endfacet
  facet normal -0.461701 -0.887036 -0
    outer loop
      vertex -13.164 -20.4707 13.2
      vertex -13.725 -20.1787 11.2
      vertex -13.164 -20.4707 11.2
    endloop
  endfacet
  facet normal -0.382729 -0.923861 0
    outer loop
      vertex -13.164 -20.4707 11.2
      vertex -12.5796 -20.7128 13.2
      vertex -13.164 -20.4707 13.2
    endloop
  endfacet
  facet normal -0.382729 -0.923861 -0
    outer loop
      vertex -12.5796 -20.7128 13.2
      vertex -13.164 -20.4707 11.2
      vertex -12.5796 -20.7128 11.2
    endloop
  endfacet
  facet normal -0.300723 -0.953712 0
    outer loop
      vertex -12.5796 -20.7128 11.2
      vertex -11.9764 -20.903 13.2
      vertex -12.5796 -20.7128 13.2
    endloop
  endfacet
  facet normal -0.300723 -0.953712 -0
    outer loop
      vertex -11.9764 -20.903 13.2
      vertex -12.5796 -20.7128 11.2
      vertex -11.9764 -20.903 11.2
    endloop
  endfacet
  facet normal -0.216445 -0.976295 0
    outer loop
      vertex -11.9764 -20.903 11.2
      vertex -11.3589 -21.0399 13.2
      vertex -11.9764 -20.903 13.2
    endloop
  endfacet
  facet normal -0.216445 -0.976295 -0
    outer loop
      vertex -11.3589 -21.0399 13.2
      vertex -11.9764 -20.903 11.2
      vertex -11.3589 -21.0399 11.2
    endloop
  endfacet
  facet normal -0.130455 -0.991454 0
    outer loop
      vertex -11.3589 -21.0399 11.2
      vertex -10.7319 -21.1224 13.2
      vertex -11.3589 -21.0399 13.2
    endloop
  endfacet
  facet normal -0.130455 -0.991454 -0
    outer loop
      vertex -10.7319 -21.1224 13.2
      vertex -11.3589 -21.0399 11.2
      vertex -10.7319 -21.1224 11.2
    endloop
  endfacet
  facet normal -0.0436362 -0.999047 0
    outer loop
      vertex -10.7319 -21.1224 11.2
      vertex -10.1 -21.15 13.2
      vertex -10.7319 -21.1224 13.2
    endloop
  endfacet
  facet normal -0.0436362 -0.999047 -0
    outer loop
      vertex -10.1 -21.15 13.2
      vertex -10.7319 -21.1224 11.2
      vertex -10.1 -21.15 11.2
    endloop
  endfacet
  facet normal 0 -1 0
    outer loop
      vertex -10.1 -21.15 11.2
      vertex 10.1 -21.15 13.2
      vertex -10.1 -21.15 13.2
    endloop
  endfacet
  facet normal 0 -1 -0
    outer loop
      vertex 10.1 -21.15 13.2
      vertex -10.1 -21.15 11.2
      vertex 10.1 -21.15 11.2
    endloop
  endfacet
  facet normal 0.0436362 -0.999047 0
    outer loop
      vertex 10.1 -21.15 11.2
      vertex 10.7319 -21.1224 13.2
      vertex 10.1 -21.15 13.2
    endloop
  endfacet
  facet normal 0.0436362 -0.999047 0
    outer loop
      vertex 10.7319 -21.1224 13.2
      vertex 10.1 -21.15 11.2
      vertex 10.7319 -21.1224 11.2
    endloop
  endfacet
  facet normal 0.0435452 0.999051 -0
    outer loop
      vertex -10.1 -20.35 4.6
      vertex -10.6621 -20.3255 13.2
      vertex -10.1 -20.35 13.2
    endloop
  endfacet
  facet normal 0.0435452 0.999051 0
    outer loop
      vertex -10.6621 -20.3255 13.2
      vertex -10.1 -20.35 4.6
      vertex -10.6621 -20.3255 4.57538
    endloop
  endfacet
  facet normal 0.130615 0.991433 -0
    outer loop
      vertex -10.6621 -20.3255 4.57538
      vertex -11.22 -20.252 13.2
      vertex -10.6621 -20.3255 13.2
    endloop
  endfacet
  facet normal 0.130615 0.991433 0
    outer loop
      vertex -11.22 -20.252 13.2
      vertex -10.6621 -20.3255 4.57538
      vertex -11.22 -20.252 4.50168
    endloop
  endfacet
  facet normal 0.216441 0.976296 -0
    outer loop
      vertex -11.22 -20.252 4.50168
      vertex -11.7694 -20.1302 13.2
      vertex -11.22 -20.252 13.2
    endloop
  endfacet
  facet normal 0.216441 0.976296 0
    outer loop
      vertex -11.7694 -20.1302 13.2
      vertex -11.22 -20.252 4.50168
      vertex -11.7694 -20.1302 4.37949
    endloop
  endfacet
  facet normal 0.300723 0.953712 -0
    outer loop
      vertex -11.7694 -20.1302 4.37949
      vertex -12.306 -19.961 13.2
      vertex -11.7694 -20.1302 13.2
    endloop
  endfacet
  facet normal 0.300843 0.953673 -0.000893182
    outer loop
      vertex -12.306 -19.961 4.3
      vertex -11.7694 -20.1302 4.37949
      vertex -12.0207 -20.051 4.3
    endloop
  endfacet
  facet normal 0.300723 0.953712 0
    outer loop
      vertex -11.7694 -20.1302 4.37949
      vertex -12.306 -19.961 4.3
      vertex -12.306 -19.961 13.2
    endloop
  endfacet
  facet normal 0.382608 0.923911 -0
    outer loop
      vertex -12.306 -19.961 4.3
      vertex -12.8259 -19.7457 13.2
      vertex -12.306 -19.961 13.2
    endloop
  endfacet
  facet normal 0.382608 0.923911 0
    outer loop
      vertex -12.8259 -19.7457 13.2
      vertex -12.306 -19.961 4.3
      vertex -12.8259 -19.7457 4.3
    endloop
  endfacet
  facet normal 0.461728 0.887022 -0
    outer loop
      vertex -12.8259 -19.7457 4.3
      vertex -13.325 -19.4859 13.2
      vertex -12.8259 -19.7457 13.2
    endloop
  endfacet
  facet normal 0.461728 0.887022 0
    outer loop
      vertex -13.325 -19.4859 13.2
      vertex -12.8259 -19.7457 4.3
      vertex -13.325 -19.4859 4.3
    endloop
  endfacet
  facet normal 0.537358 0.843354 -0
    outer loop
      vertex -13.325 -19.4859 4.3
      vertex -13.7996 -19.1835 13.2
      vertex -13.325 -19.4859 13.2
    endloop
  endfacet
  facet normal 0.537358 0.843354 0
    outer loop
      vertex -13.7996 -19.1835 13.2
      vertex -13.325 -19.4859 4.3
      vertex -13.7996 -19.1835 4.3
    endloop
  endfacet
  facet normal 0.608723 0.793383 -0
    outer loop
      vertex -13.7996 -19.1835 4.3
      vertex -14.246 -18.841 13.2
      vertex -13.7996 -19.1835 13.2
    endloop
  endfacet
  facet normal 0.608723 0.793383 0
    outer loop
      vertex -14.246 -18.841 13.2
      vertex -13.7996 -19.1835 4.3
      vertex -14.246 -18.841 4.3
    endloop
  endfacet
  facet normal 0.675692 0.737184 -0
    outer loop
      vertex -14.246 -18.841 4.3
      vertex -14.6608 -18.4608 13.2
      vertex -14.246 -18.841 13.2
    endloop
  endfacet
  facet normal 0.675692 0.737184 0
    outer loop
      vertex -14.6608 -18.4608 13.2
      vertex -14.246 -18.841 4.3
      vertex -14.6608 -18.4608 4.3
    endloop
  endfacet
  facet normal 0.737184 0.675692 0
    outer loop
      vertex -14.6608 -18.4608 13.2
      vertex -15.041 -18.046 4.3
      vertex -15.041 -18.046 13.2
    endloop
  endfacet
  facet normal 0.737184 0.675692 0
    outer loop
      vertex -15.041 -18.046 4.3
      vertex -14.6608 -18.4608 13.2
      vertex -14.6608 -18.4608 4.3
    endloop
  endfacet
  facet normal 0.793383 0.608723 0
    outer loop
      vertex -15.041 -18.046 13.2
      vertex -15.3835 -17.5996 4.3
      vertex -15.3835 -17.5996 13.2
    endloop
  endfacet
  facet normal 0.793383 0.608723 0
    outer loop
      vertex -15.3835 -17.5996 4.3
      vertex -15.041 -18.046 13.2
      vertex -15.041 -18.046 4.3
    endloop
  endfacet
  facet normal 0.843354 0.537358 0
    outer loop
      vertex -15.3835 -17.5996 13.2
      vertex -15.6859 -17.125 4.3
      vertex -15.6859 -17.125 13.2
    endloop
  endfacet
  facet normal 0.843354 0.537358 0
    outer loop
      vertex -15.6859 -17.125 4.3
      vertex -15.3835 -17.5996 13.2
      vertex -15.3835 -17.5996 4.3
    endloop
  endfacet
  facet normal 0.887022 0.461728 0
    outer loop
      vertex -15.6859 -17.125 13.2
      vertex -15.9457 -16.6259 4.3
      vertex -15.9457 -16.6259 13.2
    endloop
  endfacet
  facet normal 0.887022 0.461728 0
    outer loop
      vertex -15.9457 -16.6259 4.3
      vertex -15.6859 -17.125 13.2
      vertex -15.6859 -17.125 4.3
    endloop
  endfacet
  facet normal 0.92391 0.382611 0
    outer loop
      vertex -16.161 -16.106 13.2
      vertex -16.0132 -16.4629 4.3
      vertex -16.161 -16.106 4.20973
    endloop
  endfacet
  facet normal 0.923911 0.382608 1.29788e-07
    outer loop
      vertex -15.9457 -16.6259 13.2
      vertex -16.0132 -16.4629 4.3
      vertex -16.161 -16.106 13.2
    endloop
  endfacet
  facet normal 0.923913 0.382602 0
    outer loop
      vertex -16.0132 -16.4629 4.3
      vertex -15.9457 -16.6259 13.2
      vertex -15.9457 -16.6259 4.3
    endloop
  endfacet
  facet normal 0.92391 0.382611 0
    outer loop
      vertex -16.161 -16.106 4.20973
      vertex -16.0132 -16.4629 4.3
      vertex -16.0132 -16.4629 4.0614
    endloop
  endfacet
  facet normal 0.953712 0.300723 0
    outer loop
      vertex -16.161 -16.106 13.2
      vertex -16.3302 -15.5694 4.37949
      vertex -16.3302 -15.5694 13.2
    endloop
  endfacet
  facet normal 0.953712 0.300723 0
    outer loop
      vertex -16.3302 -15.5694 4.37949
      vertex -16.161 -16.106 13.2
      vertex -16.161 -16.106 4.20973
    endloop
  endfacet
  facet normal 0.976296 0.216441 0
    outer loop
      vertex -16.3302 -15.5694 13.2
      vertex -16.452 -15.02 4.50168
      vertex -16.452 -15.02 13.2
    endloop
  endfacet
  facet normal 0.976296 0.216441 0
    outer loop
      vertex -16.452 -15.02 4.50168
      vertex -16.3302 -15.5694 13.2
      vertex -16.3302 -15.5694 4.37949
    endloop
  endfacet
  facet normal 0.991433 0.130615 0
    outer loop
      vertex -16.452 -15.02 13.2
      vertex -16.5255 -14.4621 4.57538
      vertex -16.5255 -14.4621 13.2
    endloop
  endfacet
  facet normal 0.991433 0.130615 0
    outer loop
      vertex -16.5255 -14.4621 4.57538
      vertex -16.452 -15.02 13.2
      vertex -16.452 -15.02 4.50168
    endloop
  endfacet
  facet normal 0.999051 0.0435452 0
    outer loop
      vertex -16.5255 -14.4621 13.2
      vertex -16.55 -13.9 4.6
      vertex -16.55 -13.9 13.2
    endloop
  endfacet
  facet normal 0.999051 0.0435452 0
    outer loop
      vertex -16.55 -13.9 4.6
      vertex -16.5255 -14.4621 13.2
      vertex -16.5255 -14.4621 4.57538
    endloop
  endfacet
  facet normal 1 -0 0
    outer loop
      vertex -16.55 -13.9 13.2
      vertex -16.55 13.9 4.6
      vertex -16.55 13.9 13.2
    endloop
  endfacet
  facet normal 1 0 0
    outer loop
      vertex -16.55 13.9 4.6
      vertex -16.55 -13.9 13.2
      vertex -16.55 -13.9 4.6
    endloop
  endfacet
  facet normal 0.999051 -0.0435452 0
    outer loop
      vertex -16.55 13.9 4.6
      vertex -16.5255 14.4621 13.2
      vertex -16.55 13.9 13.2
    endloop
  endfacet
  facet normal 0.999051 -0.0435452 0
    outer loop
      vertex -16.5255 14.4621 13.2
      vertex -16.55 13.9 4.6
      vertex -16.5255 14.4621 4.57538
    endloop
  endfacet
  facet normal 0.991433 -0.130615 0
    outer loop
      vertex -16.5255 14.4621 4.57538
      vertex -16.452 15.02 13.2
      vertex -16.5255 14.4621 13.2
    endloop
  endfacet
  facet normal 0.991433 -0.130615 0
    outer loop
      vertex -16.452 15.02 13.2
      vertex -16.5255 14.4621 4.57538
      vertex -16.452 15.02 4.50168
    endloop
  endfacet
  facet normal 0.976296 -0.216441 0
    outer loop
      vertex -16.452 15.02 4.50168
      vertex -16.3302 15.5694 13.2
      vertex -16.452 15.02 13.2
    endloop
  endfacet
  facet normal 0.976296 -0.216441 0
    outer loop
      vertex -16.3302 15.5694 13.2
      vertex -16.452 15.02 4.50168
      vertex -16.3302 15.5694 4.37949
    endloop
  endfacet
  facet normal 0.953712 -0.300723 0
    outer loop
      vertex -16.3302 15.5694 4.37949
      vertex -16.161 16.106 13.2
      vertex -16.3302 15.5694 13.2
    endloop
  endfacet
  facet normal 0.953712 -0.300723 0
    outer loop
      vertex -16.161 16.106 13.2
      vertex -16.3302 15.5694 4.37949
      vertex -16.161 16.106 4.20973
    endloop
  endfacet
  facet normal 0.923913 -0.382602 0
    outer loop
      vertex -15.9457 16.6259 13.2
      vertex -16.0132 16.4629 4.3
      vertex -15.9457 16.6259 4.3
    endloop
  endfacet
  facet normal 0.923911 -0.382608 1.29788e-07
    outer loop
      vertex -16.161 16.106 13.2
      vertex -16.0132 16.4629 4.3
      vertex -15.9457 16.6259 13.2
    endloop
  endfacet
  facet normal 0.92391 -0.382611 0
    outer loop
      vertex -16.161 16.106 4.20973
      vertex -16.0132 16.4629 4.3
      vertex -16.161 16.106 13.2
    endloop
  endfacet
  facet normal 0.92391 -0.382611 0
    outer loop
      vertex -16.0132 16.4629 4.3
      vertex -16.161 16.106 4.20973
      vertex -16.0132 16.4629 4.0614
    endloop
  endfacet
  facet normal 0.887022 -0.461728 0
    outer loop
      vertex -15.9457 16.6259 13.2
      vertex -15.6859 17.125 4.3
      vertex -15.6859 17.125 13.2
    endloop
  endfacet
  facet normal 0.887022 -0.461728 0
    outer loop
      vertex -15.6859 17.125 4.3
      vertex -15.9457 16.6259 13.2
      vertex -15.9457 16.6259 4.3
    endloop
  endfacet
  facet normal 0.843354 -0.537358 0
    outer loop
      vertex -15.6859 17.125 13.2
      vertex -15.3835 17.5996 4.3
      vertex -15.3835 17.5996 13.2
    endloop
  endfacet
  facet normal 0.843354 -0.537358 0
    outer loop
      vertex -15.3835 17.5996 4.3
      vertex -15.6859 17.125 13.2
      vertex -15.6859 17.125 4.3
    endloop
  endfacet
  facet normal 0.793383 -0.608723 0
    outer loop
      vertex -15.3835 17.5996 13.2
      vertex -15.041 18.046 4.3
      vertex -15.041 18.046 13.2
    endloop
  endfacet
  facet normal 0.793383 -0.608723 0
    outer loop
      vertex -15.041 18.046 4.3
      vertex -15.3835 17.5996 13.2
      vertex -15.3835 17.5996 4.3
    endloop
  endfacet
  facet normal 0.737184 -0.675692 0
    outer loop
      vertex -15.041 18.046 13.2
      vertex -14.6608 18.4608 4.3
      vertex -14.6608 18.4608 13.2
    endloop
  endfacet
  facet normal 0.737184 -0.675692 0
    outer loop
      vertex -14.6608 18.4608 4.3
      vertex -15.041 18.046 13.2
      vertex -15.041 18.046 4.3
    endloop
  endfacet
  facet normal 0.675692 -0.737184 0
    outer loop
      vertex -14.6608 18.4608 4.3
      vertex -14.246 18.841 13.2
      vertex -14.6608 18.4608 13.2
    endloop
  endfacet
  facet normal 0.675692 -0.737184 0
    outer loop
      vertex -14.246 18.841 13.2
      vertex -14.6608 18.4608 4.3
      vertex -14.246 18.841 4.3
    endloop
  endfacet
  facet normal 0.608723 -0.793383 0
    outer loop
      vertex -14.246 18.841 4.3
      vertex -13.7996 19.1835 13.2
      vertex -14.246 18.841 13.2
    endloop
  endfacet
  facet normal 0.608723 -0.793383 0
    outer loop
      vertex -13.7996 19.1835 13.2
      vertex -14.246 18.841 4.3
      vertex -13.7996 19.1835 4.3
    endloop
  endfacet
  facet normal 0.537358 -0.843354 0
    outer loop
      vertex -13.7996 19.1835 4.3
      vertex -13.325 19.4859 13.2
      vertex -13.7996 19.1835 13.2
    endloop
  endfacet
  facet normal 0.537358 -0.843354 0
    outer loop
      vertex -13.325 19.4859 13.2
      vertex -13.7996 19.1835 4.3
      vertex -13.325 19.4859 4.3
    endloop
  endfacet
  facet normal 0.461728 -0.887022 0
    outer loop
      vertex -13.325 19.4859 4.3
      vertex -12.8259 19.7457 13.2
      vertex -13.325 19.4859 13.2
    endloop
  endfacet
  facet normal 0.461728 -0.887022 0
    outer loop
      vertex -12.8259 19.7457 13.2
      vertex -13.325 19.4859 4.3
      vertex -12.8259 19.7457 4.3
    endloop
  endfacet
  facet normal 0.382608 -0.923911 0
    outer loop
      vertex -12.8259 19.7457 4.3
      vertex -12.306 19.961 13.2
      vertex -12.8259 19.7457 13.2
    endloop
  endfacet
  facet normal 0.382608 -0.923911 0
    outer loop
      vertex -12.306 19.961 13.2
      vertex -12.8259 19.7457 4.3
      vertex -12.306 19.961 4.3
    endloop
  endfacet
  facet normal 0.300723 -0.953712 0
    outer loop
      vertex -12.306 19.961 13.2
      vertex -11.7694 20.1302 4.37949
      vertex -11.7694 20.1302 13.2
    endloop
  endfacet
  facet normal 0.300723 -0.953712 0
    outer loop
      vertex -12.306 19.961 4.3
      vertex -11.7694 20.1302 4.37949
      vertex -12.306 19.961 13.2
    endloop
  endfacet
  facet normal 0.300843 -0.953673 -0.000893182
    outer loop
      vertex -11.7694 20.1302 4.37949
      vertex -12.306 19.961 4.3
      vertex -12.0207 20.051 4.3
    endloop
  endfacet
  facet normal 0.216441 -0.976296 0
    outer loop
      vertex -11.7694 20.1302 13.2
      vertex -11.22 20.252 4.50168
      vertex -11.22 20.252 13.2
    endloop
  endfacet
  facet normal 0.216441 -0.976296 0
    outer loop
      vertex -11.22 20.252 4.50168
      vertex -11.7694 20.1302 13.2
      vertex -11.7694 20.1302 4.37949
    endloop
  endfacet
  facet normal 0.130615 -0.991433 0
    outer loop
      vertex -11.22 20.252 13.2
      vertex -10.6621 20.3255 4.57538
      vertex -10.6621 20.3255 13.2
    endloop
  endfacet
  facet normal 0.130615 -0.991433 0
    outer loop
      vertex -10.6621 20.3255 4.57538
      vertex -11.22 20.252 13.2
      vertex -11.22 20.252 4.50168
    endloop
  endfacet
  facet normal 0.0435452 -0.999051 0
    outer loop
      vertex -10.6621 20.3255 13.2
      vertex -10.1 20.35 4.6
      vertex -10.1 20.35 13.2
    endloop
  endfacet
  facet normal 0.0435452 -0.999051 0
    outer loop
      vertex -10.1 20.35 4.6
      vertex -10.6621 20.3255 13.2
      vertex -10.6621 20.3255 4.57538
    endloop
  endfacet
  facet normal 0 -1 0
    outer loop
      vertex -10.1 20.35 4.6
      vertex 10.1 20.35 13.2
      vertex -10.1 20.35 13.2
    endloop
  endfacet
  facet normal 0 -1 -0
    outer loop
      vertex 10.1 20.35 13.2
      vertex -10.1 20.35 4.6
      vertex 10.1 20.35 4.6
    endloop
  endfacet
  facet normal -0.0435452 -0.999051 0
    outer loop
      vertex 10.1 20.35 4.6
      vertex 10.6621 20.3255 13.2
      vertex 10.1 20.35 13.2
    endloop
  endfacet
  facet normal -0.0435452 -0.999051 -0
    outer loop
      vertex 10.6621 20.3255 13.2
      vertex 10.1 20.35 4.6
      vertex 10.6621 20.3255 4.57538
    endloop
  endfacet
  facet normal -0.130615 -0.991433 0
    outer loop
      vertex 10.6621 20.3255 4.57538
      vertex 11.22 20.252 13.2
      vertex 10.6621 20.3255 13.2
    endloop
  endfacet
  facet normal -0.130615 -0.991433 -0
    outer loop
      vertex 11.22 20.252 13.2
      vertex 10.6621 20.3255 4.57538
      vertex 11.22 20.252 4.50168
    endloop
  endfacet
  facet normal -0.216441 -0.976296 0
    outer loop
      vertex 11.22 20.252 4.50168
      vertex 11.7694 20.1302 13.2
      vertex 11.22 20.252 13.2
    endloop
  endfacet
  facet normal -0.216441 -0.976296 -0
    outer loop
      vertex 11.7694 20.1302 13.2
      vertex 11.22 20.252 4.50168
      vertex 11.7694 20.1302 4.37949
    endloop
  endfacet
  facet normal -0.300723 -0.953712 0
    outer loop
      vertex 11.7694 20.1302 4.37949
      vertex 12.306 19.961 13.2
      vertex 11.7694 20.1302 13.2
    endloop
  endfacet
  facet normal -0.300843 -0.953673 -0.000893182
    outer loop
      vertex 12.306 19.961 4.3
      vertex 11.7694 20.1302 4.37949
      vertex 12.0207 20.051 4.3
    endloop
  endfacet
  facet normal -0.300723 -0.953712 0
    outer loop
      vertex 11.7694 20.1302 4.37949
      vertex 12.306 19.961 4.3
      vertex 12.306 19.961 13.2
    endloop
  endfacet
  facet normal -0.382608 -0.923911 0
    outer loop
      vertex 12.306 19.961 4.3
      vertex 12.8259 19.7457 13.2
      vertex 12.306 19.961 13.2
    endloop
  endfacet
  facet normal -0.382608 -0.923911 -0
    outer loop
      vertex 12.8259 19.7457 13.2
      vertex 12.306 19.961 4.3
      vertex 12.8259 19.7457 4.3
    endloop
  endfacet
  facet normal -0.461728 -0.887022 0
    outer loop
      vertex 12.8259 19.7457 4.3
      vertex 13.325 19.4859 13.2
      vertex 12.8259 19.7457 13.2
    endloop
  endfacet
  facet normal -0.461728 -0.887022 -0
    outer loop
      vertex 13.325 19.4859 13.2
      vertex 12.8259 19.7457 4.3
      vertex 13.325 19.4859 4.3
    endloop
  endfacet
  facet normal -0.537358 -0.843354 0
    outer loop
      vertex 13.325 19.4859 4.3
      vertex 13.7996 19.1835 13.2
      vertex 13.325 19.4859 13.2
    endloop
  endfacet
  facet normal -0.537358 -0.843354 -0
    outer loop
      vertex 13.7996 19.1835 13.2
      vertex 13.325 19.4859 4.3
      vertex 13.7996 19.1835 4.3
    endloop
  endfacet
  facet normal -0.608723 -0.793383 0
    outer loop
      vertex 13.7996 19.1835 4.3
      vertex 14.246 18.841 13.2
      vertex 13.7996 19.1835 13.2
    endloop
  endfacet
  facet normal -0.608723 -0.793383 -0
    outer loop
      vertex 14.246 18.841 13.2
      vertex 13.7996 19.1835 4.3
      vertex 14.246 18.841 4.3
    endloop
  endfacet
  facet normal -0.675692 -0.737184 0
    outer loop
      vertex 14.246 18.841 4.3
      vertex 14.6608 18.4608 13.2
      vertex 14.246 18.841 13.2
    endloop
  endfacet
  facet normal -0.675692 -0.737184 -0
    outer loop
      vertex 14.6608 18.4608 13.2
      vertex 14.246 18.841 4.3
      vertex 14.6608 18.4608 4.3
    endloop
  endfacet
  facet normal -0.737184 -0.675692 0
    outer loop
      vertex 15.041 18.046 4.3
      vertex 14.6608 18.4608 13.2
      vertex 14.6608 18.4608 4.3
    endloop
  endfacet
  facet normal -0.737184 -0.675692 0
    outer loop
      vertex 14.6608 18.4608 13.2
      vertex 15.041 18.046 4.3
      vertex 15.041 18.046 13.2
    endloop
  endfacet
  facet normal -0.793383 -0.608723 0
    outer loop
      vertex 15.3835 17.5996 4.3
      vertex 15.041 18.046 13.2
      vertex 15.041 18.046 4.3
    endloop
  endfacet
  facet normal -0.793383 -0.608723 0
    outer loop
      vertex 15.041 18.046 13.2
      vertex 15.3835 17.5996 4.3
      vertex 15.3835 17.5996 13.2
    endloop
  endfacet
  facet normal -0.843354 -0.537358 0
    outer loop
      vertex 15.6859 17.125 4.3
      vertex 15.3835 17.5996 13.2
      vertex 15.3835 17.5996 4.3
    endloop
  endfacet
  facet normal -0.843354 -0.537358 0
    outer loop
      vertex 15.3835 17.5996 13.2
      vertex 15.6859 17.125 4.3
      vertex 15.6859 17.125 13.2
    endloop
  endfacet
  facet normal -0.887022 -0.461728 0
    outer loop
      vertex 15.9457 16.6259 4.3
      vertex 15.6859 17.125 13.2
      vertex 15.6859 17.125 4.3
    endloop
  endfacet
  facet normal -0.887022 -0.461728 0
    outer loop
      vertex 15.6859 17.125 13.2
      vertex 15.9457 16.6259 4.3
      vertex 15.9457 16.6259 13.2
    endloop
  endfacet
  facet normal -0.923913 -0.382602 0
    outer loop
      vertex 16.0132 16.4629 4.3
      vertex 15.9457 16.6259 13.2
      vertex 15.9457 16.6259 4.3
    endloop
  endfacet
  facet normal -0.92391 -0.382611 -0
    outer loop
      vertex 16.161 16.106 13.2
      vertex 16.0132 16.4629 4.3
      vertex 16.161 16.106 4.20973
    endloop
  endfacet
  facet normal -0.923911 -0.382608 1.29788e-07
    outer loop
      vertex 16.0132 16.4629 4.3
      vertex 16.161 16.106 13.2
      vertex 15.9457 16.6259 13.2
    endloop
  endfacet
  facet normal -0.92391 -0.382611 0
    outer loop
      vertex 16.0132 16.4629 4.0614
      vertex 16.161 16.106 4.20973
      vertex 16.0132 16.4629 4.3
    endloop
  endfacet
  facet normal -0.953712 -0.300723 0
    outer loop
      vertex 16.3302 15.5694 4.37949
      vertex 16.161 16.106 13.2
      vertex 16.161 16.106 4.20973
    endloop
  endfacet
  facet normal -0.953712 -0.300723 0
    outer loop
      vertex 16.161 16.106 13.2
      vertex 16.3302 15.5694 4.37949
      vertex 16.3302 15.5694 13.2
    endloop
  endfacet
  facet normal -0.976296 -0.216441 0
    outer loop
      vertex 16.452 15.02 4.50168
      vertex 16.3302 15.5694 13.2
      vertex 16.3302 15.5694 4.37949
    endloop
  endfacet
  facet normal -0.976296 -0.216441 0
    outer loop
      vertex 16.3302 15.5694 13.2
      vertex 16.452 15.02 4.50168
      vertex 16.452 15.02 13.2
    endloop
  endfacet
  facet normal -0.991433 -0.130615 0
    outer loop
      vertex 16.5255 14.4621 4.57538
      vertex 16.452 15.02 13.2
      vertex 16.452 15.02 4.50168
    endloop
  endfacet
  facet normal -0.991433 -0.130615 0
    outer loop
      vertex 16.452 15.02 13.2
      vertex 16.5255 14.4621 4.57538
      vertex 16.5255 14.4621 13.2
    endloop
  endfacet
  facet normal -0.999051 -0.0435452 0
    outer loop
      vertex 16.55 13.9 4.6
      vertex 16.5255 14.4621 13.2
      vertex 16.5255 14.4621 4.57538
    endloop
  endfacet
  facet normal -0.999051 -0.0435452 0
    outer loop
      vertex 16.5255 14.4621 13.2
      vertex 16.55 13.9 4.6
      vertex 16.55 13.9 13.2
    endloop
  endfacet
  facet normal -1 0 0
    outer loop
      vertex 16.55 -13.9 4.6
      vertex 16.55 13.9 13.2
      vertex 16.55 13.9 4.6
    endloop
  endfacet
  facet normal -1 -0 0
    outer loop
      vertex 16.55 13.9 13.2
      vertex 16.55 -13.9 4.6
      vertex 16.55 -13.9 13.2
    endloop
  endfacet
  facet normal -0.999051 0.0435452 0
    outer loop
      vertex 16.5255 -14.4621 13.2
      vertex 16.55 -13.9 4.6
      vertex 16.5255 -14.4621 4.57538
    endloop
  endfacet
  facet normal -0.999051 0.0435452 0
    outer loop
      vertex 16.55 -13.9 4.6
      vertex 16.5255 -14.4621 13.2
      vertex 16.55 -13.9 13.2
    endloop
  endfacet
  facet normal -0.991433 0.130615 0
    outer loop
      vertex 16.452 -15.02 13.2
      vertex 16.5255 -14.4621 4.57538
      vertex 16.452 -15.02 4.50168
    endloop
  endfacet
  facet normal -0.991433 0.130615 0
    outer loop
      vertex 16.5255 -14.4621 4.57538
      vertex 16.452 -15.02 13.2
      vertex 16.5255 -14.4621 13.2
    endloop
  endfacet
  facet normal -0.976296 0.216441 0
    outer loop
      vertex 16.3302 -15.5694 13.2
      vertex 16.452 -15.02 4.50168
      vertex 16.3302 -15.5694 4.37949
    endloop
  endfacet
  facet normal -0.976296 0.216441 0
    outer loop
      vertex 16.452 -15.02 4.50168
      vertex 16.3302 -15.5694 13.2
      vertex 16.452 -15.02 13.2
    endloop
  endfacet
  facet normal -0.953712 0.300723 0
    outer loop
      vertex 16.161 -16.106 13.2
      vertex 16.3302 -15.5694 4.37949
      vertex 16.161 -16.106 4.20973
    endloop
  endfacet
  facet normal -0.953712 0.300723 0
    outer loop
      vertex 16.3302 -15.5694 4.37949
      vertex 16.161 -16.106 13.2
      vertex 16.3302 -15.5694 13.2
    endloop
  endfacet
  facet normal -0.92391 0.382611 0
    outer loop
      vertex 16.0132 -16.4629 4.3
      vertex 16.161 -16.106 4.20973
      vertex 16.0132 -16.4629 4.0614
    endloop
  endfacet
  facet normal -0.92391 0.382611 0
    outer loop
      vertex 16.161 -16.106 4.20973
      vertex 16.0132 -16.4629 4.3
      vertex 16.161 -16.106 13.2
    endloop
  endfacet
  facet normal -0.923913 0.382602 0
    outer loop
      vertex 15.9457 -16.6259 13.2
      vertex 16.0132 -16.4629 4.3
      vertex 15.9457 -16.6259 4.3
    endloop
  endfacet
  facet normal -0.923911 0.382608 1.29788e-07
    outer loop
      vertex 16.0132 -16.4629 4.3
      vertex 15.9457 -16.6259 13.2
      vertex 16.161 -16.106 13.2
    endloop
  endfacet
  facet normal -0.887022 0.461728 0
    outer loop
      vertex 15.6859 -17.125 4.3
      vertex 15.9457 -16.6259 13.2
      vertex 15.9457 -16.6259 4.3
    endloop
  endfacet
  facet normal -0.887022 0.461728 0
    outer loop
      vertex 15.9457 -16.6259 13.2
      vertex 15.6859 -17.125 4.3
      vertex 15.6859 -17.125 13.2
    endloop
  endfacet
  facet normal -0.843354 0.537358 0
    outer loop
      vertex 15.3835 -17.5996 4.3
      vertex 15.6859 -17.125 13.2
      vertex 15.6859 -17.125 4.3
    endloop
  endfacet
  facet normal -0.843354 0.537358 0
    outer loop
      vertex 15.6859 -17.125 13.2
      vertex 15.3835 -17.5996 4.3
      vertex 15.3835 -17.5996 13.2
    endloop
  endfacet
  facet normal -0.793383 0.608723 0
    outer loop
      vertex 15.041 -18.046 4.3
      vertex 15.3835 -17.5996 13.2
      vertex 15.3835 -17.5996 4.3
    endloop
  endfacet
  facet normal -0.793383 0.608723 0
    outer loop
      vertex 15.3835 -17.5996 13.2
      vertex 15.041 -18.046 4.3
      vertex 15.041 -18.046 13.2
    endloop
  endfacet
  facet normal -0.737184 0.675692 0
    outer loop
      vertex 14.6608 -18.4608 4.3
      vertex 15.041 -18.046 13.2
      vertex 15.041 -18.046 4.3
    endloop
  endfacet
  facet normal -0.737184 0.675692 0
    outer loop
      vertex 15.041 -18.046 13.2
      vertex 14.6608 -18.4608 4.3
      vertex 14.6608 -18.4608 13.2
    endloop
  endfacet
  facet normal -0.675692 0.737184 0
    outer loop
      vertex 14.6608 -18.4608 4.3
      vertex 14.246 -18.841 13.2
      vertex 14.6608 -18.4608 13.2
    endloop
  endfacet
  facet normal -0.675692 0.737184 0
    outer loop
      vertex 14.246 -18.841 13.2
      vertex 14.6608 -18.4608 4.3
      vertex 14.246 -18.841 4.3
    endloop
  endfacet
  facet normal -0.608723 0.793383 0
    outer loop
      vertex 14.246 -18.841 4.3
      vertex 13.7996 -19.1835 13.2
      vertex 14.246 -18.841 13.2
    endloop
  endfacet
  facet normal -0.608723 0.793383 0
    outer loop
      vertex 13.7996 -19.1835 13.2
      vertex 14.246 -18.841 4.3
      vertex 13.7996 -19.1835 4.3
    endloop
  endfacet
  facet normal -0.537358 0.843354 0
    outer loop
      vertex 13.7996 -19.1835 4.3
      vertex 13.325 -19.4859 13.2
      vertex 13.7996 -19.1835 13.2
    endloop
  endfacet
  facet normal -0.537358 0.843354 0
    outer loop
      vertex 13.325 -19.4859 13.2
      vertex 13.7996 -19.1835 4.3
      vertex 13.325 -19.4859 4.3
    endloop
  endfacet
  facet normal -0.461728 0.887022 0
    outer loop
      vertex 13.325 -19.4859 4.3
      vertex 12.8259 -19.7457 13.2
      vertex 13.325 -19.4859 13.2
    endloop
  endfacet
  facet normal -0.461728 0.887022 0
    outer loop
      vertex 12.8259 -19.7457 13.2
      vertex 13.325 -19.4859 4.3
      vertex 12.8259 -19.7457 4.3
    endloop
  endfacet
  facet normal -0.382608 0.923911 0
    outer loop
      vertex 12.8259 -19.7457 4.3
      vertex 12.306 -19.961 13.2
      vertex 12.8259 -19.7457 13.2
    endloop
  endfacet
  facet normal -0.382608 0.923911 0
    outer loop
      vertex 12.306 -19.961 13.2
      vertex 12.8259 -19.7457 4.3
      vertex 12.306 -19.961 4.3
    endloop
  endfacet
  facet normal -0.300723 0.953712 0
    outer loop
      vertex 12.306 -19.961 13.2
      vertex 11.7694 -20.1302 4.37949
      vertex 11.7694 -20.1302 13.2
    endloop
  endfacet
  facet normal -0.300723 0.953712 0
    outer loop
      vertex 12.306 -19.961 4.3
      vertex 11.7694 -20.1302 4.37949
      vertex 12.306 -19.961 13.2
    endloop
  endfacet
  facet normal -0.300843 0.953673 -0.000893182
    outer loop
      vertex 11.7694 -20.1302 4.37949
      vertex 12.306 -19.961 4.3
      vertex 12.0207 -20.051 4.3
    endloop
  endfacet
  facet normal -0.216441 0.976296 0
    outer loop
      vertex 11.7694 -20.1302 13.2
      vertex 11.22 -20.252 4.50168
      vertex 11.22 -20.252 13.2
    endloop
  endfacet
  facet normal -0.216441 0.976296 0
    outer loop
      vertex 11.22 -20.252 4.50168
      vertex 11.7694 -20.1302 13.2
      vertex 11.7694 -20.1302 4.37949
    endloop
  endfacet
  facet normal -0.130615 0.991433 0
    outer loop
      vertex 11.22 -20.252 13.2
      vertex 10.6621 -20.3255 4.57538
      vertex 10.6621 -20.3255 13.2
    endloop
  endfacet
  facet normal -0.130615 0.991433 0
    outer loop
      vertex 10.6621 -20.3255 4.57538
      vertex 11.22 -20.252 13.2
      vertex 11.22 -20.252 4.50168
    endloop
  endfacet
  facet normal -0.0435452 0.999051 0
    outer loop
      vertex 10.6621 -20.3255 13.2
      vertex 10.1 -20.35 4.6
      vertex 10.1 -20.35 13.2
    endloop
  endfacet
  facet normal -0.0435452 0.999051 0
    outer loop
      vertex 10.1 -20.35 4.6
      vertex 10.6621 -20.3255 13.2
      vertex 10.6621 -20.3255 4.57538
    endloop
  endfacet
  facet normal 0 1 -0
    outer loop
      vertex 10.1 -20.35 4.6
      vertex -10.1 -20.35 13.2
      vertex 10.1 -20.35 13.2
    endloop
  endfacet
  facet normal 0 1 0
    outer loop
      vertex -10.1 -20.35 13.2
      vertex 10.1 -20.35 4.6
      vertex -10.1 -20.35 4.6
    endloop
  endfacet
  facet normal -0 0 1
    outer loop
      vertex 13.4707 13.9593 1.6
      vertex 13.56 -13.9963 1.6
      vertex 13.56 13.9963 1.6
    endloop
  endfacet
  facet normal 0 0 1
    outer loop
      vertex 13.4707 13.9593 1.6
      vertex 13.4707 -13.9593 1.6
      vertex 13.56 -13.9963 1.6
    endloop
  endfacet
  facet normal -0 0 1
    outer loop
      vertex 13.1129 13.8465 1.6
      vertex 13.4707 -13.9593 1.6
      vertex 13.4707 13.9593 1.6
    endloop
  endfacet
  facet normal 0 0 1
    outer loop
      vertex 13.1129 13.8465 1.6
      vertex 13.1129 -13.8465 1.6
      vertex 13.4707 -13.9593 1.6
    endloop
  endfacet
  facet normal -0 0 1
    outer loop
      vertex 12.7467 13.7653 1.6
      vertex 13.1129 -13.8465 1.6
      vertex 13.1129 13.8465 1.6
    endloop
  endfacet
  facet normal 0 0 1
    outer loop
      vertex 12.7467 13.7653 1.6
      vertex 12.7467 -13.7653 1.6
      vertex 13.1129 -13.8465 1.6
    endloop
  endfacet
  facet normal -0 0 1
    outer loop
      vertex 12.3748 13.7164 1.6
      vertex 12.7467 -13.7653 1.6
      vertex 12.7467 13.7653 1.6
    endloop
  endfacet
  facet normal 0 0 1
    outer loop
      vertex 12.3748 13.7164 1.6
      vertex 12.3748 -13.7164 1.6
      vertex 12.7467 -13.7653 1.6
    endloop
  endfacet
  facet normal -0 0 1
    outer loop
      vertex 12 13.7 1.6
      vertex 12.3748 -13.7164 1.6
      vertex 12.3748 13.7164 1.6
    endloop
  endfacet
  facet normal 0 0 1
    outer loop
      vertex 12 13.7 1.6
      vertex 12 -13.7 1.6
      vertex 12.3748 -13.7164 1.6
    endloop
  endfacet
  facet normal 0 0 1
    outer loop
      vertex 11.6252 13.7164 1.6
      vertex 12 -13.7 1.6
      vertex 12 13.7 1.6
    endloop
  endfacet
  facet normal 0 0 1
    outer loop
      vertex 11.6252 13.7164 1.6
      vertex 11.6252 -13.7164 1.6
      vertex 12 -13.7 1.6
    endloop
  endfacet
  facet normal 0 0 1
    outer loop
      vertex 11.2533 13.7653 1.6
      vertex 11.6252 -13.7164 1.6
      vertex 11.6252 13.7164 1.6
    endloop
  endfacet
  facet normal 0 0 1
    outer loop
      vertex 11.2533 13.7653 1.6
      vertex 11.2533 -13.7653 1.6
      vertex 11.6252 -13.7164 1.6
    endloop
  endfacet
  facet normal 0 0 1
    outer loop
      vertex 10.8871 13.8465 1.6
      vertex 11.2533 -13.7653 1.6
      vertex 11.2533 13.7653 1.6
    endloop
  endfacet
  facet normal 0 0 1
    outer loop
      vertex 10.8871 13.8465 1.6
      vertex 10.8871 -13.8465 1.6
      vertex 11.2533 -13.7653 1.6
    endloop
  endfacet
  facet normal 0 0 1
    outer loop
      vertex 10.5293 13.9593 1.6
      vertex 10.8871 -13.8465 1.6
      vertex 10.8871 13.8465 1.6
    endloop
  endfacet
  facet normal 0 0 1
    outer loop
      vertex 10.5293 13.9593 1.6
      vertex 10.5293 -13.9593 1.6
      vertex 10.8871 -13.8465 1.6
    endloop
  endfacet
  facet normal 0 0 1
    outer loop
      vertex 10.1827 14.1029 1.6
      vertex 10.5293 -13.9593 1.6
      vertex 10.5293 13.9593 1.6
    endloop
  endfacet
  facet normal 0 0 1
    outer loop
      vertex 10.1827 14.1029 1.6
      vertex 10.1827 -14.1029 1.6
      vertex 10.5293 -13.9593 1.6
    endloop
  endfacet
  facet normal 0 0 1
    outer loop
      vertex 9.85 14.2761 1.6
      vertex 10.1827 -14.1029 1.6
      vertex 10.1827 14.1029 1.6
    endloop
  endfacet
  facet normal 0 0 1
    outer loop
      vertex 9.85 14.2761 1.6
      vertex 9.85 -14.2761 1.6
      vertex 10.1827 -14.1029 1.6
    endloop
  endfacet
  facet normal 0 0 1
    outer loop
      vertex 9.53362 14.4776 1.6
      vertex 9.85 -14.2761 1.6
      vertex 9.85 14.2761 1.6
    endloop
  endfacet
  facet normal 0 0 1
    outer loop
      vertex 9.53362 14.4776 1.6
      vertex 9.53362 -14.4776 1.6
      vertex 9.85 -14.2761 1.6
    endloop
  endfacet
  facet normal 0 0 1
    outer loop
      vertex -9.53362 14.4776 1.6
      vertex 9.53362 14.4776 1.6
      vertex 9.23601 14.706 1.6
    endloop
  endfacet
  facet normal 0 0 1
    outer loop
      vertex 9.53362 14.4776 1.6
      vertex -9.53362 14.4776 1.6
      vertex 9.53362 -14.4776 1.6
    endloop
  endfacet
  facet normal 0 0 1
    outer loop
      vertex -9.23601 14.706 1.6
      vertex 9.23601 14.706 1.6
      vertex 8.95944 14.9594 1.6
    endloop
  endfacet
  facet normal 0 0 1
    outer loop
      vertex -9.53362 -14.4776 1.6
      vertex 9.53362 -14.4776 1.6
      vertex -9.53362 14.4776 1.6
    endloop
  endfacet
  facet normal 0 0 1
    outer loop
      vertex -8.95944 14.9594 1.6
      vertex 8.95944 14.9594 1.6
      vertex 8.70601 15.236 1.6
    endloop
  endfacet
  facet normal 0 0 1
    outer loop
      vertex 9.53362 -14.4776 1.6
      vertex -9.53362 -14.4776 1.6
      vertex 9.23601 -14.706 1.6
    endloop
  endfacet
  facet normal 0 0 1
    outer loop
      vertex -8.70601 15.236 1.6
      vertex 8.70601 15.236 1.6
      vertex 8.47765 15.5336 1.6
    endloop
  endfacet
  facet normal 0 -0 1
    outer loop
      vertex -9.23601 -14.706 1.6
      vertex 9.23601 -14.706 1.6
      vertex -9.53362 -14.4776 1.6
    endloop
  endfacet
  facet normal 0 0 1
    outer loop
      vertex -8.47765 15.5336 1.6
      vertex 8.47765 15.5336 1.6
      vertex 8.27609 15.85 1.6
    endloop
  endfacet
  facet normal 0 0 1
    outer loop
      vertex 9.23601 -14.706 1.6
      vertex -9.23601 -14.706 1.6
      vertex 8.95944 -14.9594 1.6
    endloop
  endfacet
  facet normal 0 0 1
    outer loop
      vertex -8.27609 15.85 1.6
      vertex 8.27609 15.85 1.6
      vertex 8.10288 16.1827 1.6
    endloop
  endfacet
  facet normal 0 -0 1
    outer loop
      vertex -8.95944 -14.9594 1.6
      vertex 8.95944 -14.9594 1.6
      vertex -9.23601 -14.706 1.6
    endloop
  endfacet
  facet normal 0 0 1
    outer loop
      vertex -8.10288 16.1827 1.6
      vertex 8.10288 16.1827 1.6
      vertex 7.95932 16.5293 1.6
    endloop
  endfacet
  facet normal 0 0 1
    outer loop
      vertex 8.95944 -14.9594 1.6
      vertex -8.95944 -14.9594 1.6
      vertex 8.70601 -15.236 1.6
    endloop
  endfacet
  facet normal 0 0 1
    outer loop
      vertex -7.95932 16.5293 1.6
      vertex 7.95932 16.5293 1.6
      vertex 7.84652 16.8871 1.6
    endloop
  endfacet
  facet normal 0 -0 1
    outer loop
      vertex -8.70601 -15.236 1.6
      vertex 8.70601 -15.236 1.6
      vertex -8.95944 -14.9594 1.6
    endloop
  endfacet
  facet normal 0 0 1
    outer loop
      vertex -7.84652 16.8871 1.6
      vertex 7.84652 16.8871 1.6
      vertex 7.76533 17.2533 1.6
    endloop
  endfacet
  facet normal 0 0 1
    outer loop
      vertex 9.23601 14.706 1.6
      vertex -9.23601 14.706 1.6
      vertex -9.53362 14.4776 1.6
    endloop
  endfacet
  facet normal 0 0 1
    outer loop
      vertex -7.76533 17.2533 1.6
      vertex 7.76533 17.2533 1.6
      vertex 7.75129 17.36 1.6
    endloop
  endfacet
  facet normal 0 0 1
    outer loop
      vertex 8.70601 -15.236 1.6
      vertex -8.70601 -15.236 1.6
      vertex 8.47765 -15.5336 1.6
    endloop
  endfacet
  facet normal 0 0 1
    outer loop
      vertex -7.76533 17.2533 1.6
      vertex 7.75129 17.36 1.6
      vertex -7.75129 17.36 1.6
    endloop
  endfacet
  facet normal 0 0 1
    outer loop
      vertex 7.76533 17.2533 1.6
      vertex -7.76533 17.2533 1.6
      vertex -7.84652 16.8871 1.6
    endloop
  endfacet
  facet normal 0 0 1
    outer loop
      vertex 7.84652 16.8871 1.6
      vertex -7.84652 16.8871 1.6
      vertex -7.95932 16.5293 1.6
    endloop
  endfacet
  facet normal 0 0 1
    outer loop
      vertex 7.75129 -17.36 1.6
      vertex -7.76533 -17.2533 1.6
      vertex -7.75129 -17.36 1.6
    endloop
  endfacet
  facet normal 0 0 1
    outer loop
      vertex 7.95932 16.5293 1.6
      vertex -7.95932 16.5293 1.6
      vertex -8.10288 16.1827 1.6
    endloop
  endfacet
  facet normal 0 0 1
    outer loop
      vertex 7.76533 -17.2533 1.6
      vertex -7.76533 -17.2533 1.6
      vertex 7.75129 -17.36 1.6
    endloop
  endfacet
  facet normal 0 0 1
    outer loop
      vertex 8.10288 16.1827 1.6
      vertex -8.10288 16.1827 1.6
      vertex -8.27609 15.85 1.6
    endloop
  endfacet
  facet normal 0 -0 1
    outer loop
      vertex -7.76533 -17.2533 1.6
      vertex 7.76533 -17.2533 1.6
      vertex -7.84652 -16.8871 1.6
    endloop
  endfacet
  facet normal 0 0 1
    outer loop
      vertex 8.27609 15.85 1.6
      vertex -8.27609 15.85 1.6
      vertex -8.47765 15.5336 1.6
    endloop
  endfacet
  facet normal 0 0 1
    outer loop
      vertex 7.84652 -16.8871 1.6
      vertex -7.84652 -16.8871 1.6
      vertex 7.76533 -17.2533 1.6
    endloop
  endfacet
  facet normal 0 0 1
    outer loop
      vertex 8.47765 15.5336 1.6
      vertex -8.47765 15.5336 1.6
      vertex -8.70601 15.236 1.6
    endloop
  endfacet
  facet normal 0 -0 1
    outer loop
      vertex -7.84652 -16.8871 1.6
      vertex 7.84652 -16.8871 1.6
      vertex -7.95932 -16.5293 1.6
    endloop
  endfacet
  facet normal 0 0 1
    outer loop
      vertex 8.70601 15.236 1.6
      vertex -8.70601 15.236 1.6
      vertex -8.95944 14.9594 1.6
    endloop
  endfacet
  facet normal 0 0 1
    outer loop
      vertex 7.95932 -16.5293 1.6
      vertex -7.95932 -16.5293 1.6
      vertex 7.84652 -16.8871 1.6
    endloop
  endfacet
  facet normal 0 0 1
    outer loop
      vertex 8.95944 14.9594 1.6
      vertex -8.95944 14.9594 1.6
      vertex -9.23601 14.706 1.6
    endloop
  endfacet
  facet normal 0 -0 1
    outer loop
      vertex -7.95932 -16.5293 1.6
      vertex 7.95932 -16.5293 1.6
      vertex -8.10288 -16.1827 1.6
    endloop
  endfacet
  facet normal 0 -0 1
    outer loop
      vertex -8.27609 -15.85 1.6
      vertex 8.27609 -15.85 1.6
      vertex -8.47765 -15.5336 1.6
    endloop
  endfacet
  facet normal 0 0 1
    outer loop
      vertex 8.10288 -16.1827 1.6
      vertex -8.10288 -16.1827 1.6
      vertex 7.95932 -16.5293 1.6
    endloop
  endfacet
  facet normal 0 0 1
    outer loop
      vertex 8.27609 -15.85 1.6
      vertex -8.27609 -15.85 1.6
      vertex 8.10288 -16.1827 1.6
    endloop
  endfacet
  facet normal 0 -0 1
    outer loop
      vertex -8.10288 -16.1827 1.6
      vertex 8.10288 -16.1827 1.6
      vertex -8.27609 -15.85 1.6
    endloop
  endfacet
  facet normal 0 -0 1
    outer loop
      vertex -8.47765 -15.5336 1.6
      vertex 8.47765 -15.5336 1.6
      vertex -8.70601 -15.236 1.6
    endloop
  endfacet
  facet normal 0 0 1
    outer loop
      vertex 8.47765 -15.5336 1.6
      vertex -8.47765 -15.5336 1.6
      vertex 8.27609 -15.85 1.6
    endloop
  endfacet
  facet normal -0 0 1
    outer loop
      vertex -9.85 14.2761 1.6
      vertex -9.53362 -14.4776 1.6
      vertex -9.53362 14.4776 1.6
    endloop
  endfacet
  facet normal 0 0 1
    outer loop
      vertex -9.85 14.2761 1.6
      vertex -9.85 -14.2761 1.6
      vertex -9.53362 -14.4776 1.6
    endloop
  endfacet
  facet normal -0 0 1
    outer loop
      vertex -10.1827 14.1029 1.6
      vertex -9.85 -14.2761 1.6
      vertex -9.85 14.2761 1.6
    endloop
  endfacet
  facet normal 0 0 1
    outer loop
      vertex -10.1827 14.1029 1.6
      vertex -10.1827 -14.1029 1.6
      vertex -9.85 -14.2761 1.6
    endloop
  endfacet
  facet normal -0 0 1
    outer loop
      vertex -10.5293 13.9593 1.6
      vertex -10.1827 -14.1029 1.6
      vertex -10.1827 14.1029 1.6
    endloop
  endfacet
  facet normal 0 0 1
    outer loop
      vertex -10.5293 13.9593 1.6
      vertex -10.5293 -13.9593 1.6
      vertex -10.1827 -14.1029 1.6
    endloop
  endfacet
  facet normal -0 0 1
    outer loop
      vertex -10.8871 13.8465 1.6
      vertex -10.5293 -13.9593 1.6
      vertex -10.5293 13.9593 1.6
    endloop
  endfacet
  facet normal 0 0 1
    outer loop
      vertex -10.8871 13.8465 1.6
      vertex -10.8871 -13.8465 1.6
      vertex -10.5293 -13.9593 1.6
    endloop
  endfacet
  facet normal -0 0 1
    outer loop
      vertex -11.2533 13.7653 1.6
      vertex -10.8871 -13.8465 1.6
      vertex -10.8871 13.8465 1.6
    endloop
  endfacet
  facet normal 0 0 1
    outer loop
      vertex -11.2533 13.7653 1.6
      vertex -11.2533 -13.7653 1.6
      vertex -10.8871 -13.8465 1.6
    endloop
  endfacet
  facet normal -0 0 1
    outer loop
      vertex -11.6252 13.7164 1.6
      vertex -11.2533 -13.7653 1.6
      vertex -11.2533 13.7653 1.6
    endloop
  endfacet
  facet normal 0 0 1
    outer loop
      vertex -11.6252 13.7164 1.6
      vertex -11.6252 -13.7164 1.6
      vertex -11.2533 -13.7653 1.6
    endloop
  endfacet
  facet normal -0 0 1
    outer loop
      vertex -12 13.7 1.6
      vertex -11.6252 -13.7164 1.6
      vertex -11.6252 13.7164 1.6
    endloop
  endfacet
  facet normal 0 0 1
    outer loop
      vertex -12 13.7 1.6
      vertex -12 -13.7 1.6
      vertex -11.6252 -13.7164 1.6
    endloop
  endfacet
  facet normal 0 0 1
    outer loop
      vertex -12.3748 13.7164 1.6
      vertex -12 -13.7 1.6
      vertex -12 13.7 1.6
    endloop
  endfacet
  facet normal 0 0 1
    outer loop
      vertex -12.3748 13.7164 1.6
      vertex -12.3748 -13.7164 1.6
      vertex -12 -13.7 1.6
    endloop
  endfacet
  facet normal 0 0 1
    outer loop
      vertex -12.7467 13.7653 1.6
      vertex -12.3748 -13.7164 1.6
      vertex -12.3748 13.7164 1.6
    endloop
  endfacet
  facet normal 0 0 1
    outer loop
      vertex -12.7467 13.7653 1.6
      vertex -12.7467 -13.7653 1.6
      vertex -12.3748 -13.7164 1.6
    endloop
  endfacet
  facet normal 0 0 1
    outer loop
      vertex -13.1129 13.8465 1.6
      vertex -12.7467 -13.7653 1.6
      vertex -12.7467 13.7653 1.6
    endloop
  endfacet
  facet normal 0 0 1
    outer loop
      vertex -13.1129 13.8465 1.6
      vertex -13.1129 -13.8465 1.6
      vertex -12.7467 -13.7653 1.6
    endloop
  endfacet
  facet normal 0 0 1
    outer loop
      vertex -13.4707 13.9593 1.6
      vertex -13.1129 -13.8465 1.6
      vertex -13.1129 13.8465 1.6
    endloop
  endfacet
  facet normal 0 0 1
    outer loop
      vertex -13.4707 13.9593 1.6
      vertex -13.4707 -13.9593 1.6
      vertex -13.1129 -13.8465 1.6
    endloop
  endfacet
  facet normal 0 0 1
    outer loop
      vertex -13.56 13.9963 1.6
      vertex -13.4707 -13.9593 1.6
      vertex -13.4707 13.9593 1.6
    endloop
  endfacet
  facet normal 0 0 1
    outer loop
      vertex -13.4707 -13.9593 1.6
      vertex -13.56 13.9963 1.6
      vertex -13.56 -13.9963 1.6
    endloop
  endfacet
  facet normal 0.708256 9.61246e-05 0.705956
    outer loop
      vertex -16.161 16.106 4.20973
      vertex -15.8971 16.1827 3.94496
      vertex -16.0132 16.4629 4.0614
    endloop
  endfacet
  facet normal 0.708275 -3.50371e-05 0.705937
    outer loop
      vertex -16.161 16.106 4.20973
      vertex -15.7239 15.85 3.77117
      vertex -15.8971 16.1827 3.94496
    endloop
  endfacet
  facet normal 0.708283 -5.73151e-06 0.705929
    outer loop
      vertex -16.3302 15.5694 4.37949
      vertex -15.7239 15.85 3.77117
      vertex -16.161 16.106 4.20973
    endloop
  endfacet
  facet normal 0.708305 -0.000101091 0.705906
    outer loop
      vertex -16.3302 15.5694 4.37949
      vertex -15.5224 15.5336 3.56894
      vertex -15.7239 15.85 3.77117
    endloop
  endfacet
  facet normal 0.708307 -3.1357e-05 0.705905
    outer loop
      vertex -16.452 15.02 4.50168
      vertex -15.5224 15.5336 3.56894
      vertex -16.3302 15.5694 4.37949
    endloop
  endfacet
  facet normal 0.708274 8.57686e-05 0.705937
    outer loop
      vertex -15.5224 15.5336 3.56894
      vertex -16.452 15.02 4.50168
      vertex -15.294 15.236 3.33982
    endloop
  endfacet
  facet normal 0.708288 -5.8374e-05 0.705924
    outer loop
      vertex -16.5255 14.4621 4.57538
      vertex -15.294 15.236 3.33982
      vertex -16.452 15.02 4.50168
    endloop
  endfacet
  facet normal 0.708292 -7.22255e-05 0.705919
    outer loop
      vertex -15.294 15.236 3.33982
      vertex -16.5255 14.4621 4.57538
      vertex -15.0406 14.9594 3.08554
    endloop
  endfacet
  facet normal 0.708272 4.90592e-05 0.70594
    outer loop
      vertex -16.55 13.9 4.6
      vertex -15.0406 14.9594 3.08554
      vertex -16.5255 14.4621 4.57538
    endloop
  endfacet
  facet normal 0.708274 4.29888e-05 0.705938
    outer loop
      vertex -15.0406 14.9594 3.08554
      vertex -16.55 13.9 4.6
      vertex -14.764 14.706 2.80804
    endloop
  endfacet
  facet normal 0.708287 -1.34082e-05 0.705925
    outer loop
      vertex -14.764 14.706 2.80804
      vertex -16.55 13.9 4.6
      vertex -14.4664 14.4776 2.50944
    endloop
  endfacet
  facet normal 0.708276 6.56455e-05 0.705936
    outer loop
      vertex -14.4664 14.4776 2.50944
      vertex -16.55 13.9 4.6
      vertex -14.15 14.2761 2.19201
    endloop
  endfacet
  facet normal 0.708291 -0.000132785 0.70592
    outer loop
      vertex -14.15 14.2761 2.19201
      vertex -16.55 13.9 4.6
      vertex -13.8173 14.1029 1.85816
    endloop
  endfacet
  facet normal 0.708286 3.28804e-06 0.705925
    outer loop
      vertex -13.8173 14.1029 1.85816
      vertex -16.55 13.9 4.6
      vertex -13.56 13.9963 1.6
    endloop
  endfacet
  facet normal 0.708286 -0 0.705925
    outer loop
      vertex -16.55 -13.9 4.6
      vertex -13.56 13.9963 1.6
      vertex -16.55 13.9 4.6
    endloop
  endfacet
  facet normal 0.708286 0 0.705925
    outer loop
      vertex -16.55 -13.9 4.6
      vertex -13.56 -13.9963 1.6
      vertex -13.56 13.9963 1.6
    endloop
  endfacet
  facet normal 0.708286 -3.28804e-06 0.705925
    outer loop
      vertex -16.55 -13.9 4.6
      vertex -13.8173 -14.1029 1.85816
      vertex -13.56 -13.9963 1.6
    endloop
  endfacet
  facet normal 0.708291 0.000132785 0.70592
    outer loop
      vertex -16.55 -13.9 4.6
      vertex -14.15 -14.2761 2.19201
      vertex -13.8173 -14.1029 1.85816
    endloop
  endfacet
  facet normal 0.708272 -4.90592e-05 0.70594
    outer loop
      vertex -15.0406 -14.9594 3.08554
      vertex -16.55 -13.9 4.6
      vertex -16.5255 -14.4621 4.57538
    endloop
  endfacet
  facet normal 0.708276 -6.56455e-05 0.705936
    outer loop
      vertex -16.55 -13.9 4.6
      vertex -14.4664 -14.4776 2.50944
      vertex -14.15 -14.2761 2.19201
    endloop
  endfacet
  facet normal 0.708287 1.34082e-05 0.705925
    outer loop
      vertex -16.55 -13.9 4.6
      vertex -14.764 -14.706 2.80804
      vertex -14.4664 -14.4776 2.50944
    endloop
  endfacet
  facet normal 0.708274 -4.29888e-05 0.705938
    outer loop
      vertex -16.55 -13.9 4.6
      vertex -15.0406 -14.9594 3.08554
      vertex -14.764 -14.706 2.80804
    endloop
  endfacet
  facet normal 0.708288 5.8374e-05 0.705924
    outer loop
      vertex -15.294 -15.236 3.33982
      vertex -16.5255 -14.4621 4.57538
      vertex -16.452 -15.02 4.50168
    endloop
  endfacet
  facet normal 0.708292 7.22255e-05 0.705919
    outer loop
      vertex -16.5255 -14.4621 4.57538
      vertex -15.294 -15.236 3.33982
      vertex -15.0406 -14.9594 3.08554
    endloop
  endfacet
  facet normal 0.708274 -8.57686e-05 0.705937
    outer loop
      vertex -16.452 -15.02 4.50168
      vertex -15.5224 -15.5336 3.56894
      vertex -15.294 -15.236 3.33982
    endloop
  endfacet
  facet normal 0.708307 3.1357e-05 0.705905
    outer loop
      vertex -16.3302 -15.5694 4.37949
      vertex -15.5224 -15.5336 3.56894
      vertex -16.452 -15.02 4.50168
    endloop
  endfacet
  facet normal 0.708305 0.000101091 0.705906
    outer loop
      vertex -16.3302 -15.5694 4.37949
      vertex -15.7239 -15.85 3.77117
      vertex -15.5224 -15.5336 3.56894
    endloop
  endfacet
  facet normal 0.708283 5.73151e-06 0.705929
    outer loop
      vertex -16.161 -16.106 4.20973
      vertex -15.7239 -15.85 3.77117
      vertex -16.3302 -15.5694 4.37949
    endloop
  endfacet
  facet normal 0.708275 3.50371e-05 0.705937
    outer loop
      vertex -16.161 -16.106 4.20973
      vertex -15.8971 -16.1827 3.94496
      vertex -15.7239 -15.85 3.77117
    endloop
  endfacet
  facet normal 0.708256 -9.61246e-05 0.705956
    outer loop
      vertex -15.8971 -16.1827 3.94496
      vertex -16.161 -16.106 4.20973
      vertex -16.0132 -16.4629 4.0614
    endloop
  endfacet
  facet normal -0.708256 9.61246e-05 0.705956
    outer loop
      vertex 15.8971 16.1827 3.94496
      vertex 16.161 16.106 4.20973
      vertex 16.0132 16.4629 4.0614
    endloop
  endfacet
  facet normal -0.708275 -3.50371e-05 0.705937
    outer loop
      vertex 15.7239 15.85 3.77117
      vertex 16.161 16.106 4.20973
      vertex 15.8971 16.1827 3.94496
    endloop
  endfacet
  facet normal -0.708283 -5.73151e-06 0.705929
    outer loop
      vertex 15.7239 15.85 3.77117
      vertex 16.3302 15.5694 4.37949
      vertex 16.161 16.106 4.20973
    endloop
  endfacet
  facet normal -0.708305 -0.000101091 0.705906
    outer loop
      vertex 15.5224 15.5336 3.56894
      vertex 16.3302 15.5694 4.37949
      vertex 15.7239 15.85 3.77117
    endloop
  endfacet
  facet normal -0.708274 8.57686e-05 0.705937
    outer loop
      vertex 16.452 15.02 4.50168
      vertex 15.5224 15.5336 3.56894
      vertex 15.294 15.236 3.33982
    endloop
  endfacet
  facet normal -0.708307 -3.1357e-05 0.705905
    outer loop
      vertex 15.5224 15.5336 3.56894
      vertex 16.452 15.02 4.50168
      vertex 16.3302 15.5694 4.37949
    endloop
  endfacet
  facet normal -0.708292 -7.22255e-05 0.705919
    outer loop
      vertex 16.5255 14.4621 4.57538
      vertex 15.294 15.236 3.33982
      vertex 15.0406 14.9594 3.08554
    endloop
  endfacet
  facet normal -0.708274 4.29888e-05 0.705938
    outer loop
      vertex 16.55 13.9 4.6
      vertex 15.0406 14.9594 3.08554
      vertex 14.764 14.706 2.80804
    endloop
  endfacet
  facet normal -0.708287 -1.34082e-05 0.705925
    outer loop
      vertex 16.55 13.9 4.6
      vertex 14.764 14.706 2.80804
      vertex 14.4664 14.4776 2.50944
    endloop
  endfacet
  facet normal -0.708288 -5.8374e-05 0.705924
    outer loop
      vertex 15.294 15.236 3.33982
      vertex 16.5255 14.4621 4.57538
      vertex 16.452 15.02 4.50168
    endloop
  endfacet
  facet normal -0.708276 6.56455e-05 0.705936
    outer loop
      vertex 16.55 13.9 4.6
      vertex 14.4664 14.4776 2.50944
      vertex 14.15 14.2761 2.19201
    endloop
  endfacet
  facet normal -0.708291 -0.000132785 0.70592
    outer loop
      vertex 16.55 13.9 4.6
      vertex 14.15 14.2761 2.19201
      vertex 13.8173 14.1029 1.85816
    endloop
  endfacet
  facet normal -0.708286 3.28804e-06 0.705925
    outer loop
      vertex 16.55 13.9 4.6
      vertex 13.8173 14.1029 1.85816
      vertex 13.56 13.9963 1.6
    endloop
  endfacet
  facet normal -0.708272 4.90592e-05 0.70594
    outer loop
      vertex 15.0406 14.9594 3.08554
      vertex 16.55 13.9 4.6
      vertex 16.5255 14.4621 4.57538
    endloop
  endfacet
  facet normal -0.708286 0 0.705925
    outer loop
      vertex 13.56 13.9963 1.6
      vertex 16.55 -13.9 4.6
      vertex 16.55 13.9 4.6
    endloop
  endfacet
  facet normal -0.708286 0 0.705925
    outer loop
      vertex 13.56 -13.9963 1.6
      vertex 16.55 -13.9 4.6
      vertex 13.56 13.9963 1.6
    endloop
  endfacet
  facet normal -0.708286 -3.28804e-06 0.705925
    outer loop
      vertex 13.8173 -14.1029 1.85816
      vertex 16.55 -13.9 4.6
      vertex 13.56 -13.9963 1.6
    endloop
  endfacet
  facet normal -0.708291 0.000132785 0.70592
    outer loop
      vertex 14.15 -14.2761 2.19201
      vertex 16.55 -13.9 4.6
      vertex 13.8173 -14.1029 1.85816
    endloop
  endfacet
  facet normal -0.708276 -6.56455e-05 0.705936
    outer loop
      vertex 14.4664 -14.4776 2.50944
      vertex 16.55 -13.9 4.6
      vertex 14.15 -14.2761 2.19201
    endloop
  endfacet
  facet normal -0.708287 1.34082e-05 0.705925
    outer loop
      vertex 14.764 -14.706 2.80804
      vertex 16.55 -13.9 4.6
      vertex 14.4664 -14.4776 2.50944
    endloop
  endfacet
  facet normal -0.708274 -4.29888e-05 0.705938
    outer loop
      vertex 15.0406 -14.9594 3.08554
      vertex 16.55 -13.9 4.6
      vertex 14.764 -14.706 2.80804
    endloop
  endfacet
  facet normal -0.708272 -4.90592e-05 0.70594
    outer loop
      vertex 16.55 -13.9 4.6
      vertex 15.0406 -14.9594 3.08554
      vertex 16.5255 -14.4621 4.57538
    endloop
  endfacet
  facet normal -0.708292 7.22255e-05 0.705919
    outer loop
      vertex 15.294 -15.236 3.33982
      vertex 16.5255 -14.4621 4.57538
      vertex 15.0406 -14.9594 3.08554
    endloop
  endfacet
  facet normal -0.708288 5.8374e-05 0.705924
    outer loop
      vertex 16.5255 -14.4621 4.57538
      vertex 15.294 -15.236 3.33982
      vertex 16.452 -15.02 4.50168
    endloop
  endfacet
  facet normal -0.708274 -8.57686e-05 0.705937
    outer loop
      vertex 15.5224 -15.5336 3.56894
      vertex 16.452 -15.02 4.50168
      vertex 15.294 -15.236 3.33982
    endloop
  endfacet
  facet normal -0.708307 3.1357e-05 0.705905
    outer loop
      vertex 15.5224 -15.5336 3.56894
      vertex 16.3302 -15.5694 4.37949
      vertex 16.452 -15.02 4.50168
    endloop
  endfacet
  facet normal -0.708305 0.000101091 0.705906
    outer loop
      vertex 15.7239 -15.85 3.77117
      vertex 16.3302 -15.5694 4.37949
      vertex 15.5224 -15.5336 3.56894
    endloop
  endfacet
  facet normal -0.708283 5.73151e-06 0.705929
    outer loop
      vertex 15.7239 -15.85 3.77117
      vertex 16.161 -16.106 4.20973
      vertex 16.3302 -15.5694 4.37949
    endloop
  endfacet
  facet normal -0.708275 3.50371e-05 0.705937
    outer loop
      vertex 15.8971 -16.1827 3.94496
      vertex 16.161 -16.106 4.20973
      vertex 15.7239 -15.85 3.77117
    endloop
  endfacet
  facet normal -0.708256 -9.61246e-05 0.705956
    outer loop
      vertex 16.161 -16.106 4.20973
      vertex 15.8971 -16.1827 3.94496
      vertex 16.0132 -16.4629 4.0614
    endloop
  endfacet
  facet normal 0 0.708329 0.705882
    outer loop
      vertex 8.10288 -19.8173 4.06549
      vertex -8.22455 -20.051 4.3
      vertex 8.22455 -20.051 4.3
    endloop
  endfacet
  facet normal 0 0.708329 0.705882
    outer loop
      vertex 8.10288 -19.8173 4.06549
      vertex -8.10288 -19.8173 4.06549
      vertex -8.22455 -20.051 4.3
    endloop
  endfacet
  facet normal 0 0.708257 0.705955
    outer loop
      vertex 7.95932 -19.4707 3.71776
      vertex -8.10288 -19.8173 4.06549
      vertex 8.10288 -19.8173 4.06549
    endloop
  endfacet
  facet normal 0 0.708257 0.705955
    outer loop
      vertex 7.95932 -19.4707 3.71776
      vertex -7.95932 -19.4707 3.71776
      vertex -8.10288 -19.8173 4.06549
    endloop
  endfacet
  facet normal 0 0.70824 0.705971
    outer loop
      vertex 7.84652 -19.1129 3.35881
      vertex -7.95932 -19.4707 3.71776
      vertex 7.95932 -19.4707 3.71776
    endloop
  endfacet
  facet normal 0 0.70824 0.705971
    outer loop
      vertex 7.84652 -19.1129 3.35881
      vertex -7.84652 -19.1129 3.35881
      vertex -7.95932 -19.4707 3.71776
    endloop
  endfacet
  facet normal 0 0.70832 0.705891
    outer loop
      vertex 7.76533 -18.7467 2.99135
      vertex -7.84652 -19.1129 3.35881
      vertex 7.84652 -19.1129 3.35881
    endloop
  endfacet
  facet normal 0 0.70832 0.705891
    outer loop
      vertex 7.76533 -18.7467 2.99135
      vertex -7.76533 -18.7467 2.99135
      vertex -7.84652 -19.1129 3.35881
    endloop
  endfacet
  facet normal 0 0.708302 0.70591
    outer loop
      vertex 7.71636 -18.3748 2.61819
      vertex -7.76533 -18.7467 2.99135
      vertex 7.76533 -18.7467 2.99135
    endloop
  endfacet
  facet normal 0 0.708302 0.70591
    outer loop
      vertex 7.71636 -18.3748 2.61819
      vertex -7.71636 -18.3748 2.61819
      vertex -7.76533 -18.7467 2.99135
    endloop
  endfacet
  facet normal 0 0.708245 0.705966
    outer loop
      vertex 7.7 -18 2.24218
      vertex -7.71636 -18.3748 2.61819
      vertex 7.71636 -18.3748 2.61819
    endloop
  endfacet
  facet normal 0 0.708245 0.705966
    outer loop
      vertex 7.7 -18 2.24218
      vertex -7.7 -18 2.24218
      vertex -7.71636 -18.3748 2.61819
    endloop
  endfacet
  facet normal 0 0.708255 0.705957
    outer loop
      vertex 7.71636 -17.6252 1.86616
      vertex -7.7 -18 2.24218
      vertex 7.7 -18 2.24218
    endloop
  endfacet
  facet normal 0 0.708255 0.705957
    outer loop
      vertex 7.71636 -17.6252 1.86616
      vertex -7.71636 -17.6252 1.86616
      vertex -7.7 -18 2.24218
    endloop
  endfacet
  facet normal 0 0.708383 0.705828
    outer loop
      vertex 7.75129 -17.36 1.6
      vertex -7.71636 -17.6252 1.86616
      vertex 7.71636 -17.6252 1.86616
    endloop
  endfacet
  facet normal 0 0.708383 0.705828
    outer loop
      vertex -7.71636 -17.6252 1.86616
      vertex 7.75129 -17.36 1.6
      vertex -7.75129 -17.36 1.6
    endloop
  endfacet
  facet normal 3.75303e-05 0.708404 0.705808
    outer loop
      vertex 8.22455 -20.051 4.3
      vertex 10.1 -20.35 4.6
      vertex 10.6621 -20.3255 4.57538
    endloop
  endfacet
  facet normal 0 0.708286 0.705925
    outer loop
      vertex 10.1 -20.35 4.6
      vertex 8.22455 -20.051 4.3
      vertex -10.1 -20.35 4.6
    endloop
  endfacet
  facet normal -2.07802e-05 0.708146 0.706067
    outer loop
      vertex 8.22455 -20.051 4.3
      vertex 10.6621 -20.3255 4.57538
      vertex 11.22 -20.252 4.50168
    endloop
  endfacet
  facet normal -0 0.708286 0.705925
    outer loop
      vertex -8.22455 -20.051 4.3
      vertex -10.1 -20.35 4.6
      vertex 8.22455 -20.051 4.3
    endloop
  endfacet
  facet normal -0.000242393 0.708781 0.705429
    outer loop
      vertex 12.0207 -20.051 4.3
      vertex 11.22 -20.252 4.50168
      vertex 11.7694 -20.1302 4.37949
    endloop
  endfacet
  facet normal -3.75303e-05 0.708404 0.705808
    outer loop
      vertex -10.1 -20.35 4.6
      vertex -8.22455 -20.051 4.3
      vertex -10.6621 -20.3255 4.57538
    endloop
  endfacet
  facet normal 0 0.7083 0.705912
    outer loop
      vertex 11.22 -20.252 4.50168
      vertex 12.0207 -20.051 4.3
      vertex 8.22455 -20.051 4.3
    endloop
  endfacet
  facet normal 2.07802e-05 0.708146 0.706067
    outer loop
      vertex -10.6621 -20.3255 4.57538
      vertex -8.22455 -20.051 4.3
      vertex -11.22 -20.252 4.50168
    endloop
  endfacet
  facet normal -0 0.7083 0.705912
    outer loop
      vertex -12.0207 -20.051 4.3
      vertex -11.22 -20.252 4.50168
      vertex -8.22455 -20.051 4.3
    endloop
  endfacet
  facet normal 0.000242393 0.708781 0.705429
    outer loop
      vertex -11.22 -20.252 4.50168
      vertex -12.0207 -20.051 4.3
      vertex -11.7694 -20.1302 4.37949
    endloop
  endfacet
  facet normal 0 -0.708329 0.705882
    outer loop
      vertex -8.10288 19.8173 4.06549
      vertex 8.22455 20.051 4.3
      vertex -8.22455 20.051 4.3
    endloop
  endfacet
  facet normal 0 -0.708329 0.705882
    outer loop
      vertex -8.10288 19.8173 4.06549
      vertex 8.10288 19.8173 4.06549
      vertex 8.22455 20.051 4.3
    endloop
  endfacet
  facet normal 0 -0.708257 0.705955
    outer loop
      vertex -7.95932 19.4707 3.71776
      vertex 8.10288 19.8173 4.06549
      vertex -8.10288 19.8173 4.06549
    endloop
  endfacet
  facet normal 0 -0.708257 0.705955
    outer loop
      vertex -7.95932 19.4707 3.71776
      vertex 7.95932 19.4707 3.71776
      vertex 8.10288 19.8173 4.06549
    endloop
  endfacet
  facet normal 0 -0.70824 0.705971
    outer loop
      vertex -7.84652 19.1129 3.35881
      vertex 7.95932 19.4707 3.71776
      vertex -7.95932 19.4707 3.71776
    endloop
  endfacet
  facet normal 0 -0.70824 0.705971
    outer loop
      vertex -7.84652 19.1129 3.35881
      vertex 7.84652 19.1129 3.35881
      vertex 7.95932 19.4707 3.71776
    endloop
  endfacet
  facet normal 0 -0.70832 0.705891
    outer loop
      vertex -7.76533 18.7467 2.99135
      vertex 7.84652 19.1129 3.35881
      vertex -7.84652 19.1129 3.35881
    endloop
  endfacet
  facet normal 0 -0.70832 0.705891
    outer loop
      vertex -7.76533 18.7467 2.99135
      vertex 7.76533 18.7467 2.99135
      vertex 7.84652 19.1129 3.35881
    endloop
  endfacet
  facet normal 0 -0.708302 0.70591
    outer loop
      vertex -7.71636 18.3748 2.61819
      vertex 7.76533 18.7467 2.99135
      vertex -7.76533 18.7467 2.99135
    endloop
  endfacet
  facet normal 0 -0.708302 0.70591
    outer loop
      vertex -7.71636 18.3748 2.61819
      vertex 7.71636 18.3748 2.61819
      vertex 7.76533 18.7467 2.99135
    endloop
  endfacet
  facet normal 0 -0.708245 0.705966
    outer loop
      vertex -7.7 18 2.24218
      vertex 7.71636 18.3748 2.61819
      vertex -7.71636 18.3748 2.61819
    endloop
  endfacet
  facet normal 0 -0.708245 0.705966
    outer loop
      vertex -7.7 18 2.24218
      vertex 7.7 18 2.24218
      vertex 7.71636 18.3748 2.61819
    endloop
  endfacet
  facet normal 0 -0.708255 0.705957
    outer loop
      vertex -7.71636 17.6252 1.86616
      vertex 7.7 18 2.24218
      vertex -7.7 18 2.24218
    endloop
  endfacet
  facet normal 0 -0.708255 0.705957
    outer loop
      vertex -7.71636 17.6252 1.86616
      vertex 7.71636 17.6252 1.86616
      vertex 7.7 18 2.24218
    endloop
  endfacet
  facet normal 0 -0.708383 0.705828
    outer loop
      vertex -7.75129 17.36 1.6
      vertex 7.71636 17.6252 1.86616
      vertex -7.71636 17.6252 1.86616
    endloop
  endfacet
  facet normal 0 -0.708383 0.705828
    outer loop
      vertex 7.71636 17.6252 1.86616
      vertex -7.75129 17.36 1.6
      vertex 7.75129 17.36 1.6
    endloop
  endfacet
  facet normal -3.75303e-05 -0.708404 0.705808
    outer loop
      vertex -8.22455 20.051 4.3
      vertex -10.1 20.35 4.6
      vertex -10.6621 20.3255 4.57538
    endloop
  endfacet
  facet normal 0 -0.708286 0.705925
    outer loop
      vertex -10.1 20.35 4.6
      vertex -8.22455 20.051 4.3
      vertex 10.1 20.35 4.6
    endloop
  endfacet
  facet normal 2.07802e-05 -0.708146 0.706067
    outer loop
      vertex -8.22455 20.051 4.3
      vertex -10.6621 20.3255 4.57538
      vertex -11.22 20.252 4.50168
    endloop
  endfacet
  facet normal 0 -0.708286 0.705925
    outer loop
      vertex 8.22455 20.051 4.3
      vertex 10.1 20.35 4.6
      vertex -8.22455 20.051 4.3
    endloop
  endfacet
  facet normal 0.000242393 -0.708781 0.705429
    outer loop
      vertex -12.0207 20.051 4.3
      vertex -11.22 20.252 4.50168
      vertex -11.7694 20.1302 4.37949
    endloop
  endfacet
  facet normal 3.75303e-05 -0.708404 0.705808
    outer loop
      vertex 10.1 20.35 4.6
      vertex 8.22455 20.051 4.3
      vertex 10.6621 20.3255 4.57538
    endloop
  endfacet
  facet normal 0 -0.7083 0.705912
    outer loop
      vertex -11.22 20.252 4.50168
      vertex -12.0207 20.051 4.3
      vertex -8.22455 20.051 4.3
    endloop
  endfacet
  facet normal -2.07802e-05 -0.708146 0.706067
    outer loop
      vertex 10.6621 20.3255 4.57538
      vertex 8.22455 20.051 4.3
      vertex 11.22 20.252 4.50168
    endloop
  endfacet
  facet normal 0 -0.7083 0.705912
    outer loop
      vertex 12.0207 20.051 4.3
      vertex 11.22 20.252 4.50168
      vertex 8.22455 20.051 4.3
    endloop
  endfacet
  facet normal -0.000242393 -0.708781 0.705429
    outer loop
      vertex 11.22 20.252 4.50168
      vertex 12.0207 20.051 4.3
      vertex 11.7694 20.1302 4.37949
    endloop
  endfacet
  facet normal -0.887003 0.461764 0
    outer loop
      vertex -15.8971 -16.1827 3.94496
      vertex -15.7239 -15.85 4.3
      vertex -15.7239 -15.85 3.77117
    endloop
  endfacet
  facet normal -0.887003 0.461764 0
    outer loop
      vertex -15.7239 -15.85 4.3
      vertex -15.8971 -16.1827 3.94496
      vertex -15.8971 -16.1827 4.3
    endloop
  endfacet
  facet normal 0.991442 0.130548 0
    outer loop
      vertex -7.71636 -17.6252 1.86616
      vertex -7.76533 -17.2533 1.6
      vertex -7.76533 -17.2533 4.3
    endloop
  endfacet
  facet normal 0.991442 0.130548 -0
    outer loop
      vertex -7.71636 -17.6252 1.86616
      vertex -7.76533 -17.2533 4.3
      vertex -7.71636 -17.6252 4.3
    endloop
  endfacet
  facet normal 0.991454 0.130459 -0.000126483
    outer loop
      vertex -7.76533 -17.2533 1.6
      vertex -7.71636 -17.6252 1.86616
      vertex -7.75129 -17.36 1.6
    endloop
  endfacet
  facet normal 0.999049 0.0436084 -0
    outer loop
      vertex -7.7 -18 2.24218
      vertex -7.71636 -17.6252 4.3
      vertex -7.7 -18 4.3
    endloop
  endfacet
  facet normal 0.999049 0.0436084 0
    outer loop
      vertex -7.71636 -17.6252 4.3
      vertex -7.7 -18 2.24218
      vertex -7.71636 -17.6252 1.86616
    endloop
  endfacet
  facet normal 0.976293 0.216453 0
    outer loop
      vertex -7.76533 -17.2533 4.3
      vertex -7.84652 -16.8871 1.6
      vertex -7.84652 -16.8871 4.3
    endloop
  endfacet
  facet normal 0.976293 0.216453 0
    outer loop
      vertex -7.84652 -16.8871 1.6
      vertex -7.76533 -17.2533 4.3
      vertex -7.76533 -17.2533 1.6
    endloop
  endfacet
  facet normal 0.999049 -0.0436084 0
    outer loop
      vertex -7.71636 -18.3748 2.61819
      vertex -7.7 -18 4.3
      vertex -7.71636 -18.3748 4.3
    endloop
  endfacet
  facet normal 0.999049 -0.0436084 0
    outer loop
      vertex -7.7 -18 4.3
      vertex -7.71636 -18.3748 2.61819
      vertex -7.7 -18 2.24218
    endloop
  endfacet
  facet normal 0.675547 0.737317 -0
    outer loop
      vertex -8.95944 -14.9594 1.6
      vertex -9.23601 -14.706 4.3
      vertex -8.95944 -14.9594 4.3
    endloop
  endfacet
  facet normal 0.675547 0.737317 0
    outer loop
      vertex -9.23601 -14.706 4.3
      vertex -8.95944 -14.9594 1.6
      vertex -9.23601 -14.706 1.6
    endloop
  endfacet
  facet normal 0.953728 0.300672 0
    outer loop
      vertex -7.84652 -16.8871 4.3
      vertex -7.95932 -16.5293 1.6
      vertex -7.95932 -16.5293 4.3
    endloop
  endfacet
  facet normal 0.953728 0.300672 0
    outer loop
      vertex -7.95932 -16.5293 1.6
      vertex -7.84652 -16.8871 4.3
      vertex -7.84652 -16.8871 1.6
    endloop
  endfacet
  facet normal -0.0437148 0.999044 0
    outer loop
      vertex -12 -13.7 1.6
      vertex -12.3748 -13.7164 4.3
      vertex -12 -13.7 4.3
    endloop
  endfacet
  facet normal -0.0437148 0.999044 0
    outer loop
      vertex -12.3748 -13.7164 4.3
      vertex -12 -13.7 1.6
      vertex -12.3748 -13.7164 1.6
    endloop
  endfacet
  facet normal -0.675507 0.737353 0
    outer loop
      vertex -14.764 -14.706 4.3
      vertex -15.0406 -14.9594 3.08554
      vertex -15.0406 -14.9594 4.3
    endloop
  endfacet
  facet normal -0.675507 0.737353 0
    outer loop
      vertex -15.0406 -14.9594 3.08554
      vertex -14.764 -14.706 4.3
      vertex -14.764 -14.706 2.80804
    endloop
  endfacet
  facet normal 0.608822 0.793307 -0
    outer loop
      vertex -9.23601 -14.706 1.6
      vertex -9.53362 -14.4776 4.3
      vertex -9.23601 -14.706 4.3
    endloop
  endfacet
  facet normal 0.608822 0.793307 0
    outer loop
      vertex -9.53362 -14.4776 4.3
      vertex -9.23601 -14.706 1.6
      vertex -9.53362 -14.4776 1.6
    endloop
  endfacet
  facet normal 0.88699 -0.461789 0
    outer loop
      vertex -8.10288 -19.8173 4.3
      vertex -8.22455 -20.051 4.3
      vertex -8.10288 -19.8173 4.06549
    endloop
  endfacet
  facet normal -0.737353 0.675507 0
    outer loop
      vertex -15.294 -15.236 3.33982
      vertex -15.0406 -14.9594 4.3
      vertex -15.0406 -14.9594 3.08554
    endloop
  endfacet
  facet normal -0.737353 0.675507 0
    outer loop
      vertex -15.0406 -14.9594 4.3
      vertex -15.294 -15.236 3.33982
      vertex -15.294 -15.236 4.3
    endloop
  endfacet
  facet normal 0.953728 -0.300672 0
    outer loop
      vertex -7.95932 -19.4707 3.71776
      vertex -7.84652 -19.1129 4.3
      vertex -7.95932 -19.4707 4.3
    endloop
  endfacet
  facet normal 0.953728 -0.300672 0
    outer loop
      vertex -7.84652 -19.1129 4.3
      vertex -7.95932 -19.4707 3.71776
      vertex -7.84652 -19.1129 3.35881
    endloop
  endfacet
  facet normal 0.737313 0.675551 0
    outer loop
      vertex -8.70601 -15.236 4.3
      vertex -8.95944 -14.9594 1.6
      vertex -8.95944 -14.9594 4.3
    endloop
  endfacet
  facet normal 0.737313 0.675551 0
    outer loop
      vertex -8.95944 -14.9594 1.6
      vertex -8.70601 -15.236 4.3
      vertex -8.70601 -15.236 1.6
    endloop
  endfacet
  facet normal 0.537193 0.843459 -0
    outer loop
      vertex -9.53362 -14.4776 1.6
      vertex -9.85 -14.2761 4.3
      vertex -9.53362 -14.4776 4.3
    endloop
  endfacet
  facet normal 0.537193 0.843459 0
    outer loop
      vertex -9.85 -14.2761 4.3
      vertex -9.53362 -14.4776 1.6
      vertex -9.85 -14.2761 1.6
    endloop
  endfacet
  facet normal 0.923886 0.382669 0
    outer loop
      vertex -7.95932 -16.5293 4.3
      vertex -8.10288 -16.1827 1.6
      vertex -8.10288 -16.1827 4.3
    endloop
  endfacet
  facet normal 0.923886 0.382669 0
    outer loop
      vertex -8.10288 -16.1827 1.6
      vertex -7.95932 -16.5293 4.3
      vertex -7.95932 -16.5293 1.6
    endloop
  endfacet
  facet normal -0.38276 0.923848 0
    outer loop
      vertex -13.4707 -13.9593 4.3
      vertex -13.8173 -14.1029 1.85816
      vertex -13.8173 -14.1029 4.3
    endloop
  endfacet
  facet normal -0.38276 0.923848 0
    outer loop
      vertex -13.4707 -13.9593 1.6
      vertex -13.8173 -14.1029 1.85816
      vertex -13.4707 -13.9593 4.3
    endloop
  endfacet
  facet normal -0.382778 0.92384 -2.88529e-05
    outer loop
      vertex -13.8173 -14.1029 1.85816
      vertex -13.4707 -13.9593 1.6
      vertex -13.56 -13.9963 1.6
    endloop
  endfacet
  facet normal 0.38276 0.923848 -0
    outer loop
      vertex -10.1827 -14.1029 1.6
      vertex -10.5293 -13.9593 4.3
      vertex -10.1827 -14.1029 4.3
    endloop
  endfacet
  facet normal 0.38276 0.923848 0
    outer loop
      vertex -10.5293 -13.9593 4.3
      vertex -10.1827 -14.1029 1.6
      vertex -10.5293 -13.9593 1.6
    endloop
  endfacet
  facet normal 0.976293 -0.216453 0
    outer loop
      vertex -7.84652 -19.1129 3.35881
      vertex -7.76533 -18.7467 4.3
      vertex -7.84652 -19.1129 4.3
    endloop
  endfacet
  facet normal 0.976293 -0.216453 0
    outer loop
      vertex -7.76533 -18.7467 4.3
      vertex -7.84652 -19.1129 3.35881
      vertex -7.76533 -18.7467 2.99135
    endloop
  endfacet
  facet normal -0.461764 0.887003 0
    outer loop
      vertex -13.8173 -14.1029 4.3
      vertex -14.15 -14.2761 2.19201
      vertex -14.15 -14.2761 4.3
    endloop
  endfacet
  facet normal -0.461764 0.887003 0
    outer loop
      vertex -14.15 -14.2761 2.19201
      vertex -13.8173 -14.1029 4.3
      vertex -13.8173 -14.1029 1.85816
    endloop
  endfacet
  facet normal -0.608834 0.793297 0
    outer loop
      vertex -14.4664 -14.4776 4.3
      vertex -14.764 -14.706 2.80804
      vertex -14.764 -14.706 4.3
    endloop
  endfacet
  facet normal -0.608834 0.793297 0
    outer loop
      vertex -14.764 -14.706 2.80804
      vertex -14.4664 -14.4776 4.3
      vertex -14.4664 -14.4776 2.50944
    endloop
  endfacet
  facet normal -0.537169 0.843475 0
    outer loop
      vertex -14.15 -14.2761 4.3
      vertex -14.4664 -14.4776 2.50944
      vertex -14.4664 -14.4776 4.3
    endloop
  endfacet
  facet normal -0.537169 0.843475 0
    outer loop
      vertex -14.4664 -14.4776 2.50944
      vertex -14.15 -14.2761 4.3
      vertex -14.15 -14.2761 2.19201
    endloop
  endfacet
  facet normal 0.216479 0.976287 -0
    outer loop
      vertex -10.8871 -13.8465 1.6
      vertex -11.2533 -13.7653 4.3
      vertex -10.8871 -13.8465 4.3
    endloop
  endfacet
  facet normal 0.216479 0.976287 0
    outer loop
      vertex -11.2533 -13.7653 4.3
      vertex -10.8871 -13.8465 1.6
      vertex -11.2533 -13.7653 1.6
    endloop
  endfacet
  facet normal 0.793349 0.608767 0
    outer loop
      vertex -8.47765 -15.5336 4.3
      vertex -8.70601 -15.236 1.6
      vertex -8.70601 -15.236 4.3
    endloop
  endfacet
  facet normal 0.793349 0.608767 0
    outer loop
      vertex -8.70601 -15.236 1.6
      vertex -8.47765 -15.5336 4.3
      vertex -8.47765 -15.5336 1.6
    endloop
  endfacet
  facet normal 0.461764 0.887003 -0
    outer loop
      vertex -9.85 -14.2761 1.6
      vertex -10.1827 -14.1029 4.3
      vertex -9.85 -14.2761 4.3
    endloop
  endfacet
  facet normal 0.461764 0.887003 0
    outer loop
      vertex -10.1827 -14.1029 4.3
      vertex -9.85 -14.2761 1.6
      vertex -10.1827 -14.1029 1.6
    endloop
  endfacet
  facet normal 0.991442 -0.130548 0
    outer loop
      vertex -7.76533 -18.7467 2.99135
      vertex -7.71636 -18.3748 4.3
      vertex -7.76533 -18.7467 4.3
    endloop
  endfacet
  facet normal 0.991442 -0.130548 0
    outer loop
      vertex -7.71636 -18.3748 4.3
      vertex -7.76533 -18.7467 2.99135
      vertex -7.71636 -18.3748 2.61819
    endloop
  endfacet
  facet normal 0.923886 -0.382669 0
    outer loop
      vertex -8.10288 -19.8173 4.06549
      vertex -7.95932 -19.4707 4.3
      vertex -8.10288 -19.8173 4.3
    endloop
  endfacet
  facet normal 0.923886 -0.382669 0
    outer loop
      vertex -7.95932 -19.4707 4.3
      vertex -8.10288 -19.8173 4.06549
      vertex -7.95932 -19.4707 3.71776
    endloop
  endfacet
  facet normal 0.886992 0.461785 0
    outer loop
      vertex -8.10288 -16.1827 4.3
      vertex -8.27609 -15.85 1.6
      vertex -8.27609 -15.85 4.3
    endloop
  endfacet
  facet normal 0.886992 0.461785 0
    outer loop
      vertex -8.27609 -15.85 1.6
      vertex -8.10288 -16.1827 4.3
      vertex -8.10288 -16.1827 1.6
    endloop
  endfacet
  facet normal 0.843402 0.537282 0
    outer loop
      vertex -8.27609 -15.85 4.3
      vertex -8.47765 -15.5336 1.6
      vertex -8.47765 -15.5336 4.3
    endloop
  endfacet
  facet normal 0.843402 0.537282 0
    outer loop
      vertex -8.47765 -15.5336 1.6
      vertex -8.27609 -15.85 4.3
      vertex -8.27609 -15.85 1.6
    endloop
  endfacet
  facet normal -0.216479 0.976287 0
    outer loop
      vertex -12.7467 -13.7653 1.6
      vertex -13.1129 -13.8465 4.3
      vertex -12.7467 -13.7653 4.3
    endloop
  endfacet
  facet normal -0.216479 0.976287 0
    outer loop
      vertex -13.1129 -13.8465 4.3
      vertex -12.7467 -13.7653 1.6
      vertex -13.1129 -13.8465 1.6
    endloop
  endfacet
  facet normal -0.130365 0.991466 0
    outer loop
      vertex -12.3748 -13.7164 1.6
      vertex -12.7467 -13.7653 4.3
      vertex -12.3748 -13.7164 4.3
    endloop
  endfacet
  facet normal -0.130365 0.991466 0
    outer loop
      vertex -12.7467 -13.7653 4.3
      vertex -12.3748 -13.7164 1.6
      vertex -12.7467 -13.7653 1.6
    endloop
  endfacet
  facet normal -0.300672 0.953728 0
    outer loop
      vertex -13.1129 -13.8465 1.6
      vertex -13.4707 -13.9593 4.3
      vertex -13.1129 -13.8465 4.3
    endloop
  endfacet
  facet normal -0.300672 0.953728 0
    outer loop
      vertex -13.4707 -13.9593 4.3
      vertex -13.1129 -13.8465 1.6
      vertex -13.4707 -13.9593 1.6
    endloop
  endfacet
  facet normal -0.923836 0.382789 0
    outer loop
      vertex -16.0132 -16.4629 4.0614
      vertex -15.8971 -16.1827 4.3
      vertex -15.8971 -16.1827 3.94496
    endloop
  endfacet
  facet normal -0.923836 0.382789 0
    outer loop
      vertex -15.8971 -16.1827 4.3
      vertex -16.0132 -16.4629 4.0614
      vertex -16.0132 -16.4629 4.3
    endloop
  endfacet
  facet normal 0.0437148 0.999044 -0
    outer loop
      vertex -11.6252 -13.7164 1.6
      vertex -12 -13.7 4.3
      vertex -11.6252 -13.7164 4.3
    endloop
  endfacet
  facet normal 0.0437148 0.999044 0
    outer loop
      vertex -12 -13.7 4.3
      vertex -11.6252 -13.7164 1.6
      vertex -12 -13.7 1.6
    endloop
  endfacet
  facet normal 0.130365 0.991466 -0
    outer loop
      vertex -11.2533 -13.7653 1.6
      vertex -11.6252 -13.7164 4.3
      vertex -11.2533 -13.7653 4.3
    endloop
  endfacet
  facet normal 0.130365 0.991466 0
    outer loop
      vertex -11.6252 -13.7164 4.3
      vertex -11.2533 -13.7653 1.6
      vertex -11.6252 -13.7164 1.6
    endloop
  endfacet
  facet normal 0.300672 0.953728 -0
    outer loop
      vertex -10.5293 -13.9593 1.6
      vertex -10.8871 -13.8465 4.3
      vertex -10.5293 -13.9593 4.3
    endloop
  endfacet
  facet normal 0.300672 0.953728 0
    outer loop
      vertex -10.8871 -13.8465 4.3
      vertex -10.5293 -13.9593 1.6
      vertex -10.8871 -13.8465 1.6
    endloop
  endfacet
  facet normal -0.843475 0.537169 0
    outer loop
      vertex -15.7239 -15.85 3.77117
      vertex -15.5224 -15.5336 4.3
      vertex -15.5224 -15.5336 3.56894
    endloop
  endfacet
  facet normal -0.843475 0.537169 0
    outer loop
      vertex -15.5224 -15.5336 4.3
      vertex -15.7239 -15.85 3.77117
      vertex -15.7239 -15.85 4.3
    endloop
  endfacet
  facet normal -0.793297 0.608834 0
    outer loop
      vertex -15.5224 -15.5336 3.56894
      vertex -15.294 -15.236 4.3
      vertex -15.294 -15.236 3.33982
    endloop
  endfacet
  facet normal -0.793297 0.608834 0
    outer loop
      vertex -15.294 -15.236 4.3
      vertex -15.5224 -15.5336 3.56894
      vertex -15.5224 -15.5336 4.3
    endloop
  endfacet
  facet normal 0 0 1
    outer loop
      vertex -7.71636 -17.6252 4.3
      vertex -10.8046 -17.8954 4.3
      vertex -10.8 -18 4.3
    endloop
  endfacet
  facet normal 0 0 1
    outer loop
      vertex -10.1827 -14.1029 4.3
      vertex -10.8182 -17.7916 4.3
      vertex -10.8046 -17.8954 4.3
    endloop
  endfacet
  facet normal 0 0 1
    outer loop
      vertex -10.1827 -14.1029 4.3
      vertex -10.8409 -17.6894 4.3
      vertex -10.8182 -17.7916 4.3
    endloop
  endfacet
  facet normal 0 0 1
    outer loop
      vertex -10.1827 -14.1029 4.3
      vertex -10.8724 -17.5896 4.3
      vertex -10.8409 -17.6894 4.3
    endloop
  endfacet
  facet normal 0 0 1
    outer loop
      vertex -11.5896 -16.8724 4.3
      vertex -10.5293 -13.9593 4.3
      vertex -10.8871 -13.8465 4.3
    endloop
  endfacet
  facet normal 0 0 1
    outer loop
      vertex -10.1827 -14.1029 4.3
      vertex -10.9124 -17.4929 4.3
      vertex -10.8724 -17.5896 4.3
    endloop
  endfacet
  facet normal 0 0 1
    outer loop
      vertex -10.1827 -14.1029 4.3
      vertex -10.9608 -17.4 4.3
      vertex -10.9124 -17.4929 4.3
    endloop
  endfacet
  facet normal 0 0 1
    outer loop
      vertex -10.1827 -14.1029 4.3
      vertex -11.017 -17.3117 4.3
      vertex -10.9608 -17.4 4.3
    endloop
  endfacet
  facet normal 0 0 1
    outer loop
      vertex -10.1827 -14.1029 4.3
      vertex -11.0807 -17.2287 4.3
      vertex -11.017 -17.3117 4.3
    endloop
  endfacet
  facet normal 0 0 1
    outer loop
      vertex -10.1827 -14.1029 4.3
      vertex -11.1515 -17.1515 4.3
      vertex -11.0807 -17.2287 4.3
    endloop
  endfacet
  facet normal 0 0 1
    outer loop
      vertex -10.1827 -14.1029 4.3
      vertex -11.2287 -17.0807 4.3
      vertex -11.1515 -17.1515 4.3
    endloop
  endfacet
  facet normal 0 0 1
    outer loop
      vertex -11.6894 -16.8409 4.3
      vertex -10.8871 -13.8465 4.3
      vertex -11.2533 -13.7653 4.3
    endloop
  endfacet
  facet normal 0 0 1
    outer loop
      vertex -10.1827 -14.1029 4.3
      vertex -11.3117 -17.017 4.3
      vertex -11.2287 -17.0807 4.3
    endloop
  endfacet
  facet normal 0 0 1
    outer loop
      vertex -10.1827 -14.1029 4.3
      vertex -11.4 -16.9608 4.3
      vertex -11.3117 -17.017 4.3
    endloop
  endfacet
  facet normal 0 0 1
    outer loop
      vertex -10.1827 -14.1029 4.3
      vertex -11.4929 -16.9124 4.3
      vertex -11.4 -16.9608 4.3
    endloop
  endfacet
  facet normal 0 0 1
    outer loop
      vertex -10.5293 -13.9593 4.3
      vertex -11.5896 -16.8724 4.3
      vertex -11.4929 -16.9124 4.3
    endloop
  endfacet
  facet normal 0 0 1
    outer loop
      vertex -11.7916 -16.8182 4.3
      vertex -11.2533 -13.7653 4.3
      vertex -11.6252 -13.7164 4.3
    endloop
  endfacet
  facet normal 0 0 1
    outer loop
      vertex -10.8871 -13.8465 4.3
      vertex -11.6894 -16.8409 4.3
      vertex -11.5896 -16.8724 4.3
    endloop
  endfacet
  facet normal 0 0 1
    outer loop
      vertex -11.2533 -13.7653 4.3
      vertex -11.7916 -16.8182 4.3
      vertex -11.6894 -16.8409 4.3
    endloop
  endfacet
  facet normal 0 0 1
    outer loop
      vertex -11.6252 -13.7164 4.3
      vertex -11.8954 -16.8046 4.3
      vertex -11.7916 -16.8182 4.3
    endloop
  endfacet
  facet normal 0 0 1
    outer loop
      vertex -12 -13.7 4.3
      vertex -11.8954 -16.8046 4.3
      vertex -11.6252 -13.7164 4.3
    endloop
  endfacet
  facet normal 0 0 1
    outer loop
      vertex -12 -13.7 4.3
      vertex -12 -16.8 4.3
      vertex -11.8954 -16.8046 4.3
    endloop
  endfacet
  facet normal 0 0 1
    outer loop
      vertex -12 -13.7 4.3
      vertex -12.1046 -16.8046 4.3
      vertex -12 -16.8 4.3
    endloop
  endfacet
  facet normal -0 0 1
    outer loop
      vertex -12.3748 -13.7164 4.3
      vertex -12.1046 -16.8046 4.3
      vertex -12 -13.7 4.3
    endloop
  endfacet
  facet normal 0 0 1
    outer loop
      vertex -12.1046 -16.8046 4.3
      vertex -12.3748 -13.7164 4.3
      vertex -12.2084 -16.8182 4.3
    endloop
  endfacet
  facet normal -0 0 1
    outer loop
      vertex -12.7467 -13.7653 4.3
      vertex -12.2084 -16.8182 4.3
      vertex -12.3748 -13.7164 4.3
    endloop
  endfacet
  facet normal 0 0 1
    outer loop
      vertex -12.2084 -16.8182 4.3
      vertex -12.7467 -13.7653 4.3
      vertex -12.3106 -16.8409 4.3
    endloop
  endfacet
  facet normal -0 0 1
    outer loop
      vertex -13.1129 -13.8465 4.3
      vertex -12.3106 -16.8409 4.3
      vertex -12.7467 -13.7653 4.3
    endloop
  endfacet
  facet normal 0 0 1
    outer loop
      vertex -12.3106 -16.8409 4.3
      vertex -13.1129 -13.8465 4.3
      vertex -12.4104 -16.8724 4.3
    endloop
  endfacet
  facet normal -0 0 1
    outer loop
      vertex -13.4707 -13.9593 4.3
      vertex -12.4104 -16.8724 4.3
      vertex -13.1129 -13.8465 4.3
    endloop
  endfacet
  facet normal 0 0 1
    outer loop
      vertex -12.4104 -16.8724 4.3
      vertex -13.4707 -13.9593 4.3
      vertex -12.5071 -16.9124 4.3
    endloop
  endfacet
  facet normal -0 0 1
    outer loop
      vertex -13.8173 -14.1029 4.3
      vertex -12.5071 -16.9124 4.3
      vertex -13.4707 -13.9593 4.3
    endloop
  endfacet
  facet normal 0 0 1
    outer loop
      vertex -12.5071 -16.9124 4.3
      vertex -13.8173 -14.1029 4.3
      vertex -12.6 -16.9608 4.3
    endloop
  endfacet
  facet normal -0 0 1
    outer loop
      vertex -14.15 -14.2761 4.3
      vertex -12.6 -16.9608 4.3
      vertex -13.8173 -14.1029 4.3
    endloop
  endfacet
  facet normal 0 0 1
    outer loop
      vertex -12.6 -16.9608 4.3
      vertex -14.15 -14.2761 4.3
      vertex -12.6883 -17.017 4.3
    endloop
  endfacet
  facet normal -0 0 1
    outer loop
      vertex -14.4664 -14.4776 4.3
      vertex -12.6883 -17.017 4.3
      vertex -14.15 -14.2761 4.3
    endloop
  endfacet
  facet normal 0 0 1
    outer loop
      vertex -12.6883 -17.017 4.3
      vertex -14.4664 -14.4776 4.3
      vertex -12.7713 -17.0807 4.3
    endloop
  endfacet
  facet normal -0 0 1
    outer loop
      vertex -14.764 -14.706 4.3
      vertex -12.7713 -17.0807 4.3
      vertex -14.4664 -14.4776 4.3
    endloop
  endfacet
  facet normal 0 0 1
    outer loop
      vertex -12.7713 -17.0807 4.3
      vertex -14.764 -14.706 4.3
      vertex -12.8485 -17.1515 4.3
    endloop
  endfacet
  facet normal -0 0 1
    outer loop
      vertex -15.0406 -14.9594 4.3
      vertex -12.8485 -17.1515 4.3
      vertex -14.764 -14.706 4.3
    endloop
  endfacet
  facet normal 0 0 1
    outer loop
      vertex -12.8485 -17.1515 4.3
      vertex -15.0406 -14.9594 4.3
      vertex -12.9193 -17.2287 4.3
    endloop
  endfacet
  facet normal -0 0 1
    outer loop
      vertex -15.294 -15.236 4.3
      vertex -12.9193 -17.2287 4.3
      vertex -15.0406 -14.9594 4.3
    endloop
  endfacet
  facet normal 0 0 1
    outer loop
      vertex -12.9193 -17.2287 4.3
      vertex -15.294 -15.236 4.3
      vertex -12.983 -17.3117 4.3
    endloop
  endfacet
  facet normal -0 0 1
    outer loop
      vertex -15.5224 -15.5336 4.3
      vertex -12.983 -17.3117 4.3
      vertex -15.294 -15.236 4.3
    endloop
  endfacet
  facet normal -0 0 1
    outer loop
      vertex -15.6859 -17.125 4.3
      vertex -12.983 -17.3117 4.3
      vertex -15.5224 -15.5336 4.3
    endloop
  endfacet
  facet normal 0 0 1
    outer loop
      vertex -13.2 -18 4.3
      vertex -13.7996 -19.1835 4.3
      vertex -13.325 -19.4859 4.3
    endloop
  endfacet
  facet normal 0 0 1
    outer loop
      vertex -12.983 -17.3117 4.3
      vertex -15.6859 -17.125 4.3
      vertex -13.0392 -17.4 4.3
    endloop
  endfacet
  facet normal 0 -0 1
    outer loop
      vertex -15.3835 -17.5996 4.3
      vertex -13.0392 -17.4 4.3
      vertex -15.6859 -17.125 4.3
    endloop
  endfacet
  facet normal 0 0 1
    outer loop
      vertex -13.2 -18 4.3
      vertex -14.246 -18.841 4.3
      vertex -13.7996 -19.1835 4.3
    endloop
  endfacet
  facet normal 0 0 1
    outer loop
      vertex -13.0392 -17.4 4.3
      vertex -15.3835 -17.5996 4.3
      vertex -13.0876 -17.4929 4.3
    endloop
  endfacet
  facet normal 0 0 1
    outer loop
      vertex -13.2 -18 4.3
      vertex -14.6608 -18.4608 4.3
      vertex -14.246 -18.841 4.3
    endloop
  endfacet
  facet normal 0 0 1
    outer loop
      vertex -13.0876 -17.4929 4.3
      vertex -15.3835 -17.5996 4.3
      vertex -13.1276 -17.5896 4.3
    endloop
  endfacet
  facet normal 0 -0 1
    outer loop
      vertex -15.041 -18.046 4.3
      vertex -13.1276 -17.5896 4.3
      vertex -15.3835 -17.5996 4.3
    endloop
  endfacet
  facet normal 0 0 1
    outer loop
      vertex -13.1954 -17.8954 4.3
      vertex -14.6608 -18.4608 4.3
      vertex -13.2 -18 4.3
    endloop
  endfacet
  facet normal 0 0 1
    outer loop
      vertex -13.1591 -17.6894 4.3
      vertex -15.041 -18.046 4.3
      vertex -13.1818 -17.7916 4.3
    endloop
  endfacet
  facet normal 0 0 1
    outer loop
      vertex -13.1818 -17.7916 4.3
      vertex -14.6608 -18.4608 4.3
      vertex -13.1954 -17.8954 4.3
    endloop
  endfacet
  facet normal 0 -0 1
    outer loop
      vertex -14.6608 -18.4608 4.3
      vertex -13.1818 -17.7916 4.3
      vertex -15.041 -18.046 4.3
    endloop
  endfacet
  facet normal 0 0 1
    outer loop
      vertex -13.1276 -17.5896 4.3
      vertex -15.041 -18.046 4.3
      vertex -13.1591 -17.6894 4.3
    endloop
  endfacet
  facet normal -0 0 1
    outer loop
      vertex -15.7239 -15.85 4.3
      vertex -15.6859 -17.125 4.3
      vertex -15.5224 -15.5336 4.3
    endloop
  endfacet
  facet normal -0 0 1
    outer loop
      vertex -15.8971 -16.1827 4.3
      vertex -15.6859 -17.125 4.3
      vertex -15.7239 -15.85 4.3
    endloop
  endfacet
  facet normal 0 0 1
    outer loop
      vertex -15.8971 -16.1827 4.3
      vertex -15.9457 -16.6259 4.3
      vertex -15.6859 -17.125 4.3
    endloop
  endfacet
  facet normal 0 -0 1
    outer loop
      vertex -15.9457 -16.6259 4.3
      vertex -15.8971 -16.1827 4.3
      vertex -16.0132 -16.4629 4.3
    endloop
  endfacet
  facet normal 0 0 1
    outer loop
      vertex -10.8 -18 4.3
      vertex -7.7 -18 4.3
      vertex -7.71636 -17.6252 4.3
    endloop
  endfacet
  facet normal 0 0 1
    outer loop
      vertex -10.8046 -17.8954 4.3
      vertex -7.71636 -17.6252 4.3
      vertex -7.76533 -17.2533 4.3
    endloop
  endfacet
  facet normal 0 0 1
    outer loop
      vertex -7.7 -18 4.3
      vertex -10.8 -18 4.3
      vertex -7.71636 -18.3748 4.3
    endloop
  endfacet
  facet normal 0 0 1
    outer loop
      vertex -10.8046 -17.8954 4.3
      vertex -7.76533 -17.2533 4.3
      vertex -7.84652 -16.8871 4.3
    endloop
  endfacet
  facet normal -0 0 1
    outer loop
      vertex -10.8046 -18.1046 4.3
      vertex -7.71636 -18.3748 4.3
      vertex -10.8 -18 4.3
    endloop
  endfacet
  facet normal 0 0 1
    outer loop
      vertex -10.8046 -17.8954 4.3
      vertex -7.84652 -16.8871 4.3
      vertex -7.95932 -16.5293 4.3
    endloop
  endfacet
  facet normal 0 0 1
    outer loop
      vertex -7.71636 -18.3748 4.3
      vertex -10.8046 -18.1046 4.3
      vertex -7.76533 -18.7467 4.3
    endloop
  endfacet
  facet normal 0 0 1
    outer loop
      vertex -10.8046 -17.8954 4.3
      vertex -7.95932 -16.5293 4.3
      vertex -8.10288 -16.1827 4.3
    endloop
  endfacet
  facet normal -0 0 1
    outer loop
      vertex -10.8182 -18.2084 4.3
      vertex -7.76533 -18.7467 4.3
      vertex -10.8046 -18.1046 4.3
    endloop
  endfacet
  facet normal 0 0 1
    outer loop
      vertex -7.76533 -18.7467 4.3
      vertex -10.8182 -18.2084 4.3
      vertex -7.84652 -19.1129 4.3
    endloop
  endfacet
  facet normal 0 0 1
    outer loop
      vertex -10.8046 -17.8954 4.3
      vertex -8.10288 -16.1827 4.3
      vertex -8.27609 -15.85 4.3
    endloop
  endfacet
  facet normal 0 0 1
    outer loop
      vertex -10.8046 -17.8954 4.3
      vertex -8.27609 -15.85 4.3
      vertex -8.47765 -15.5336 4.3
    endloop
  endfacet
  facet normal 0 0 1
    outer loop
      vertex -10.8046 -17.8954 4.3
      vertex -8.47765 -15.5336 4.3
      vertex -8.70601 -15.236 4.3
    endloop
  endfacet
  facet normal 0 0 1
    outer loop
      vertex -10.8046 -17.8954 4.3
      vertex -8.70601 -15.236 4.3
      vertex -8.95944 -14.9594 4.3
    endloop
  endfacet
  facet normal 0 0 1
    outer loop
      vertex -10.8046 -17.8954 4.3
      vertex -8.95944 -14.9594 4.3
      vertex -9.23601 -14.706 4.3
    endloop
  endfacet
  facet normal 0 0 1
    outer loop
      vertex -10.8046 -17.8954 4.3
      vertex -9.23601 -14.706 4.3
      vertex -9.53362 -14.4776 4.3
    endloop
  endfacet
  facet normal 0 0 1
    outer loop
      vertex -10.8046 -17.8954 4.3
      vertex -9.53362 -14.4776 4.3
      vertex -9.85 -14.2761 4.3
    endloop
  endfacet
  facet normal 0 0 1
    outer loop
      vertex -10.8046 -17.8954 4.3
      vertex -9.85 -14.2761 4.3
      vertex -10.1827 -14.1029 4.3
    endloop
  endfacet
  facet normal 0 0 1
    outer loop
      vertex -11.4929 -16.9124 4.3
      vertex -10.1827 -14.1029 4.3
      vertex -10.5293 -13.9593 4.3
    endloop
  endfacet
  facet normal -0 0 1
    outer loop
      vertex -10.8409 -18.3106 4.3
      vertex -7.84652 -19.1129 4.3
      vertex -10.8182 -18.2084 4.3
    endloop
  endfacet
  facet normal 0 0 1
    outer loop
      vertex -7.84652 -19.1129 4.3
      vertex -10.8409 -18.3106 4.3
      vertex -7.95932 -19.4707 4.3
    endloop
  endfacet
  facet normal -0 0 1
    outer loop
      vertex -10.8724 -18.4104 4.3
      vertex -7.95932 -19.4707 4.3
      vertex -10.8409 -18.3106 4.3
    endloop
  endfacet
  facet normal 0 0 1
    outer loop
      vertex -7.95932 -19.4707 4.3
      vertex -10.8724 -18.4104 4.3
      vertex -8.10288 -19.8173 4.3
    endloop
  endfacet
  facet normal -0 0 1
    outer loop
      vertex -10.9124 -18.5071 4.3
      vertex -8.10288 -19.8173 4.3
      vertex -10.8724 -18.4104 4.3
    endloop
  endfacet
  facet normal 0 0 1
    outer loop
      vertex -8.10288 -19.8173 4.3
      vertex -10.9124 -18.5071 4.3
      vertex -8.22455 -20.051 4.3
    endloop
  endfacet
  facet normal -0 0 1
    outer loop
      vertex -10.9608 -18.6 4.3
      vertex -8.22455 -20.051 4.3
      vertex -10.9124 -18.5071 4.3
    endloop
  endfacet
  facet normal -0 0 1
    outer loop
      vertex -11.017 -18.6883 4.3
      vertex -8.22455 -20.051 4.3
      vertex -10.9608 -18.6 4.3
    endloop
  endfacet
  facet normal -0 0 1
    outer loop
      vertex -11.0807 -18.7713 4.3
      vertex -8.22455 -20.051 4.3
      vertex -11.017 -18.6883 4.3
    endloop
  endfacet
  facet normal -0 0 1
    outer loop
      vertex -11.1515 -18.8485 4.3
      vertex -8.22455 -20.051 4.3
      vertex -11.0807 -18.7713 4.3
    endloop
  endfacet
  facet normal -0 0 1
    outer loop
      vertex -11.2287 -18.9193 4.3
      vertex -8.22455 -20.051 4.3
      vertex -11.1515 -18.8485 4.3
    endloop
  endfacet
  facet normal -0 0 1
    outer loop
      vertex -11.3117 -18.983 4.3
      vertex -8.22455 -20.051 4.3
      vertex -11.2287 -18.9193 4.3
    endloop
  endfacet
  facet normal 0 0 1
    outer loop
      vertex -12.0207 -20.051 4.3
      vertex -11.3117 -18.983 4.3
      vertex -11.4 -19.0392 4.3
    endloop
  endfacet
  facet normal 0 0 1
    outer loop
      vertex -12.0207 -20.051 4.3
      vertex -11.4 -19.0392 4.3
      vertex -11.4929 -19.0876 4.3
    endloop
  endfacet
  facet normal 0 0 1
    outer loop
      vertex -12.0207 -20.051 4.3
      vertex -11.4929 -19.0876 4.3
      vertex -11.5896 -19.1276 4.3
    endloop
  endfacet
  facet normal 0 0 1
    outer loop
      vertex -12.0207 -20.051 4.3
      vertex -11.5896 -19.1276 4.3
      vertex -11.6894 -19.1591 4.3
    endloop
  endfacet
  facet normal 0 0 1
    outer loop
      vertex -12.0207 -20.051 4.3
      vertex -11.6894 -19.1591 4.3
      vertex -11.7916 -19.1818 4.3
    endloop
  endfacet
  facet normal 0 0 1
    outer loop
      vertex -12.0207 -20.051 4.3
      vertex -11.7916 -19.1818 4.3
      vertex -11.8954 -19.1954 4.3
    endloop
  endfacet
  facet normal 0 0 1
    outer loop
      vertex -12.0207 -20.051 4.3
      vertex -11.8954 -19.1954 4.3
      vertex -12 -19.2 4.3
    endloop
  endfacet
  facet normal 0 0 1
    outer loop
      vertex -11.3117 -18.983 4.3
      vertex -12.0207 -20.051 4.3
      vertex -8.22455 -20.051 4.3
    endloop
  endfacet
  facet normal 0 0 1
    outer loop
      vertex -12.306 -19.961 4.3
      vertex -12 -19.2 4.3
      vertex -12.1046 -19.1954 4.3
    endloop
  endfacet
  facet normal 0 0 1
    outer loop
      vertex -12.306 -19.961 4.3
      vertex -12.1046 -19.1954 4.3
      vertex -12.2084 -19.1818 4.3
    endloop
  endfacet
  facet normal 0 0 1
    outer loop
      vertex -12 -19.2 4.3
      vertex -12.306 -19.961 4.3
      vertex -12.0207 -20.051 4.3
    endloop
  endfacet
  facet normal 0 0 1
    outer loop
      vertex -12.3106 -19.1591 4.3
      vertex -12.306 -19.961 4.3
      vertex -12.2084 -19.1818 4.3
    endloop
  endfacet
  facet normal 0 0 1
    outer loop
      vertex -12.8259 -19.7457 4.3
      vertex -12.3106 -19.1591 4.3
      vertex -12.4104 -19.1276 4.3
    endloop
  endfacet
  facet normal 0 0 1
    outer loop
      vertex -12.8259 -19.7457 4.3
      vertex -12.4104 -19.1276 4.3
      vertex -12.5071 -19.0876 4.3
    endloop
  endfacet
  facet normal 0 0 1
    outer loop
      vertex -12.8259 -19.7457 4.3
      vertex -12.5071 -19.0876 4.3
      vertex -12.6 -19.0392 4.3
    endloop
  endfacet
  facet normal 0 0 1
    outer loop
      vertex -12.8259 -19.7457 4.3
      vertex -12.6 -19.0392 4.3
      vertex -12.6883 -18.983 4.3
    endloop
  endfacet
  facet normal 0 0 1
    outer loop
      vertex -13.325 -19.4859 4.3
      vertex -12.6883 -18.983 4.3
      vertex -12.7713 -18.9193 4.3
    endloop
  endfacet
  facet normal 0 0 1
    outer loop
      vertex -12.3106 -19.1591 4.3
      vertex -12.8259 -19.7457 4.3
      vertex -12.306 -19.961 4.3
    endloop
  endfacet
  facet normal 0 0 1
    outer loop
      vertex -13.325 -19.4859 4.3
      vertex -12.7713 -18.9193 4.3
      vertex -12.8485 -18.8485 4.3
    endloop
  endfacet
  facet normal 0 0 1
    outer loop
      vertex -13.325 -19.4859 4.3
      vertex -12.8485 -18.8485 4.3
      vertex -12.9193 -18.7713 4.3
    endloop
  endfacet
  facet normal 0 0 1
    outer loop
      vertex -13.325 -19.4859 4.3
      vertex -12.9193 -18.7713 4.3
      vertex -12.983 -18.6883 4.3
    endloop
  endfacet
  facet normal 0 0 1
    outer loop
      vertex -13.325 -19.4859 4.3
      vertex -12.983 -18.6883 4.3
      vertex -13.0392 -18.6 4.3
    endloop
  endfacet
  facet normal 0 0 1
    outer loop
      vertex -13.325 -19.4859 4.3
      vertex -13.0392 -18.6 4.3
      vertex -13.0876 -18.5071 4.3
    endloop
  endfacet
  facet normal 0 0 1
    outer loop
      vertex -13.325 -19.4859 4.3
      vertex -13.0876 -18.5071 4.3
      vertex -13.1276 -18.4104 4.3
    endloop
  endfacet
  facet normal 0 0 1
    outer loop
      vertex -13.325 -19.4859 4.3
      vertex -13.1276 -18.4104 4.3
      vertex -13.1591 -18.3106 4.3
    endloop
  endfacet
  facet normal 0 0 1
    outer loop
      vertex -12.6883 -18.983 4.3
      vertex -13.325 -19.4859 4.3
      vertex -12.8259 -19.7457 4.3
    endloop
  endfacet
  facet normal 0 0 1
    outer loop
      vertex -13.1818 -18.2084 4.3
      vertex -13.325 -19.4859 4.3
      vertex -13.1591 -18.3106 4.3
    endloop
  endfacet
  facet normal 0 0 1
    outer loop
      vertex -13.1954 -18.1046 4.3
      vertex -13.325 -19.4859 4.3
      vertex -13.1818 -18.2084 4.3
    endloop
  endfacet
  facet normal 0 0 1
    outer loop
      vertex -13.325 -19.4859 4.3
      vertex -13.1954 -18.1046 4.3
      vertex -13.2 -18 4.3
    endloop
  endfacet
  facet normal 0.991442 0.130548 0
    outer loop
      vertex -7.71636 18.3748 4.3
      vertex -7.76533 18.7467 2.99135
      vertex -7.76533 18.7467 4.3
    endloop
  endfacet
  facet normal 0.991442 0.130548 0
    outer loop
      vertex -7.76533 18.7467 2.99135
      vertex -7.71636 18.3748 4.3
      vertex -7.71636 18.3748 2.61819
    endloop
  endfacet
  facet normal 0.999049 0.0436084 0
    outer loop
      vertex -7.7 18 4.3
      vertex -7.71636 18.3748 2.61819
      vertex -7.71636 18.3748 4.3
    endloop
  endfacet
  facet normal 0.999049 0.0436084 0
    outer loop
      vertex -7.71636 18.3748 2.61819
      vertex -7.7 18 4.3
      vertex -7.7 18 2.24218
    endloop
  endfacet
  facet normal 0.976293 0.216453 0
    outer loop
      vertex -7.76533 18.7467 4.3
      vertex -7.84652 19.1129 3.35881
      vertex -7.84652 19.1129 4.3
    endloop
  endfacet
  facet normal 0.976293 0.216453 0
    outer loop
      vertex -7.84652 19.1129 3.35881
      vertex -7.76533 18.7467 4.3
      vertex -7.76533 18.7467 2.99135
    endloop
  endfacet
  facet normal 0.537193 -0.843459 0
    outer loop
      vertex -9.85 14.2761 1.6
      vertex -9.53362 14.4776 4.3
      vertex -9.85 14.2761 4.3
    endloop
  endfacet
  facet normal 0.537193 -0.843459 0
    outer loop
      vertex -9.53362 14.4776 4.3
      vertex -9.85 14.2761 1.6
      vertex -9.53362 14.4776 1.6
    endloop
  endfacet
  facet normal -0.923836 -0.382789 -0
    outer loop
      vertex -15.8971 16.1827 4.3
      vertex -16.0132 16.4629 4.0614
      vertex -15.8971 16.1827 3.94496
    endloop
  endfacet
  facet normal -0.923836 -0.382789 0
    outer loop
      vertex -16.0132 16.4629 4.0614
      vertex -15.8971 16.1827 4.3
      vertex -16.0132 16.4629 4.3
    endloop
  endfacet
  facet normal 0.461764 -0.887003 0
    outer loop
      vertex -10.1827 14.1029 1.6
      vertex -9.85 14.2761 4.3
      vertex -10.1827 14.1029 4.3
    endloop
  endfacet
  facet normal 0.461764 -0.887003 0
    outer loop
      vertex -9.85 14.2761 4.3
      vertex -10.1827 14.1029 1.6
      vertex -9.85 14.2761 1.6
    endloop
  endfacet
  facet normal 0.300672 -0.953728 0
    outer loop
      vertex -10.8871 13.8465 1.6
      vertex -10.5293 13.9593 4.3
      vertex -10.8871 13.8465 4.3
    endloop
  endfacet
  facet normal 0.300672 -0.953728 0
    outer loop
      vertex -10.5293 13.9593 4.3
      vertex -10.8871 13.8465 1.6
      vertex -10.5293 13.9593 1.6
    endloop
  endfacet
  facet normal -0.461764 -0.887003 0
    outer loop
      vertex -14.15 14.2761 2.19201
      vertex -13.8173 14.1029 4.3
      vertex -14.15 14.2761 4.3
    endloop
  endfacet
  facet normal -0.461764 -0.887003 -0
    outer loop
      vertex -13.8173 14.1029 4.3
      vertex -14.15 14.2761 2.19201
      vertex -13.8173 14.1029 1.85816
    endloop
  endfacet
  facet normal 0.0437148 -0.999044 0
    outer loop
      vertex -12 13.7 1.6
      vertex -11.6252 13.7164 4.3
      vertex -12 13.7 4.3
    endloop
  endfacet
  facet normal 0.0437148 -0.999044 0
    outer loop
      vertex -11.6252 13.7164 4.3
      vertex -12 13.7 1.6
      vertex -11.6252 13.7164 1.6
    endloop
  endfacet
  facet normal 0.216479 -0.976287 0
    outer loop
      vertex -11.2533 13.7653 1.6
      vertex -10.8871 13.8465 4.3
      vertex -11.2533 13.7653 4.3
    endloop
  endfacet
  facet normal 0.216479 -0.976287 0
    outer loop
      vertex -10.8871 13.8465 4.3
      vertex -11.2533 13.7653 1.6
      vertex -10.8871 13.8465 1.6
    endloop
  endfacet
  facet normal 0.675547 -0.737317 0
    outer loop
      vertex -9.23601 14.706 1.6
      vertex -8.95944 14.9594 4.3
      vertex -9.23601 14.706 4.3
    endloop
  endfacet
  facet normal 0.675547 -0.737317 0
    outer loop
      vertex -8.95944 14.9594 4.3
      vertex -9.23601 14.706 1.6
      vertex -8.95944 14.9594 1.6
    endloop
  endfacet
  facet normal -0.216479 -0.976287 0
    outer loop
      vertex -13.1129 13.8465 1.6
      vertex -12.7467 13.7653 4.3
      vertex -13.1129 13.8465 4.3
    endloop
  endfacet
  facet normal -0.216479 -0.976287 -0
    outer loop
      vertex -12.7467 13.7653 4.3
      vertex -13.1129 13.8465 1.6
      vertex -12.7467 13.7653 1.6
    endloop
  endfacet
  facet normal -0.887003 -0.461764 -0
    outer loop
      vertex -15.7239 15.85 4.3
      vertex -15.8971 16.1827 3.94496
      vertex -15.7239 15.85 3.77117
    endloop
  endfacet
  facet normal -0.887003 -0.461764 0
    outer loop
      vertex -15.8971 16.1827 3.94496
      vertex -15.7239 15.85 4.3
      vertex -15.8971 16.1827 4.3
    endloop
  endfacet
  facet normal 0.923886 0.382669 0
    outer loop
      vertex -7.95932 19.4707 4.3
      vertex -8.10288 19.8173 4.06549
      vertex -8.10288 19.8173 4.3
    endloop
  endfacet
  facet normal 0.923886 0.382669 0
    outer loop
      vertex -8.10288 19.8173 4.06549
      vertex -7.95932 19.4707 4.3
      vertex -7.95932 19.4707 3.71776
    endloop
  endfacet
  facet normal 0.793349 -0.608767 0
    outer loop
      vertex -8.70601 15.236 4.3
      vertex -8.47765 15.5336 1.6
      vertex -8.47765 15.5336 4.3
    endloop
  endfacet
  facet normal 0.793349 -0.608767 0
    outer loop
      vertex -8.47765 15.5336 1.6
      vertex -8.70601 15.236 4.3
      vertex -8.70601 15.236 1.6
    endloop
  endfacet
  facet normal -0.793297 -0.608834 -0
    outer loop
      vertex -15.294 15.236 4.3
      vertex -15.5224 15.5336 3.56894
      vertex -15.294 15.236 3.33982
    endloop
  endfacet
  facet normal -0.793297 -0.608834 0
    outer loop
      vertex -15.5224 15.5336 3.56894
      vertex -15.294 15.236 4.3
      vertex -15.5224 15.5336 4.3
    endloop
  endfacet
  facet normal -0.0437148 -0.999044 0
    outer loop
      vertex -12.3748 13.7164 1.6
      vertex -12 13.7 4.3
      vertex -12.3748 13.7164 4.3
    endloop
  endfacet
  facet normal -0.0437148 -0.999044 -0
    outer loop
      vertex -12 13.7 4.3
      vertex -12.3748 13.7164 1.6
      vertex -12 13.7 1.6
    endloop
  endfacet
  facet normal -0.38276 -0.923848 0
    outer loop
      vertex -13.8173 14.1029 1.85816
      vertex -13.4707 13.9593 4.3
      vertex -13.8173 14.1029 4.3
    endloop
  endfacet
  facet normal -0.382778 -0.92384 -2.88529e-05
    outer loop
      vertex -13.4707 13.9593 1.6
      vertex -13.8173 14.1029 1.85816
      vertex -13.56 13.9963 1.6
    endloop
  endfacet
  facet normal -0.38276 -0.923848 0
    outer loop
      vertex -13.8173 14.1029 1.85816
      vertex -13.4707 13.9593 1.6
      vertex -13.4707 13.9593 4.3
    endloop
  endfacet
  facet normal 0.999049 -0.0436084 0
    outer loop
      vertex -7.71636 17.6252 4.3
      vertex -7.7 18 2.24218
      vertex -7.7 18 4.3
    endloop
  endfacet
  facet normal 0.999049 -0.0436084 0
    outer loop
      vertex -7.7 18 2.24218
      vertex -7.71636 17.6252 4.3
      vertex -7.71636 17.6252 1.86616
    endloop
  endfacet
  facet normal 0.886992 -0.461785 0
    outer loop
      vertex -8.27609 15.85 4.3
      vertex -8.10288 16.1827 1.6
      vertex -8.10288 16.1827 4.3
    endloop
  endfacet
  facet normal 0.886992 -0.461785 0
    outer loop
      vertex -8.10288 16.1827 1.6
      vertex -8.27609 15.85 4.3
      vertex -8.27609 15.85 1.6
    endloop
  endfacet
  facet normal 0.953728 0.300672 0
    outer loop
      vertex -7.84652 19.1129 4.3
      vertex -7.95932 19.4707 3.71776
      vertex -7.95932 19.4707 4.3
    endloop
  endfacet
  facet normal 0.953728 0.300672 0
    outer loop
      vertex -7.95932 19.4707 3.71776
      vertex -7.84652 19.1129 4.3
      vertex -7.84652 19.1129 3.35881
    endloop
  endfacet
  facet normal 0.953728 -0.300672 0
    outer loop
      vertex -7.95932 16.5293 4.3
      vertex -7.84652 16.8871 1.6
      vertex -7.84652 16.8871 4.3
    endloop
  endfacet
  facet normal 0.953728 -0.300672 0
    outer loop
      vertex -7.84652 16.8871 1.6
      vertex -7.95932 16.5293 4.3
      vertex -7.95932 16.5293 1.6
    endloop
  endfacet
  facet normal 0.991442 -0.130548 0
    outer loop
      vertex -7.76533 17.2533 4.3
      vertex -7.71636 17.6252 1.86616
      vertex -7.71636 17.6252 4.3
    endloop
  endfacet
  facet normal 0.991442 -0.130548 0
    outer loop
      vertex -7.76533 17.2533 1.6
      vertex -7.71636 17.6252 1.86616
      vertex -7.76533 17.2533 4.3
    endloop
  endfacet
  facet normal 0.991454 -0.130459 -0.000126483
    outer loop
      vertex -7.71636 17.6252 1.86616
      vertex -7.76533 17.2533 1.6
      vertex -7.75129 17.36 1.6
    endloop
  endfacet
  facet normal 0.130365 -0.991466 0
    outer loop
      vertex -11.6252 13.7164 1.6
      vertex -11.2533 13.7653 4.3
      vertex -11.6252 13.7164 4.3
    endloop
  endfacet
  facet normal 0.130365 -0.991466 0
    outer loop
      vertex -11.2533 13.7653 4.3
      vertex -11.6252 13.7164 1.6
      vertex -11.2533 13.7653 1.6
    endloop
  endfacet
  facet normal 0.843402 -0.537282 0
    outer loop
      vertex -8.47765 15.5336 4.3
      vertex -8.27609 15.85 1.6
      vertex -8.27609 15.85 4.3
    endloop
  endfacet
  facet normal 0.843402 -0.537282 0
    outer loop
      vertex -8.27609 15.85 1.6
      vertex -8.47765 15.5336 4.3
      vertex -8.47765 15.5336 1.6
    endloop
  endfacet
  facet normal -0.537169 -0.843475 0
    outer loop
      vertex -14.4664 14.4776 2.50944
      vertex -14.15 14.2761 4.3
      vertex -14.4664 14.4776 4.3
    endloop
  endfacet
  facet normal -0.537169 -0.843475 -0
    outer loop
      vertex -14.15 14.2761 4.3
      vertex -14.4664 14.4776 2.50944
      vertex -14.15 14.2761 2.19201
    endloop
  endfacet
  facet normal 0.923886 -0.382669 0
    outer loop
      vertex -8.10288 16.1827 4.3
      vertex -7.95932 16.5293 1.6
      vertex -7.95932 16.5293 4.3
    endloop
  endfacet
  facet normal 0.923886 -0.382669 0
    outer loop
      vertex -7.95932 16.5293 1.6
      vertex -8.10288 16.1827 4.3
      vertex -8.10288 16.1827 1.6
    endloop
  endfacet
  facet normal -0.608834 -0.793297 0
    outer loop
      vertex -14.764 14.706 2.80804
      vertex -14.4664 14.4776 4.3
      vertex -14.764 14.706 4.3
    endloop
  endfacet
  facet normal -0.608834 -0.793297 -0
    outer loop
      vertex -14.4664 14.4776 4.3
      vertex -14.764 14.706 2.80804
      vertex -14.4664 14.4776 2.50944
    endloop
  endfacet
  facet normal 0.88699 0.461789 -0
    outer loop
      vertex -8.10288 19.8173 4.06549
      vertex -8.22455 20.051 4.3
      vertex -8.10288 19.8173 4.3
    endloop
  endfacet
  facet normal -0.675507 -0.737353 0
    outer loop
      vertex -15.0406 14.9594 3.08554
      vertex -14.764 14.706 4.3
      vertex -15.0406 14.9594 4.3
    endloop
  endfacet
  facet normal -0.675507 -0.737353 -0
    outer loop
      vertex -14.764 14.706 4.3
      vertex -15.0406 14.9594 3.08554
      vertex -14.764 14.706 2.80804
    endloop
  endfacet
  facet normal -0.737353 -0.675507 -0
    outer loop
      vertex -15.0406 14.9594 4.3
      vertex -15.294 15.236 3.33982
      vertex -15.0406 14.9594 3.08554
    endloop
  endfacet
  facet normal -0.737353 -0.675507 0
    outer loop
      vertex -15.294 15.236 3.33982
      vertex -15.0406 14.9594 4.3
      vertex -15.294 15.236 4.3
    endloop
  endfacet
  facet normal 0.38276 -0.923848 0
    outer loop
      vertex -10.5293 13.9593 1.6
      vertex -10.1827 14.1029 4.3
      vertex -10.5293 13.9593 4.3
    endloop
  endfacet
  facet normal 0.38276 -0.923848 0
    outer loop
      vertex -10.1827 14.1029 4.3
      vertex -10.5293 13.9593 1.6
      vertex -10.1827 14.1029 1.6
    endloop
  endfacet
  facet normal -0.843475 -0.537169 -0
    outer loop
      vertex -15.5224 15.5336 4.3
      vertex -15.7239 15.85 3.77117
      vertex -15.5224 15.5336 3.56894
    endloop
  endfacet
  facet normal -0.843475 -0.537169 0
    outer loop
      vertex -15.7239 15.85 3.77117
      vertex -15.5224 15.5336 4.3
      vertex -15.7239 15.85 4.3
    endloop
  endfacet
  facet normal 0.976293 -0.216453 0
    outer loop
      vertex -7.84652 16.8871 4.3
      vertex -7.76533 17.2533 1.6
      vertex -7.76533 17.2533 4.3
    endloop
  endfacet
  facet normal 0.976293 -0.216453 0
    outer loop
      vertex -7.76533 17.2533 1.6
      vertex -7.84652 16.8871 4.3
      vertex -7.84652 16.8871 1.6
    endloop
  endfacet
  facet normal 0.608822 -0.793307 0
    outer loop
      vertex -9.53362 14.4776 1.6
      vertex -9.23601 14.706 4.3
      vertex -9.53362 14.4776 4.3
    endloop
  endfacet
  facet normal 0.608822 -0.793307 0
    outer loop
      vertex -9.23601 14.706 4.3
      vertex -9.53362 14.4776 1.6
      vertex -9.23601 14.706 1.6
    endloop
  endfacet
  facet normal -0.130365 -0.991466 0
    outer loop
      vertex -12.7467 13.7653 1.6
      vertex -12.3748 13.7164 4.3
      vertex -12.7467 13.7653 4.3
    endloop
  endfacet
  facet normal -0.130365 -0.991466 -0
    outer loop
      vertex -12.3748 13.7164 4.3
      vertex -12.7467 13.7653 1.6
      vertex -12.3748 13.7164 1.6
    endloop
  endfacet
  facet normal -0.300672 -0.953728 0
    outer loop
      vertex -13.4707 13.9593 1.6
      vertex -13.1129 13.8465 4.3
      vertex -13.4707 13.9593 4.3
    endloop
  endfacet
  facet normal -0.300672 -0.953728 -0
    outer loop
      vertex -13.1129 13.8465 4.3
      vertex -13.4707 13.9593 1.6
      vertex -13.1129 13.8465 1.6
    endloop
  endfacet
  facet normal 0.737313 -0.675551 0
    outer loop
      vertex -8.95944 14.9594 4.3
      vertex -8.70601 15.236 1.6
      vertex -8.70601 15.236 4.3
    endloop
  endfacet
  facet normal 0.737313 -0.675551 0
    outer loop
      vertex -8.70601 15.236 1.6
      vertex -8.95944 14.9594 4.3
      vertex -8.95944 14.9594 1.6
    endloop
  endfacet
  facet normal 0 0 1
    outer loop
      vertex -10.8 18 4.3
      vertex -7.7 18 4.3
      vertex -7.71636 18.3748 4.3
    endloop
  endfacet
  facet normal 0 0 1
    outer loop
      vertex -10.8046 18.1046 4.3
      vertex -7.71636 18.3748 4.3
      vertex -7.76533 18.7467 4.3
    endloop
  endfacet
  facet normal 0 0 1
    outer loop
      vertex -7.7 18 4.3
      vertex -10.8 18 4.3
      vertex -7.71636 17.6252 4.3
    endloop
  endfacet
  facet normal 0 0 1
    outer loop
      vertex -10.8182 18.2084 4.3
      vertex -7.76533 18.7467 4.3
      vertex -7.84652 19.1129 4.3
    endloop
  endfacet
  facet normal -0 0 1
    outer loop
      vertex -10.8046 17.8954 4.3
      vertex -7.71636 17.6252 4.3
      vertex -10.8 18 4.3
    endloop
  endfacet
  facet normal 0 0 1
    outer loop
      vertex -10.8409 18.3106 4.3
      vertex -7.84652 19.1129 4.3
      vertex -7.95932 19.4707 4.3
    endloop
  endfacet
  facet normal 0 0 1
    outer loop
      vertex -7.71636 17.6252 4.3
      vertex -10.8046 17.8954 4.3
      vertex -7.76533 17.2533 4.3
    endloop
  endfacet
  facet normal 0 0 1
    outer loop
      vertex -10.8724 18.4104 4.3
      vertex -7.95932 19.4707 4.3
      vertex -8.10288 19.8173 4.3
    endloop
  endfacet
  facet normal -0 0 1
    outer loop
      vertex -10.8182 17.7916 4.3
      vertex -7.76533 17.2533 4.3
      vertex -10.8046 17.8954 4.3
    endloop
  endfacet
  facet normal 0 0 1
    outer loop
      vertex -10.9124 18.5071 4.3
      vertex -8.10288 19.8173 4.3
      vertex -8.22455 20.051 4.3
    endloop
  endfacet
  facet normal 0 0 1
    outer loop
      vertex -7.76533 17.2533 4.3
      vertex -10.8182 17.7916 4.3
      vertex -7.84652 16.8871 4.3
    endloop
  endfacet
  facet normal -0 0 1
    outer loop
      vertex -10.8409 17.6894 4.3
      vertex -7.84652 16.8871 4.3
      vertex -10.8182 17.7916 4.3
    endloop
  endfacet
  facet normal -0 0 1
    outer loop
      vertex -10.8724 17.5896 4.3
      vertex -7.95932 16.5293 4.3
      vertex -10.8409 17.6894 4.3
    endloop
  endfacet
  facet normal 0 0 1
    outer loop
      vertex -7.95932 16.5293 4.3
      vertex -10.8724 17.5896 4.3
      vertex -8.10288 16.1827 4.3
    endloop
  endfacet
  facet normal 0 0 1
    outer loop
      vertex -8.10288 16.1827 4.3
      vertex -10.9124 17.4929 4.3
      vertex -8.27609 15.85 4.3
    endloop
  endfacet
  facet normal -0 0 1
    outer loop
      vertex -10.9608 17.4 4.3
      vertex -8.27609 15.85 4.3
      vertex -10.9124 17.4929 4.3
    endloop
  endfacet
  facet normal -0 0 1
    outer loop
      vertex -11.017 17.3117 4.3
      vertex -8.47765 15.5336 4.3
      vertex -10.9608 17.4 4.3
    endloop
  endfacet
  facet normal 0 0 1
    outer loop
      vertex -8.47765 15.5336 4.3
      vertex -11.017 17.3117 4.3
      vertex -8.70601 15.236 4.3
    endloop
  endfacet
  facet normal 0 0 1
    outer loop
      vertex -8.70601 15.236 4.3
      vertex -11.0807 17.2287 4.3
      vertex -8.95944 14.9594 4.3
    endloop
  endfacet
  facet normal 0 0 1
    outer loop
      vertex -7.84652 16.8871 4.3
      vertex -10.8409 17.6894 4.3
      vertex -7.95932 16.5293 4.3
    endloop
  endfacet
  facet normal 0 0 1
    outer loop
      vertex -7.71636 18.3748 4.3
      vertex -10.8046 18.1046 4.3
      vertex -10.8 18 4.3
    endloop
  endfacet
  facet normal 0 0 1
    outer loop
      vertex -7.76533 18.7467 4.3
      vertex -10.8182 18.2084 4.3
      vertex -10.8046 18.1046 4.3
    endloop
  endfacet
  facet normal 0 0 1
    outer loop
      vertex -7.84652 19.1129 4.3
      vertex -10.8409 18.3106 4.3
      vertex -10.8182 18.2084 4.3
    endloop
  endfacet
  facet normal 0 0 1
    outer loop
      vertex -7.95932 19.4707 4.3
      vertex -10.8724 18.4104 4.3
      vertex -10.8409 18.3106 4.3
    endloop
  endfacet
  facet normal 0 0 1
    outer loop
      vertex -8.10288 19.8173 4.3
      vertex -10.9124 18.5071 4.3
      vertex -10.8724 18.4104 4.3
    endloop
  endfacet
  facet normal 0 0 1
    outer loop
      vertex -8.22455 20.051 4.3
      vertex -10.9608 18.6 4.3
      vertex -10.9124 18.5071 4.3
    endloop
  endfacet
  facet normal 0 0 1
    outer loop
      vertex -8.22455 20.051 4.3
      vertex -11.017 18.6883 4.3
      vertex -10.9608 18.6 4.3
    endloop
  endfacet
  facet normal 0 0 1
    outer loop
      vertex -8.22455 20.051 4.3
      vertex -11.0807 18.7713 4.3
      vertex -11.017 18.6883 4.3
    endloop
  endfacet
  facet normal 0 0 1
    outer loop
      vertex -8.22455 20.051 4.3
      vertex -11.1515 18.8485 4.3
      vertex -11.0807 18.7713 4.3
    endloop
  endfacet
  facet normal 0 0 1
    outer loop
      vertex -8.22455 20.051 4.3
      vertex -11.2287 18.9193 4.3
      vertex -11.1515 18.8485 4.3
    endloop
  endfacet
  facet normal 0 0 1
    outer loop
      vertex -8.22455 20.051 4.3
      vertex -11.3117 18.983 4.3
      vertex -11.2287 18.9193 4.3
    endloop
  endfacet
  facet normal -0 0 1
    outer loop
      vertex -12.0207 20.051 4.3
      vertex -11.3117 18.983 4.3
      vertex -8.22455 20.051 4.3
    endloop
  endfacet
  facet normal 0 0 1
    outer loop
      vertex -11.3117 18.983 4.3
      vertex -12.0207 20.051 4.3
      vertex -11.4 19.0392 4.3
    endloop
  endfacet
  facet normal 0 0 1
    outer loop
      vertex -11.4 19.0392 4.3
      vertex -12.0207 20.051 4.3
      vertex -11.4929 19.0876 4.3
    endloop
  endfacet
  facet normal 0 0 1
    outer loop
      vertex -11.4929 19.0876 4.3
      vertex -12.0207 20.051 4.3
      vertex -11.5896 19.1276 4.3
    endloop
  endfacet
  facet normal 0 0 1
    outer loop
      vertex -11.5896 19.1276 4.3
      vertex -12.0207 20.051 4.3
      vertex -11.6894 19.1591 4.3
    endloop
  endfacet
  facet normal 0 0 1
    outer loop
      vertex -11.6894 19.1591 4.3
      vertex -12.0207 20.051 4.3
      vertex -11.7916 19.1818 4.3
    endloop
  endfacet
  facet normal 0 0 1
    outer loop
      vertex -11.7916 19.1818 4.3
      vertex -12.0207 20.051 4.3
      vertex -11.8954 19.1954 4.3
    endloop
  endfacet
  facet normal 0 0 1
    outer loop
      vertex -11.8954 19.1954 4.3
      vertex -12.0207 20.051 4.3
      vertex -12 19.2 4.3
    endloop
  endfacet
  facet normal -0 0 1
    outer loop
      vertex -12.306 19.961 4.3
      vertex -12 19.2 4.3
      vertex -12.0207 20.051 4.3
    endloop
  endfacet
  facet normal 0 0 1
    outer loop
      vertex -12 19.2 4.3
      vertex -12.306 19.961 4.3
      vertex -12.1046 19.1954 4.3
    endloop
  endfacet
  facet normal 0 0 1
    outer loop
      vertex -12.1046 19.1954 4.3
      vertex -12.306 19.961 4.3
      vertex -12.2084 19.1818 4.3
    endloop
  endfacet
  facet normal 0 0 1
    outer loop
      vertex -12.306 19.961 4.3
      vertex -12.3106 19.1591 4.3
      vertex -12.2084 19.1818 4.3
    endloop
  endfacet
  facet normal -0 0 1
    outer loop
      vertex -12.8259 19.7457 4.3
      vertex -12.3106 19.1591 4.3
      vertex -12.306 19.961 4.3
    endloop
  endfacet
  facet normal 0 0 1
    outer loop
      vertex -12.3106 19.1591 4.3
      vertex -12.8259 19.7457 4.3
      vertex -12.4104 19.1276 4.3
    endloop
  endfacet
  facet normal 0 0 1
    outer loop
      vertex -12.4104 19.1276 4.3
      vertex -12.8259 19.7457 4.3
      vertex -12.5071 19.0876 4.3
    endloop
  endfacet
  facet normal 0 0 1
    outer loop
      vertex -12.5071 19.0876 4.3
      vertex -12.8259 19.7457 4.3
      vertex -12.6 19.0392 4.3
    endloop
  endfacet
  facet normal 0 0 1
    outer loop
      vertex -12.6 19.0392 4.3
      vertex -12.8259 19.7457 4.3
      vertex -12.6883 18.983 4.3
    endloop
  endfacet
  facet normal -0 0 1
    outer loop
      vertex -13.325 19.4859 4.3
      vertex -12.6883 18.983 4.3
      vertex -12.8259 19.7457 4.3
    endloop
  endfacet
  facet normal 0 0 1
    outer loop
      vertex -12.6883 18.983 4.3
      vertex -13.325 19.4859 4.3
      vertex -12.7713 18.9193 4.3
    endloop
  endfacet
  facet normal 0 0 1
    outer loop
      vertex -12.7713 18.9193 4.3
      vertex -13.325 19.4859 4.3
      vertex -12.8485 18.8485 4.3
    endloop
  endfacet
  facet normal 0 0 1
    outer loop
      vertex -12.8485 18.8485 4.3
      vertex -13.325 19.4859 4.3
      vertex -12.9193 18.7713 4.3
    endloop
  endfacet
  facet normal 0 0 1
    outer loop
      vertex -12.9193 18.7713 4.3
      vertex -13.325 19.4859 4.3
      vertex -12.983 18.6883 4.3
    endloop
  endfacet
  facet normal -0 0 1
    outer loop
      vertex -13.7996 19.1835 4.3
      vertex -12.983 18.6883 4.3
      vertex -13.325 19.4859 4.3
    endloop
  endfacet
  facet normal 0 0 1
    outer loop
      vertex -12.983 18.6883 4.3
      vertex -13.7996 19.1835 4.3
      vertex -13.0392 18.6 4.3
    endloop
  endfacet
  facet normal 0 0 1
    outer loop
      vertex -13.0392 18.6 4.3
      vertex -13.7996 19.1835 4.3
      vertex -13.0876 18.5071 4.3
    endloop
  endfacet
  facet normal 0 0 1
    outer loop
      vertex -13.1591 18.3106 4.3
      vertex -14.246 18.841 4.3
      vertex -13.1818 18.2084 4.3
    endloop
  endfacet
  facet normal 0 0 1
    outer loop
      vertex -13.1276 18.4104 4.3
      vertex -14.246 18.841 4.3
      vertex -13.1591 18.3106 4.3
    endloop
  endfacet
  facet normal -0 0 1
    outer loop
      vertex -14.246 18.841 4.3
      vertex -13.1276 18.4104 4.3
      vertex -13.7996 19.1835 4.3
    endloop
  endfacet
  facet normal 0 0 1
    outer loop
      vertex -13.0876 18.5071 4.3
      vertex -13.7996 19.1835 4.3
      vertex -13.1276 18.4104 4.3
    endloop
  endfacet
  facet normal -0 0 1
    outer loop
      vertex -10.9124 17.4929 4.3
      vertex -8.10288 16.1827 4.3
      vertex -10.8724 17.5896 4.3
    endloop
  endfacet
  facet normal 0 0 1
    outer loop
      vertex -8.27609 15.85 4.3
      vertex -10.9608 17.4 4.3
      vertex -8.47765 15.5336 4.3
    endloop
  endfacet
  facet normal -0 0 1
    outer loop
      vertex -11.0807 17.2287 4.3
      vertex -8.70601 15.236 4.3
      vertex -11.017 17.3117 4.3
    endloop
  endfacet
  facet normal -0 0 1
    outer loop
      vertex -11.1515 17.1515 4.3
      vertex -8.95944 14.9594 4.3
      vertex -11.0807 17.2287 4.3
    endloop
  endfacet
  facet normal 0 0 1
    outer loop
      vertex -8.95944 14.9594 4.3
      vertex -11.1515 17.1515 4.3
      vertex -9.23601 14.706 4.3
    endloop
  endfacet
  facet normal -0 0 1
    outer loop
      vertex -11.2287 17.0807 4.3
      vertex -9.23601 14.706 4.3
      vertex -11.1515 17.1515 4.3
    endloop
  endfacet
  facet normal 0 0 1
    outer loop
      vertex -9.23601 14.706 4.3
      vertex -11.2287 17.0807 4.3
      vertex -9.53362 14.4776 4.3
    endloop
  endfacet
  facet normal -0 0 1
    outer loop
      vertex -11.3117 17.017 4.3
      vertex -9.53362 14.4776 4.3
      vertex -11.2287 17.0807 4.3
    endloop
  endfacet
  facet normal 0 0 1
    outer loop
      vertex -9.53362 14.4776 4.3
      vertex -11.3117 17.017 4.3
      vertex -9.85 14.2761 4.3
    endloop
  endfacet
  facet normal -0 0 1
    outer loop
      vertex -11.4 16.9608 4.3
      vertex -9.85 14.2761 4.3
      vertex -11.3117 17.017 4.3
    endloop
  endfacet
  facet normal 0 0 1
    outer loop
      vertex -9.85 14.2761 4.3
      vertex -11.4 16.9608 4.3
      vertex -10.1827 14.1029 4.3
    endloop
  endfacet
  facet normal -0 0 1
    outer loop
      vertex -11.4929 16.9124 4.3
      vertex -10.1827 14.1029 4.3
      vertex -11.4 16.9608 4.3
    endloop
  endfacet
  facet normal 0 0 1
    outer loop
      vertex -10.1827 14.1029 4.3
      vertex -11.4929 16.9124 4.3
      vertex -10.5293 13.9593 4.3
    endloop
  endfacet
  facet normal -0 0 1
    outer loop
      vertex -11.5896 16.8724 4.3
      vertex -10.5293 13.9593 4.3
      vertex -11.4929 16.9124 4.3
    endloop
  endfacet
  facet normal 0 0 1
    outer loop
      vertex -10.5293 13.9593 4.3
      vertex -11.5896 16.8724 4.3
      vertex -10.8871 13.8465 4.3
    endloop
  endfacet
  facet normal -0 0 1
    outer loop
      vertex -11.6894 16.8409 4.3
      vertex -10.8871 13.8465 4.3
      vertex -11.5896 16.8724 4.3
    endloop
  endfacet
  facet normal 0 0 1
    outer loop
      vertex -10.8871 13.8465 4.3
      vertex -11.6894 16.8409 4.3
      vertex -11.2533 13.7653 4.3
    endloop
  endfacet
  facet normal -0 0 1
    outer loop
      vertex -11.7916 16.8182 4.3
      vertex -11.2533 13.7653 4.3
      vertex -11.6894 16.8409 4.3
    endloop
  endfacet
  facet normal 0 0 1
    outer loop
      vertex -11.2533 13.7653 4.3
      vertex -11.7916 16.8182 4.3
      vertex -11.6252 13.7164 4.3
    endloop
  endfacet
  facet normal -0 0 1
    outer loop
      vertex -11.8954 16.8046 4.3
      vertex -11.6252 13.7164 4.3
      vertex -11.7916 16.8182 4.3
    endloop
  endfacet
  facet normal -0 0 1
    outer loop
      vertex -12 16.8 4.3
      vertex -11.6252 13.7164 4.3
      vertex -11.8954 16.8046 4.3
    endloop
  endfacet
  facet normal 0 0 1
    outer loop
      vertex -12 16.8 4.3
      vertex -12 13.7 4.3
      vertex -11.6252 13.7164 4.3
    endloop
  endfacet
  facet normal 0 0 1
    outer loop
      vertex -12.1046 16.8046 4.3
      vertex -12 13.7 4.3
      vertex -12 16.8 4.3
    endloop
  endfacet
  facet normal 0 0 1
    outer loop
      vertex -12.3748 13.7164 4.3
      vertex -12.1046 16.8046 4.3
      vertex -12.2084 16.8182 4.3
    endloop
  endfacet
  facet normal 0 0 1
    outer loop
      vertex -12.7467 13.7653 4.3
      vertex -12.2084 16.8182 4.3
      vertex -12.3106 16.8409 4.3
    endloop
  endfacet
  facet normal 0 0 1
    outer loop
      vertex -12.1046 16.8046 4.3
      vertex -12.3748 13.7164 4.3
      vertex -12 13.7 4.3
    endloop
  endfacet
  facet normal 0 0 1
    outer loop
      vertex -13.1129 13.8465 4.3
      vertex -12.3106 16.8409 4.3
      vertex -12.4104 16.8724 4.3
    endloop
  endfacet
  facet normal 0 0 1
    outer loop
      vertex -13.4707 13.9593 4.3
      vertex -12.4104 16.8724 4.3
      vertex -12.5071 16.9124 4.3
    endloop
  endfacet
  facet normal 0 0 1
    outer loop
      vertex -13.8173 14.1029 4.3
      vertex -12.5071 16.9124 4.3
      vertex -12.6 16.9608 4.3
    endloop
  endfacet
  facet normal 0 0 1
    outer loop
      vertex -14.15 14.2761 4.3
      vertex -12.6 16.9608 4.3
      vertex -12.6883 17.017 4.3
    endloop
  endfacet
  facet normal 0 0 1
    outer loop
      vertex -12.2084 16.8182 4.3
      vertex -12.7467 13.7653 4.3
      vertex -12.3748 13.7164 4.3
    endloop
  endfacet
  facet normal 0 0 1
    outer loop
      vertex -14.4664 14.4776 4.3
      vertex -12.6883 17.017 4.3
      vertex -12.7713 17.0807 4.3
    endloop
  endfacet
  facet normal 0 0 1
    outer loop
      vertex -14.764 14.706 4.3
      vertex -12.7713 17.0807 4.3
      vertex -12.8485 17.1515 4.3
    endloop
  endfacet
  facet normal 0 0 1
    outer loop
      vertex -15.0406 14.9594 4.3
      vertex -12.8485 17.1515 4.3
      vertex -12.9193 17.2287 4.3
    endloop
  endfacet
  facet normal 0 0 1
    outer loop
      vertex -15.294 15.236 4.3
      vertex -12.9193 17.2287 4.3
      vertex -12.983 17.3117 4.3
    endloop
  endfacet
  facet normal 0 0 1
    outer loop
      vertex -15.6859 17.125 4.3
      vertex -12.983 17.3117 4.3
      vertex -13.0392 17.4 4.3
    endloop
  endfacet
  facet normal 0 0 1
    outer loop
      vertex -15.3835 17.5996 4.3
      vertex -13.0392 17.4 4.3
      vertex -13.0876 17.4929 4.3
    endloop
  endfacet
  facet normal 0 0 1
    outer loop
      vertex -12.3106 16.8409 4.3
      vertex -13.1129 13.8465 4.3
      vertex -12.7467 13.7653 4.3
    endloop
  endfacet
  facet normal 0 0 1
    outer loop
      vertex -15.3835 17.5996 4.3
      vertex -13.0876 17.4929 4.3
      vertex -13.1276 17.5896 4.3
    endloop
  endfacet
  facet normal 0 0 1
    outer loop
      vertex -15.041 18.046 4.3
      vertex -13.1276 17.5896 4.3
      vertex -13.1591 17.6894 4.3
    endloop
  endfacet
  facet normal 0 0 1
    outer loop
      vertex -15.041 18.046 4.3
      vertex -13.1591 17.6894 4.3
      vertex -13.1818 17.7916 4.3
    endloop
  endfacet
  facet normal 0 0 1
    outer loop
      vertex -14.6608 18.4608 4.3
      vertex -13.1818 17.7916 4.3
      vertex -13.1954 17.8954 4.3
    endloop
  endfacet
  facet normal 0 0 1
    outer loop
      vertex -14.6608 18.4608 4.3
      vertex -13.1954 17.8954 4.3
      vertex -13.2 18 4.3
    endloop
  endfacet
  facet normal 0 0 1
    outer loop
      vertex -13.1818 18.2084 4.3
      vertex -14.246 18.841 4.3
      vertex -13.1954 18.1046 4.3
    endloop
  endfacet
  facet normal -0 0 1
    outer loop
      vertex -14.6608 18.4608 4.3
      vertex -13.1954 18.1046 4.3
      vertex -14.246 18.841 4.3
    endloop
  endfacet
  facet normal 0 0 1
    outer loop
      vertex -13.1954 18.1046 4.3
      vertex -14.6608 18.4608 4.3
      vertex -13.2 18 4.3
    endloop
  endfacet
  facet normal 0 0 1
    outer loop
      vertex -12.4104 16.8724 4.3
      vertex -13.4707 13.9593 4.3
      vertex -13.1129 13.8465 4.3
    endloop
  endfacet
  facet normal 0 0 1
    outer loop
      vertex -12.5071 16.9124 4.3
      vertex -13.8173 14.1029 4.3
      vertex -13.4707 13.9593 4.3
    endloop
  endfacet
  facet normal 0 0 1
    outer loop
      vertex -13.1818 17.7916 4.3
      vertex -14.6608 18.4608 4.3
      vertex -15.041 18.046 4.3
    endloop
  endfacet
  facet normal 0 0 1
    outer loop
      vertex -12.6 16.9608 4.3
      vertex -14.15 14.2761 4.3
      vertex -13.8173 14.1029 4.3
    endloop
  endfacet
  facet normal 0 0 1
    outer loop
      vertex -12.6883 17.017 4.3
      vertex -14.4664 14.4776 4.3
      vertex -14.15 14.2761 4.3
    endloop
  endfacet
  facet normal 0 0 1
    outer loop
      vertex -13.1276 17.5896 4.3
      vertex -15.041 18.046 4.3
      vertex -15.3835 17.5996 4.3
    endloop
  endfacet
  facet normal 0 0 1
    outer loop
      vertex -12.7713 17.0807 4.3
      vertex -14.764 14.706 4.3
      vertex -14.4664 14.4776 4.3
    endloop
  endfacet
  facet normal 0 0 1
    outer loop
      vertex -12.8485 17.1515 4.3
      vertex -15.0406 14.9594 4.3
      vertex -14.764 14.706 4.3
    endloop
  endfacet
  facet normal 0 0 1
    outer loop
      vertex -13.0392 17.4 4.3
      vertex -15.3835 17.5996 4.3
      vertex -15.6859 17.125 4.3
    endloop
  endfacet
  facet normal 0 0 1
    outer loop
      vertex -12.9193 17.2287 4.3
      vertex -15.294 15.236 4.3
      vertex -15.0406 14.9594 4.3
    endloop
  endfacet
  facet normal 0 0 1
    outer loop
      vertex -12.983 17.3117 4.3
      vertex -15.5224 15.5336 4.3
      vertex -15.294 15.236 4.3
    endloop
  endfacet
  facet normal 0 0 1
    outer loop
      vertex -12.983 17.3117 4.3
      vertex -15.6859 17.125 4.3
      vertex -15.5224 15.5336 4.3
    endloop
  endfacet
  facet normal 0 0 1
    outer loop
      vertex -15.6859 17.125 4.3
      vertex -15.7239 15.85 4.3
      vertex -15.5224 15.5336 4.3
    endloop
  endfacet
  facet normal 0 0 1
    outer loop
      vertex -15.6859 17.125 4.3
      vertex -15.8971 16.1827 4.3
      vertex -15.7239 15.85 4.3
    endloop
  endfacet
  facet normal -0 0 1
    outer loop
      vertex -15.9457 16.6259 4.3
      vertex -15.8971 16.1827 4.3
      vertex -15.6859 17.125 4.3
    endloop
  endfacet
  facet normal 0 0 1
    outer loop
      vertex -15.8971 16.1827 4.3
      vertex -15.9457 16.6259 4.3
      vertex -16.0132 16.4629 4.3
    endloop
  endfacet
  facet normal -0.886992 0.461785 0
    outer loop
      vertex 8.10288 -16.1827 1.6
      vertex 8.27609 -15.85 4.3
      vertex 8.27609 -15.85 1.6
    endloop
  endfacet
  facet normal -0.886992 0.461785 0
    outer loop
      vertex 8.27609 -15.85 4.3
      vertex 8.10288 -16.1827 1.6
      vertex 8.10288 -16.1827 4.3
    endloop
  endfacet
  facet normal 0.675507 0.737353 -0
    outer loop
      vertex 15.0406 -14.9594 3.08554
      vertex 14.764 -14.706 4.3
      vertex 15.0406 -14.9594 4.3
    endloop
  endfacet
  facet normal 0.675507 0.737353 0
    outer loop
      vertex 14.764 -14.706 4.3
      vertex 15.0406 -14.9594 3.08554
      vertex 14.764 -14.706 2.80804
    endloop
  endfacet
  facet normal -0.991442 -0.130548 0
    outer loop
      vertex 7.76533 -18.7467 2.99135
      vertex 7.71636 -18.3748 4.3
      vertex 7.71636 -18.3748 2.61819
    endloop
  endfacet
  facet normal -0.991442 -0.130548 0
    outer loop
      vertex 7.71636 -18.3748 4.3
      vertex 7.76533 -18.7467 2.99135
      vertex 7.76533 -18.7467 4.3
    endloop
  endfacet
  facet normal -0.0437148 0.999044 0
    outer loop
      vertex 12 -13.7 1.6
      vertex 11.6252 -13.7164 4.3
      vertex 12 -13.7 4.3
    endloop
  endfacet
  facet normal -0.0437148 0.999044 0
    outer loop
      vertex 11.6252 -13.7164 4.3
      vertex 12 -13.7 1.6
      vertex 11.6252 -13.7164 1.6
    endloop
  endfacet
  facet normal -0.675547 0.737317 0
    outer loop
      vertex 9.23601 -14.706 1.6
      vertex 8.95944 -14.9594 4.3
      vertex 9.23601 -14.706 4.3
    endloop
  endfacet
  facet normal -0.675547 0.737317 0
    outer loop
      vertex 8.95944 -14.9594 4.3
      vertex 9.23601 -14.706 1.6
      vertex 8.95944 -14.9594 1.6
    endloop
  endfacet
  facet normal 0.608834 0.793297 -0
    outer loop
      vertex 14.764 -14.706 2.80804
      vertex 14.4664 -14.4776 4.3
      vertex 14.764 -14.706 4.3
    endloop
  endfacet
  facet normal 0.608834 0.793297 0
    outer loop
      vertex 14.4664 -14.4776 4.3
      vertex 14.764 -14.706 2.80804
      vertex 14.4664 -14.4776 2.50944
    endloop
  endfacet
  facet normal -0.976293 -0.216453 0
    outer loop
      vertex 7.84652 -19.1129 3.35881
      vertex 7.76533 -18.7467 4.3
      vertex 7.76533 -18.7467 2.99135
    endloop
  endfacet
  facet normal -0.976293 -0.216453 0
    outer loop
      vertex 7.76533 -18.7467 4.3
      vertex 7.84652 -19.1129 3.35881
      vertex 7.84652 -19.1129 4.3
    endloop
  endfacet
  facet normal -0.737313 0.675551 0
    outer loop
      vertex 8.70601 -15.236 1.6
      vertex 8.95944 -14.9594 4.3
      vertex 8.95944 -14.9594 1.6
    endloop
  endfacet
  facet normal -0.737313 0.675551 0
    outer loop
      vertex 8.95944 -14.9594 4.3
      vertex 8.70601 -15.236 1.6
      vertex 8.70601 -15.236 4.3
    endloop
  endfacet
  facet normal 0.737353 0.675507 -0
    outer loop
      vertex 15.294 -15.236 3.33982
      vertex 15.0406 -14.9594 4.3
      vertex 15.294 -15.236 4.3
    endloop
  endfacet
  facet normal 0.737353 0.675507 0
    outer loop
      vertex 15.0406 -14.9594 4.3
      vertex 15.294 -15.236 3.33982
      vertex 15.0406 -14.9594 3.08554
    endloop
  endfacet
  facet normal -0.999049 0.0436084 0
    outer loop
      vertex 7.7 -18 2.24218
      vertex 7.71636 -17.6252 4.3
      vertex 7.71636 -17.6252 1.86616
    endloop
  endfacet
  facet normal -0.999049 0.0436084 0
    outer loop
      vertex 7.71636 -17.6252 4.3
      vertex 7.7 -18 2.24218
      vertex 7.7 -18 4.3
    endloop
  endfacet
  facet normal 0.537169 0.843475 -0
    outer loop
      vertex 14.4664 -14.4776 2.50944
      vertex 14.15 -14.2761 4.3
      vertex 14.4664 -14.4776 4.3
    endloop
  endfacet
  facet normal 0.537169 0.843475 0
    outer loop
      vertex 14.15 -14.2761 4.3
      vertex 14.4664 -14.4776 2.50944
      vertex 14.15 -14.2761 2.19201
    endloop
  endfacet
  facet normal 0.923836 0.382789 -0
    outer loop
      vertex 16.0132 -16.4629 4.0614
      vertex 15.8971 -16.1827 4.3
      vertex 16.0132 -16.4629 4.3
    endloop
  endfacet
  facet normal 0.923836 0.382789 0
    outer loop
      vertex 15.8971 -16.1827 4.3
      vertex 16.0132 -16.4629 4.0614
      vertex 15.8971 -16.1827 3.94496
    endloop
  endfacet
  facet normal -0.923886 -0.382669 0
    outer loop
      vertex 8.10288 -19.8173 4.06549
      vertex 7.95932 -19.4707 4.3
      vertex 7.95932 -19.4707 3.71776
    endloop
  endfacet
  facet normal -0.923886 -0.382669 0
    outer loop
      vertex 7.95932 -19.4707 4.3
      vertex 8.10288 -19.8173 4.06549
      vertex 8.10288 -19.8173 4.3
    endloop
  endfacet
  facet normal -0.38276 0.923848 0
    outer loop
      vertex 10.5293 -13.9593 1.6
      vertex 10.1827 -14.1029 4.3
      vertex 10.5293 -13.9593 4.3
    endloop
  endfacet
  facet normal -0.38276 0.923848 0
    outer loop
      vertex 10.1827 -14.1029 4.3
      vertex 10.5293 -13.9593 1.6
      vertex 10.1827 -14.1029 1.6
    endloop
  endfacet
  facet normal 0.38276 0.923848 -0
    outer loop
      vertex 13.8173 -14.1029 1.85816
      vertex 13.4707 -13.9593 4.3
      vertex 13.8173 -14.1029 4.3
    endloop
  endfacet
  facet normal 0.382778 0.92384 -2.88529e-05
    outer loop
      vertex 13.4707 -13.9593 1.6
      vertex 13.8173 -14.1029 1.85816
      vertex 13.56 -13.9963 1.6
    endloop
  endfacet
  facet normal 0.38276 0.923848 0
    outer loop
      vertex 13.8173 -14.1029 1.85816
      vertex 13.4707 -13.9593 1.6
      vertex 13.4707 -13.9593 4.3
    endloop
  endfacet
  facet normal -0.461764 0.887003 0
    outer loop
      vertex 10.1827 -14.1029 1.6
      vertex 9.85 -14.2761 4.3
      vertex 10.1827 -14.1029 4.3
    endloop
  endfacet
  facet normal -0.461764 0.887003 0
    outer loop
      vertex 9.85 -14.2761 4.3
      vertex 10.1827 -14.1029 1.6
      vertex 9.85 -14.2761 1.6
    endloop
  endfacet
  facet normal -0.999049 -0.0436084 0
    outer loop
      vertex 7.71636 -18.3748 2.61819
      vertex 7.7 -18 4.3
      vertex 7.7 -18 2.24218
    endloop
  endfacet
  facet normal -0.999049 -0.0436084 0
    outer loop
      vertex 7.7 -18 4.3
      vertex 7.71636 -18.3748 2.61819
      vertex 7.71636 -18.3748 4.3
    endloop
  endfacet
  facet normal -0.608822 0.793307 0
    outer loop
      vertex 9.53362 -14.4776 1.6
      vertex 9.23601 -14.706 4.3
      vertex 9.53362 -14.4776 4.3
    endloop
  endfacet
  facet normal -0.608822 0.793307 0
    outer loop
      vertex 9.23601 -14.706 4.3
      vertex 9.53362 -14.4776 1.6
      vertex 9.23601 -14.706 1.6
    endloop
  endfacet
  facet normal -0.537193 0.843459 0
    outer loop
      vertex 9.85 -14.2761 1.6
      vertex 9.53362 -14.4776 4.3
      vertex 9.85 -14.2761 4.3
    endloop
  endfacet
  facet normal -0.537193 0.843459 0
    outer loop
      vertex 9.53362 -14.4776 4.3
      vertex 9.85 -14.2761 1.6
      vertex 9.53362 -14.4776 1.6
    endloop
  endfacet
  facet normal 0.216479 0.976287 -0
    outer loop
      vertex 13.1129 -13.8465 1.6
      vertex 12.7467 -13.7653 4.3
      vertex 13.1129 -13.8465 4.3
    endloop
  endfacet
  facet normal 0.216479 0.976287 0
    outer loop
      vertex 12.7467 -13.7653 4.3
      vertex 13.1129 -13.8465 1.6
      vertex 12.7467 -13.7653 1.6
    endloop
  endfacet
  facet normal -0.953728 0.300672 0
    outer loop
      vertex 7.84652 -16.8871 1.6
      vertex 7.95932 -16.5293 4.3
      vertex 7.95932 -16.5293 1.6
    endloop
  endfacet
  facet normal -0.953728 0.300672 0
    outer loop
      vertex 7.95932 -16.5293 4.3
      vertex 7.84652 -16.8871 1.6
      vertex 7.84652 -16.8871 4.3
    endloop
  endfacet
  facet normal 0.793297 0.608834 -0
    outer loop
      vertex 15.5224 -15.5336 3.56894
      vertex 15.294 -15.236 4.3
      vertex 15.5224 -15.5336 4.3
    endloop
  endfacet
  facet normal 0.793297 0.608834 0
    outer loop
      vertex 15.294 -15.236 4.3
      vertex 15.5224 -15.5336 3.56894
      vertex 15.294 -15.236 3.33982
    endloop
  endfacet
  facet normal 0.461764 0.887003 -0
    outer loop
      vertex 14.15 -14.2761 2.19201
      vertex 13.8173 -14.1029 4.3
      vertex 14.15 -14.2761 4.3
    endloop
  endfacet
  facet normal 0.461764 0.887003 0
    outer loop
      vertex 13.8173 -14.1029 4.3
      vertex 14.15 -14.2761 2.19201
      vertex 13.8173 -14.1029 1.85816
    endloop
  endfacet
  facet normal -0.991454 0.130459 -0.000126483
    outer loop
      vertex 7.71636 -17.6252 1.86616
      vertex 7.76533 -17.2533 1.6
      vertex 7.75129 -17.36 1.6
    endloop
  endfacet
  facet normal -0.991442 0.130548 0
    outer loop
      vertex 7.76533 -17.2533 1.6
      vertex 7.71636 -17.6252 1.86616
      vertex 7.76533 -17.2533 4.3
    endloop
  endfacet
  facet normal -0.991442 0.130548 0
    outer loop
      vertex 7.76533 -17.2533 4.3
      vertex 7.71636 -17.6252 1.86616
      vertex 7.71636 -17.6252 4.3
    endloop
  endfacet
  facet normal 0.887003 0.461764 -0
    outer loop
      vertex 15.8971 -16.1827 3.94496
      vertex 15.7239 -15.85 4.3
      vertex 15.8971 -16.1827 4.3
    endloop
  endfacet
  facet normal 0.887003 0.461764 0
    outer loop
      vertex 15.7239 -15.85 4.3
      vertex 15.8971 -16.1827 3.94496
      vertex 15.7239 -15.85 3.77117
    endloop
  endfacet
  facet normal 0.843475 0.537169 -0
    outer loop
      vertex 15.7239 -15.85 3.77117
      vertex 15.5224 -15.5336 4.3
      vertex 15.7239 -15.85 4.3
    endloop
  endfacet
  facet normal 0.843475 0.537169 0
    outer loop
      vertex 15.5224 -15.5336 4.3
      vertex 15.7239 -15.85 3.77117
      vertex 15.5224 -15.5336 3.56894
    endloop
  endfacet
  facet normal -0.216479 0.976287 0
    outer loop
      vertex 11.2533 -13.7653 1.6
      vertex 10.8871 -13.8465 4.3
      vertex 11.2533 -13.7653 4.3
    endloop
  endfacet
  facet normal -0.216479 0.976287 0
    outer loop
      vertex 10.8871 -13.8465 4.3
      vertex 11.2533 -13.7653 1.6
      vertex 10.8871 -13.8465 1.6
    endloop
  endfacet
  facet normal -0.130365 0.991466 0
    outer loop
      vertex 11.6252 -13.7164 1.6
      vertex 11.2533 -13.7653 4.3
      vertex 11.6252 -13.7164 4.3
    endloop
  endfacet
  facet normal -0.130365 0.991466 0
    outer loop
      vertex 11.2533 -13.7653 4.3
      vertex 11.6252 -13.7164 1.6
      vertex 11.2533 -13.7653 1.6
    endloop
  endfacet
  facet normal -0.300672 0.953728 0
    outer loop
      vertex 10.8871 -13.8465 1.6
      vertex 10.5293 -13.9593 4.3
      vertex 10.8871 -13.8465 4.3
    endloop
  endfacet
  facet normal -0.300672 0.953728 0
    outer loop
      vertex 10.5293 -13.9593 4.3
      vertex 10.8871 -13.8465 1.6
      vertex 10.5293 -13.9593 1.6
    endloop
  endfacet
  facet normal -0.88699 -0.461789 -0
    outer loop
      vertex 8.10288 -19.8173 4.3
      vertex 8.10288 -19.8173 4.06549
      vertex 8.22455 -20.051 4.3
    endloop
  endfacet
  facet normal -0.923886 0.382669 0
    outer loop
      vertex 7.95932 -16.5293 1.6
      vertex 8.10288 -16.1827 4.3
      vertex 8.10288 -16.1827 1.6
    endloop
  endfacet
  facet normal -0.923886 0.382669 0
    outer loop
      vertex 8.10288 -16.1827 4.3
      vertex 7.95932 -16.5293 1.6
      vertex 7.95932 -16.5293 4.3
    endloop
  endfacet
  facet normal -0.976293 0.216453 0
    outer loop
      vertex 7.76533 -17.2533 1.6
      vertex 7.84652 -16.8871 4.3
      vertex 7.84652 -16.8871 1.6
    endloop
  endfacet
  facet normal -0.976293 0.216453 0
    outer loop
      vertex 7.84652 -16.8871 4.3
      vertex 7.76533 -17.2533 1.6
      vertex 7.76533 -17.2533 4.3
    endloop
  endfacet
  facet normal 0.0437148 0.999044 -0
    outer loop
      vertex 12.3748 -13.7164 1.6
      vertex 12 -13.7 4.3
      vertex 12.3748 -13.7164 4.3
    endloop
  endfacet
  facet normal 0.0437148 0.999044 0
    outer loop
      vertex 12 -13.7 4.3
      vertex 12.3748 -13.7164 1.6
      vertex 12 -13.7 1.6
    endloop
  endfacet
  facet normal 0.130365 0.991466 -0
    outer loop
      vertex 12.7467 -13.7653 1.6
      vertex 12.3748 -13.7164 4.3
      vertex 12.7467 -13.7653 4.3
    endloop
  endfacet
  facet normal 0.130365 0.991466 0
    outer loop
      vertex 12.3748 -13.7164 4.3
      vertex 12.7467 -13.7653 1.6
      vertex 12.3748 -13.7164 1.6
    endloop
  endfacet
  facet normal -0.843402 0.537282 0
    outer loop
      vertex 8.27609 -15.85 1.6
      vertex 8.47765 -15.5336 4.3
      vertex 8.47765 -15.5336 1.6
    endloop
  endfacet
  facet normal -0.843402 0.537282 0
    outer loop
      vertex 8.47765 -15.5336 4.3
      vertex 8.27609 -15.85 1.6
      vertex 8.27609 -15.85 4.3
    endloop
  endfacet
  facet normal -0.793349 0.608767 0
    outer loop
      vertex 8.47765 -15.5336 1.6
      vertex 8.70601 -15.236 4.3
      vertex 8.70601 -15.236 1.6
    endloop
  endfacet
  facet normal -0.793349 0.608767 0
    outer loop
      vertex 8.70601 -15.236 4.3
      vertex 8.47765 -15.5336 1.6
      vertex 8.47765 -15.5336 4.3
    endloop
  endfacet
  facet normal 0.300672 0.953728 -0
    outer loop
      vertex 13.4707 -13.9593 1.6
      vertex 13.1129 -13.8465 4.3
      vertex 13.4707 -13.9593 4.3
    endloop
  endfacet
  facet normal 0.300672 0.953728 0
    outer loop
      vertex 13.1129 -13.8465 4.3
      vertex 13.4707 -13.9593 1.6
      vertex 13.1129 -13.8465 1.6
    endloop
  endfacet
  facet normal -0.953728 -0.300672 0
    outer loop
      vertex 7.95932 -19.4707 3.71776
      vertex 7.84652 -19.1129 4.3
      vertex 7.84652 -19.1129 3.35881
    endloop
  endfacet
  facet normal -0.953728 -0.300672 0
    outer loop
      vertex 7.84652 -19.1129 4.3
      vertex 7.95932 -19.4707 3.71776
      vertex 7.95932 -19.4707 4.3
    endloop
  endfacet
  facet normal 0 0 1
    outer loop
      vertex 15.8971 -16.1827 4.3
      vertex 15.9457 -16.6259 4.3
      vertex 16.0132 -16.4629 4.3
    endloop
  endfacet
  facet normal 0 0 1
    outer loop
      vertex 15.6859 -17.125 4.3
      vertex 15.8971 -16.1827 4.3
      vertex 15.7239 -15.85 4.3
    endloop
  endfacet
  facet normal 0 0 1
    outer loop
      vertex 15.8971 -16.1827 4.3
      vertex 15.6859 -17.125 4.3
      vertex 15.9457 -16.6259 4.3
    endloop
  endfacet
  facet normal 0 0 1
    outer loop
      vertex 15.5224 -15.5336 4.3
      vertex 15.6859 -17.125 4.3
      vertex 15.7239 -15.85 4.3
    endloop
  endfacet
  facet normal 0 0 1
    outer loop
      vertex 12.983 -17.3117 4.3
      vertex 15.6859 -17.125 4.3
      vertex 15.5224 -15.5336 4.3
    endloop
  endfacet
  facet normal 0 0 1
    outer loop
      vertex 12.983 -17.3117 4.3
      vertex 15.5224 -15.5336 4.3
      vertex 15.294 -15.236 4.3
    endloop
  endfacet
  facet normal 0 -0 1
    outer loop
      vertex 13.0392 -17.4 4.3
      vertex 15.6859 -17.125 4.3
      vertex 12.983 -17.3117 4.3
    endloop
  endfacet
  facet normal 0 0 1
    outer loop
      vertex 12.9193 -17.2287 4.3
      vertex 15.294 -15.236 4.3
      vertex 15.0406 -14.9594 4.3
    endloop
  endfacet
  facet normal 0 0 1
    outer loop
      vertex 12.8485 -17.1515 4.3
      vertex 15.0406 -14.9594 4.3
      vertex 14.764 -14.706 4.3
    endloop
  endfacet
  facet normal -0 -0 1
    outer loop
      vertex 13.0876 -17.4929 4.3
      vertex 15.3835 -17.5996 4.3
      vertex 13.0392 -17.4 4.3
    endloop
  endfacet
  facet normal 0 0 1
    outer loop
      vertex 12.7713 -17.0807 4.3
      vertex 14.764 -14.706 4.3
      vertex 14.4664 -14.4776 4.3
    endloop
  endfacet
  facet normal -0 -0 1
    outer loop
      vertex 13.1276 -17.5896 4.3
      vertex 15.3835 -17.5996 4.3
      vertex 13.0876 -17.4929 4.3
    endloop
  endfacet
  facet normal 0 0 1
    outer loop
      vertex 12.6883 -17.017 4.3
      vertex 14.4664 -14.4776 4.3
      vertex 14.15 -14.2761 4.3
    endloop
  endfacet
  facet normal 0 0 1
    outer loop
      vertex 12.6 -16.9608 4.3
      vertex 14.15 -14.2761 4.3
      vertex 13.8173 -14.1029 4.3
    endloop
  endfacet
  facet normal -0 -0 1
    outer loop
      vertex 13.1591 -17.6894 4.3
      vertex 15.041 -18.046 4.3
      vertex 13.1276 -17.5896 4.3
    endloop
  endfacet
  facet normal 0 0 1
    outer loop
      vertex 12.5071 -16.9124 4.3
      vertex 13.8173 -14.1029 4.3
      vertex 13.4707 -13.9593 4.3
    endloop
  endfacet
  facet normal -0 -0 1
    outer loop
      vertex 13.1954 -17.8954 4.3
      vertex 14.6608 -18.4608 4.3
      vertex 13.1818 -17.7916 4.3
    endloop
  endfacet
  facet normal -0 0 1
    outer loop
      vertex 13.1818 -18.2084 4.3
      vertex 14.246 -18.841 4.3
      vertex 13.1954 -18.1046 4.3
    endloop
  endfacet
  facet normal 0 0 1
    outer loop
      vertex 14.6608 -18.4608 4.3
      vertex 13.1954 -18.1046 4.3
      vertex 14.246 -18.841 4.3
    endloop
  endfacet
  facet normal -0 0 1
    outer loop
      vertex 13.1954 -18.1046 4.3
      vertex 14.6608 -18.4608 4.3
      vertex 13.2 -18 4.3
    endloop
  endfacet
  facet normal -0 -0 1
    outer loop
      vertex 13.2 -18 4.3
      vertex 14.6608 -18.4608 4.3
      vertex 13.1954 -17.8954 4.3
    endloop
  endfacet
  facet normal 0 0 1
    outer loop
      vertex 15.041 -18.046 4.3
      vertex 13.1818 -17.7916 4.3
      vertex 14.6608 -18.4608 4.3
    endloop
  endfacet
  facet normal 0 0 1
    outer loop
      vertex 12.4104 -16.8724 4.3
      vertex 13.4707 -13.9593 4.3
      vertex 13.1129 -13.8465 4.3
    endloop
  endfacet
  facet normal -0 -0 1
    outer loop
      vertex 13.1818 -17.7916 4.3
      vertex 15.041 -18.046 4.3
      vertex 13.1591 -17.6894 4.3
    endloop
  endfacet
  facet normal 0 0 1
    outer loop
      vertex 15.3835 -17.5996 4.3
      vertex 13.1276 -17.5896 4.3
      vertex 15.041 -18.046 4.3
    endloop
  endfacet
  facet normal 0 0 1
    outer loop
      vertex 15.6859 -17.125 4.3
      vertex 13.0392 -17.4 4.3
      vertex 15.3835 -17.5996 4.3
    endloop
  endfacet
  facet normal 0 0 1
    outer loop
      vertex 15.294 -15.236 4.3
      vertex 12.9193 -17.2287 4.3
      vertex 12.983 -17.3117 4.3
    endloop
  endfacet
  facet normal 0 0 1
    outer loop
      vertex 15.0406 -14.9594 4.3
      vertex 12.8485 -17.1515 4.3
      vertex 12.9193 -17.2287 4.3
    endloop
  endfacet
  facet normal 0 0 1
    outer loop
      vertex 14.764 -14.706 4.3
      vertex 12.7713 -17.0807 4.3
      vertex 12.8485 -17.1515 4.3
    endloop
  endfacet
  facet normal 0 0 1
    outer loop
      vertex 12.3106 -16.8409 4.3
      vertex 13.1129 -13.8465 4.3
      vertex 12.7467 -13.7653 4.3
    endloop
  endfacet
  facet normal 0 0 1
    outer loop
      vertex 14.4664 -14.4776 4.3
      vertex 12.6883 -17.017 4.3
      vertex 12.7713 -17.0807 4.3
    endloop
  endfacet
  facet normal 0 0 1
    outer loop
      vertex 14.15 -14.2761 4.3
      vertex 12.6 -16.9608 4.3
      vertex 12.6883 -17.017 4.3
    endloop
  endfacet
  facet normal 0 0 1
    outer loop
      vertex 13.8173 -14.1029 4.3
      vertex 12.5071 -16.9124 4.3
      vertex 12.6 -16.9608 4.3
    endloop
  endfacet
  facet normal 0 0 1
    outer loop
      vertex 13.4707 -13.9593 4.3
      vertex 12.4104 -16.8724 4.3
      vertex 12.5071 -16.9124 4.3
    endloop
  endfacet
  facet normal 0 0 1
    outer loop
      vertex 12.2084 -16.8182 4.3
      vertex 12.7467 -13.7653 4.3
      vertex 12.3748 -13.7164 4.3
    endloop
  endfacet
  facet normal 0 0 1
    outer loop
      vertex 13.1129 -13.8465 4.3
      vertex 12.3106 -16.8409 4.3
      vertex 12.4104 -16.8724 4.3
    endloop
  endfacet
  facet normal 0 0 1
    outer loop
      vertex 12.7467 -13.7653 4.3
      vertex 12.2084 -16.8182 4.3
      vertex 12.3106 -16.8409 4.3
    endloop
  endfacet
  facet normal 0 0 1
    outer loop
      vertex 12.3748 -13.7164 4.3
      vertex 12.1046 -16.8046 4.3
      vertex 12.2084 -16.8182 4.3
    endloop
  endfacet
  facet normal 0 0 1
    outer loop
      vertex 12 -13.7 4.3
      vertex 12.1046 -16.8046 4.3
      vertex 12.3748 -13.7164 4.3
    endloop
  endfacet
  facet normal 0 0 1
    outer loop
      vertex 12 -13.7 4.3
      vertex 12 -16.8 4.3
      vertex 12.1046 -16.8046 4.3
    endloop
  endfacet
  facet normal 0 0 1
    outer loop
      vertex 12 -13.7 4.3
      vertex 11.8954 -16.8046 4.3
      vertex 12 -16.8 4.3
    endloop
  endfacet
  facet normal -0 0 1
    outer loop
      vertex 11.6252 -13.7164 4.3
      vertex 11.8954 -16.8046 4.3
      vertex 12 -13.7 4.3
    endloop
  endfacet
  facet normal 0 0 1
    outer loop
      vertex 11.8954 -16.8046 4.3
      vertex 11.6252 -13.7164 4.3
      vertex 11.7916 -16.8182 4.3
    endloop
  endfacet
  facet normal -0 0 1
    outer loop
      vertex 11.2533 -13.7653 4.3
      vertex 11.7916 -16.8182 4.3
      vertex 11.6252 -13.7164 4.3
    endloop
  endfacet
  facet normal 0 0 1
    outer loop
      vertex 11.7916 -16.8182 4.3
      vertex 11.2533 -13.7653 4.3
      vertex 11.6894 -16.8409 4.3
    endloop
  endfacet
  facet normal -0 0 1
    outer loop
      vertex 10.8871 -13.8465 4.3
      vertex 11.6894 -16.8409 4.3
      vertex 11.2533 -13.7653 4.3
    endloop
  endfacet
  facet normal 0 0 1
    outer loop
      vertex 11.6894 -16.8409 4.3
      vertex 10.8871 -13.8465 4.3
      vertex 11.5896 -16.8724 4.3
    endloop
  endfacet
  facet normal -0 0 1
    outer loop
      vertex 10.5293 -13.9593 4.3
      vertex 11.5896 -16.8724 4.3
      vertex 10.8871 -13.8465 4.3
    endloop
  endfacet
  facet normal 0 0 1
    outer loop
      vertex 11.5896 -16.8724 4.3
      vertex 10.5293 -13.9593 4.3
      vertex 11.4929 -16.9124 4.3
    endloop
  endfacet
  facet normal -0 0 1
    outer loop
      vertex 10.1827 -14.1029 4.3
      vertex 11.4929 -16.9124 4.3
      vertex 10.5293 -13.9593 4.3
    endloop
  endfacet
  facet normal 0 0 1
    outer loop
      vertex 11.4929 -16.9124 4.3
      vertex 10.1827 -14.1029 4.3
      vertex 11.4 -16.9608 4.3
    endloop
  endfacet
  facet normal -0 0 1
    outer loop
      vertex 9.85 -14.2761 4.3
      vertex 11.4 -16.9608 4.3
      vertex 10.1827 -14.1029 4.3
    endloop
  endfacet
  facet normal 0 0 1
    outer loop
      vertex 11.4 -16.9608 4.3
      vertex 9.85 -14.2761 4.3
      vertex 11.3117 -17.017 4.3
    endloop
  endfacet
  facet normal -0 0 1
    outer loop
      vertex 9.53362 -14.4776 4.3
      vertex 11.3117 -17.017 4.3
      vertex 9.85 -14.2761 4.3
    endloop
  endfacet
  facet normal 0 0 1
    outer loop
      vertex 11.3117 -17.017 4.3
      vertex 9.53362 -14.4776 4.3
      vertex 11.2287 -17.0807 4.3
    endloop
  endfacet
  facet normal -0 0 1
    outer loop
      vertex 9.23601 -14.706 4.3
      vertex 11.2287 -17.0807 4.3
      vertex 9.53362 -14.4776 4.3
    endloop
  endfacet
  facet normal 0 0 1
    outer loop
      vertex 11.2287 -17.0807 4.3
      vertex 9.23601 -14.706 4.3
      vertex 11.1515 -17.1515 4.3
    endloop
  endfacet
  facet normal -0 0 1
    outer loop
      vertex 8.95944 -14.9594 4.3
      vertex 11.1515 -17.1515 4.3
      vertex 9.23601 -14.706 4.3
    endloop
  endfacet
  facet normal 0 0 1
    outer loop
      vertex 11.1515 -17.1515 4.3
      vertex 8.95944 -14.9594 4.3
      vertex 11.0807 -17.2287 4.3
    endloop
  endfacet
  facet normal -0 0 1
    outer loop
      vertex 8.70601 -15.236 4.3
      vertex 11.0807 -17.2287 4.3
      vertex 8.95944 -14.9594 4.3
    endloop
  endfacet
  facet normal 0 0 1
    outer loop
      vertex 11.0807 -17.2287 4.3
      vertex 8.70601 -15.236 4.3
      vertex 11.017 -17.3117 4.3
    endloop
  endfacet
  facet normal -0 0 1
    outer loop
      vertex 8.47765 -15.5336 4.3
      vertex 11.017 -17.3117 4.3
      vertex 8.70601 -15.236 4.3
    endloop
  endfacet
  facet normal -0 0 1
    outer loop
      vertex 13.1591 -18.3106 4.3
      vertex 14.246 -18.841 4.3
      vertex 13.1818 -18.2084 4.3
    endloop
  endfacet
  facet normal -0 0 1
    outer loop
      vertex 13.1276 -18.4104 4.3
      vertex 14.246 -18.841 4.3
      vertex 13.1591 -18.3106 4.3
    endloop
  endfacet
  facet normal 0 0 1
    outer loop
      vertex 14.246 -18.841 4.3
      vertex 13.1276 -18.4104 4.3
      vertex 13.7996 -19.1835 4.3
    endloop
  endfacet
  facet normal -0 0 1
    outer loop
      vertex 13.0876 -18.5071 4.3
      vertex 13.7996 -19.1835 4.3
      vertex 13.1276 -18.4104 4.3
    endloop
  endfacet
  facet normal -0 0 1
    outer loop
      vertex 13.0392 -18.6 4.3
      vertex 13.7996 -19.1835 4.3
      vertex 13.0876 -18.5071 4.3
    endloop
  endfacet
  facet normal -0 0 1
    outer loop
      vertex 12.983 -18.6883 4.3
      vertex 13.7996 -19.1835 4.3
      vertex 13.0392 -18.6 4.3
    endloop
  endfacet
  facet normal 0 0 1
    outer loop
      vertex 13.7996 -19.1835 4.3
      vertex 12.983 -18.6883 4.3
      vertex 13.325 -19.4859 4.3
    endloop
  endfacet
  facet normal -0 0 1
    outer loop
      vertex 12.9193 -18.7713 4.3
      vertex 13.325 -19.4859 4.3
      vertex 12.983 -18.6883 4.3
    endloop
  endfacet
  facet normal -0 0 1
    outer loop
      vertex 12.8485 -18.8485 4.3
      vertex 13.325 -19.4859 4.3
      vertex 12.9193 -18.7713 4.3
    endloop
  endfacet
  facet normal -0 0 1
    outer loop
      vertex 12.7713 -18.9193 4.3
      vertex 13.325 -19.4859 4.3
      vertex 12.8485 -18.8485 4.3
    endloop
  endfacet
  facet normal -0 0 1
    outer loop
      vertex 12.6883 -18.983 4.3
      vertex 13.325 -19.4859 4.3
      vertex 12.7713 -18.9193 4.3
    endloop
  endfacet
  facet normal 0 0 1
    outer loop
      vertex 13.325 -19.4859 4.3
      vertex 12.6883 -18.983 4.3
      vertex 12.8259 -19.7457 4.3
    endloop
  endfacet
  facet normal -0 0 1
    outer loop
      vertex 12.6 -19.0392 4.3
      vertex 12.8259 -19.7457 4.3
      vertex 12.6883 -18.983 4.3
    endloop
  endfacet
  facet normal -0 0 1
    outer loop
      vertex 12.5071 -19.0876 4.3
      vertex 12.8259 -19.7457 4.3
      vertex 12.6 -19.0392 4.3
    endloop
  endfacet
  facet normal -0 0 1
    outer loop
      vertex 12.4104 -19.1276 4.3
      vertex 12.8259 -19.7457 4.3
      vertex 12.5071 -19.0876 4.3
    endloop
  endfacet
  facet normal -0 0 1
    outer loop
      vertex 12.3106 -19.1591 4.3
      vertex 12.8259 -19.7457 4.3
      vertex 12.4104 -19.1276 4.3
    endloop
  endfacet
  facet normal 0 0 1
    outer loop
      vertex 12.3106 -19.1591 4.3
      vertex 12.306 -19.961 4.3
      vertex 12.8259 -19.7457 4.3
    endloop
  endfacet
  facet normal -0 0 1
    outer loop
      vertex 12.2084 -19.1818 4.3
      vertex 12.306 -19.961 4.3
      vertex 12.3106 -19.1591 4.3
    endloop
  endfacet
  facet normal -0 0 1
    outer loop
      vertex 12.1046 -19.1954 4.3
      vertex 12.306 -19.961 4.3
      vertex 12.2084 -19.1818 4.3
    endloop
  endfacet
  facet normal -0 0 1
    outer loop
      vertex 12 -19.2 4.3
      vertex 12.306 -19.961 4.3
      vertex 12.1046 -19.1954 4.3
    endloop
  endfacet
  facet normal 0 0 1
    outer loop
      vertex 12.306 -19.961 4.3
      vertex 12 -19.2 4.3
      vertex 12.0207 -20.051 4.3
    endloop
  endfacet
  facet normal 0 0 1
    outer loop
      vertex 11.8954 -19.1954 4.3
      vertex 12.0207 -20.051 4.3
      vertex 12 -19.2 4.3
    endloop
  endfacet
  facet normal 0 0 1
    outer loop
      vertex 11.7916 -19.1818 4.3
      vertex 12.0207 -20.051 4.3
      vertex 11.8954 -19.1954 4.3
    endloop
  endfacet
  facet normal 0 0 1
    outer loop
      vertex 11.6894 -19.1591 4.3
      vertex 12.0207 -20.051 4.3
      vertex 11.7916 -19.1818 4.3
    endloop
  endfacet
  facet normal 0 0 1
    outer loop
      vertex 11.5896 -19.1276 4.3
      vertex 12.0207 -20.051 4.3
      vertex 11.6894 -19.1591 4.3
    endloop
  endfacet
  facet normal 0 0 1
    outer loop
      vertex 11.4929 -19.0876 4.3
      vertex 12.0207 -20.051 4.3
      vertex 11.5896 -19.1276 4.3
    endloop
  endfacet
  facet normal 0 0 1
    outer loop
      vertex 11.4 -19.0392 4.3
      vertex 12.0207 -20.051 4.3
      vertex 11.4929 -19.0876 4.3
    endloop
  endfacet
  facet normal 0 0 1
    outer loop
      vertex 11.3117 -18.983 4.3
      vertex 12.0207 -20.051 4.3
      vertex 11.4 -19.0392 4.3
    endloop
  endfacet
  facet normal 0 0 1
    outer loop
      vertex 8.22455 -20.051 4.3
      vertex 11.3117 -18.983 4.3
      vertex 11.2287 -18.9193 4.3
    endloop
  endfacet
  facet normal 0 0 1
    outer loop
      vertex 8.22455 -20.051 4.3
      vertex 11.2287 -18.9193 4.3
      vertex 11.1515 -18.8485 4.3
    endloop
  endfacet
  facet normal 0 0 1
    outer loop
      vertex 8.22455 -20.051 4.3
      vertex 11.1515 -18.8485 4.3
      vertex 11.0807 -18.7713 4.3
    endloop
  endfacet
  facet normal 0 0 1
    outer loop
      vertex 8.22455 -20.051 4.3
      vertex 11.0807 -18.7713 4.3
      vertex 11.017 -18.6883 4.3
    endloop
  endfacet
  facet normal 0 0 1
    outer loop
      vertex 11.017 -17.3117 4.3
      vertex 8.47765 -15.5336 4.3
      vertex 10.9608 -17.4 4.3
    endloop
  endfacet
  facet normal -0 0 1
    outer loop
      vertex 8.27609 -15.85 4.3
      vertex 10.9608 -17.4 4.3
      vertex 8.47765 -15.5336 4.3
    endloop
  endfacet
  facet normal 0 0 1
    outer loop
      vertex 10.9608 -17.4 4.3
      vertex 8.27609 -15.85 4.3
      vertex 10.9124 -17.4929 4.3
    endloop
  endfacet
  facet normal -0 0 1
    outer loop
      vertex 8.10288 -16.1827 4.3
      vertex 10.9124 -17.4929 4.3
      vertex 8.27609 -15.85 4.3
    endloop
  endfacet
  facet normal 0 0 1
    outer loop
      vertex 10.9124 -17.4929 4.3
      vertex 8.10288 -16.1827 4.3
      vertex 10.8724 -17.5896 4.3
    endloop
  endfacet
  facet normal -0 0 1
    outer loop
      vertex 7.95932 -16.5293 4.3
      vertex 10.8724 -17.5896 4.3
      vertex 8.10288 -16.1827 4.3
    endloop
  endfacet
  facet normal 0 0 1
    outer loop
      vertex 10.8724 -17.5896 4.3
      vertex 7.95932 -16.5293 4.3
      vertex 10.8409 -17.6894 4.3
    endloop
  endfacet
  facet normal -0 0 1
    outer loop
      vertex 7.84652 -16.8871 4.3
      vertex 10.8409 -17.6894 4.3
      vertex 7.95932 -16.5293 4.3
    endloop
  endfacet
  facet normal 0 0 1
    outer loop
      vertex 10.8409 -17.6894 4.3
      vertex 7.84652 -16.8871 4.3
      vertex 10.8182 -17.7916 4.3
    endloop
  endfacet
  facet normal -0 0 1
    outer loop
      vertex 7.76533 -17.2533 4.3
      vertex 10.8182 -17.7916 4.3
      vertex 7.84652 -16.8871 4.3
    endloop
  endfacet
  facet normal 0 0 1
    outer loop
      vertex 10.8182 -17.7916 4.3
      vertex 7.76533 -17.2533 4.3
      vertex 10.8046 -17.8954 4.3
    endloop
  endfacet
  facet normal -0 0 1
    outer loop
      vertex 7.71636 -17.6252 4.3
      vertex 10.8046 -17.8954 4.3
      vertex 7.76533 -17.2533 4.3
    endloop
  endfacet
  facet normal 0 0 1
    outer loop
      vertex 10.8046 -17.8954 4.3
      vertex 7.71636 -17.6252 4.3
      vertex 10.8 -18 4.3
    endloop
  endfacet
  facet normal 0 0 1
    outer loop
      vertex 7.7 -18 4.3
      vertex 10.8 -18 4.3
      vertex 7.71636 -17.6252 4.3
    endloop
  endfacet
  facet normal 0 0 1
    outer loop
      vertex 10.8 -18 4.3
      vertex 7.7 -18 4.3
      vertex 10.8046 -18.1046 4.3
    endloop
  endfacet
  facet normal 0 -0 1
    outer loop
      vertex 7.71636 -18.3748 4.3
      vertex 10.8046 -18.1046 4.3
      vertex 7.7 -18 4.3
    endloop
  endfacet
  facet normal 0 0 1
    outer loop
      vertex 10.8046 -18.1046 4.3
      vertex 7.71636 -18.3748 4.3
      vertex 10.8182 -18.2084 4.3
    endloop
  endfacet
  facet normal 0 -0 1
    outer loop
      vertex 7.76533 -18.7467 4.3
      vertex 10.8182 -18.2084 4.3
      vertex 7.71636 -18.3748 4.3
    endloop
  endfacet
  facet normal 0 0 1
    outer loop
      vertex 10.8182 -18.2084 4.3
      vertex 7.76533 -18.7467 4.3
      vertex 10.8409 -18.3106 4.3
    endloop
  endfacet
  facet normal 0 0 1
    outer loop
      vertex 10.9608 -18.6 4.3
      vertex 8.22455 -20.051 4.3
      vertex 11.017 -18.6883 4.3
    endloop
  endfacet
  facet normal 0 0 1
    outer loop
      vertex 11.3117 -18.983 4.3
      vertex 8.22455 -20.051 4.3
      vertex 12.0207 -20.051 4.3
    endloop
  endfacet
  facet normal 0 -0 1
    outer loop
      vertex 7.84652 -19.1129 4.3
      vertex 10.8409 -18.3106 4.3
      vertex 7.76533 -18.7467 4.3
    endloop
  endfacet
  facet normal 0 0 1
    outer loop
      vertex 10.9124 -18.5071 4.3
      vertex 8.22455 -20.051 4.3
      vertex 10.9608 -18.6 4.3
    endloop
  endfacet
  facet normal 0 0 1
    outer loop
      vertex 10.8409 -18.3106 4.3
      vertex 7.84652 -19.1129 4.3
      vertex 10.8724 -18.4104 4.3
    endloop
  endfacet
  facet normal 0 -0 1
    outer loop
      vertex 8.22455 -20.051 4.3
      vertex 10.9124 -18.5071 4.3
      vertex 8.10288 -19.8173 4.3
    endloop
  endfacet
  facet normal 0 -0 1
    outer loop
      vertex 7.95932 -19.4707 4.3
      vertex 10.8724 -18.4104 4.3
      vertex 7.84652 -19.1129 4.3
    endloop
  endfacet
  facet normal 0 -0 1
    outer loop
      vertex 8.10288 -19.8173 4.3
      vertex 10.9124 -18.5071 4.3
      vertex 7.95932 -19.4707 4.3
    endloop
  endfacet
  facet normal 0 0 1
    outer loop
      vertex 10.8724 -18.4104 4.3
      vertex 7.95932 -19.4707 4.3
      vertex 10.9124 -18.5071 4.3
    endloop
  endfacet
  facet normal 0.537169 -0.843475 0
    outer loop
      vertex 14.15 14.2761 4.3
      vertex 14.4664 14.4776 2.50944
      vertex 14.4664 14.4776 4.3
    endloop
  endfacet
  facet normal 0.537169 -0.843475 0
    outer loop
      vertex 14.4664 14.4776 2.50944
      vertex 14.15 14.2761 4.3
      vertex 14.15 14.2761 2.19201
    endloop
  endfacet
  facet normal -0.923886 -0.382669 0
    outer loop
      vertex 8.10288 16.1827 1.6
      vertex 7.95932 16.5293 4.3
      vertex 7.95932 16.5293 1.6
    endloop
  endfacet
  facet normal -0.923886 -0.382669 0
    outer loop
      vertex 7.95932 16.5293 4.3
      vertex 8.10288 16.1827 1.6
      vertex 8.10288 16.1827 4.3
    endloop
  endfacet
  facet normal 0.461764 -0.887003 0
    outer loop
      vertex 13.8173 14.1029 4.3
      vertex 14.15 14.2761 2.19201
      vertex 14.15 14.2761 4.3
    endloop
  endfacet
  facet normal 0.461764 -0.887003 0
    outer loop
      vertex 14.15 14.2761 2.19201
      vertex 13.8173 14.1029 4.3
      vertex 13.8173 14.1029 1.85816
    endloop
  endfacet
  facet normal 0.300672 -0.953728 0
    outer loop
      vertex 13.1129 13.8465 1.6
      vertex 13.4707 13.9593 4.3
      vertex 13.1129 13.8465 4.3
    endloop
  endfacet
  facet normal 0.300672 -0.953728 0
    outer loop
      vertex 13.4707 13.9593 4.3
      vertex 13.1129 13.8465 1.6
      vertex 13.4707 13.9593 1.6
    endloop
  endfacet
  facet normal -0.461764 -0.887003 0
    outer loop
      vertex 9.85 14.2761 1.6
      vertex 10.1827 14.1029 4.3
      vertex 9.85 14.2761 4.3
    endloop
  endfacet
  facet normal -0.461764 -0.887003 -0
    outer loop
      vertex 10.1827 14.1029 4.3
      vertex 9.85 14.2761 1.6
      vertex 10.1827 14.1029 1.6
    endloop
  endfacet
  facet normal -0.953728 0.300672 0
    outer loop
      vertex 7.84652 19.1129 4.3
      vertex 7.95932 19.4707 3.71776
      vertex 7.84652 19.1129 3.35881
    endloop
  endfacet
  facet normal -0.953728 0.300672 0
    outer loop
      vertex 7.95932 19.4707 3.71776
      vertex 7.84652 19.1129 4.3
      vertex 7.95932 19.4707 4.3
    endloop
  endfacet
  facet normal 0.0437148 -0.999044 0
    outer loop
      vertex 12 13.7 1.6
      vertex 12.3748 13.7164 4.3
      vertex 12 13.7 4.3
    endloop
  endfacet
  facet normal 0.0437148 -0.999044 0
    outer loop
      vertex 12.3748 13.7164 4.3
      vertex 12 13.7 1.6
      vertex 12.3748 13.7164 1.6
    endloop
  endfacet
  facet normal 0.216479 -0.976287 0
    outer loop
      vertex 12.7467 13.7653 1.6
      vertex 13.1129 13.8465 4.3
      vertex 12.7467 13.7653 4.3
    endloop
  endfacet
  facet normal 0.216479 -0.976287 0
    outer loop
      vertex 13.1129 13.8465 4.3
      vertex 12.7467 13.7653 1.6
      vertex 13.1129 13.8465 1.6
    endloop
  endfacet
  facet normal 0.675507 -0.737353 0
    outer loop
      vertex 14.764 14.706 4.3
      vertex 15.0406 14.9594 3.08554
      vertex 15.0406 14.9594 4.3
    endloop
  endfacet
  facet normal 0.675507 -0.737353 0
    outer loop
      vertex 15.0406 14.9594 3.08554
      vertex 14.764 14.706 4.3
      vertex 14.764 14.706 2.80804
    endloop
  endfacet
  facet normal -0.216479 -0.976287 0
    outer loop
      vertex 10.8871 13.8465 1.6
      vertex 11.2533 13.7653 4.3
      vertex 10.8871 13.8465 4.3
    endloop
  endfacet
  facet normal -0.216479 -0.976287 -0
    outer loop
      vertex 11.2533 13.7653 4.3
      vertex 10.8871 13.8465 1.6
      vertex 11.2533 13.7653 1.6
    endloop
  endfacet
  facet normal -0.886992 -0.461785 0
    outer loop
      vertex 8.27609 15.85 1.6
      vertex 8.10288 16.1827 4.3
      vertex 8.10288 16.1827 1.6
    endloop
  endfacet
  facet normal -0.886992 -0.461785 0
    outer loop
      vertex 8.10288 16.1827 4.3
      vertex 8.27609 15.85 1.6
      vertex 8.27609 15.85 4.3
    endloop
  endfacet
  facet normal 0.793297 -0.608834 0
    outer loop
      vertex 15.294 15.236 4.3
      vertex 15.5224 15.5336 3.56894
      vertex 15.5224 15.5336 4.3
    endloop
  endfacet
  facet normal 0.793297 -0.608834 0
    outer loop
      vertex 15.5224 15.5336 3.56894
      vertex 15.294 15.236 4.3
      vertex 15.294 15.236 3.33982
    endloop
  endfacet
  facet normal -0.793349 -0.608767 0
    outer loop
      vertex 8.70601 15.236 1.6
      vertex 8.47765 15.5336 4.3
      vertex 8.47765 15.5336 1.6
    endloop
  endfacet
  facet normal -0.793349 -0.608767 0
    outer loop
      vertex 8.47765 15.5336 4.3
      vertex 8.70601 15.236 1.6
      vertex 8.70601 15.236 4.3
    endloop
  endfacet
  facet normal -0.0437148 -0.999044 0
    outer loop
      vertex 11.6252 13.7164 1.6
      vertex 12 13.7 4.3
      vertex 11.6252 13.7164 4.3
    endloop
  endfacet
  facet normal -0.0437148 -0.999044 -0
    outer loop
      vertex 12 13.7 4.3
      vertex 11.6252 13.7164 1.6
      vertex 12 13.7 1.6
    endloop
  endfacet
  facet normal -0.38276 -0.923848 0
    outer loop
      vertex 10.1827 14.1029 1.6
      vertex 10.5293 13.9593 4.3
      vertex 10.1827 14.1029 4.3
    endloop
  endfacet
  facet normal -0.38276 -0.923848 -0
    outer loop
      vertex 10.5293 13.9593 4.3
      vertex 10.1827 14.1029 1.6
      vertex 10.5293 13.9593 1.6
    endloop
  endfacet
  facet normal -0.953728 -0.300672 0
    outer loop
      vertex 7.95932 16.5293 1.6
      vertex 7.84652 16.8871 4.3
      vertex 7.84652 16.8871 1.6
    endloop
  endfacet
  facet normal -0.953728 -0.300672 0
    outer loop
      vertex 7.84652 16.8871 4.3
      vertex 7.95932 16.5293 1.6
      vertex 7.95932 16.5293 4.3
    endloop
  endfacet
  facet normal 0.887003 -0.461764 0
    outer loop
      vertex 15.7239 15.85 4.3
      vertex 15.8971 16.1827 3.94496
      vertex 15.8971 16.1827 4.3
    endloop
  endfacet
  facet normal 0.887003 -0.461764 0
    outer loop
      vertex 15.8971 16.1827 3.94496
      vertex 15.7239 15.85 4.3
      vertex 15.7239 15.85 3.77117
    endloop
  endfacet
  facet normal -0.991442 0.130548 0
    outer loop
      vertex 7.71636 18.3748 4.3
      vertex 7.76533 18.7467 2.99135
      vertex 7.71636 18.3748 2.61819
    endloop
  endfacet
  facet normal -0.991442 0.130548 0
    outer loop
      vertex 7.76533 18.7467 2.99135
      vertex 7.71636 18.3748 4.3
      vertex 7.76533 18.7467 4.3
    endloop
  endfacet
  facet normal 0 0 1
    outer loop
      vertex 14.6608 18.4608 4.3
      vertex 13.1954 18.1046 4.3
      vertex 13.2 18 4.3
    endloop
  endfacet
  facet normal 0 0 1
    outer loop
      vertex 13.7996 19.1835 4.3
      vertex 13.1818 18.2084 4.3
      vertex 13.1954 18.1046 4.3
    endloop
  endfacet
  facet normal 0 0 1
    outer loop
      vertex 13.7996 19.1835 4.3
      vertex 13.1591 18.3106 4.3
      vertex 13.1818 18.2084 4.3
    endloop
  endfacet
  facet normal 0 0 1
    outer loop
      vertex 13.7996 19.1835 4.3
      vertex 13.1276 18.4104 4.3
      vertex 13.1591 18.3106 4.3
    endloop
  endfacet
  facet normal 0 0 1
    outer loop
      vertex 13.7996 19.1835 4.3
      vertex 13.0876 18.5071 4.3
      vertex 13.1276 18.4104 4.3
    endloop
  endfacet
  facet normal 0 0 1
    outer loop
      vertex 13.7996 19.1835 4.3
      vertex 13.0392 18.6 4.3
      vertex 13.0876 18.5071 4.3
    endloop
  endfacet
  facet normal 0 0 1
    outer loop
      vertex 13.7996 19.1835 4.3
      vertex 12.983 18.6883 4.3
      vertex 13.0392 18.6 4.3
    endloop
  endfacet
  facet normal 0 0 1
    outer loop
      vertex 13.325 19.4859 4.3
      vertex 12.9193 18.7713 4.3
      vertex 12.983 18.6883 4.3
    endloop
  endfacet
  facet normal 0 0 1
    outer loop
      vertex 13.325 19.4859 4.3
      vertex 12.8485 18.8485 4.3
      vertex 12.9193 18.7713 4.3
    endloop
  endfacet
  facet normal 0 0 1
    outer loop
      vertex 12.6883 18.983 4.3
      vertex 13.325 19.4859 4.3
      vertex 12.8259 19.7457 4.3
    endloop
  endfacet
  facet normal 0 0 1
    outer loop
      vertex 13.325 19.4859 4.3
      vertex 12.7713 18.9193 4.3
      vertex 12.8485 18.8485 4.3
    endloop
  endfacet
  facet normal 0 0 1
    outer loop
      vertex 13.325 19.4859 4.3
      vertex 12.6883 18.983 4.3
      vertex 12.7713 18.9193 4.3
    endloop
  endfacet
  facet normal 0 0 1
    outer loop
      vertex 12.8259 19.7457 4.3
      vertex 12.6 19.0392 4.3
      vertex 12.6883 18.983 4.3
    endloop
  endfacet
  facet normal 0 0 1
    outer loop
      vertex 12.8259 19.7457 4.3
      vertex 12.5071 19.0876 4.3
      vertex 12.6 19.0392 4.3
    endloop
  endfacet
  facet normal 0 0 1
    outer loop
      vertex 12.8259 19.7457 4.3
      vertex 12.4104 19.1276 4.3
      vertex 12.5071 19.0876 4.3
    endloop
  endfacet
  facet normal 0 0 1
    outer loop
      vertex 12.8259 19.7457 4.3
      vertex 12.3106 19.1591 4.3
      vertex 12.4104 19.1276 4.3
    endloop
  endfacet
  facet normal 0 0 1
    outer loop
      vertex 12.306 19.961 4.3
      vertex 12.3106 19.1591 4.3
      vertex 12.8259 19.7457 4.3
    endloop
  endfacet
  facet normal 0 0 1
    outer loop
      vertex 12.306 19.961 4.3
      vertex 12.2084 19.1818 4.3
      vertex 12.3106 19.1591 4.3
    endloop
  endfacet
  facet normal 0 0 1
    outer loop
      vertex 12.306 19.961 4.3
      vertex 12.1046 19.1954 4.3
      vertex 12.2084 19.1818 4.3
    endloop
  endfacet
  facet normal 0 0 1
    outer loop
      vertex 12 19.2 4.3
      vertex 12.306 19.961 4.3
      vertex 12.0207 20.051 4.3
    endloop
  endfacet
  facet normal 0 0 1
    outer loop
      vertex 12.306 19.961 4.3
      vertex 12 19.2 4.3
      vertex 12.1046 19.1954 4.3
    endloop
  endfacet
  facet normal 0 0 1
    outer loop
      vertex 12.0207 20.051 4.3
      vertex 11.8954 19.1954 4.3
      vertex 12 19.2 4.3
    endloop
  endfacet
  facet normal 0 0 1
    outer loop
      vertex 12.0207 20.051 4.3
      vertex 11.7916 19.1818 4.3
      vertex 11.8954 19.1954 4.3
    endloop
  endfacet
  facet normal 0 0 1
    outer loop
      vertex 12.0207 20.051 4.3
      vertex 11.6894 19.1591 4.3
      vertex 11.7916 19.1818 4.3
    endloop
  endfacet
  facet normal 0 0 1
    outer loop
      vertex 12.0207 20.051 4.3
      vertex 11.5896 19.1276 4.3
      vertex 11.6894 19.1591 4.3
    endloop
  endfacet
  facet normal 0 0 1
    outer loop
      vertex 12.0207 20.051 4.3
      vertex 11.4929 19.0876 4.3
      vertex 11.5896 19.1276 4.3
    endloop
  endfacet
  facet normal 0 0 1
    outer loop
      vertex 12.0207 20.051 4.3
      vertex 11.4 19.0392 4.3
      vertex 11.4929 19.0876 4.3
    endloop
  endfacet
  facet normal 0 0 1
    outer loop
      vertex 12.0207 20.051 4.3
      vertex 11.3117 18.983 4.3
      vertex 11.4 19.0392 4.3
    endloop
  endfacet
  facet normal -0 0 1
    outer loop
      vertex 8.22455 20.051 4.3
      vertex 11.3117 18.983 4.3
      vertex 12.0207 20.051 4.3
    endloop
  endfacet
  facet normal 0 0 1
    outer loop
      vertex 11.3117 18.983 4.3
      vertex 8.22455 20.051 4.3
      vertex 11.2287 18.9193 4.3
    endloop
  endfacet
  facet normal 0 0 1
    outer loop
      vertex 11.2287 18.9193 4.3
      vertex 8.22455 20.051 4.3
      vertex 11.1515 18.8485 4.3
    endloop
  endfacet
  facet normal 0 0 1
    outer loop
      vertex 11.1515 18.8485 4.3
      vertex 8.22455 20.051 4.3
      vertex 11.0807 18.7713 4.3
    endloop
  endfacet
  facet normal 0 0 1
    outer loop
      vertex 7.7 18 4.3
      vertex 10.8 18 4.3
      vertex 10.8046 18.1046 4.3
    endloop
  endfacet
  facet normal 0 0 1
    outer loop
      vertex 10.8 18 4.3
      vertex 10.1827 14.1029 4.3
      vertex 10.5293 13.9593 4.3
    endloop
  endfacet
  facet normal 0 0 1
    outer loop
      vertex 7.71636 18.3748 4.3
      vertex 10.8046 18.1046 4.3
      vertex 10.8182 18.2084 4.3
    endloop
  endfacet
  facet normal 0 0 1
    outer loop
      vertex 10.8 18 4.3
      vertex 9.85 14.2761 4.3
      vertex 10.1827 14.1029 4.3
    endloop
  endfacet
  facet normal 0 0 1
    outer loop
      vertex 7.76533 18.7467 4.3
      vertex 10.8182 18.2084 4.3
      vertex 10.8409 18.3106 4.3
    endloop
  endfacet
  facet normal 0 0 1
    outer loop
      vertex 10.8 18 4.3
      vertex 9.53362 14.4776 4.3
      vertex 9.85 14.2761 4.3
    endloop
  endfacet
  facet normal 0 0 1
    outer loop
      vertex 7.84652 19.1129 4.3
      vertex 10.8409 18.3106 4.3
      vertex 10.8724 18.4104 4.3
    endloop
  endfacet
  facet normal 0 0 1
    outer loop
      vertex 10.8 18 4.3
      vertex 9.23601 14.706 4.3
      vertex 9.53362 14.4776 4.3
    endloop
  endfacet
  facet normal 0 0 1
    outer loop
      vertex 7.95932 19.4707 4.3
      vertex 10.8724 18.4104 4.3
      vertex 10.9124 18.5071 4.3
    endloop
  endfacet
  facet normal 0 0 1
    outer loop
      vertex 10.8 18 4.3
      vertex 8.95944 14.9594 4.3
      vertex 9.23601 14.706 4.3
    endloop
  endfacet
  facet normal 0 0 1
    outer loop
      vertex 8.22455 20.051 4.3
      vertex 10.9124 18.5071 4.3
      vertex 10.9608 18.6 4.3
    endloop
  endfacet
  facet normal 0 0 1
    outer loop
      vertex 10.8 18 4.3
      vertex 8.70601 15.236 4.3
      vertex 8.95944 14.9594 4.3
    endloop
  endfacet
  facet normal 0 0 1
    outer loop
      vertex 8.22455 20.051 4.3
      vertex 10.9608 18.6 4.3
      vertex 11.017 18.6883 4.3
    endloop
  endfacet
  facet normal 0 0 1
    outer loop
      vertex 10.8 18 4.3
      vertex 8.47765 15.5336 4.3
      vertex 8.70601 15.236 4.3
    endloop
  endfacet
  facet normal 0 0 1
    outer loop
      vertex 11.0807 18.7713 4.3
      vertex 8.22455 20.051 4.3
      vertex 11.017 18.6883 4.3
    endloop
  endfacet
  facet normal 0 0 1
    outer loop
      vertex 10.8 18 4.3
      vertex 8.27609 15.85 4.3
      vertex 8.47765 15.5336 4.3
    endloop
  endfacet
  facet normal 0 0 1
    outer loop
      vertex 10.9124 18.5071 4.3
      vertex 8.22455 20.051 4.3
      vertex 8.10288 19.8173 4.3
    endloop
  endfacet
  facet normal 0 0 1
    outer loop
      vertex 10.9124 18.5071 4.3
      vertex 8.10288 19.8173 4.3
      vertex 7.95932 19.4707 4.3
    endloop
  endfacet
  facet normal 0 0 1
    outer loop
      vertex 10.8 18 4.3
      vertex 8.10288 16.1827 4.3
      vertex 8.27609 15.85 4.3
    endloop
  endfacet
  facet normal 0 0 1
    outer loop
      vertex 10.8724 18.4104 4.3
      vertex 7.95932 19.4707 4.3
      vertex 7.84652 19.1129 4.3
    endloop
  endfacet
  facet normal 0 0 1
    outer loop
      vertex 10.8 18 4.3
      vertex 7.95932 16.5293 4.3
      vertex 8.10288 16.1827 4.3
    endloop
  endfacet
  facet normal 0 0 1
    outer loop
      vertex 10.8409 18.3106 4.3
      vertex 7.84652 19.1129 4.3
      vertex 7.76533 18.7467 4.3
    endloop
  endfacet
  facet normal 0 0 1
    outer loop
      vertex 10.8 18 4.3
      vertex 7.84652 16.8871 4.3
      vertex 7.95932 16.5293 4.3
    endloop
  endfacet
  facet normal 0 0 1
    outer loop
      vertex 10.8182 18.2084 4.3
      vertex 7.76533 18.7467 4.3
      vertex 7.71636 18.3748 4.3
    endloop
  endfacet
  facet normal 0 0 1
    outer loop
      vertex 10.8 18 4.3
      vertex 7.76533 17.2533 4.3
      vertex 7.84652 16.8871 4.3
    endloop
  endfacet
  facet normal 0 0 1
    outer loop
      vertex 10.8046 18.1046 4.3
      vertex 7.71636 18.3748 4.3
      vertex 7.7 18 4.3
    endloop
  endfacet
  facet normal 0 0 1
    outer loop
      vertex 10.8 18 4.3
      vertex 7.71636 17.6252 4.3
      vertex 7.76533 17.2533 4.3
    endloop
  endfacet
  facet normal 0 0 1
    outer loop
      vertex 10.8 18 4.3
      vertex 7.7 18 4.3
      vertex 7.71636 17.6252 4.3
    endloop
  endfacet
  facet normal 0 0 1
    outer loop
      vertex 15.9457 16.6259 4.3
      vertex 15.8971 16.1827 4.3
      vertex 16.0132 16.4629 4.3
    endloop
  endfacet
  facet normal 0 0 1
    outer loop
      vertex 15.6859 17.125 4.3
      vertex 15.8971 16.1827 4.3
      vertex 15.9457 16.6259 4.3
    endloop
  endfacet
  facet normal 0 0 1
    outer loop
      vertex 15.8971 16.1827 4.3
      vertex 15.6859 17.125 4.3
      vertex 15.7239 15.85 4.3
    endloop
  endfacet
  facet normal 0 0 1
    outer loop
      vertex 15.6859 17.125 4.3
      vertex 15.5224 15.5336 4.3
      vertex 15.7239 15.85 4.3
    endloop
  endfacet
  facet normal -0 0 1
    outer loop
      vertex 13.0392 17.4 4.3
      vertex 15.6859 17.125 4.3
      vertex 15.3835 17.5996 4.3
    endloop
  endfacet
  facet normal 0 0 1
    outer loop
      vertex 15.6859 17.125 4.3
      vertex 12.983 17.3117 4.3
      vertex 15.5224 15.5336 4.3
    endloop
  endfacet
  facet normal 0 0 1
    outer loop
      vertex 13.1276 17.5896 4.3
      vertex 15.3835 17.5996 4.3
      vertex 15.041 18.046 4.3
    endloop
  endfacet
  facet normal 0 0 1
    outer loop
      vertex 15.6859 17.125 4.3
      vertex 13.0392 17.4 4.3
      vertex 12.983 17.3117 4.3
    endloop
  endfacet
  facet normal 0 0 1
    outer loop
      vertex 15.5224 15.5336 4.3
      vertex 12.983 17.3117 4.3
      vertex 15.294 15.236 4.3
    endloop
  endfacet
  facet normal 0 0 1
    outer loop
      vertex 13.1818 17.7916 4.3
      vertex 15.041 18.046 4.3
      vertex 14.6608 18.4608 4.3
    endloop
  endfacet
  facet normal -0 0 1
    outer loop
      vertex 12.9193 17.2287 4.3
      vertex 15.294 15.236 4.3
      vertex 12.983 17.3117 4.3
    endloop
  endfacet
  facet normal 0 0 1
    outer loop
      vertex 13.1954 18.1046 4.3
      vertex 14.6608 18.4608 4.3
      vertex 14.246 18.841 4.3
    endloop
  endfacet
  facet normal 0 0 1
    outer loop
      vertex 15.3835 17.5996 4.3
      vertex 13.1276 17.5896 4.3
      vertex 13.0876 17.4929 4.3
    endloop
  endfacet
  facet normal 0 0 1
    outer loop
      vertex 15.294 15.236 4.3
      vertex 12.9193 17.2287 4.3
      vertex 15.0406 14.9594 4.3
    endloop
  endfacet
  facet normal 0 0 1
    outer loop
      vertex 13.1954 18.1046 4.3
      vertex 14.246 18.841 4.3
      vertex 13.7996 19.1835 4.3
    endloop
  endfacet
  facet normal 0 0 1
    outer loop
      vertex 15.041 18.046 4.3
      vertex 13.1591 17.6894 4.3
      vertex 13.1276 17.5896 4.3
    endloop
  endfacet
  facet normal 0 0 1
    outer loop
      vertex 12.983 18.6883 4.3
      vertex 13.7996 19.1835 4.3
      vertex 13.325 19.4859 4.3
    endloop
  endfacet
  facet normal 0 0 1
    outer loop
      vertex 14.6608 18.4608 4.3
      vertex 13.2 18 4.3
      vertex 13.1954 17.8954 4.3
    endloop
  endfacet
  facet normal 0 0 1
    outer loop
      vertex 14.6608 18.4608 4.3
      vertex 13.1954 17.8954 4.3
      vertex 13.1818 17.7916 4.3
    endloop
  endfacet
  facet normal 0 0 1
    outer loop
      vertex 15.041 18.046 4.3
      vertex 13.1818 17.7916 4.3
      vertex 13.1591 17.6894 4.3
    endloop
  endfacet
  facet normal 0 0 1
    outer loop
      vertex 15.3835 17.5996 4.3
      vertex 13.0876 17.4929 4.3
      vertex 13.0392 17.4 4.3
    endloop
  endfacet
  facet normal -0 0 1
    outer loop
      vertex 12.8485 17.1515 4.3
      vertex 15.0406 14.9594 4.3
      vertex 12.9193 17.2287 4.3
    endloop
  endfacet
  facet normal 0 0 1
    outer loop
      vertex 15.0406 14.9594 4.3
      vertex 12.8485 17.1515 4.3
      vertex 14.764 14.706 4.3
    endloop
  endfacet
  facet normal -0 0 1
    outer loop
      vertex 12.7713 17.0807 4.3
      vertex 14.764 14.706 4.3
      vertex 12.8485 17.1515 4.3
    endloop
  endfacet
  facet normal 0 0 1
    outer loop
      vertex 14.764 14.706 4.3
      vertex 12.7713 17.0807 4.3
      vertex 14.4664 14.4776 4.3
    endloop
  endfacet
  facet normal -0 0 1
    outer loop
      vertex 12.6883 17.017 4.3
      vertex 14.4664 14.4776 4.3
      vertex 12.7713 17.0807 4.3
    endloop
  endfacet
  facet normal 0 0 1
    outer loop
      vertex 14.4664 14.4776 4.3
      vertex 12.6883 17.017 4.3
      vertex 14.15 14.2761 4.3
    endloop
  endfacet
  facet normal -0 0 1
    outer loop
      vertex 12.6 16.9608 4.3
      vertex 14.15 14.2761 4.3
      vertex 12.6883 17.017 4.3
    endloop
  endfacet
  facet normal 0 0 1
    outer loop
      vertex 14.15 14.2761 4.3
      vertex 12.6 16.9608 4.3
      vertex 13.8173 14.1029 4.3
    endloop
  endfacet
  facet normal -0 0 1
    outer loop
      vertex 12.5071 16.9124 4.3
      vertex 13.8173 14.1029 4.3
      vertex 12.6 16.9608 4.3
    endloop
  endfacet
  facet normal 0 0 1
    outer loop
      vertex 13.8173 14.1029 4.3
      vertex 12.5071 16.9124 4.3
      vertex 13.4707 13.9593 4.3
    endloop
  endfacet
  facet normal -0 0 1
    outer loop
      vertex 12.4104 16.8724 4.3
      vertex 13.4707 13.9593 4.3
      vertex 12.5071 16.9124 4.3
    endloop
  endfacet
  facet normal 0 0 1
    outer loop
      vertex 13.4707 13.9593 4.3
      vertex 12.4104 16.8724 4.3
      vertex 13.1129 13.8465 4.3
    endloop
  endfacet
  facet normal -0 0 1
    outer loop
      vertex 12.3106 16.8409 4.3
      vertex 13.1129 13.8465 4.3
      vertex 12.4104 16.8724 4.3
    endloop
  endfacet
  facet normal 0 0 1
    outer loop
      vertex 13.1129 13.8465 4.3
      vertex 12.3106 16.8409 4.3
      vertex 12.7467 13.7653 4.3
    endloop
  endfacet
  facet normal -0 0 1
    outer loop
      vertex 12.2084 16.8182 4.3
      vertex 12.7467 13.7653 4.3
      vertex 12.3106 16.8409 4.3
    endloop
  endfacet
  facet normal 0 0 1
    outer loop
      vertex 12.7467 13.7653 4.3
      vertex 12.2084 16.8182 4.3
      vertex 12.3748 13.7164 4.3
    endloop
  endfacet
  facet normal -0 0 1
    outer loop
      vertex 12.1046 16.8046 4.3
      vertex 12.3748 13.7164 4.3
      vertex 12.2084 16.8182 4.3
    endloop
  endfacet
  facet normal -0 0 1
    outer loop
      vertex 12 16.8 4.3
      vertex 12.3748 13.7164 4.3
      vertex 12.1046 16.8046 4.3
    endloop
  endfacet
  facet normal 0 0 1
    outer loop
      vertex 12 16.8 4.3
      vertex 12 13.7 4.3
      vertex 12.3748 13.7164 4.3
    endloop
  endfacet
  facet normal 0 0 1
    outer loop
      vertex 11.8954 16.8046 4.3
      vertex 12 13.7 4.3
      vertex 12 16.8 4.3
    endloop
  endfacet
  facet normal 0 0 1
    outer loop
      vertex 11.6252 13.7164 4.3
      vertex 11.8954 16.8046 4.3
      vertex 11.7916 16.8182 4.3
    endloop
  endfacet
  facet normal 0 0 1
    outer loop
      vertex 11.2533 13.7653 4.3
      vertex 11.7916 16.8182 4.3
      vertex 11.6894 16.8409 4.3
    endloop
  endfacet
  facet normal 0 0 1
    outer loop
      vertex 11.8954 16.8046 4.3
      vertex 11.6252 13.7164 4.3
      vertex 12 13.7 4.3
    endloop
  endfacet
  facet normal 0 0 1
    outer loop
      vertex 10.8871 13.8465 4.3
      vertex 11.6894 16.8409 4.3
      vertex 11.5896 16.8724 4.3
    endloop
  endfacet
  facet normal 0 0 1
    outer loop
      vertex 10.5293 13.9593 4.3
      vertex 11.5896 16.8724 4.3
      vertex 11.4929 16.9124 4.3
    endloop
  endfacet
  facet normal 0 0 1
    outer loop
      vertex 10.5293 13.9593 4.3
      vertex 11.4929 16.9124 4.3
      vertex 11.4 16.9608 4.3
    endloop
  endfacet
  facet normal 0 0 1
    outer loop
      vertex 10.5293 13.9593 4.3
      vertex 11.4 16.9608 4.3
      vertex 11.3117 17.017 4.3
    endloop
  endfacet
  facet normal 0 0 1
    outer loop
      vertex 11.7916 16.8182 4.3
      vertex 11.2533 13.7653 4.3
      vertex 11.6252 13.7164 4.3
    endloop
  endfacet
  facet normal 0 0 1
    outer loop
      vertex 10.5293 13.9593 4.3
      vertex 11.3117 17.017 4.3
      vertex 11.2287 17.0807 4.3
    endloop
  endfacet
  facet normal 0 0 1
    outer loop
      vertex 10.5293 13.9593 4.3
      vertex 11.2287 17.0807 4.3
      vertex 11.1515 17.1515 4.3
    endloop
  endfacet
  facet normal 0 0 1
    outer loop
      vertex 10.5293 13.9593 4.3
      vertex 11.1515 17.1515 4.3
      vertex 11.0807 17.2287 4.3
    endloop
  endfacet
  facet normal 0 0 1
    outer loop
      vertex 10.5293 13.9593 4.3
      vertex 11.0807 17.2287 4.3
      vertex 11.017 17.3117 4.3
    endloop
  endfacet
  facet normal 0 0 1
    outer loop
      vertex 10.5293 13.9593 4.3
      vertex 11.017 17.3117 4.3
      vertex 10.9608 17.4 4.3
    endloop
  endfacet
  facet normal 0 0 1
    outer loop
      vertex 10.5293 13.9593 4.3
      vertex 10.9608 17.4 4.3
      vertex 10.9124 17.4929 4.3
    endloop
  endfacet
  facet normal 0 0 1
    outer loop
      vertex 11.6894 16.8409 4.3
      vertex 10.8871 13.8465 4.3
      vertex 11.2533 13.7653 4.3
    endloop
  endfacet
  facet normal 0 0 1
    outer loop
      vertex 10.5293 13.9593 4.3
      vertex 10.9124 17.4929 4.3
      vertex 10.8724 17.5896 4.3
    endloop
  endfacet
  facet normal 0 0 1
    outer loop
      vertex 10.5293 13.9593 4.3
      vertex 10.8724 17.5896 4.3
      vertex 10.8409 17.6894 4.3
    endloop
  endfacet
  facet normal 0 0 1
    outer loop
      vertex 10.5293 13.9593 4.3
      vertex 10.8409 17.6894 4.3
      vertex 10.8182 17.7916 4.3
    endloop
  endfacet
  facet normal 0 0 1
    outer loop
      vertex 10.5293 13.9593 4.3
      vertex 10.8182 17.7916 4.3
      vertex 10.8046 17.8954 4.3
    endloop
  endfacet
  facet normal 0 0 1
    outer loop
      vertex 10.5293 13.9593 4.3
      vertex 10.8046 17.8954 4.3
      vertex 10.8 18 4.3
    endloop
  endfacet
  facet normal 0 0 1
    outer loop
      vertex 11.5896 16.8724 4.3
      vertex 10.5293 13.9593 4.3
      vertex 10.8871 13.8465 4.3
    endloop
  endfacet
  facet normal 0.130365 -0.991466 0
    outer loop
      vertex 12.3748 13.7164 1.6
      vertex 12.7467 13.7653 4.3
      vertex 12.3748 13.7164 4.3
    endloop
  endfacet
  facet normal 0.130365 -0.991466 0
    outer loop
      vertex 12.7467 13.7653 4.3
      vertex 12.3748 13.7164 1.6
      vertex 12.7467 13.7653 1.6
    endloop
  endfacet
  facet normal 0.843475 -0.537169 0
    outer loop
      vertex 15.5224 15.5336 4.3
      vertex 15.7239 15.85 3.77117
      vertex 15.7239 15.85 4.3
    endloop
  endfacet
  facet normal 0.843475 -0.537169 0
    outer loop
      vertex 15.7239 15.85 3.77117
      vertex 15.5224 15.5336 4.3
      vertex 15.5224 15.5336 3.56894
    endloop
  endfacet
  facet normal -0.537193 -0.843459 0
    outer loop
      vertex 9.53362 14.4776 1.6
      vertex 9.85 14.2761 4.3
      vertex 9.53362 14.4776 4.3
    endloop
  endfacet
  facet normal -0.537193 -0.843459 -0
    outer loop
      vertex 9.85 14.2761 4.3
      vertex 9.53362 14.4776 1.6
      vertex 9.85 14.2761 1.6
    endloop
  endfacet
  facet normal 0.923836 -0.382789 0
    outer loop
      vertex 15.8971 16.1827 4.3
      vertex 16.0132 16.4629 4.0614
      vertex 16.0132 16.4629 4.3
    endloop
  endfacet
  facet normal 0.923836 -0.382789 0
    outer loop
      vertex 16.0132 16.4629 4.0614
      vertex 15.8971 16.1827 4.3
      vertex 15.8971 16.1827 3.94496
    endloop
  endfacet
  facet normal -0.608822 -0.793307 0
    outer loop
      vertex 9.23601 14.706 1.6
      vertex 9.53362 14.4776 4.3
      vertex 9.23601 14.706 4.3
    endloop
  endfacet
  facet normal -0.608822 -0.793307 -0
    outer loop
      vertex 9.53362 14.4776 4.3
      vertex 9.23601 14.706 1.6
      vertex 9.53362 14.4776 1.6
    endloop
  endfacet
  facet normal -0.88699 0.461789 0
    outer loop
      vertex 8.22455 20.051 4.3
      vertex 8.10288 19.8173 4.06549
      vertex 8.10288 19.8173 4.3
    endloop
  endfacet
  facet normal -0.675547 -0.737317 0
    outer loop
      vertex 8.95944 14.9594 1.6
      vertex 9.23601 14.706 4.3
      vertex 8.95944 14.9594 4.3
    endloop
  endfacet
  facet normal -0.675547 -0.737317 -0
    outer loop
      vertex 9.23601 14.706 4.3
      vertex 8.95944 14.9594 1.6
      vertex 9.23601 14.706 1.6
    endloop
  endfacet
  facet normal -0.976293 -0.216453 0
    outer loop
      vertex 7.84652 16.8871 1.6
      vertex 7.76533 17.2533 4.3
      vertex 7.76533 17.2533 1.6
    endloop
  endfacet
  facet normal -0.976293 -0.216453 0
    outer loop
      vertex 7.76533 17.2533 4.3
      vertex 7.84652 16.8871 1.6
      vertex 7.84652 16.8871 4.3
    endloop
  endfacet
  facet normal -0.737313 -0.675551 0
    outer loop
      vertex 8.95944 14.9594 1.6
      vertex 8.70601 15.236 4.3
      vertex 8.70601 15.236 1.6
    endloop
  endfacet
  facet normal -0.737313 -0.675551 0
    outer loop
      vertex 8.70601 15.236 4.3
      vertex 8.95944 14.9594 1.6
      vertex 8.95944 14.9594 4.3
    endloop
  endfacet
  facet normal 0.38276 -0.923848 0
    outer loop
      vertex 13.4707 13.9593 4.3
      vertex 13.8173 14.1029 1.85816
      vertex 13.8173 14.1029 4.3
    endloop
  endfacet
  facet normal 0.38276 -0.923848 0
    outer loop
      vertex 13.4707 13.9593 1.6
      vertex 13.8173 14.1029 1.85816
      vertex 13.4707 13.9593 4.3
    endloop
  endfacet
  facet normal 0.382778 -0.92384 -2.88529e-05
    outer loop
      vertex 13.8173 14.1029 1.85816
      vertex 13.4707 13.9593 1.6
      vertex 13.56 13.9963 1.6
    endloop
  endfacet
  facet normal -0.991454 -0.130459 -0.000126483
    outer loop
      vertex 7.76533 17.2533 1.6
      vertex 7.71636 17.6252 1.86616
      vertex 7.75129 17.36 1.6
    endloop
  endfacet
  facet normal -0.991442 -0.130548 0
    outer loop
      vertex 7.71636 17.6252 1.86616
      vertex 7.76533 17.2533 1.6
      vertex 7.76533 17.2533 4.3
    endloop
  endfacet
  facet normal -0.991442 -0.130548 0
    outer loop
      vertex 7.71636 17.6252 1.86616
      vertex 7.76533 17.2533 4.3
      vertex 7.71636 17.6252 4.3
    endloop
  endfacet
  facet normal -0.843402 -0.537282 0
    outer loop
      vertex 8.47765 15.5336 1.6
      vertex 8.27609 15.85 4.3
      vertex 8.27609 15.85 1.6
    endloop
  endfacet
  facet normal -0.843402 -0.537282 0
    outer loop
      vertex 8.27609 15.85 4.3
      vertex 8.47765 15.5336 1.6
      vertex 8.47765 15.5336 4.3
    endloop
  endfacet
  facet normal 0.608834 -0.793297 0
    outer loop
      vertex 14.4664 14.4776 4.3
      vertex 14.764 14.706 2.80804
      vertex 14.764 14.706 4.3
    endloop
  endfacet
  facet normal 0.608834 -0.793297 0
    outer loop
      vertex 14.764 14.706 2.80804
      vertex 14.4664 14.4776 4.3
      vertex 14.4664 14.4776 2.50944
    endloop
  endfacet
  facet normal -0.130365 -0.991466 0
    outer loop
      vertex 11.2533 13.7653 1.6
      vertex 11.6252 13.7164 4.3
      vertex 11.2533 13.7653 4.3
    endloop
  endfacet
  facet normal -0.130365 -0.991466 -0
    outer loop
      vertex 11.6252 13.7164 4.3
      vertex 11.2533 13.7653 1.6
      vertex 11.6252 13.7164 1.6
    endloop
  endfacet
  facet normal -0.999049 0.0436084 0
    outer loop
      vertex 7.7 18 4.3
      vertex 7.71636 18.3748 2.61819
      vertex 7.7 18 2.24218
    endloop
  endfacet
  facet normal -0.999049 0.0436084 0
    outer loop
      vertex 7.71636 18.3748 2.61819
      vertex 7.7 18 4.3
      vertex 7.71636 18.3748 4.3
    endloop
  endfacet
  facet normal -0.999049 -0.0436084 -0
    outer loop
      vertex 7.71636 17.6252 4.3
      vertex 7.7 18 2.24218
      vertex 7.71636 17.6252 1.86616
    endloop
  endfacet
  facet normal -0.999049 -0.0436084 0
    outer loop
      vertex 7.7 18 2.24218
      vertex 7.71636 17.6252 4.3
      vertex 7.7 18 4.3
    endloop
  endfacet
  facet normal -0.300672 -0.953728 0
    outer loop
      vertex 10.5293 13.9593 1.6
      vertex 10.8871 13.8465 4.3
      vertex 10.5293 13.9593 4.3
    endloop
  endfacet
  facet normal -0.300672 -0.953728 -0
    outer loop
      vertex 10.8871 13.8465 4.3
      vertex 10.5293 13.9593 1.6
      vertex 10.8871 13.8465 1.6
    endloop
  endfacet
  facet normal -0.923886 0.382669 0
    outer loop
      vertex 7.95932 19.4707 4.3
      vertex 8.10288 19.8173 4.06549
      vertex 7.95932 19.4707 3.71776
    endloop
  endfacet
  facet normal -0.923886 0.382669 0
    outer loop
      vertex 8.10288 19.8173 4.06549
      vertex 7.95932 19.4707 4.3
      vertex 8.10288 19.8173 4.3
    endloop
  endfacet
  facet normal 0.737353 -0.675507 0
    outer loop
      vertex 15.0406 14.9594 4.3
      vertex 15.294 15.236 3.33982
      vertex 15.294 15.236 4.3
    endloop
  endfacet
  facet normal 0.737353 -0.675507 0
    outer loop
      vertex 15.294 15.236 3.33982
      vertex 15.0406 14.9594 4.3
      vertex 15.0406 14.9594 3.08554
    endloop
  endfacet
  facet normal -0.976293 0.216453 0
    outer loop
      vertex 7.76533 18.7467 4.3
      vertex 7.84652 19.1129 3.35881
      vertex 7.76533 18.7467 2.99135
    endloop
  endfacet
  facet normal -0.976293 0.216453 0
    outer loop
      vertex 7.84652 19.1129 3.35881
      vertex 7.76533 18.7467 4.3
      vertex 7.84652 19.1129 4.3
    endloop
  endfacet
  facet normal -0.991526 -0.129911 0
    outer loop
      vertex -10.8046 -17.8954 2.3
      vertex -10.8182 -17.7916 4.3
      vertex -10.8182 -17.7916 2.3
    endloop
  endfacet
  facet normal -0.991526 -0.129911 0
    outer loop
      vertex -10.8182 -17.7916 4.3
      vertex -10.8046 -17.8954 2.3
      vertex -10.8046 -17.8954 4.3
    endloop
  endfacet
  facet normal -0.999034 -0.0439346 0
    outer loop
      vertex -10.8 -18 2.3
      vertex -10.8046 -17.8954 4.3
      vertex -10.8046 -17.8954 2.3
    endloop
  endfacet
  facet normal -0.999034 -0.0439346 0
    outer loop
      vertex -10.8046 -17.8954 4.3
      vertex -10.8 -18 2.3
      vertex -10.8 -18 4.3
    endloop
  endfacet
  facet normal -0.97621 -0.216829 0
    outer loop
      vertex -10.8182 -17.7916 2.3
      vertex -10.8409 -17.6894 4.3
      vertex -10.8409 -17.6894 2.3
    endloop
  endfacet
  facet normal -0.97621 -0.216829 0
    outer loop
      vertex -10.8409 -17.6894 4.3
      vertex -10.8182 -17.7916 2.3
      vertex -10.8182 -17.7916 4.3
    endloop
  endfacet
  facet normal -0.300994 0.953626 0
    outer loop
      vertex -11.5896 -19.1276 2.3
      vertex -11.6894 -19.1591 4.3
      vertex -11.5896 -19.1276 4.3
    endloop
  endfacet
  facet normal -0.300994 0.953626 0
    outer loop
      vertex -11.6894 -19.1591 4.3
      vertex -11.5896 -19.1276 2.3
      vertex -11.6894 -19.1591 2.3
    endloop
  endfacet
  facet normal -0.536937 -0.843622 0
    outer loop
      vertex -11.4 -16.9608 2.3
      vertex -11.3117 -17.017 4.3
      vertex -11.4 -16.9608 4.3
    endloop
  endfacet
  facet normal -0.536937 -0.843622 -0
    outer loop
      vertex -11.3117 -17.017 4.3
      vertex -11.4 -16.9608 2.3
      vertex -11.3117 -17.017 2.3
    endloop
  endfacet
  facet normal -0.0439346 -0.999034 0
    outer loop
      vertex -12 -16.8 2.3
      vertex -11.8954 -16.8046 4.3
      vertex -12 -16.8 4.3
    endloop
  endfacet
  facet normal -0.0439346 -0.999034 -0
    outer loop
      vertex -11.8954 -16.8046 4.3
      vertex -12 -16.8 2.3
      vertex -11.8954 -16.8046 2.3
    endloop
  endfacet
  facet normal 0.129911 0.991526 -0
    outer loop
      vertex -12.1046 -19.1954 2.3
      vertex -12.2084 -19.1818 4.3
      vertex -12.1046 -19.1954 4.3
    endloop
  endfacet
  facet normal 0.129911 0.991526 0
    outer loop
      vertex -12.2084 -19.1818 4.3
      vertex -12.1046 -19.1954 2.3
      vertex -12.2084 -19.1818 2.3
    endloop
  endfacet
  facet normal 0.0439346 0.999034 -0
    outer loop
      vertex -12 -19.2 2.3
      vertex -12.1046 -19.1954 4.3
      vertex -12 -19.2 4.3
    endloop
  endfacet
  facet normal 0.0439346 0.999034 0
    outer loop
      vertex -12.1046 -19.1954 4.3
      vertex -12 -19.2 2.3
      vertex -12.1046 -19.1954 2.3
    endloop
  endfacet
  facet normal -0.843622 0.536937 0
    outer loop
      vertex -11.017 -18.6883 2.3
      vertex -10.9608 -18.6 4.3
      vertex -10.9608 -18.6 2.3
    endloop
  endfacet
  facet normal -0.843622 0.536937 0
    outer loop
      vertex -10.9608 -18.6 4.3
      vertex -11.017 -18.6883 2.3
      vertex -11.017 -18.6883 4.3
    endloop
  endfacet
  facet normal -0.924063 -0.382239 0
    outer loop
      vertex -10.8724 -17.5896 2.3
      vertex -10.9124 -17.4929 4.3
      vertex -10.9124 -17.4929 2.3
    endloop
  endfacet
  facet normal -0.924063 -0.382239 0
    outer loop
      vertex -10.9124 -17.4929 4.3
      vertex -10.8724 -17.5896 2.3
      vertex -10.8724 -17.5896 4.3
    endloop
  endfacet
  facet normal -0.991526 0.129911 0
    outer loop
      vertex -10.8182 -18.2084 2.3
      vertex -10.8046 -18.1046 4.3
      vertex -10.8046 -18.1046 2.3
    endloop
  endfacet
  facet normal -0.991526 0.129911 0
    outer loop
      vertex -10.8046 -18.1046 4.3
      vertex -10.8182 -18.2084 2.3
      vertex -10.8182 -18.2084 4.3
    endloop
  endfacet
  facet normal 0.216829 0.97621 -0
    outer loop
      vertex -12.2084 -19.1818 2.3
      vertex -12.3106 -19.1591 4.3
      vertex -12.2084 -19.1818 4.3
    endloop
  endfacet
  facet normal 0.216829 0.97621 0
    outer loop
      vertex -12.3106 -19.1591 4.3
      vertex -12.2084 -19.1818 2.3
      vertex -12.3106 -19.1591 2.3
    endloop
  endfacet
  facet normal 0.736996 0.675898 0
    outer loop
      vertex -12.8485 -18.8485 4.3
      vertex -12.9193 -18.7713 2.3
      vertex -12.9193 -18.7713 4.3
    endloop
  endfacet
  facet normal 0.736996 0.675898 0
    outer loop
      vertex -12.9193 -18.7713 2.3
      vertex -12.8485 -18.8485 4.3
      vertex -12.8485 -18.8485 2.3
    endloop
  endfacet
  facet normal 0.608833 -0.793299 0
    outer loop
      vertex -12.7713 -17.0807 2.3
      vertex -12.6883 -17.017 4.3
      vertex -12.7713 -17.0807 4.3
    endloop
  endfacet
  facet normal 0.608833 -0.793299 0
    outer loop
      vertex -12.6883 -17.017 4.3
      vertex -12.7713 -17.0807 2.3
      vertex -12.6883 -17.017 2.3
    endloop
  endfacet
  facet normal -0.608833 -0.793299 0
    outer loop
      vertex -11.3117 -17.017 2.3
      vertex -11.2287 -17.0807 4.3
      vertex -11.3117 -17.017 4.3
    endloop
  endfacet
  facet normal -0.608833 -0.793299 -0
    outer loop
      vertex -11.2287 -17.0807 4.3
      vertex -11.3117 -17.017 2.3
      vertex -11.2287 -17.0807 2.3
    endloop
  endfacet
  facet normal 0.999034 -0.0439346 0
    outer loop
      vertex -13.2 -18 4.3
      vertex -13.1954 -17.8954 2.3
      vertex -13.1954 -17.8954 4.3
    endloop
  endfacet
  facet normal 0.999034 -0.0439346 0
    outer loop
      vertex -13.1954 -17.8954 2.3
      vertex -13.2 -18 4.3
      vertex -13.2 -18 2.3
    endloop
  endfacet
  facet normal 0.0439346 -0.999034 0
    outer loop
      vertex -12.1046 -16.8046 2.3
      vertex -12 -16.8 4.3
      vertex -12.1046 -16.8046 4.3
    endloop
  endfacet
  facet normal 0.0439346 -0.999034 0
    outer loop
      vertex -12 -16.8 4.3
      vertex -12.1046 -16.8046 2.3
      vertex -12 -16.8 2.3
    endloop
  endfacet
  facet normal 0.300994 -0.953626 0
    outer loop
      vertex -12.4104 -16.8724 2.3
      vertex -12.3106 -16.8409 4.3
      vertex -12.4104 -16.8724 4.3
    endloop
  endfacet
  facet normal 0.300994 -0.953626 0
    outer loop
      vertex -12.3106 -16.8409 4.3
      vertex -12.4104 -16.8724 2.3
      vertex -12.3106 -16.8409 2.3
    endloop
  endfacet
  facet normal -0.382239 0.924063 0
    outer loop
      vertex -11.4929 -19.0876 2.3
      vertex -11.5896 -19.1276 4.3
      vertex -11.4929 -19.0876 4.3
    endloop
  endfacet
  facet normal -0.382239 0.924063 0
    outer loop
      vertex -11.5896 -19.1276 4.3
      vertex -11.4929 -19.0876 2.3
      vertex -11.5896 -19.1276 2.3
    endloop
  endfacet
  facet normal -0.0439346 0.999034 0
    outer loop
      vertex -11.8954 -19.1954 2.3
      vertex -12 -19.2 4.3
      vertex -11.8954 -19.1954 4.3
    endloop
  endfacet
  facet normal -0.0439346 0.999034 0
    outer loop
      vertex -12 -19.2 4.3
      vertex -11.8954 -19.1954 2.3
      vertex -12 -19.2 2.3
    endloop
  endfacet
  facet normal -0.462044 -0.886857 0
    outer loop
      vertex -11.4929 -16.9124 2.3
      vertex -11.4 -16.9608 4.3
      vertex -11.4929 -16.9124 4.3
    endloop
  endfacet
  facet normal -0.462044 -0.886857 -0
    outer loop
      vertex -11.4 -16.9608 4.3
      vertex -11.4929 -16.9124 2.3
      vertex -11.4 -16.9608 2.3
    endloop
  endfacet
  facet normal 0.886857 -0.462044 0
    outer loop
      vertex -13.0876 -17.4929 4.3
      vertex -13.0392 -17.4 2.3
      vertex -13.0392 -17.4 4.3
    endloop
  endfacet
  facet normal 0.886857 -0.462044 0
    outer loop
      vertex -13.0392 -17.4 2.3
      vertex -13.0876 -17.4929 4.3
      vertex -13.0876 -17.4929 2.3
    endloop
  endfacet
  facet normal -0.675898 -0.736996 0
    outer loop
      vertex -11.2287 -17.0807 2.3
      vertex -11.1515 -17.1515 4.3
      vertex -11.2287 -17.0807 4.3
    endloop
  endfacet
  facet normal -0.675898 -0.736996 -0
    outer loop
      vertex -11.1515 -17.1515 4.3
      vertex -11.2287 -17.0807 2.3
      vertex -11.1515 -17.1515 2.3
    endloop
  endfacet
  facet normal -0.216829 -0.97621 0
    outer loop
      vertex -11.7916 -16.8182 2.3
      vertex -11.6894 -16.8409 4.3
      vertex -11.7916 -16.8182 4.3
    endloop
  endfacet
  facet normal -0.216829 -0.97621 -0
    outer loop
      vertex -11.6894 -16.8409 4.3
      vertex -11.7916 -16.8182 2.3
      vertex -11.6894 -16.8409 2.3
    endloop
  endfacet
  facet normal 0.924063 -0.382239 0
    outer loop
      vertex -13.1276 -17.5896 4.3
      vertex -13.0876 -17.4929 2.3
      vertex -13.0876 -17.4929 4.3
    endloop
  endfacet
  facet normal 0.924063 -0.382239 0
    outer loop
      vertex -13.0876 -17.4929 2.3
      vertex -13.1276 -17.5896 4.3
      vertex -13.1276 -17.5896 2.3
    endloop
  endfacet
  facet normal 0.793299 -0.608833 0
    outer loop
      vertex -12.983 -17.3117 4.3
      vertex -12.9193 -17.2287 2.3
      vertex -12.9193 -17.2287 4.3
    endloop
  endfacet
  facet normal 0.793299 -0.608833 0
    outer loop
      vertex -12.9193 -17.2287 2.3
      vertex -12.983 -17.3117 4.3
      vertex -12.983 -17.3117 2.3
    endloop
  endfacet
  facet normal 0.382239 -0.924063 0
    outer loop
      vertex -12.5071 -16.9124 2.3
      vertex -12.4104 -16.8724 4.3
      vertex -12.5071 -16.9124 4.3
    endloop
  endfacet
  facet normal 0.382239 -0.924063 0
    outer loop
      vertex -12.4104 -16.8724 4.3
      vertex -12.5071 -16.9124 2.3
      vertex -12.4104 -16.8724 2.3
    endloop
  endfacet
  facet normal -0.953626 0.300994 0
    outer loop
      vertex -10.8724 -18.4104 2.3
      vertex -10.8409 -18.3106 4.3
      vertex -10.8409 -18.3106 2.3
    endloop
  endfacet
  facet normal -0.953626 0.300994 0
    outer loop
      vertex -10.8409 -18.3106 4.3
      vertex -10.8724 -18.4104 2.3
      vertex -10.8724 -18.4104 4.3
    endloop
  endfacet
  facet normal -0.129911 0.991526 0
    outer loop
      vertex -11.7916 -19.1818 2.3
      vertex -11.8954 -19.1954 4.3
      vertex -11.7916 -19.1818 4.3
    endloop
  endfacet
  facet normal -0.129911 0.991526 0
    outer loop
      vertex -11.8954 -19.1954 4.3
      vertex -11.7916 -19.1818 2.3
      vertex -11.8954 -19.1954 2.3
    endloop
  endfacet
  facet normal -0.793299 0.608833 0
    outer loop
      vertex -11.0807 -18.7713 2.3
      vertex -11.017 -18.6883 4.3
      vertex -11.017 -18.6883 2.3
    endloop
  endfacet
  facet normal -0.793299 0.608833 0
    outer loop
      vertex -11.017 -18.6883 4.3
      vertex -11.0807 -18.7713 2.3
      vertex -11.0807 -18.7713 4.3
    endloop
  endfacet
  facet normal -0.793299 -0.608833 0
    outer loop
      vertex -11.017 -17.3117 2.3
      vertex -11.0807 -17.2287 4.3
      vertex -11.0807 -17.2287 2.3
    endloop
  endfacet
  facet normal -0.793299 -0.608833 0
    outer loop
      vertex -11.0807 -17.2287 4.3
      vertex -11.017 -17.3117 2.3
      vertex -11.017 -17.3117 4.3
    endloop
  endfacet
  facet normal 0.675898 -0.736996 0
    outer loop
      vertex -12.8485 -17.1515 2.3
      vertex -12.7713 -17.0807 4.3
      vertex -12.8485 -17.1515 4.3
    endloop
  endfacet
  facet normal 0.675898 -0.736996 0
    outer loop
      vertex -12.7713 -17.0807 4.3
      vertex -12.8485 -17.1515 2.3
      vertex -12.7713 -17.0807 2.3
    endloop
  endfacet
  facet normal -0.999034 0.0439346 0
    outer loop
      vertex -10.8046 -18.1046 2.3
      vertex -10.8 -18 4.3
      vertex -10.8 -18 2.3
    endloop
  endfacet
  facet normal -0.999034 0.0439346 0
    outer loop
      vertex -10.8 -18 4.3
      vertex -10.8046 -18.1046 2.3
      vertex -10.8046 -18.1046 4.3
    endloop
  endfacet
  facet normal 0.999034 0.0439346 0
    outer loop
      vertex -13.1954 -18.1046 4.3
      vertex -13.2 -18 2.3
      vertex -13.2 -18 4.3
    endloop
  endfacet
  facet normal 0.999034 0.0439346 0
    outer loop
      vertex -13.2 -18 2.3
      vertex -13.1954 -18.1046 4.3
      vertex -13.1954 -18.1046 2.3
    endloop
  endfacet
  facet normal -0.886857 -0.462044 0
    outer loop
      vertex -10.9124 -17.4929 2.3
      vertex -10.9608 -17.4 4.3
      vertex -10.9608 -17.4 2.3
    endloop
  endfacet
  facet normal -0.886857 -0.462044 0
    outer loop
      vertex -10.9608 -17.4 4.3
      vertex -10.9124 -17.4929 2.3
      vertex -10.9124 -17.4929 4.3
    endloop
  endfacet
  facet normal -0.129911 -0.991526 0
    outer loop
      vertex -11.8954 -16.8046 2.3
      vertex -11.7916 -16.8182 4.3
      vertex -11.8954 -16.8046 4.3
    endloop
  endfacet
  facet normal -0.129911 -0.991526 -0
    outer loop
      vertex -11.7916 -16.8182 4.3
      vertex -11.8954 -16.8046 2.3
      vertex -11.7916 -16.8182 2.3
    endloop
  endfacet
  facet normal -0.382239 -0.924063 0
    outer loop
      vertex -11.5896 -16.8724 2.3
      vertex -11.4929 -16.9124 4.3
      vertex -11.5896 -16.8724 4.3
    endloop
  endfacet
  facet normal -0.382239 -0.924063 -0
    outer loop
      vertex -11.4929 -16.9124 4.3
      vertex -11.5896 -16.8724 2.3
      vertex -11.4929 -16.9124 2.3
    endloop
  endfacet
  facet normal -0.736996 -0.675898 0
    outer loop
      vertex -11.0807 -17.2287 2.3
      vertex -11.1515 -17.1515 4.3
      vertex -11.1515 -17.1515 2.3
    endloop
  endfacet
  facet normal -0.736996 -0.675898 0
    outer loop
      vertex -11.1515 -17.1515 4.3
      vertex -11.0807 -17.2287 2.3
      vertex -11.0807 -17.2287 4.3
    endloop
  endfacet
  facet normal -0.462044 0.886857 0
    outer loop
      vertex -11.4 -19.0392 2.3
      vertex -11.4929 -19.0876 4.3
      vertex -11.4 -19.0392 4.3
    endloop
  endfacet
  facet normal -0.462044 0.886857 0
    outer loop
      vertex -11.4929 -19.0876 4.3
      vertex -11.4 -19.0392 2.3
      vertex -11.4929 -19.0876 2.3
    endloop
  endfacet
  facet normal 0.991526 0.129911 0
    outer loop
      vertex -13.1818 -18.2084 4.3
      vertex -13.1954 -18.1046 2.3
      vertex -13.1954 -18.1046 4.3
    endloop
  endfacet
  facet normal 0.991526 0.129911 0
    outer loop
      vertex -13.1954 -18.1046 2.3
      vertex -13.1818 -18.2084 4.3
      vertex -13.1818 -18.2084 2.3
    endloop
  endfacet
  facet normal -0.536937 0.843622 0
    outer loop
      vertex -11.3117 -18.983 2.3
      vertex -11.4 -19.0392 4.3
      vertex -11.3117 -18.983 4.3
    endloop
  endfacet
  facet normal -0.536937 0.843622 0
    outer loop
      vertex -11.4 -19.0392 4.3
      vertex -11.3117 -18.983 2.3
      vertex -11.4 -19.0392 2.3
    endloop
  endfacet
  facet normal -0.924063 0.382239 0
    outer loop
      vertex -10.9124 -18.5071 2.3
      vertex -10.8724 -18.4104 4.3
      vertex -10.8724 -18.4104 2.3
    endloop
  endfacet
  facet normal -0.924063 0.382239 0
    outer loop
      vertex -10.8724 -18.4104 4.3
      vertex -10.9124 -18.5071 2.3
      vertex -10.9124 -18.5071 4.3
    endloop
  endfacet
  facet normal 0.843622 0.536937 0
    outer loop
      vertex -12.983 -18.6883 4.3
      vertex -13.0392 -18.6 2.3
      vertex -13.0392 -18.6 4.3
    endloop
  endfacet
  facet normal 0.843622 0.536937 0
    outer loop
      vertex -13.0392 -18.6 2.3
      vertex -12.983 -18.6883 4.3
      vertex -12.983 -18.6883 2.3
    endloop
  endfacet
  facet normal -0.886857 0.462044 0
    outer loop
      vertex -10.9608 -18.6 2.3
      vertex -10.9124 -18.5071 4.3
      vertex -10.9124 -18.5071 2.3
    endloop
  endfacet
  facet normal -0.886857 0.462044 0
    outer loop
      vertex -10.9124 -18.5071 4.3
      vertex -10.9608 -18.6 2.3
      vertex -10.9608 -18.6 4.3
    endloop
  endfacet
  facet normal -0.843622 -0.536937 0
    outer loop
      vertex -10.9608 -17.4 2.3
      vertex -11.017 -17.3117 4.3
      vertex -11.017 -17.3117 2.3
    endloop
  endfacet
  facet normal -0.843622 -0.536937 0
    outer loop
      vertex -11.017 -17.3117 4.3
      vertex -10.9608 -17.4 2.3
      vertex -10.9608 -17.4 4.3
    endloop
  endfacet
  facet normal 0.953626 -0.300994 0
    outer loop
      vertex -13.1591 -17.6894 4.3
      vertex -13.1276 -17.5896 2.3
      vertex -13.1276 -17.5896 4.3
    endloop
  endfacet
  facet normal 0.953626 -0.300994 0
    outer loop
      vertex -13.1276 -17.5896 2.3
      vertex -13.1591 -17.6894 4.3
      vertex -13.1591 -17.6894 2.3
    endloop
  endfacet
  facet normal -0.97621 0.216829 0
    outer loop
      vertex -10.8409 -18.3106 2.3
      vertex -10.8182 -18.2084 4.3
      vertex -10.8182 -18.2084 2.3
    endloop
  endfacet
  facet normal -0.97621 0.216829 0
    outer loop
      vertex -10.8182 -18.2084 4.3
      vertex -10.8409 -18.3106 2.3
      vertex -10.8409 -18.3106 4.3
    endloop
  endfacet
  facet normal 0.382239 0.924063 -0
    outer loop
      vertex -12.4104 -19.1276 2.3
      vertex -12.5071 -19.0876 4.3
      vertex -12.4104 -19.1276 4.3
    endloop
  endfacet
  facet normal 0.382239 0.924063 0
    outer loop
      vertex -12.5071 -19.0876 4.3
      vertex -12.4104 -19.1276 2.3
      vertex -12.5071 -19.0876 2.3
    endloop
  endfacet
  facet normal 0.216829 -0.97621 0
    outer loop
      vertex -12.3106 -16.8409 2.3
      vertex -12.2084 -16.8182 4.3
      vertex -12.3106 -16.8409 4.3
    endloop
  endfacet
  facet normal 0.216829 -0.97621 0
    outer loop
      vertex -12.2084 -16.8182 4.3
      vertex -12.3106 -16.8409 2.3
      vertex -12.2084 -16.8182 2.3
    endloop
  endfacet
  facet normal 0.129911 -0.991526 0
    outer loop
      vertex -12.2084 -16.8182 2.3
      vertex -12.1046 -16.8046 4.3
      vertex -12.2084 -16.8182 4.3
    endloop
  endfacet
  facet normal 0.129911 -0.991526 0
    outer loop
      vertex -12.1046 -16.8046 4.3
      vertex -12.2084 -16.8182 2.3
      vertex -12.1046 -16.8046 2.3
    endloop
  endfacet
  facet normal 0.675898 0.736996 -0
    outer loop
      vertex -12.7713 -18.9193 2.3
      vertex -12.8485 -18.8485 4.3
      vertex -12.7713 -18.9193 4.3
    endloop
  endfacet
  facet normal 0.675898 0.736996 0
    outer loop
      vertex -12.8485 -18.8485 4.3
      vertex -12.7713 -18.9193 2.3
      vertex -12.8485 -18.8485 2.3
    endloop
  endfacet
  facet normal 0.886857 0.462044 0
    outer loop
      vertex -13.0392 -18.6 4.3
      vertex -13.0876 -18.5071 2.3
      vertex -13.0876 -18.5071 4.3
    endloop
  endfacet
  facet normal 0.886857 0.462044 0
    outer loop
      vertex -13.0876 -18.5071 2.3
      vertex -13.0392 -18.6 4.3
      vertex -13.0392 -18.6 2.3
    endloop
  endfacet
  facet normal 0.924063 0.382239 0
    outer loop
      vertex -13.0876 -18.5071 4.3
      vertex -13.1276 -18.4104 2.3
      vertex -13.1276 -18.4104 4.3
    endloop
  endfacet
  facet normal 0.924063 0.382239 0
    outer loop
      vertex -13.1276 -18.4104 2.3
      vertex -13.0876 -18.5071 4.3
      vertex -13.0876 -18.5071 2.3
    endloop
  endfacet
  facet normal -0.736996 0.675898 0
    outer loop
      vertex -11.1515 -18.8485 2.3
      vertex -11.0807 -18.7713 4.3
      vertex -11.0807 -18.7713 2.3
    endloop
  endfacet
  facet normal -0.736996 0.675898 0
    outer loop
      vertex -11.0807 -18.7713 4.3
      vertex -11.1515 -18.8485 2.3
      vertex -11.1515 -18.8485 4.3
    endloop
  endfacet
  facet normal 0.793299 0.608833 0
    outer loop
      vertex -12.9193 -18.7713 4.3
      vertex -12.983 -18.6883 2.3
      vertex -12.983 -18.6883 4.3
    endloop
  endfacet
  facet normal 0.793299 0.608833 0
    outer loop
      vertex -12.983 -18.6883 2.3
      vertex -12.9193 -18.7713 4.3
      vertex -12.9193 -18.7713 2.3
    endloop
  endfacet
  facet normal 0.953626 0.300994 0
    outer loop
      vertex -13.1276 -18.4104 4.3
      vertex -13.1591 -18.3106 2.3
      vertex -13.1591 -18.3106 4.3
    endloop
  endfacet
  facet normal 0.953626 0.300994 0
    outer loop
      vertex -13.1591 -18.3106 2.3
      vertex -13.1276 -18.4104 4.3
      vertex -13.1276 -18.4104 2.3
    endloop
  endfacet
  facet normal -0.953626 -0.300994 0
    outer loop
      vertex -10.8409 -17.6894 2.3
      vertex -10.8724 -17.5896 4.3
      vertex -10.8724 -17.5896 2.3
    endloop
  endfacet
  facet normal -0.953626 -0.300994 0
    outer loop
      vertex -10.8724 -17.5896 4.3
      vertex -10.8409 -17.6894 2.3
      vertex -10.8409 -17.6894 4.3
    endloop
  endfacet
  facet normal 0.300994 0.953626 -0
    outer loop
      vertex -12.3106 -19.1591 2.3
      vertex -12.4104 -19.1276 4.3
      vertex -12.3106 -19.1591 4.3
    endloop
  endfacet
  facet normal 0.300994 0.953626 0
    outer loop
      vertex -12.4104 -19.1276 4.3
      vertex -12.3106 -19.1591 2.3
      vertex -12.4104 -19.1276 2.3
    endloop
  endfacet
  facet normal 0.97621 0.216829 0
    outer loop
      vertex -13.1591 -18.3106 4.3
      vertex -13.1818 -18.2084 2.3
      vertex -13.1818 -18.2084 4.3
    endloop
  endfacet
  facet normal 0.97621 0.216829 0
    outer loop
      vertex -13.1818 -18.2084 2.3
      vertex -13.1591 -18.3106 4.3
      vertex -13.1591 -18.3106 2.3
    endloop
  endfacet
  facet normal 0.843622 -0.536937 0
    outer loop
      vertex -13.0392 -17.4 4.3
      vertex -12.983 -17.3117 2.3
      vertex -12.983 -17.3117 4.3
    endloop
  endfacet
  facet normal 0.843622 -0.536937 0
    outer loop
      vertex -12.983 -17.3117 2.3
      vertex -13.0392 -17.4 4.3
      vertex -13.0392 -17.4 2.3
    endloop
  endfacet
  facet normal 0.736996 -0.675898 0
    outer loop
      vertex -12.9193 -17.2287 4.3
      vertex -12.8485 -17.1515 2.3
      vertex -12.8485 -17.1515 4.3
    endloop
  endfacet
  facet normal 0.736996 -0.675898 0
    outer loop
      vertex -12.8485 -17.1515 2.3
      vertex -12.9193 -17.2287 4.3
      vertex -12.9193 -17.2287 2.3
    endloop
  endfacet
  facet normal 0.462044 -0.886857 0
    outer loop
      vertex -12.6 -16.9608 2.3
      vertex -12.5071 -16.9124 4.3
      vertex -12.6 -16.9608 4.3
    endloop
  endfacet
  facet normal 0.462044 -0.886857 0
    outer loop
      vertex -12.5071 -16.9124 4.3
      vertex -12.6 -16.9608 2.3
      vertex -12.5071 -16.9124 2.3
    endloop
  endfacet
  facet normal -0.608833 0.793299 0
    outer loop
      vertex -11.2287 -18.9193 2.3
      vertex -11.3117 -18.983 4.3
      vertex -11.2287 -18.9193 4.3
    endloop
  endfacet
  facet normal -0.608833 0.793299 0
    outer loop
      vertex -11.3117 -18.983 4.3
      vertex -11.2287 -18.9193 2.3
      vertex -11.3117 -18.983 2.3
    endloop
  endfacet
  facet normal 0.536937 0.843622 -0
    outer loop
      vertex -12.6 -19.0392 2.3
      vertex -12.6883 -18.983 4.3
      vertex -12.6 -19.0392 4.3
    endloop
  endfacet
  facet normal 0.536937 0.843622 0
    outer loop
      vertex -12.6883 -18.983 4.3
      vertex -12.6 -19.0392 2.3
      vertex -12.6883 -18.983 2.3
    endloop
  endfacet
  facet normal 0.97621 -0.216829 0
    outer loop
      vertex -13.1818 -17.7916 4.3
      vertex -13.1591 -17.6894 2.3
      vertex -13.1591 -17.6894 4.3
    endloop
  endfacet
  facet normal 0.97621 -0.216829 0
    outer loop
      vertex -13.1591 -17.6894 2.3
      vertex -13.1818 -17.7916 4.3
      vertex -13.1818 -17.7916 2.3
    endloop
  endfacet
  facet normal -0.216829 0.97621 0
    outer loop
      vertex -11.6894 -19.1591 2.3
      vertex -11.7916 -19.1818 4.3
      vertex -11.6894 -19.1591 4.3
    endloop
  endfacet
  facet normal -0.216829 0.97621 0
    outer loop
      vertex -11.7916 -19.1818 4.3
      vertex -11.6894 -19.1591 2.3
      vertex -11.7916 -19.1818 2.3
    endloop
  endfacet
  facet normal 0.991526 -0.129911 0
    outer loop
      vertex -13.1954 -17.8954 4.3
      vertex -13.1818 -17.7916 2.3
      vertex -13.1818 -17.7916 4.3
    endloop
  endfacet
  facet normal 0.991526 -0.129911 0
    outer loop
      vertex -13.1818 -17.7916 2.3
      vertex -13.1954 -17.8954 4.3
      vertex -13.1954 -17.8954 2.3
    endloop
  endfacet
  facet normal 0.536937 -0.843622 0
    outer loop
      vertex -12.6883 -17.017 2.3
      vertex -12.6 -16.9608 4.3
      vertex -12.6883 -17.017 4.3
    endloop
  endfacet
  facet normal 0.536937 -0.843622 0
    outer loop
      vertex -12.6 -16.9608 4.3
      vertex -12.6883 -17.017 2.3
      vertex -12.6 -16.9608 2.3
    endloop
  endfacet
  facet normal -0.675898 0.736996 0
    outer loop
      vertex -11.1515 -18.8485 2.3
      vertex -11.2287 -18.9193 4.3
      vertex -11.1515 -18.8485 4.3
    endloop
  endfacet
  facet normal -0.675898 0.736996 0
    outer loop
      vertex -11.2287 -18.9193 4.3
      vertex -11.1515 -18.8485 2.3
      vertex -11.2287 -18.9193 2.3
    endloop
  endfacet
  facet normal -0.300994 -0.953626 0
    outer loop
      vertex -11.6894 -16.8409 2.3
      vertex -11.5896 -16.8724 4.3
      vertex -11.6894 -16.8409 4.3
    endloop
  endfacet
  facet normal -0.300994 -0.953626 -0
    outer loop
      vertex -11.5896 -16.8724 4.3
      vertex -11.6894 -16.8409 2.3
      vertex -11.5896 -16.8724 2.3
    endloop
  endfacet
  facet normal 0.462044 0.886857 -0
    outer loop
      vertex -12.5071 -19.0876 2.3
      vertex -12.6 -19.0392 4.3
      vertex -12.5071 -19.0876 4.3
    endloop
  endfacet
  facet normal 0.462044 0.886857 0
    outer loop
      vertex -12.6 -19.0392 4.3
      vertex -12.5071 -19.0876 2.3
      vertex -12.6 -19.0392 2.3
    endloop
  endfacet
  facet normal 0.608833 0.793299 -0
    outer loop
      vertex -12.6883 -18.983 2.3
      vertex -12.7713 -18.9193 4.3
      vertex -12.6883 -18.983 4.3
    endloop
  endfacet
  facet normal 0.608833 0.793299 0
    outer loop
      vertex -12.7713 -18.9193 4.3
      vertex -12.6883 -18.983 2.3
      vertex -12.7713 -18.9193 2.3
    endloop
  endfacet
  facet normal 0.130106 -0.9915 0
    outer loop
      vertex -12.3994 -15.7349 0
      vertex -12.2005 -15.7088 2.3
      vertex -12.3994 -15.7349 2.3
    endloop
  endfacet
  facet normal 0.130106 -0.9915 0
    outer loop
      vertex -12.2005 -15.7088 2.3
      vertex -12.3994 -15.7349 0
      vertex -12.2005 -15.7088 0
    endloop
  endfacet
  facet normal -0.991442 -0.130547 0
    outer loop
      vertex -9.70875 -17.7995 0
      vertex -9.73494 -17.6006 2.3
      vertex -9.73494 -17.6006 0
    endloop
  endfacet
  facet normal -0.991442 -0.130547 0
    outer loop
      vertex -9.73494 -17.6006 2.3
      vertex -9.70875 -17.7995 0
      vertex -9.70875 -17.7995 2.3
    endloop
  endfacet
  facet normal -0.999049 -0.0435994 0
    outer loop
      vertex -9.7 -18 0
      vertex -9.70875 -17.7995 2.3
      vertex -9.70875 -17.7995 0
    endloop
  endfacet
  facet normal -0.999049 -0.0435994 0
    outer loop
      vertex -9.70875 -17.7995 2.3
      vertex -9.7 -18 0
      vertex -9.7 -18 2.3
    endloop
  endfacet
  facet normal -0.976296 -0.21644 0
    outer loop
      vertex -9.73494 -17.6006 0
      vertex -9.77837 -17.4047 2.3
      vertex -9.77837 -17.4047 0
    endloop
  endfacet
  facet normal -0.976296 -0.21644 0
    outer loop
      vertex -9.77837 -17.4047 2.3
      vertex -9.73494 -17.6006 0
      vertex -9.73494 -17.6006 2.3
    endloop
  endfacet
  facet normal -0.999049 0.0435994 0
    outer loop
      vertex -9.70875 -18.2005 0
      vertex -9.7 -18 2.3
      vertex -9.7 -18 0
    endloop
  endfacet
  facet normal -0.999049 0.0435994 0
    outer loop
      vertex -9.7 -18 2.3
      vertex -9.70875 -18.2005 0
      vertex -9.70875 -18.2005 2.3
    endloop
  endfacet
  facet normal 0.608578 0.793494 -0
    outer loop
      vertex -13.3192 -19.884 0
      vertex -13.4784 -19.7619 2.3
      vertex -13.3192 -19.884 2.3
    endloop
  endfacet
  facet normal 0.608578 0.793494 0
    outer loop
      vertex -13.4784 -19.7619 2.3
      vertex -13.3192 -19.884 0
      vertex -13.4784 -19.7619 0
    endloop
  endfacet
  facet normal 0.953741 -0.30063 0
    outer loop
      vertex -14.2216 -17.4047 2.3
      vertex -14.1613 -17.2134 0
      vertex -14.1613 -17.2134 2.3
    endloop
  endfacet
  facet normal 0.953741 -0.30063 0
    outer loop
      vertex -14.1613 -17.2134 0
      vertex -14.2216 -17.4047 2.3
      vertex -14.2216 -17.4047 0
    endloop
  endfacet
  facet normal -0.675792 -0.737092 0
    outer loop
      vertex -10.5216 -16.2381 0
      vertex -10.3737 -16.3737 2.3
      vertex -10.5216 -16.2381 2.3
    endloop
  endfacet
  facet normal -0.675792 -0.737092 -0
    outer loop
      vertex -10.3737 -16.3737 2.3
      vertex -10.5216 -16.2381 0
      vertex -10.3737 -16.3737 0
    endloop
  endfacet
  facet normal 0.953741 0.30063 0
    outer loop
      vertex -14.1613 -18.7866 2.3
      vertex -14.2216 -18.5953 0
      vertex -14.2216 -18.5953 2.3
    endloop
  endfacet
  facet normal 0.953741 0.30063 0
    outer loop
      vertex -14.2216 -18.5953 0
      vertex -14.1613 -18.7866 2.3
      vertex -14.1613 -18.7866 0
    endloop
  endfacet
  facet normal 0.793494 0.608578 0
    outer loop
      vertex -13.7619 -19.4784 2.3
      vertex -13.884 -19.3192 0
      vertex -13.884 -19.3192 2.3
    endloop
  endfacet
  facet normal 0.793494 0.608578 0
    outer loop
      vertex -13.884 -19.3192 0
      vertex -13.7619 -19.4784 2.3
      vertex -13.7619 -19.4784 0
    endloop
  endfacet
  facet normal -0.382704 -0.923871 0
    outer loop
      vertex -11.2134 -15.8387 0
      vertex -11.028 -15.9155 2.3
      vertex -11.2134 -15.8387 2.3
    endloop
  endfacet
  facet normal -0.382704 -0.923871 -0
    outer loop
      vertex -11.028 -15.9155 2.3
      vertex -11.2134 -15.8387 0
      vertex -11.028 -15.9155 0
    endloop
  endfacet
  facet normal -0.843148 0.537681 0
    outer loop
      vertex -10.116 -19.3192 0
      vertex -10.0081 -19.15 2.3
      vertex -10.0081 -19.15 0
    endloop
  endfacet
  facet normal -0.843148 0.537681 0
    outer loop
      vertex -10.0081 -19.15 2.3
      vertex -10.116 -19.3192 0
      vertex -10.116 -19.3192 2.3
    endloop
  endfacet
  facet normal -0.737092 -0.675792 0
    outer loop
      vertex -10.2381 -16.5216 0
      vertex -10.3737 -16.3737 2.3
      vertex -10.3737 -16.3737 0
    endloop
  endfacet
  facet normal -0.737092 -0.675792 0
    outer loop
      vertex -10.3737 -16.3737 2.3
      vertex -10.2381 -16.5216 0
      vertex -10.2381 -16.5216 2.3
    endloop
  endfacet
  facet normal -0.793494 -0.608578 0
    outer loop
      vertex -10.116 -16.6808 0
      vertex -10.2381 -16.5216 2.3
      vertex -10.2381 -16.5216 0
    endloop
  endfacet
  facet normal -0.793494 -0.608578 0
    outer loop
      vertex -10.2381 -16.5216 2.3
      vertex -10.116 -16.6808 0
      vertex -10.116 -16.6808 2.3
    endloop
  endfacet
  facet normal -0.537681 -0.843148 0
    outer loop
      vertex -10.85 -16.0081 0
      vertex -10.6808 -16.116 2.3
      vertex -10.85 -16.0081 2.3
    endloop
  endfacet
  facet normal -0.537681 -0.843148 -0
    outer loop
      vertex -10.6808 -16.116 2.3
      vertex -10.85 -16.0081 0
      vertex -10.6808 -16.116 0
    endloop
  endfacet
  facet normal -0.216772 -0.976222 0
    outer loop
      vertex -11.6006 -15.7349 0
      vertex -11.4047 -15.7784 2.3
      vertex -11.6006 -15.7349 2.3
    endloop
  endfacet
  facet normal -0.216772 -0.976222 -0
    outer loop
      vertex -11.4047 -15.7784 2.3
      vertex -11.6006 -15.7349 0
      vertex -11.4047 -15.7784 0
    endloop
  endfacet
  facet normal 0.0438481 0.999038 -0
    outer loop
      vertex -12 -20.3 0
      vertex -12.2005 -20.2912 2.3
      vertex -12 -20.3 2.3
    endloop
  endfacet
  facet normal 0.0438481 0.999038 0
    outer loop
      vertex -12.2005 -20.2912 2.3
      vertex -12 -20.3 0
      vertex -12.2005 -20.2912 0
    endloop
  endfacet
  facet normal 0.216772 -0.976222 0
    outer loop
      vertex -12.5953 -15.7784 0
      vertex -12.3994 -15.7349 2.3
      vertex -12.5953 -15.7784 2.3
    endloop
  endfacet
  facet normal 0.216772 -0.976222 0
    outer loop
      vertex -12.3994 -15.7349 2.3
      vertex -12.5953 -15.7784 0
      vertex -12.3994 -15.7349 0
    endloop
  endfacet
  facet normal 0.793494 -0.608578 0
    outer loop
      vertex -13.884 -16.6808 2.3
      vertex -13.7619 -16.5216 0
      vertex -13.7619 -16.5216 2.3
    endloop
  endfacet
  facet normal 0.793494 -0.608578 0
    outer loop
      vertex -13.7619 -16.5216 0
      vertex -13.884 -16.6808 2.3
      vertex -13.884 -16.6808 0
    endloop
  endfacet
  facet normal 0.9915 0.130106 0
    outer loop
      vertex -14.2651 -18.3994 2.3
      vertex -14.2912 -18.2005 0
      vertex -14.2912 -18.2005 2.3
    endloop
  endfacet
  facet normal 0.9915 0.130106 0
    outer loop
      vertex -14.2912 -18.2005 0
      vertex -14.2651 -18.3994 2.3
      vertex -14.2651 -18.3994 0
    endloop
  endfacet
  facet normal 0.46151 -0.887135 0
    outer loop
      vertex -13.15 -16.0081 0
      vertex -12.972 -15.9155 2.3
      vertex -13.15 -16.0081 2.3
    endloop
  endfacet
  facet normal 0.46151 -0.887135 0
    outer loop
      vertex -12.972 -15.9155 2.3
      vertex -13.15 -16.0081 0
      vertex -12.972 -15.9155 0
    endloop
  endfacet
  facet normal -0.46151 0.887135 0
    outer loop
      vertex -10.85 -19.9919 0
      vertex -11.028 -20.0845 2.3
      vertex -10.85 -19.9919 2.3
    endloop
  endfacet
  facet normal -0.46151 0.887135 0
    outer loop
      vertex -11.028 -20.0845 2.3
      vertex -10.85 -19.9919 0
      vertex -11.028 -20.0845 0
    endloop
  endfacet
  facet normal -0.608578 -0.793494 0
    outer loop
      vertex -10.6808 -16.116 0
      vertex -10.5216 -16.2381 2.3
      vertex -10.6808 -16.116 2.3
    endloop
  endfacet
  facet normal -0.608578 -0.793494 -0
    outer loop
      vertex -10.5216 -16.2381 2.3
      vertex -10.6808 -16.116 0
      vertex -10.5216 -16.2381 0
    endloop
  endfacet
  facet normal -0.991442 0.130547 0
    outer loop
      vertex -9.73494 -18.3994 0
      vertex -9.70875 -18.2005 2.3
      vertex -9.70875 -18.2005 0
    endloop
  endfacet
  facet normal -0.991442 0.130547 0
    outer loop
      vertex -9.70875 -18.2005 2.3
      vertex -9.73494 -18.3994 0
      vertex -9.73494 -18.3994 2.3
    endloop
  endfacet
  facet normal -0.923906 0.382619 0
    outer loop
      vertex -9.91549 -18.972 0
      vertex -9.83871 -18.7866 2.3
      vertex -9.83871 -18.7866 0
    endloop
  endfacet
  facet normal -0.923906 0.382619 0
    outer loop
      vertex -9.83871 -18.7866 2.3
      vertex -9.91549 -18.972 0
      vertex -9.91549 -18.972 2.3
    endloop
  endfacet
  facet normal -0.30063 -0.953741 0
    outer loop
      vertex -11.4047 -15.7784 0
      vertex -11.2134 -15.8387 2.3
      vertex -11.4047 -15.7784 2.3
    endloop
  endfacet
  facet normal -0.30063 -0.953741 -0
    outer loop
      vertex -11.2134 -15.8387 2.3
      vertex -11.4047 -15.7784 0
      vertex -11.2134 -15.8387 0
    endloop
  endfacet
  facet normal 0.0438481 -0.999038 0
    outer loop
      vertex -12.2005 -15.7088 0
      vertex -12 -15.7 2.3
      vertex -12.2005 -15.7088 2.3
    endloop
  endfacet
  facet normal 0.0438481 -0.999038 0
    outer loop
      vertex -12 -15.7 2.3
      vertex -12.2005 -15.7088 0
      vertex -12 -15.7 0
    endloop
  endfacet
  facet normal 0.737092 0.675792 0
    outer loop
      vertex -13.6263 -19.6263 2.3
      vertex -13.7619 -19.4784 0
      vertex -13.7619 -19.4784 2.3
    endloop
  endfacet
  facet normal 0.737092 0.675792 0
    outer loop
      vertex -13.7619 -19.4784 0
      vertex -13.6263 -19.6263 2.3
      vertex -13.6263 -19.6263 0
    endloop
  endfacet
  facet normal 0.887135 -0.46151 0
    outer loop
      vertex -14.0845 -17.028 2.3
      vertex -13.9919 -16.85 0
      vertex -13.9919 -16.85 2.3
    endloop
  endfacet
  facet normal 0.887135 -0.46151 0
    outer loop
      vertex -13.9919 -16.85 0
      vertex -14.0845 -17.028 2.3
      vertex -14.0845 -17.028 0
    endloop
  endfacet
  facet normal -0.216772 0.976222 0
    outer loop
      vertex -11.4047 -20.2216 0
      vertex -11.6006 -20.2651 2.3
      vertex -11.4047 -20.2216 2.3
    endloop
  endfacet
  facet normal -0.216772 0.976222 0
    outer loop
      vertex -11.6006 -20.2651 2.3
      vertex -11.4047 -20.2216 0
      vertex -11.6006 -20.2651 0
    endloop
  endfacet
  facet normal -0.130106 0.9915 0
    outer loop
      vertex -11.6006 -20.2651 0
      vertex -11.7995 -20.2912 2.3
      vertex -11.6006 -20.2651 2.3
    endloop
  endfacet
  facet normal -0.130106 0.9915 0
    outer loop
      vertex -11.7995 -20.2912 2.3
      vertex -11.6006 -20.2651 0
      vertex -11.7995 -20.2912 0
    endloop
  endfacet
  facet normal -0.46151 -0.887135 0
    outer loop
      vertex -11.028 -15.9155 0
      vertex -10.85 -16.0081 2.3
      vertex -11.028 -15.9155 2.3
    endloop
  endfacet
  facet normal -0.46151 -0.887135 -0
    outer loop
      vertex -10.85 -16.0081 2.3
      vertex -11.028 -15.9155 0
      vertex -10.85 -16.0081 0
    endloop
  endfacet
  facet normal -0.0438481 -0.999038 0
    outer loop
      vertex -12 -15.7 0
      vertex -11.7995 -15.7088 2.3
      vertex -12 -15.7 2.3
    endloop
  endfacet
  facet normal -0.0438481 -0.999038 -0
    outer loop
      vertex -11.7995 -15.7088 2.3
      vertex -12 -15.7 0
      vertex -11.7995 -15.7088 0
    endloop
  endfacet
  facet normal -0.0438481 0.999038 0
    outer loop
      vertex -11.7995 -20.2912 0
      vertex -12 -20.3 2.3
      vertex -11.7995 -20.2912 2.3
    endloop
  endfacet
  facet normal -0.0438481 0.999038 0
    outer loop
      vertex -12 -20.3 2.3
      vertex -11.7995 -20.2912 0
      vertex -12 -20.3 0
    endloop
  endfacet
  facet normal 0.30063 0.953741 -0
    outer loop
      vertex -12.5953 -20.2216 0
      vertex -12.7866 -20.1613 2.3
      vertex -12.5953 -20.2216 2.3
    endloop
  endfacet
  facet normal 0.30063 0.953741 0
    outer loop
      vertex -12.7866 -20.1613 2.3
      vertex -12.5953 -20.2216 0
      vertex -12.7866 -20.1613 0
    endloop
  endfacet
  facet normal -0.608578 0.793494 0
    outer loop
      vertex -10.5216 -19.7619 0
      vertex -10.6808 -19.884 2.3
      vertex -10.5216 -19.7619 2.3
    endloop
  endfacet
  facet normal -0.608578 0.793494 0
    outer loop
      vertex -10.6808 -19.884 2.3
      vertex -10.5216 -19.7619 0
      vertex -10.6808 -19.884 0
    endloop
  endfacet
  facet normal 0.537681 0.843148 -0
    outer loop
      vertex -13.15 -19.9919 0
      vertex -13.3192 -19.884 2.3
      vertex -13.15 -19.9919 2.3
    endloop
  endfacet
  facet normal 0.537681 0.843148 0
    outer loop
      vertex -13.3192 -19.884 2.3
      vertex -13.15 -19.9919 0
      vertex -13.3192 -19.884 0
    endloop
  endfacet
  facet normal -0.793494 0.608578 0
    outer loop
      vertex -10.2381 -19.4784 0
      vertex -10.116 -19.3192 2.3
      vertex -10.116 -19.3192 0
    endloop
  endfacet
  facet normal -0.793494 0.608578 0
    outer loop
      vertex -10.116 -19.3192 2.3
      vertex -10.2381 -19.4784 0
      vertex -10.2381 -19.4784 2.3
    endloop
  endfacet
  facet normal -0.976296 0.21644 0
    outer loop
      vertex -9.77837 -18.5953 0
      vertex -9.73494 -18.3994 2.3
      vertex -9.73494 -18.3994 0
    endloop
  endfacet
  facet normal -0.976296 0.21644 0
    outer loop
      vertex -9.73494 -18.3994 2.3
      vertex -9.77837 -18.5953 0
      vertex -9.77837 -18.5953 2.3
    endloop
  endfacet
  facet normal 0.675792 -0.737092 0
    outer loop
      vertex -13.6263 -16.3737 0
      vertex -13.4784 -16.2381 2.3
      vertex -13.6263 -16.3737 2.3
    endloop
  endfacet
  facet normal 0.675792 -0.737092 0
    outer loop
      vertex -13.4784 -16.2381 2.3
      vertex -13.6263 -16.3737 0
      vertex -13.4784 -16.2381 0
    endloop
  endfacet
  facet normal 0.608578 -0.793494 0
    outer loop
      vertex -13.4784 -16.2381 0
      vertex -13.3192 -16.116 2.3
      vertex -13.4784 -16.2381 2.3
    endloop
  endfacet
  facet normal 0.608578 -0.793494 0
    outer loop
      vertex -13.3192 -16.116 2.3
      vertex -13.4784 -16.2381 0
      vertex -13.3192 -16.116 0
    endloop
  endfacet
  facet normal -0.887115 -0.461549 0
    outer loop
      vertex -9.91549 -17.028 0
      vertex -10.0081 -16.85 2.3
      vertex -10.0081 -16.85 0
    endloop
  endfacet
  facet normal -0.887115 -0.461549 0
    outer loop
      vertex -10.0081 -16.85 2.3
      vertex -9.91549 -17.028 0
      vertex -9.91549 -17.028 2.3
    endloop
  endfacet
  facet normal -0.843148 -0.537681 0
    outer loop
      vertex -10.0081 -16.85 0
      vertex -10.116 -16.6808 2.3
      vertex -10.116 -16.6808 0
    endloop
  endfacet
  facet normal -0.843148 -0.537681 0
    outer loop
      vertex -10.116 -16.6808 2.3
      vertex -10.0081 -16.85 0
      vertex -10.0081 -16.85 2.3
    endloop
  endfacet
  facet normal -0.953684 0.300812 0
    outer loop
      vertex -9.83871 -18.7866 0
      vertex -9.77837 -18.5953 2.3
      vertex -9.77837 -18.5953 0
    endloop
  endfacet
  facet normal -0.953684 0.300812 0
    outer loop
      vertex -9.77837 -18.5953 2.3
      vertex -9.83871 -18.7866 0
      vertex -9.83871 -18.7866 2.3
    endloop
  endfacet
  facet normal 0.537681 -0.843148 0
    outer loop
      vertex -13.3192 -16.116 0
      vertex -13.15 -16.0081 2.3
      vertex -13.3192 -16.116 2.3
    endloop
  endfacet
  facet normal 0.537681 -0.843148 0
    outer loop
      vertex -13.15 -16.0081 2.3
      vertex -13.3192 -16.116 0
      vertex -13.15 -16.0081 0
    endloop
  endfacet
  facet normal 0.30063 -0.953741 0
    outer loop
      vertex -12.7866 -15.8387 0
      vertex -12.5953 -15.7784 2.3
      vertex -12.7866 -15.8387 2.3
    endloop
  endfacet
  facet normal 0.30063 -0.953741 0
    outer loop
      vertex -12.5953 -15.7784 2.3
      vertex -12.7866 -15.8387 0
      vertex -12.5953 -15.7784 0
    endloop
  endfacet
  facet normal -0.382704 0.923871 0
    outer loop
      vertex -11.028 -20.0845 0
      vertex -11.2134 -20.1613 2.3
      vertex -11.028 -20.0845 2.3
    endloop
  endfacet
  facet normal -0.382704 0.923871 0
    outer loop
      vertex -11.2134 -20.1613 2.3
      vertex -11.028 -20.0845 0
      vertex -11.2134 -20.1613 0
    endloop
  endfacet
  facet normal -0.923906 -0.382619 0
    outer loop
      vertex -9.83871 -17.2134 0
      vertex -9.91549 -17.028 2.3
      vertex -9.91549 -17.028 0
    endloop
  endfacet
  facet normal -0.923906 -0.382619 0
    outer loop
      vertex -9.91549 -17.028 2.3
      vertex -9.83871 -17.2134 0
      vertex -9.83871 -17.2134 2.3
    endloop
  endfacet
  facet normal 0.999038 0.0438481 0
    outer loop
      vertex -14.2912 -18.2005 2.3
      vertex -14.3 -18 0
      vertex -14.3 -18 2.3
    endloop
  endfacet
  facet normal 0.999038 0.0438481 0
    outer loop
      vertex -14.3 -18 0
      vertex -14.2912 -18.2005 2.3
      vertex -14.2912 -18.2005 0
    endloop
  endfacet
  facet normal 0.999038 -0.0438481 0
    outer loop
      vertex -14.3 -18 2.3
      vertex -14.2912 -17.7995 0
      vertex -14.2912 -17.7995 2.3
    endloop
  endfacet
  facet normal 0.999038 -0.0438481 0
    outer loop
      vertex -14.2912 -17.7995 0
      vertex -14.3 -18 2.3
      vertex -14.3 -18 0
    endloop
  endfacet
  facet normal -0.887115 0.461549 0
    outer loop
      vertex -10.0081 -19.15 0
      vertex -9.91549 -18.972 2.3
      vertex -9.91549 -18.972 0
    endloop
  endfacet
  facet normal -0.887115 0.461549 0
    outer loop
      vertex -9.91549 -18.972 2.3
      vertex -10.0081 -19.15 0
      vertex -10.0081 -19.15 2.3
    endloop
  endfacet
  facet normal 0.737092 -0.675792 0
    outer loop
      vertex -13.7619 -16.5216 2.3
      vertex -13.6263 -16.3737 0
      vertex -13.6263 -16.3737 2.3
    endloop
  endfacet
  facet normal 0.737092 -0.675792 0
    outer loop
      vertex -13.6263 -16.3737 0
      vertex -13.7619 -16.5216 2.3
      vertex -13.7619 -16.5216 0
    endloop
  endfacet
  facet normal 0.382704 -0.923871 0
    outer loop
      vertex -12.972 -15.9155 0
      vertex -12.7866 -15.8387 2.3
      vertex -12.972 -15.9155 2.3
    endloop
  endfacet
  facet normal 0.382704 -0.923871 0
    outer loop
      vertex -12.7866 -15.8387 2.3
      vertex -12.972 -15.9155 0
      vertex -12.7866 -15.8387 0
    endloop
  endfacet
  facet normal -0.537681 0.843148 0
    outer loop
      vertex -10.6808 -19.884 0
      vertex -10.85 -19.9919 2.3
      vertex -10.6808 -19.884 2.3
    endloop
  endfacet
  facet normal -0.537681 0.843148 0
    outer loop
      vertex -10.85 -19.9919 2.3
      vertex -10.6808 -19.884 0
      vertex -10.85 -19.9919 0
    endloop
  endfacet
  facet normal 0.976222 -0.216772 0
    outer loop
      vertex -14.2651 -17.6006 2.3
      vertex -14.2216 -17.4047 0
      vertex -14.2216 -17.4047 2.3
    endloop
  endfacet
  facet normal 0.976222 -0.216772 0
    outer loop
      vertex -14.2216 -17.4047 0
      vertex -14.2651 -17.6006 2.3
      vertex -14.2651 -17.6006 0
    endloop
  endfacet
  facet normal 0.976222 0.216772 0
    outer loop
      vertex -14.2216 -18.5953 2.3
      vertex -14.2651 -18.3994 0
      vertex -14.2651 -18.3994 2.3
    endloop
  endfacet
  facet normal 0.976222 0.216772 0
    outer loop
      vertex -14.2651 -18.3994 0
      vertex -14.2216 -18.5953 2.3
      vertex -14.2216 -18.5953 0
    endloop
  endfacet
  facet normal 0 0 -1
    outer loop
      vertex -10.8 -18 2.3
      vertex -9.7 -18 2.3
      vertex -9.70875 -18.2005 2.3
    endloop
  endfacet
  facet normal 0 0 -1
    outer loop
      vertex -10.8046 -18.1046 2.3
      vertex -9.70875 -18.2005 2.3
      vertex -9.73494 -18.3994 2.3
    endloop
  endfacet
  facet normal 0 0 -1
    outer loop
      vertex -9.7 -18 2.3
      vertex -10.8 -18 2.3
      vertex -9.70875 -17.7995 2.3
    endloop
  endfacet
  facet normal 0 0 -1
    outer loop
      vertex -10.8182 -18.2084 2.3
      vertex -9.73494 -18.3994 2.3
      vertex -9.77837 -18.5953 2.3
    endloop
  endfacet
  facet normal 0 0 -1
    outer loop
      vertex -10.8046 -17.8954 2.3
      vertex -9.70875 -17.7995 2.3
      vertex -10.8 -18 2.3
    endloop
  endfacet
  facet normal 0 0 -1
    outer loop
      vertex -10.8409 -18.3106 2.3
      vertex -9.77837 -18.5953 2.3
      vertex -9.83871 -18.7866 2.3
    endloop
  endfacet
  facet normal -0 0 -1
    outer loop
      vertex -9.70875 -17.7995 2.3
      vertex -10.8046 -17.8954 2.3
      vertex -9.73494 -17.6006 2.3
    endloop
  endfacet
  facet normal 0 0 -1
    outer loop
      vertex -10.8724 -18.4104 2.3
      vertex -9.83871 -18.7866 2.3
      vertex -9.91549 -18.972 2.3
    endloop
  endfacet
  facet normal 0 0 -1
    outer loop
      vertex -10.8182 -17.7916 2.3
      vertex -9.73494 -17.6006 2.3
      vertex -10.8046 -17.8954 2.3
    endloop
  endfacet
  facet normal 0 0 -1
    outer loop
      vertex -10.9124 -18.5071 2.3
      vertex -9.91549 -18.972 2.3
      vertex -10.0081 -19.15 2.3
    endloop
  endfacet
  facet normal -0 0 -1
    outer loop
      vertex -9.73494 -17.6006 2.3
      vertex -10.8182 -17.7916 2.3
      vertex -9.77837 -17.4047 2.3
    endloop
  endfacet
  facet normal 0 0 -1
    outer loop
      vertex -10.9608 -18.6 2.3
      vertex -10.0081 -19.15 2.3
      vertex -10.116 -19.3192 2.3
    endloop
  endfacet
  facet normal 0 0 -1
    outer loop
      vertex -10.8409 -17.6894 2.3
      vertex -9.77837 -17.4047 2.3
      vertex -10.8182 -17.7916 2.3
    endloop
  endfacet
  facet normal 0 0 -1
    outer loop
      vertex -11.017 -18.6883 2.3
      vertex -10.116 -19.3192 2.3
      vertex -10.2381 -19.4784 2.3
    endloop
  endfacet
  facet normal -0 0 -1
    outer loop
      vertex -9.77837 -17.4047 2.3
      vertex -10.8409 -17.6894 2.3
      vertex -9.83871 -17.2134 2.3
    endloop
  endfacet
  facet normal 0 0 -1
    outer loop
      vertex -11.0807 -18.7713 2.3
      vertex -10.2381 -19.4784 2.3
      vertex -10.3737 -19.6263 2.3
    endloop
  endfacet
  facet normal 0 0 -1
    outer loop
      vertex -10.8724 -17.5896 2.3
      vertex -9.83871 -17.2134 2.3
      vertex -10.8409 -17.6894 2.3
    endloop
  endfacet
  facet normal 0 0 -1
    outer loop
      vertex -11.1515 -18.8485 2.3
      vertex -10.3737 -19.6263 2.3
      vertex -10.5216 -19.7619 2.3
    endloop
  endfacet
  facet normal -0 0 -1
    outer loop
      vertex -9.83871 -17.2134 2.3
      vertex -10.8724 -17.5896 2.3
      vertex -9.91549 -17.028 2.3
    endloop
  endfacet
  facet normal 0 0 -1
    outer loop
      vertex -11.2287 -18.9193 2.3
      vertex -10.5216 -19.7619 2.3
      vertex -10.6808 -19.884 2.3
    endloop
  endfacet
  facet normal 0 0 -1
    outer loop
      vertex -10.9124 -17.4929 2.3
      vertex -9.91549 -17.028 2.3
      vertex -10.8724 -17.5896 2.3
    endloop
  endfacet
  facet normal -0 0 -1
    outer loop
      vertex -9.91549 -17.028 2.3
      vertex -10.9124 -17.4929 2.3
      vertex -10.0081 -16.85 2.3
    endloop
  endfacet
  facet normal 0 0 -1
    outer loop
      vertex -9.70875 -18.2005 2.3
      vertex -10.8046 -18.1046 2.3
      vertex -10.8 -18 2.3
    endloop
  endfacet
  facet normal 0 0 -1
    outer loop
      vertex -9.73494 -18.3994 2.3
      vertex -10.8182 -18.2084 2.3
      vertex -10.8046 -18.1046 2.3
    endloop
  endfacet
  facet normal 0 0 -1
    outer loop
      vertex -9.77837 -18.5953 2.3
      vertex -10.8409 -18.3106 2.3
      vertex -10.8182 -18.2084 2.3
    endloop
  endfacet
  facet normal 0 0 -1
    outer loop
      vertex -11.3117 -18.983 2.3
      vertex -10.6808 -19.884 2.3
      vertex -10.85 -19.9919 2.3
    endloop
  endfacet
  facet normal 0 0 -1
    outer loop
      vertex -9.83871 -18.7866 2.3
      vertex -10.8724 -18.4104 2.3
      vertex -10.8409 -18.3106 2.3
    endloop
  endfacet
  facet normal 0 0 -1
    outer loop
      vertex -9.91549 -18.972 2.3
      vertex -10.9124 -18.5071 2.3
      vertex -10.8724 -18.4104 2.3
    endloop
  endfacet
  facet normal 0 0 -1
    outer loop
      vertex -10.0081 -19.15 2.3
      vertex -10.9608 -18.6 2.3
      vertex -10.9124 -18.5071 2.3
    endloop
  endfacet
  facet normal 0 0 -1
    outer loop
      vertex -10.116 -19.3192 2.3
      vertex -11.017 -18.6883 2.3
      vertex -10.9608 -18.6 2.3
    endloop
  endfacet
  facet normal 0 0 -1
    outer loop
      vertex -11.4 -19.0392 2.3
      vertex -10.85 -19.9919 2.3
      vertex -11.028 -20.0845 2.3
    endloop
  endfacet
  facet normal 0 0 -1
    outer loop
      vertex -10.2381 -19.4784 2.3
      vertex -11.0807 -18.7713 2.3
      vertex -11.017 -18.6883 2.3
    endloop
  endfacet
  facet normal 0 0 -1
    outer loop
      vertex -10.3737 -19.6263 2.3
      vertex -11.1515 -18.8485 2.3
      vertex -11.0807 -18.7713 2.3
    endloop
  endfacet
  facet normal 0 0 -1
    outer loop
      vertex -11.4929 -19.0876 2.3
      vertex -11.028 -20.0845 2.3
      vertex -11.2134 -20.1613 2.3
    endloop
  endfacet
  facet normal 0 0 -1
    outer loop
      vertex -10.5216 -19.7619 2.3
      vertex -11.2287 -18.9193 2.3
      vertex -11.1515 -18.8485 2.3
    endloop
  endfacet
  facet normal 0 0 -1
    outer loop
      vertex -10.6808 -19.884 2.3
      vertex -11.3117 -18.983 2.3
      vertex -11.2287 -18.9193 2.3
    endloop
  endfacet
  facet normal 0 0 -1
    outer loop
      vertex -10.85 -19.9919 2.3
      vertex -11.4 -19.0392 2.3
      vertex -11.3117 -18.983 2.3
    endloop
  endfacet
  facet normal 0 0 -1
    outer loop
      vertex -11.5896 -19.1276 2.3
      vertex -11.2134 -20.1613 2.3
      vertex -11.4047 -20.2216 2.3
    endloop
  endfacet
  facet normal 0 0 -1
    outer loop
      vertex -11.028 -20.0845 2.3
      vertex -11.4929 -19.0876 2.3
      vertex -11.4 -19.0392 2.3
    endloop
  endfacet
  facet normal 0 0 -1
    outer loop
      vertex -11.2134 -20.1613 2.3
      vertex -11.5896 -19.1276 2.3
      vertex -11.4929 -19.0876 2.3
    endloop
  endfacet
  facet normal 0 0 -1
    outer loop
      vertex -11.6894 -19.1591 2.3
      vertex -11.4047 -20.2216 2.3
      vertex -11.6006 -20.2651 2.3
    endloop
  endfacet
  facet normal 0 0 -1
    outer loop
      vertex -11.4047 -20.2216 2.3
      vertex -11.6894 -19.1591 2.3
      vertex -11.5896 -19.1276 2.3
    endloop
  endfacet
  facet normal 0 0 -1
    outer loop
      vertex -11.6006 -20.2651 2.3
      vertex -11.7916 -19.1818 2.3
      vertex -11.6894 -19.1591 2.3
    endloop
  endfacet
  facet normal 0 0 -1
    outer loop
      vertex -11.7995 -20.2912 2.3
      vertex -11.7916 -19.1818 2.3
      vertex -11.6006 -20.2651 2.3
    endloop
  endfacet
  facet normal 0 0 -1
    outer loop
      vertex -11.7995 -20.2912 2.3
      vertex -11.8954 -19.1954 2.3
      vertex -11.7916 -19.1818 2.3
    endloop
  endfacet
  facet normal 0 0 -1
    outer loop
      vertex -12 -20.3 2.3
      vertex -11.8954 -19.1954 2.3
      vertex -11.7995 -20.2912 2.3
    endloop
  endfacet
  facet normal 0 0 -1
    outer loop
      vertex -12 -20.3 2.3
      vertex -12 -19.2 2.3
      vertex -11.8954 -19.1954 2.3
    endloop
  endfacet
  facet normal 0 0 -1
    outer loop
      vertex -12 -20.3 2.3
      vertex -12.1046 -19.1954 2.3
      vertex -12 -19.2 2.3
    endloop
  endfacet
  facet normal 0 0 -1
    outer loop
      vertex -12.2005 -20.2912 2.3
      vertex -12.1046 -19.1954 2.3
      vertex -12 -20.3 2.3
    endloop
  endfacet
  facet normal 0 0 -1
    outer loop
      vertex -12.2005 -20.2912 2.3
      vertex -12.2084 -19.1818 2.3
      vertex -12.1046 -19.1954 2.3
    endloop
  endfacet
  facet normal 0 0 -1
    outer loop
      vertex -12.3994 -20.2651 2.3
      vertex -12.2084 -19.1818 2.3
      vertex -12.2005 -20.2912 2.3
    endloop
  endfacet
  facet normal -0 0 -1
    outer loop
      vertex -12.2084 -19.1818 2.3
      vertex -12.3994 -20.2651 2.3
      vertex -12.3106 -19.1591 2.3
    endloop
  endfacet
  facet normal 0 0 -1
    outer loop
      vertex -12.5953 -20.2216 2.3
      vertex -12.3106 -19.1591 2.3
      vertex -12.3994 -20.2651 2.3
    endloop
  endfacet
  facet normal -0 0 -1
    outer loop
      vertex -12.3106 -19.1591 2.3
      vertex -12.5953 -20.2216 2.3
      vertex -12.4104 -19.1276 2.3
    endloop
  endfacet
  facet normal 0 0 -1
    outer loop
      vertex -12.7866 -20.1613 2.3
      vertex -12.4104 -19.1276 2.3
      vertex -12.5953 -20.2216 2.3
    endloop
  endfacet
  facet normal -0 0 -1
    outer loop
      vertex -12.4104 -19.1276 2.3
      vertex -12.7866 -20.1613 2.3
      vertex -12.5071 -19.0876 2.3
    endloop
  endfacet
  facet normal 0 0 -1
    outer loop
      vertex -12.972 -20.0845 2.3
      vertex -12.5071 -19.0876 2.3
      vertex -12.7866 -20.1613 2.3
    endloop
  endfacet
  facet normal -0 0 -1
    outer loop
      vertex -12.5071 -19.0876 2.3
      vertex -12.972 -20.0845 2.3
      vertex -12.6 -19.0392 2.3
    endloop
  endfacet
  facet normal 0 0 -1
    outer loop
      vertex -13.15 -19.9919 2.3
      vertex -12.6 -19.0392 2.3
      vertex -12.972 -20.0845 2.3
    endloop
  endfacet
  facet normal -0 0 -1
    outer loop
      vertex -12.6 -19.0392 2.3
      vertex -13.15 -19.9919 2.3
      vertex -12.6883 -18.983 2.3
    endloop
  endfacet
  facet normal 0 0 -1
    outer loop
      vertex -13.3192 -19.884 2.3
      vertex -12.6883 -18.983 2.3
      vertex -13.15 -19.9919 2.3
    endloop
  endfacet
  facet normal -0 0 -1
    outer loop
      vertex -12.6883 -18.983 2.3
      vertex -13.3192 -19.884 2.3
      vertex -12.7713 -18.9193 2.3
    endloop
  endfacet
  facet normal 0 0 -1
    outer loop
      vertex -13.4784 -19.7619 2.3
      vertex -12.7713 -18.9193 2.3
      vertex -13.3192 -19.884 2.3
    endloop
  endfacet
  facet normal -0 0 -1
    outer loop
      vertex -12.7713 -18.9193 2.3
      vertex -13.4784 -19.7619 2.3
      vertex -12.8485 -18.8485 2.3
    endloop
  endfacet
  facet normal 0 0 -1
    outer loop
      vertex -13.6263 -19.6263 2.3
      vertex -12.8485 -18.8485 2.3
      vertex -13.4784 -19.7619 2.3
    endloop
  endfacet
  facet normal -0 0 -1
    outer loop
      vertex -12.8485 -18.8485 2.3
      vertex -13.6263 -19.6263 2.3
      vertex -12.9193 -18.7713 2.3
    endloop
  endfacet
  facet normal 0 0 -1
    outer loop
      vertex -13.7619 -19.4784 2.3
      vertex -12.9193 -18.7713 2.3
      vertex -13.6263 -19.6263 2.3
    endloop
  endfacet
  facet normal -0 0 -1
    outer loop
      vertex -12.9193 -18.7713 2.3
      vertex -13.7619 -19.4784 2.3
      vertex -12.983 -18.6883 2.3
    endloop
  endfacet
  facet normal 0 0 -1
    outer loop
      vertex -13.884 -19.3192 2.3
      vertex -12.983 -18.6883 2.3
      vertex -13.7619 -19.4784 2.3
    endloop
  endfacet
  facet normal -0 0 -1
    outer loop
      vertex -12.983 -18.6883 2.3
      vertex -13.884 -19.3192 2.3
      vertex -13.0392 -18.6 2.3
    endloop
  endfacet
  facet normal 0 0 -1
    outer loop
      vertex -13.9919 -19.15 2.3
      vertex -13.0392 -18.6 2.3
      vertex -13.884 -19.3192 2.3
    endloop
  endfacet
  facet normal -0 0 -1
    outer loop
      vertex -13.0392 -18.6 2.3
      vertex -13.9919 -19.15 2.3
      vertex -13.0876 -18.5071 2.3
    endloop
  endfacet
  facet normal 0 0 -1
    outer loop
      vertex -10.9608 -17.4 2.3
      vertex -10.0081 -16.85 2.3
      vertex -10.9124 -17.4929 2.3
    endloop
  endfacet
  facet normal -0 0 -1
    outer loop
      vertex -10.0081 -16.85 2.3
      vertex -10.9608 -17.4 2.3
      vertex -10.116 -16.6808 2.3
    endloop
  endfacet
  facet normal 0 0 -1
    outer loop
      vertex -11.017 -17.3117 2.3
      vertex -10.116 -16.6808 2.3
      vertex -10.9608 -17.4 2.3
    endloop
  endfacet
  facet normal -0 0 -1
    outer loop
      vertex -10.116 -16.6808 2.3
      vertex -11.017 -17.3117 2.3
      vertex -10.2381 -16.5216 2.3
    endloop
  endfacet
  facet normal 0 0 -1
    outer loop
      vertex -11.0807 -17.2287 2.3
      vertex -10.2381 -16.5216 2.3
      vertex -11.017 -17.3117 2.3
    endloop
  endfacet
  facet normal -0 0 -1
    outer loop
      vertex -10.2381 -16.5216 2.3
      vertex -11.0807 -17.2287 2.3
      vertex -10.3737 -16.3737 2.3
    endloop
  endfacet
  facet normal 0 0 -1
    outer loop
      vertex -11.1515 -17.1515 2.3
      vertex -10.3737 -16.3737 2.3
      vertex -11.0807 -17.2287 2.3
    endloop
  endfacet
  facet normal -0 0 -1
    outer loop
      vertex -10.3737 -16.3737 2.3
      vertex -11.1515 -17.1515 2.3
      vertex -10.5216 -16.2381 2.3
    endloop
  endfacet
  facet normal 0 0 -1
    outer loop
      vertex -11.2287 -17.0807 2.3
      vertex -10.5216 -16.2381 2.3
      vertex -11.1515 -17.1515 2.3
    endloop
  endfacet
  facet normal -0 0 -1
    outer loop
      vertex -10.5216 -16.2381 2.3
      vertex -11.2287 -17.0807 2.3
      vertex -10.6808 -16.116 2.3
    endloop
  endfacet
  facet normal 0 0 -1
    outer loop
      vertex -11.3117 -17.017 2.3
      vertex -10.6808 -16.116 2.3
      vertex -11.2287 -17.0807 2.3
    endloop
  endfacet
  facet normal -0 0 -1
    outer loop
      vertex -10.6808 -16.116 2.3
      vertex -11.3117 -17.017 2.3
      vertex -10.85 -16.0081 2.3
    endloop
  endfacet
  facet normal 0 0 -1
    outer loop
      vertex -11.4 -16.9608 2.3
      vertex -10.85 -16.0081 2.3
      vertex -11.3117 -17.017 2.3
    endloop
  endfacet
  facet normal -0 0 -1
    outer loop
      vertex -10.85 -16.0081 2.3
      vertex -11.4 -16.9608 2.3
      vertex -11.028 -15.9155 2.3
    endloop
  endfacet
  facet normal 0 0 -1
    outer loop
      vertex -11.4929 -16.9124 2.3
      vertex -11.028 -15.9155 2.3
      vertex -11.4 -16.9608 2.3
    endloop
  endfacet
  facet normal -0 0 -1
    outer loop
      vertex -11.028 -15.9155 2.3
      vertex -11.4929 -16.9124 2.3
      vertex -11.2134 -15.8387 2.3
    endloop
  endfacet
  facet normal 0 0 -1
    outer loop
      vertex -11.5896 -16.8724 2.3
      vertex -11.2134 -15.8387 2.3
      vertex -11.4929 -16.9124 2.3
    endloop
  endfacet
  facet normal -0 0 -1
    outer loop
      vertex -11.2134 -15.8387 2.3
      vertex -11.5896 -16.8724 2.3
      vertex -11.4047 -15.7784 2.3
    endloop
  endfacet
  facet normal 0 0 -1
    outer loop
      vertex -11.6894 -16.8409 2.3
      vertex -11.4047 -15.7784 2.3
      vertex -11.5896 -16.8724 2.3
    endloop
  endfacet
  facet normal -0 0 -1
    outer loop
      vertex -11.4047 -15.7784 2.3
      vertex -11.6894 -16.8409 2.3
      vertex -11.6006 -15.7349 2.3
    endloop
  endfacet
  facet normal 0 0 -1
    outer loop
      vertex -11.7916 -16.8182 2.3
      vertex -11.6006 -15.7349 2.3
      vertex -11.6894 -16.8409 2.3
    endloop
  endfacet
  facet normal 0 0 -1
    outer loop
      vertex -11.7916 -16.8182 2.3
      vertex -11.7995 -15.7088 2.3
      vertex -11.6006 -15.7349 2.3
    endloop
  endfacet
  facet normal 0 0 -1
    outer loop
      vertex -11.8954 -16.8046 2.3
      vertex -11.7995 -15.7088 2.3
      vertex -11.7916 -16.8182 2.3
    endloop
  endfacet
  facet normal 0 0 -1
    outer loop
      vertex -12 -16.8 2.3
      vertex -11.7995 -15.7088 2.3
      vertex -11.8954 -16.8046 2.3
    endloop
  endfacet
  facet normal 0 0 -1
    outer loop
      vertex -12 -16.8 2.3
      vertex -12 -15.7 2.3
      vertex -11.7995 -15.7088 2.3
    endloop
  endfacet
  facet normal 0 0 -1
    outer loop
      vertex -12.1046 -16.8046 2.3
      vertex -12 -15.7 2.3
      vertex -12 -16.8 2.3
    endloop
  endfacet
  facet normal 0 0 -1
    outer loop
      vertex -12.1046 -16.8046 2.3
      vertex -12.2005 -15.7088 2.3
      vertex -12 -15.7 2.3
    endloop
  endfacet
  facet normal 0 0 -1
    outer loop
      vertex -12.2084 -16.8182 2.3
      vertex -12.2005 -15.7088 2.3
      vertex -12.1046 -16.8046 2.3
    endloop
  endfacet
  facet normal 0 0 -1
    outer loop
      vertex -12.3994 -15.7349 2.3
      vertex -12.2084 -16.8182 2.3
      vertex -12.3106 -16.8409 2.3
    endloop
  endfacet
  facet normal 0 0 -1
    outer loop
      vertex -12.2084 -16.8182 2.3
      vertex -12.3994 -15.7349 2.3
      vertex -12.2005 -15.7088 2.3
    endloop
  endfacet
  facet normal 0 0 -1
    outer loop
      vertex -12.5953 -15.7784 2.3
      vertex -12.3106 -16.8409 2.3
      vertex -12.4104 -16.8724 2.3
    endloop
  endfacet
  facet normal 0 0 -1
    outer loop
      vertex -12.7866 -15.8387 2.3
      vertex -12.4104 -16.8724 2.3
      vertex -12.5071 -16.9124 2.3
    endloop
  endfacet
  facet normal 0 0 -1
    outer loop
      vertex -12.3106 -16.8409 2.3
      vertex -12.5953 -15.7784 2.3
      vertex -12.3994 -15.7349 2.3
    endloop
  endfacet
  facet normal 0 0 -1
    outer loop
      vertex -12.972 -15.9155 2.3
      vertex -12.5071 -16.9124 2.3
      vertex -12.6 -16.9608 2.3
    endloop
  endfacet
  facet normal 0 0 -1
    outer loop
      vertex -13.15 -16.0081 2.3
      vertex -12.6 -16.9608 2.3
      vertex -12.6883 -17.017 2.3
    endloop
  endfacet
  facet normal 0 0 -1
    outer loop
      vertex -13.3192 -16.116 2.3
      vertex -12.6883 -17.017 2.3
      vertex -12.7713 -17.0807 2.3
    endloop
  endfacet
  facet normal 0 0 -1
    outer loop
      vertex -12.4104 -16.8724 2.3
      vertex -12.7866 -15.8387 2.3
      vertex -12.5953 -15.7784 2.3
    endloop
  endfacet
  facet normal 0 0 -1
    outer loop
      vertex -13.4784 -16.2381 2.3
      vertex -12.7713 -17.0807 2.3
      vertex -12.8485 -17.1515 2.3
    endloop
  endfacet
  facet normal 0 0 -1
    outer loop
      vertex -13.6263 -16.3737 2.3
      vertex -12.8485 -17.1515 2.3
      vertex -12.9193 -17.2287 2.3
    endloop
  endfacet
  facet normal 0 0 -1
    outer loop
      vertex -12.5071 -16.9124 2.3
      vertex -12.972 -15.9155 2.3
      vertex -12.7866 -15.8387 2.3
    endloop
  endfacet
  facet normal 0 0 -1
    outer loop
      vertex -13.7619 -16.5216 2.3
      vertex -12.9193 -17.2287 2.3
      vertex -12.983 -17.3117 2.3
    endloop
  endfacet
  facet normal 0 0 -1
    outer loop
      vertex -13.884 -16.6808 2.3
      vertex -12.983 -17.3117 2.3
      vertex -13.0392 -17.4 2.3
    endloop
  endfacet
  facet normal 0 0 -1
    outer loop
      vertex -13.9919 -16.85 2.3
      vertex -13.0392 -17.4 2.3
      vertex -13.0876 -17.4929 2.3
    endloop
  endfacet
  facet normal 0 0 -1
    outer loop
      vertex -14.0845 -17.028 2.3
      vertex -13.0876 -17.4929 2.3
      vertex -13.1276 -17.5896 2.3
    endloop
  endfacet
  facet normal 0 0 -1
    outer loop
      vertex -12.6 -16.9608 2.3
      vertex -13.15 -16.0081 2.3
      vertex -12.972 -15.9155 2.3
    endloop
  endfacet
  facet normal 0 0 -1
    outer loop
      vertex -14.1613 -17.2134 2.3
      vertex -13.1276 -17.5896 2.3
      vertex -13.1591 -17.6894 2.3
    endloop
  endfacet
  facet normal 0 0 -1
    outer loop
      vertex -14.2216 -17.4047 2.3
      vertex -13.1591 -17.6894 2.3
      vertex -13.1818 -17.7916 2.3
    endloop
  endfacet
  facet normal 0 0 -1
    outer loop
      vertex -14.2651 -17.6006 2.3
      vertex -13.1818 -17.7916 2.3
      vertex -13.1954 -17.8954 2.3
    endloop
  endfacet
  facet normal 0 0 -1
    outer loop
      vertex -14.2912 -17.7995 2.3
      vertex -13.1954 -17.8954 2.3
      vertex -13.2 -18 2.3
    endloop
  endfacet
  facet normal 0 0 -1
    outer loop
      vertex -14.0845 -18.972 2.3
      vertex -13.0876 -18.5071 2.3
      vertex -13.9919 -19.15 2.3
    endloop
  endfacet
  facet normal 0 0 -1
    outer loop
      vertex -12.6883 -17.017 2.3
      vertex -13.3192 -16.116 2.3
      vertex -13.15 -16.0081 2.3
    endloop
  endfacet
  facet normal -0 0 -1
    outer loop
      vertex -13.0876 -18.5071 2.3
      vertex -14.0845 -18.972 2.3
      vertex -13.1276 -18.4104 2.3
    endloop
  endfacet
  facet normal 0 0 -1
    outer loop
      vertex -12.7713 -17.0807 2.3
      vertex -13.4784 -16.2381 2.3
      vertex -13.3192 -16.116 2.3
    endloop
  endfacet
  facet normal 0 0 -1
    outer loop
      vertex -14.1613 -18.7866 2.3
      vertex -13.1276 -18.4104 2.3
      vertex -14.0845 -18.972 2.3
    endloop
  endfacet
  facet normal 0 0 -1
    outer loop
      vertex -12.8485 -17.1515 2.3
      vertex -13.6263 -16.3737 2.3
      vertex -13.4784 -16.2381 2.3
    endloop
  endfacet
  facet normal -0 0 -1
    outer loop
      vertex -13.1276 -18.4104 2.3
      vertex -14.1613 -18.7866 2.3
      vertex -13.1591 -18.3106 2.3
    endloop
  endfacet
  facet normal 0 0 -1
    outer loop
      vertex -12.9193 -17.2287 2.3
      vertex -13.7619 -16.5216 2.3
      vertex -13.6263 -16.3737 2.3
    endloop
  endfacet
  facet normal 0 0 -1
    outer loop
      vertex -14.2216 -18.5953 2.3
      vertex -13.1591 -18.3106 2.3
      vertex -14.1613 -18.7866 2.3
    endloop
  endfacet
  facet normal 0 0 -1
    outer loop
      vertex -12.983 -17.3117 2.3
      vertex -13.884 -16.6808 2.3
      vertex -13.7619 -16.5216 2.3
    endloop
  endfacet
  facet normal -0 0 -1
    outer loop
      vertex -13.1591 -18.3106 2.3
      vertex -14.2216 -18.5953 2.3
      vertex -13.1818 -18.2084 2.3
    endloop
  endfacet
  facet normal 0 0 -1
    outer loop
      vertex -13.0392 -17.4 2.3
      vertex -13.9919 -16.85 2.3
      vertex -13.884 -16.6808 2.3
    endloop
  endfacet
  facet normal 0 0 -1
    outer loop
      vertex -14.2651 -18.3994 2.3
      vertex -13.1818 -18.2084 2.3
      vertex -14.2216 -18.5953 2.3
    endloop
  endfacet
  facet normal 0 0 -1
    outer loop
      vertex -13.0876 -17.4929 2.3
      vertex -14.0845 -17.028 2.3
      vertex -13.9919 -16.85 2.3
    endloop
  endfacet
  facet normal -0 0 -1
    outer loop
      vertex -13.1818 -18.2084 2.3
      vertex -14.2651 -18.3994 2.3
      vertex -13.1954 -18.1046 2.3
    endloop
  endfacet
  facet normal 0 0 -1
    outer loop
      vertex -13.1276 -17.5896 2.3
      vertex -14.1613 -17.2134 2.3
      vertex -14.0845 -17.028 2.3
    endloop
  endfacet
  facet normal 0 0 -1
    outer loop
      vertex -14.2912 -18.2005 2.3
      vertex -13.1954 -18.1046 2.3
      vertex -14.2651 -18.3994 2.3
    endloop
  endfacet
  facet normal 0 0 -1
    outer loop
      vertex -13.1591 -17.6894 2.3
      vertex -14.2216 -17.4047 2.3
      vertex -14.1613 -17.2134 2.3
    endloop
  endfacet
  facet normal -0 0 -1
    outer loop
      vertex -13.1954 -18.1046 2.3
      vertex -14.2912 -18.2005 2.3
      vertex -13.2 -18 2.3
    endloop
  endfacet
  facet normal 0 0 -1
    outer loop
      vertex -13.1818 -17.7916 2.3
      vertex -14.2651 -17.6006 2.3
      vertex -14.2216 -17.4047 2.3
    endloop
  endfacet
  facet normal 0 0 -1
    outer loop
      vertex -14.3 -18 2.3
      vertex -13.2 -18 2.3
      vertex -14.2912 -18.2005 2.3
    endloop
  endfacet
  facet normal 0 0 -1
    outer loop
      vertex -13.1954 -17.8954 2.3
      vertex -14.2912 -17.7995 2.3
      vertex -14.2651 -17.6006 2.3
    endloop
  endfacet
  facet normal 0 0 -1
    outer loop
      vertex -13.2 -18 2.3
      vertex -14.3 -18 2.3
      vertex -14.2912 -17.7995 2.3
    endloop
  endfacet
  facet normal -0.130106 -0.9915 0
    outer loop
      vertex -11.7995 -15.7088 0
      vertex -11.6006 -15.7349 2.3
      vertex -11.7995 -15.7088 2.3
    endloop
  endfacet
  facet normal -0.130106 -0.9915 -0
    outer loop
      vertex -11.6006 -15.7349 2.3
      vertex -11.7995 -15.7088 0
      vertex -11.6006 -15.7349 0
    endloop
  endfacet
  facet normal 0.843148 -0.537681 0
    outer loop
      vertex -13.9919 -16.85 2.3
      vertex -13.884 -16.6808 0
      vertex -13.884 -16.6808 2.3
    endloop
  endfacet
  facet normal 0.843148 -0.537681 0
    outer loop
      vertex -13.884 -16.6808 0
      vertex -13.9919 -16.85 2.3
      vertex -13.9919 -16.85 0
    endloop
  endfacet
  facet normal -0.953684 -0.300812 0
    outer loop
      vertex -9.77837 -17.4047 0
      vertex -9.83871 -17.2134 2.3
      vertex -9.83871 -17.2134 0
    endloop
  endfacet
  facet normal -0.953684 -0.300812 0
    outer loop
      vertex -9.83871 -17.2134 2.3
      vertex -9.77837 -17.4047 0
      vertex -9.77837 -17.4047 2.3
    endloop
  endfacet
  facet normal 0.130106 0.9915 -0
    outer loop
      vertex -12.2005 -20.2912 0
      vertex -12.3994 -20.2651 2.3
      vertex -12.2005 -20.2912 2.3
    endloop
  endfacet
  facet normal 0.130106 0.9915 0
    outer loop
      vertex -12.3994 -20.2651 2.3
      vertex -12.2005 -20.2912 0
      vertex -12.3994 -20.2651 0
    endloop
  endfacet
  facet normal 0.675792 0.737092 -0
    outer loop
      vertex -13.4784 -19.7619 0
      vertex -13.6263 -19.6263 2.3
      vertex -13.4784 -19.7619 2.3
    endloop
  endfacet
  facet normal 0.675792 0.737092 0
    outer loop
      vertex -13.6263 -19.6263 2.3
      vertex -13.4784 -19.7619 0
      vertex -13.6263 -19.6263 0
    endloop
  endfacet
  facet normal -0.675792 0.737092 0
    outer loop
      vertex -10.3737 -19.6263 0
      vertex -10.5216 -19.7619 2.3
      vertex -10.3737 -19.6263 2.3
    endloop
  endfacet
  facet normal -0.675792 0.737092 0
    outer loop
      vertex -10.5216 -19.7619 2.3
      vertex -10.3737 -19.6263 0
      vertex -10.5216 -19.7619 0
    endloop
  endfacet
  facet normal 0.216772 0.976222 -0
    outer loop
      vertex -12.3994 -20.2651 0
      vertex -12.5953 -20.2216 2.3
      vertex -12.3994 -20.2651 2.3
    endloop
  endfacet
  facet normal 0.216772 0.976222 0
    outer loop
      vertex -12.5953 -20.2216 2.3
      vertex -12.3994 -20.2651 0
      vertex -12.5953 -20.2216 0
    endloop
  endfacet
  facet normal 0.9915 -0.130106 0
    outer loop
      vertex -14.2912 -17.7995 2.3
      vertex -14.2651 -17.6006 0
      vertex -14.2651 -17.6006 2.3
    endloop
  endfacet
  facet normal 0.9915 -0.130106 0
    outer loop
      vertex -14.2651 -17.6006 0
      vertex -14.2912 -17.7995 2.3
      vertex -14.2912 -17.7995 0
    endloop
  endfacet
  facet normal -0.737092 0.675792 0
    outer loop
      vertex -10.3737 -19.6263 0
      vertex -10.2381 -19.4784 2.3
      vertex -10.2381 -19.4784 0
    endloop
  endfacet
  facet normal -0.737092 0.675792 0
    outer loop
      vertex -10.2381 -19.4784 2.3
      vertex -10.3737 -19.6263 0
      vertex -10.3737 -19.6263 2.3
    endloop
  endfacet
  facet normal 0.46151 0.887135 -0
    outer loop
      vertex -12.972 -20.0845 0
      vertex -13.15 -19.9919 2.3
      vertex -12.972 -20.0845 2.3
    endloop
  endfacet
  facet normal 0.46151 0.887135 0
    outer loop
      vertex -13.15 -19.9919 2.3
      vertex -12.972 -20.0845 0
      vertex -13.15 -19.9919 0
    endloop
  endfacet
  facet normal 0.923871 -0.382704 0
    outer loop
      vertex -14.1613 -17.2134 2.3
      vertex -14.0845 -17.028 0
      vertex -14.0845 -17.028 2.3
    endloop
  endfacet
  facet normal 0.923871 -0.382704 0
    outer loop
      vertex -14.0845 -17.028 0
      vertex -14.1613 -17.2134 2.3
      vertex -14.1613 -17.2134 0
    endloop
  endfacet
  facet normal 0.843148 0.537681 0
    outer loop
      vertex -13.884 -19.3192 2.3
      vertex -13.9919 -19.15 0
      vertex -13.9919 -19.15 2.3
    endloop
  endfacet
  facet normal 0.843148 0.537681 0
    outer loop
      vertex -13.9919 -19.15 0
      vertex -13.884 -19.3192 2.3
      vertex -13.884 -19.3192 0
    endloop
  endfacet
  facet normal 0.382704 0.923871 -0
    outer loop
      vertex -12.7866 -20.1613 0
      vertex -12.972 -20.0845 2.3
      vertex -12.7866 -20.1613 2.3
    endloop
  endfacet
  facet normal 0.382704 0.923871 0
    outer loop
      vertex -12.972 -20.0845 2.3
      vertex -12.7866 -20.1613 0
      vertex -12.972 -20.0845 0
    endloop
  endfacet
  facet normal -0.30063 0.953741 0
    outer loop
      vertex -11.2134 -20.1613 0
      vertex -11.4047 -20.2216 2.3
      vertex -11.2134 -20.1613 2.3
    endloop
  endfacet
  facet normal -0.30063 0.953741 0
    outer loop
      vertex -11.4047 -20.2216 2.3
      vertex -11.2134 -20.1613 0
      vertex -11.4047 -20.2216 0
    endloop
  endfacet
  facet normal 0.923871 0.382704 0
    outer loop
      vertex -14.0845 -18.972 2.3
      vertex -14.1613 -18.7866 0
      vertex -14.1613 -18.7866 2.3
    endloop
  endfacet
  facet normal 0.923871 0.382704 0
    outer loop
      vertex -14.1613 -18.7866 0
      vertex -14.0845 -18.972 2.3
      vertex -14.0845 -18.972 0
    endloop
  endfacet
  facet normal 0.887135 0.46151 0
    outer loop
      vertex -13.9919 -19.15 2.3
      vertex -14.0845 -18.972 0
      vertex -14.0845 -18.972 2.3
    endloop
  endfacet
  facet normal 0.887135 0.46151 0
    outer loop
      vertex -14.0845 -18.972 0
      vertex -13.9919 -19.15 2.3
      vertex -13.9919 -19.15 0
    endloop
  endfacet
  facet normal -0.991526 -0.129911 0
    outer loop
      vertex -10.8046 18.1046 2.3
      vertex -10.8182 18.2084 4.3
      vertex -10.8182 18.2084 2.3
    endloop
  endfacet
  facet normal -0.991526 -0.129911 0
    outer loop
      vertex -10.8182 18.2084 4.3
      vertex -10.8046 18.1046 2.3
      vertex -10.8046 18.1046 4.3
    endloop
  endfacet
  facet normal -0.999034 -0.0439346 0
    outer loop
      vertex -10.8 18 2.3
      vertex -10.8046 18.1046 4.3
      vertex -10.8046 18.1046 2.3
    endloop
  endfacet
  facet normal -0.999034 -0.0439346 0
    outer loop
      vertex -10.8046 18.1046 4.3
      vertex -10.8 18 2.3
      vertex -10.8 18 4.3
    endloop
  endfacet
  facet normal -0.97621 -0.216829 0
    outer loop
      vertex -10.8182 18.2084 2.3
      vertex -10.8409 18.3106 4.3
      vertex -10.8409 18.3106 2.3
    endloop
  endfacet
  facet normal -0.97621 -0.216829 0
    outer loop
      vertex -10.8409 18.3106 4.3
      vertex -10.8182 18.2084 2.3
      vertex -10.8182 18.2084 4.3
    endloop
  endfacet
  facet normal -0.300994 0.953626 0
    outer loop
      vertex -11.5896 16.8724 2.3
      vertex -11.6894 16.8409 4.3
      vertex -11.5896 16.8724 4.3
    endloop
  endfacet
  facet normal -0.300994 0.953626 0
    outer loop
      vertex -11.6894 16.8409 4.3
      vertex -11.5896 16.8724 2.3
      vertex -11.6894 16.8409 2.3
    endloop
  endfacet
  facet normal -0.536937 -0.843622 0
    outer loop
      vertex -11.4 19.0392 2.3
      vertex -11.3117 18.983 4.3
      vertex -11.4 19.0392 4.3
    endloop
  endfacet
  facet normal -0.536937 -0.843622 -0
    outer loop
      vertex -11.3117 18.983 4.3
      vertex -11.4 19.0392 2.3
      vertex -11.3117 18.983 2.3
    endloop
  endfacet
  facet normal -0.0439346 -0.999034 0
    outer loop
      vertex -12 19.2 2.3
      vertex -11.8954 19.1954 4.3
      vertex -12 19.2 4.3
    endloop
  endfacet
  facet normal -0.0439346 -0.999034 -0
    outer loop
      vertex -11.8954 19.1954 4.3
      vertex -12 19.2 2.3
      vertex -11.8954 19.1954 2.3
    endloop
  endfacet
  facet normal 0.129911 0.991526 -0
    outer loop
      vertex -12.1046 16.8046 2.3
      vertex -12.2084 16.8182 4.3
      vertex -12.1046 16.8046 4.3
    endloop
  endfacet
  facet normal 0.129911 0.991526 0
    outer loop
      vertex -12.2084 16.8182 4.3
      vertex -12.1046 16.8046 2.3
      vertex -12.2084 16.8182 2.3
    endloop
  endfacet
  facet normal 0.0439346 0.999034 -0
    outer loop
      vertex -12 16.8 2.3
      vertex -12.1046 16.8046 4.3
      vertex -12 16.8 4.3
    endloop
  endfacet
  facet normal 0.0439346 0.999034 0
    outer loop
      vertex -12.1046 16.8046 4.3
      vertex -12 16.8 2.3
      vertex -12.1046 16.8046 2.3
    endloop
  endfacet
  facet normal -0.843622 0.536937 0
    outer loop
      vertex -11.017 17.3117 2.3
      vertex -10.9608 17.4 4.3
      vertex -10.9608 17.4 2.3
    endloop
  endfacet
  facet normal -0.843622 0.536937 0
    outer loop
      vertex -10.9608 17.4 4.3
      vertex -11.017 17.3117 2.3
      vertex -11.017 17.3117 4.3
    endloop
  endfacet
  facet normal -0.924063 -0.382239 0
    outer loop
      vertex -10.8724 18.4104 2.3
      vertex -10.9124 18.5071 4.3
      vertex -10.9124 18.5071 2.3
    endloop
  endfacet
  facet normal -0.924063 -0.382239 0
    outer loop
      vertex -10.9124 18.5071 4.3
      vertex -10.8724 18.4104 2.3
      vertex -10.8724 18.4104 4.3
    endloop
  endfacet
  facet normal -0.991526 0.129911 0
    outer loop
      vertex -10.8182 17.7916 2.3
      vertex -10.8046 17.8954 4.3
      vertex -10.8046 17.8954 2.3
    endloop
  endfacet
  facet normal -0.991526 0.129911 0
    outer loop
      vertex -10.8046 17.8954 4.3
      vertex -10.8182 17.7916 2.3
      vertex -10.8182 17.7916 4.3
    endloop
  endfacet
  facet normal 0.216829 0.97621 -0
    outer loop
      vertex -12.2084 16.8182 2.3
      vertex -12.3106 16.8409 4.3
      vertex -12.2084 16.8182 4.3
    endloop
  endfacet
  facet normal 0.216829 0.97621 0
    outer loop
      vertex -12.3106 16.8409 4.3
      vertex -12.2084 16.8182 2.3
      vertex -12.3106 16.8409 2.3
    endloop
  endfacet
  facet normal 0.736996 0.675898 0
    outer loop
      vertex -12.8485 17.1515 4.3
      vertex -12.9193 17.2287 2.3
      vertex -12.9193 17.2287 4.3
    endloop
  endfacet
  facet normal 0.736996 0.675898 0
    outer loop
      vertex -12.9193 17.2287 2.3
      vertex -12.8485 17.1515 4.3
      vertex -12.8485 17.1515 2.3
    endloop
  endfacet
  facet normal 0.608833 -0.793299 0
    outer loop
      vertex -12.7713 18.9193 2.3
      vertex -12.6883 18.983 4.3
      vertex -12.7713 18.9193 4.3
    endloop
  endfacet
  facet normal 0.608833 -0.793299 0
    outer loop
      vertex -12.6883 18.983 4.3
      vertex -12.7713 18.9193 2.3
      vertex -12.6883 18.983 2.3
    endloop
  endfacet
  facet normal -0.608833 -0.793299 0
    outer loop
      vertex -11.3117 18.983 2.3
      vertex -11.2287 18.9193 4.3
      vertex -11.3117 18.983 4.3
    endloop
  endfacet
  facet normal -0.608833 -0.793299 -0
    outer loop
      vertex -11.2287 18.9193 4.3
      vertex -11.3117 18.983 2.3
      vertex -11.2287 18.9193 2.3
    endloop
  endfacet
  facet normal 0.999034 -0.0439346 0
    outer loop
      vertex -13.2 18 4.3
      vertex -13.1954 18.1046 2.3
      vertex -13.1954 18.1046 4.3
    endloop
  endfacet
  facet normal 0.999034 -0.0439346 0
    outer loop
      vertex -13.1954 18.1046 2.3
      vertex -13.2 18 4.3
      vertex -13.2 18 2.3
    endloop
  endfacet
  facet normal 0.0439346 -0.999034 0
    outer loop
      vertex -12.1046 19.1954 2.3
      vertex -12 19.2 4.3
      vertex -12.1046 19.1954 4.3
    endloop
  endfacet
  facet normal 0.0439346 -0.999034 0
    outer loop
      vertex -12 19.2 4.3
      vertex -12.1046 19.1954 2.3
      vertex -12 19.2 2.3
    endloop
  endfacet
  facet normal 0.300994 -0.953626 0
    outer loop
      vertex -12.4104 19.1276 2.3
      vertex -12.3106 19.1591 4.3
      vertex -12.4104 19.1276 4.3
    endloop
  endfacet
  facet normal 0.300994 -0.953626 0
    outer loop
      vertex -12.3106 19.1591 4.3
      vertex -12.4104 19.1276 2.3
      vertex -12.3106 19.1591 2.3
    endloop
  endfacet
  facet normal -0.382239 0.924063 0
    outer loop
      vertex -11.4929 16.9124 2.3
      vertex -11.5896 16.8724 4.3
      vertex -11.4929 16.9124 4.3
    endloop
  endfacet
  facet normal -0.382239 0.924063 0
    outer loop
      vertex -11.5896 16.8724 4.3
      vertex -11.4929 16.9124 2.3
      vertex -11.5896 16.8724 2.3
    endloop
  endfacet
  facet normal -0.0439346 0.999034 0
    outer loop
      vertex -11.8954 16.8046 2.3
      vertex -12 16.8 4.3
      vertex -11.8954 16.8046 4.3
    endloop
  endfacet
  facet normal -0.0439346 0.999034 0
    outer loop
      vertex -12 16.8 4.3
      vertex -11.8954 16.8046 2.3
      vertex -12 16.8 2.3
    endloop
  endfacet
  facet normal -0.462044 -0.886857 0
    outer loop
      vertex -11.4929 19.0876 2.3
      vertex -11.4 19.0392 4.3
      vertex -11.4929 19.0876 4.3
    endloop
  endfacet
  facet normal -0.462044 -0.886857 -0
    outer loop
      vertex -11.4 19.0392 4.3
      vertex -11.4929 19.0876 2.3
      vertex -11.4 19.0392 2.3
    endloop
  endfacet
  facet normal 0.886857 -0.462044 0
    outer loop
      vertex -13.0876 18.5071 4.3
      vertex -13.0392 18.6 2.3
      vertex -13.0392 18.6 4.3
    endloop
  endfacet
  facet normal 0.886857 -0.462044 0
    outer loop
      vertex -13.0392 18.6 2.3
      vertex -13.0876 18.5071 4.3
      vertex -13.0876 18.5071 2.3
    endloop
  endfacet
  facet normal -0.675898 -0.736996 0
    outer loop
      vertex -11.2287 18.9193 2.3
      vertex -11.1515 18.8485 4.3
      vertex -11.2287 18.9193 4.3
    endloop
  endfacet
  facet normal -0.675898 -0.736996 -0
    outer loop
      vertex -11.1515 18.8485 4.3
      vertex -11.2287 18.9193 2.3
      vertex -11.1515 18.8485 2.3
    endloop
  endfacet
  facet normal -0.216829 -0.97621 0
    outer loop
      vertex -11.7916 19.1818 2.3
      vertex -11.6894 19.1591 4.3
      vertex -11.7916 19.1818 4.3
    endloop
  endfacet
  facet normal -0.216829 -0.97621 -0
    outer loop
      vertex -11.6894 19.1591 4.3
      vertex -11.7916 19.1818 2.3
      vertex -11.6894 19.1591 2.3
    endloop
  endfacet
  facet normal 0.924063 -0.382239 0
    outer loop
      vertex -13.1276 18.4104 4.3
      vertex -13.0876 18.5071 2.3
      vertex -13.0876 18.5071 4.3
    endloop
  endfacet
  facet normal 0.924063 -0.382239 0
    outer loop
      vertex -13.0876 18.5071 2.3
      vertex -13.1276 18.4104 4.3
      vertex -13.1276 18.4104 2.3
    endloop
  endfacet
  facet normal 0.793299 -0.608833 0
    outer loop
      vertex -12.983 18.6883 4.3
      vertex -12.9193 18.7713 2.3
      vertex -12.9193 18.7713 4.3
    endloop
  endfacet
  facet normal 0.793299 -0.608833 0
    outer loop
      vertex -12.9193 18.7713 2.3
      vertex -12.983 18.6883 4.3
      vertex -12.983 18.6883 2.3
    endloop
  endfacet
  facet normal 0.382239 -0.924063 0
    outer loop
      vertex -12.5071 19.0876 2.3
      vertex -12.4104 19.1276 4.3
      vertex -12.5071 19.0876 4.3
    endloop
  endfacet
  facet normal 0.382239 -0.924063 0
    outer loop
      vertex -12.4104 19.1276 4.3
      vertex -12.5071 19.0876 2.3
      vertex -12.4104 19.1276 2.3
    endloop
  endfacet
  facet normal -0.953626 0.300994 0
    outer loop
      vertex -10.8724 17.5896 2.3
      vertex -10.8409 17.6894 4.3
      vertex -10.8409 17.6894 2.3
    endloop
  endfacet
  facet normal -0.953626 0.300994 0
    outer loop
      vertex -10.8409 17.6894 4.3
      vertex -10.8724 17.5896 2.3
      vertex -10.8724 17.5896 4.3
    endloop
  endfacet
  facet normal -0.129911 0.991526 0
    outer loop
      vertex -11.7916 16.8182 2.3
      vertex -11.8954 16.8046 4.3
      vertex -11.7916 16.8182 4.3
    endloop
  endfacet
  facet normal -0.129911 0.991526 0
    outer loop
      vertex -11.8954 16.8046 4.3
      vertex -11.7916 16.8182 2.3
      vertex -11.8954 16.8046 2.3
    endloop
  endfacet
  facet normal -0.793299 0.608833 0
    outer loop
      vertex -11.0807 17.2287 2.3
      vertex -11.017 17.3117 4.3
      vertex -11.017 17.3117 2.3
    endloop
  endfacet
  facet normal -0.793299 0.608833 0
    outer loop
      vertex -11.017 17.3117 4.3
      vertex -11.0807 17.2287 2.3
      vertex -11.0807 17.2287 4.3
    endloop
  endfacet
  facet normal -0.793299 -0.608833 0
    outer loop
      vertex -11.017 18.6883 2.3
      vertex -11.0807 18.7713 4.3
      vertex -11.0807 18.7713 2.3
    endloop
  endfacet
  facet normal -0.793299 -0.608833 0
    outer loop
      vertex -11.0807 18.7713 4.3
      vertex -11.017 18.6883 2.3
      vertex -11.017 18.6883 4.3
    endloop
  endfacet
  facet normal 0.675898 -0.736996 0
    outer loop
      vertex -12.8485 18.8485 2.3
      vertex -12.7713 18.9193 4.3
      vertex -12.8485 18.8485 4.3
    endloop
  endfacet
  facet normal 0.675898 -0.736996 0
    outer loop
      vertex -12.7713 18.9193 4.3
      vertex -12.8485 18.8485 2.3
      vertex -12.7713 18.9193 2.3
    endloop
  endfacet
  facet normal -0.999034 0.0439346 0
    outer loop
      vertex -10.8046 17.8954 2.3
      vertex -10.8 18 4.3
      vertex -10.8 18 2.3
    endloop
  endfacet
  facet normal -0.999034 0.0439346 0
    outer loop
      vertex -10.8 18 4.3
      vertex -10.8046 17.8954 2.3
      vertex -10.8046 17.8954 4.3
    endloop
  endfacet
  facet normal 0.999034 0.0439346 0
    outer loop
      vertex -13.1954 17.8954 4.3
      vertex -13.2 18 2.3
      vertex -13.2 18 4.3
    endloop
  endfacet
  facet normal 0.999034 0.0439346 0
    outer loop
      vertex -13.2 18 2.3
      vertex -13.1954 17.8954 4.3
      vertex -13.1954 17.8954 2.3
    endloop
  endfacet
  facet normal -0.886857 -0.462044 0
    outer loop
      vertex -10.9124 18.5071 2.3
      vertex -10.9608 18.6 4.3
      vertex -10.9608 18.6 2.3
    endloop
  endfacet
  facet normal -0.886857 -0.462044 0
    outer loop
      vertex -10.9608 18.6 4.3
      vertex -10.9124 18.5071 2.3
      vertex -10.9124 18.5071 4.3
    endloop
  endfacet
  facet normal -0.129911 -0.991526 0
    outer loop
      vertex -11.8954 19.1954 2.3
      vertex -11.7916 19.1818 4.3
      vertex -11.8954 19.1954 4.3
    endloop
  endfacet
  facet normal -0.129911 -0.991526 -0
    outer loop
      vertex -11.7916 19.1818 4.3
      vertex -11.8954 19.1954 2.3
      vertex -11.7916 19.1818 2.3
    endloop
  endfacet
  facet normal -0.382239 -0.924063 0
    outer loop
      vertex -11.5896 19.1276 2.3
      vertex -11.4929 19.0876 4.3
      vertex -11.5896 19.1276 4.3
    endloop
  endfacet
  facet normal -0.382239 -0.924063 -0
    outer loop
      vertex -11.4929 19.0876 4.3
      vertex -11.5896 19.1276 2.3
      vertex -11.4929 19.0876 2.3
    endloop
  endfacet
  facet normal -0.736996 -0.675898 0
    outer loop
      vertex -11.0807 18.7713 2.3
      vertex -11.1515 18.8485 4.3
      vertex -11.1515 18.8485 2.3
    endloop
  endfacet
  facet normal -0.736996 -0.675898 0
    outer loop
      vertex -11.1515 18.8485 4.3
      vertex -11.0807 18.7713 2.3
      vertex -11.0807 18.7713 4.3
    endloop
  endfacet
  facet normal -0.462044 0.886857 0
    outer loop
      vertex -11.4 16.9608 2.3
      vertex -11.4929 16.9124 4.3
      vertex -11.4 16.9608 4.3
    endloop
  endfacet
  facet normal -0.462044 0.886857 0
    outer loop
      vertex -11.4929 16.9124 4.3
      vertex -11.4 16.9608 2.3
      vertex -11.4929 16.9124 2.3
    endloop
  endfacet
  facet normal -0.300994 -0.953626 0
    outer loop
      vertex -11.6894 19.1591 2.3
      vertex -11.5896 19.1276 4.3
      vertex -11.6894 19.1591 4.3
    endloop
  endfacet
  facet normal -0.300994 -0.953626 -0
    outer loop
      vertex -11.5896 19.1276 4.3
      vertex -11.6894 19.1591 2.3
      vertex -11.5896 19.1276 2.3
    endloop
  endfacet
  facet normal 0.991526 0.129911 0
    outer loop
      vertex -13.1818 17.7916 4.3
      vertex -13.1954 17.8954 2.3
      vertex -13.1954 17.8954 4.3
    endloop
  endfacet
  facet normal 0.991526 0.129911 0
    outer loop
      vertex -13.1954 17.8954 2.3
      vertex -13.1818 17.7916 4.3
      vertex -13.1818 17.7916 2.3
    endloop
  endfacet
  facet normal -0.536937 0.843622 0
    outer loop
      vertex -11.3117 17.017 2.3
      vertex -11.4 16.9608 4.3
      vertex -11.3117 17.017 4.3
    endloop
  endfacet
  facet normal -0.536937 0.843622 0
    outer loop
      vertex -11.4 16.9608 4.3
      vertex -11.3117 17.017 2.3
      vertex -11.4 16.9608 2.3
    endloop
  endfacet
  facet normal 0.536937 -0.843622 0
    outer loop
      vertex -12.6883 18.983 2.3
      vertex -12.6 19.0392 4.3
      vertex -12.6883 18.983 4.3
    endloop
  endfacet
  facet normal 0.536937 -0.843622 0
    outer loop
      vertex -12.6 19.0392 4.3
      vertex -12.6883 18.983 2.3
      vertex -12.6 19.0392 2.3
    endloop
  endfacet
  facet normal -0.924063 0.382239 0
    outer loop
      vertex -10.9124 17.4929 2.3
      vertex -10.8724 17.5896 4.3
      vertex -10.8724 17.5896 2.3
    endloop
  endfacet
  facet normal -0.924063 0.382239 0
    outer loop
      vertex -10.8724 17.5896 4.3
      vertex -10.9124 17.4929 2.3
      vertex -10.9124 17.4929 4.3
    endloop
  endfacet
  facet normal 0.843622 0.536937 0
    outer loop
      vertex -12.983 17.3117 4.3
      vertex -13.0392 17.4 2.3
      vertex -13.0392 17.4 4.3
    endloop
  endfacet
  facet normal 0.843622 0.536937 0
    outer loop
      vertex -13.0392 17.4 2.3
      vertex -12.983 17.3117 4.3
      vertex -12.983 17.3117 2.3
    endloop
  endfacet
  facet normal -0.886857 0.462044 0
    outer loop
      vertex -10.9608 17.4 2.3
      vertex -10.9124 17.4929 4.3
      vertex -10.9124 17.4929 2.3
    endloop
  endfacet
  facet normal -0.886857 0.462044 0
    outer loop
      vertex -10.9124 17.4929 4.3
      vertex -10.9608 17.4 2.3
      vertex -10.9608 17.4 4.3
    endloop
  endfacet
  facet normal -0.843622 -0.536937 0
    outer loop
      vertex -10.9608 18.6 2.3
      vertex -11.017 18.6883 4.3
      vertex -11.017 18.6883 2.3
    endloop
  endfacet
  facet normal -0.843622 -0.536937 0
    outer loop
      vertex -11.017 18.6883 4.3
      vertex -10.9608 18.6 2.3
      vertex -10.9608 18.6 4.3
    endloop
  endfacet
  facet normal 0.953626 -0.300994 0
    outer loop
      vertex -13.1591 18.3106 4.3
      vertex -13.1276 18.4104 2.3
      vertex -13.1276 18.4104 4.3
    endloop
  endfacet
  facet normal 0.953626 -0.300994 0
    outer loop
      vertex -13.1276 18.4104 2.3
      vertex -13.1591 18.3106 4.3
      vertex -13.1591 18.3106 2.3
    endloop
  endfacet
  facet normal -0.97621 0.216829 0
    outer loop
      vertex -10.8409 17.6894 2.3
      vertex -10.8182 17.7916 4.3
      vertex -10.8182 17.7916 2.3
    endloop
  endfacet
  facet normal -0.97621 0.216829 0
    outer loop
      vertex -10.8182 17.7916 4.3
      vertex -10.8409 17.6894 2.3
      vertex -10.8409 17.6894 4.3
    endloop
  endfacet
  facet normal 0.382239 0.924063 -0
    outer loop
      vertex -12.4104 16.8724 2.3
      vertex -12.5071 16.9124 4.3
      vertex -12.4104 16.8724 4.3
    endloop
  endfacet
  facet normal 0.382239 0.924063 0
    outer loop
      vertex -12.5071 16.9124 4.3
      vertex -12.4104 16.8724 2.3
      vertex -12.5071 16.9124 2.3
    endloop
  endfacet
  facet normal 0.216829 -0.97621 0
    outer loop
      vertex -12.3106 19.1591 2.3
      vertex -12.2084 19.1818 4.3
      vertex -12.3106 19.1591 4.3
    endloop
  endfacet
  facet normal 0.216829 -0.97621 0
    outer loop
      vertex -12.2084 19.1818 4.3
      vertex -12.3106 19.1591 2.3
      vertex -12.2084 19.1818 2.3
    endloop
  endfacet
  facet normal 0.129911 -0.991526 0
    outer loop
      vertex -12.2084 19.1818 2.3
      vertex -12.1046 19.1954 4.3
      vertex -12.2084 19.1818 4.3
    endloop
  endfacet
  facet normal 0.129911 -0.991526 0
    outer loop
      vertex -12.1046 19.1954 4.3
      vertex -12.2084 19.1818 2.3
      vertex -12.1046 19.1954 2.3
    endloop
  endfacet
  facet normal 0.675898 0.736996 -0
    outer loop
      vertex -12.7713 17.0807 2.3
      vertex -12.8485 17.1515 4.3
      vertex -12.7713 17.0807 4.3
    endloop
  endfacet
  facet normal 0.675898 0.736996 0
    outer loop
      vertex -12.8485 17.1515 4.3
      vertex -12.7713 17.0807 2.3
      vertex -12.8485 17.1515 2.3
    endloop
  endfacet
  facet normal 0.886857 0.462044 0
    outer loop
      vertex -13.0392 17.4 4.3
      vertex -13.0876 17.4929 2.3
      vertex -13.0876 17.4929 4.3
    endloop
  endfacet
  facet normal 0.886857 0.462044 0
    outer loop
      vertex -13.0876 17.4929 2.3
      vertex -13.0392 17.4 4.3
      vertex -13.0392 17.4 2.3
    endloop
  endfacet
  facet normal 0.924063 0.382239 0
    outer loop
      vertex -13.0876 17.4929 4.3
      vertex -13.1276 17.5896 2.3
      vertex -13.1276 17.5896 4.3
    endloop
  endfacet
  facet normal 0.924063 0.382239 0
    outer loop
      vertex -13.1276 17.5896 2.3
      vertex -13.0876 17.4929 4.3
      vertex -13.0876 17.4929 2.3
    endloop
  endfacet
  facet normal -0.736996 0.675898 0
    outer loop
      vertex -11.1515 17.1515 2.3
      vertex -11.0807 17.2287 4.3
      vertex -11.0807 17.2287 2.3
    endloop
  endfacet
  facet normal -0.736996 0.675898 0
    outer loop
      vertex -11.0807 17.2287 4.3
      vertex -11.1515 17.1515 2.3
      vertex -11.1515 17.1515 4.3
    endloop
  endfacet
  facet normal 0.793299 0.608833 0
    outer loop
      vertex -12.9193 17.2287 4.3
      vertex -12.983 17.3117 2.3
      vertex -12.983 17.3117 4.3
    endloop
  endfacet
  facet normal 0.793299 0.608833 0
    outer loop
      vertex -12.983 17.3117 2.3
      vertex -12.9193 17.2287 4.3
      vertex -12.9193 17.2287 2.3
    endloop
  endfacet
  facet normal 0.953626 0.300994 0
    outer loop
      vertex -13.1276 17.5896 4.3
      vertex -13.1591 17.6894 2.3
      vertex -13.1591 17.6894 4.3
    endloop
  endfacet
  facet normal 0.953626 0.300994 0
    outer loop
      vertex -13.1591 17.6894 2.3
      vertex -13.1276 17.5896 4.3
      vertex -13.1276 17.5896 2.3
    endloop
  endfacet
  facet normal -0.953626 -0.300994 0
    outer loop
      vertex -10.8409 18.3106 2.3
      vertex -10.8724 18.4104 4.3
      vertex -10.8724 18.4104 2.3
    endloop
  endfacet
  facet normal -0.953626 -0.300994 0
    outer loop
      vertex -10.8724 18.4104 4.3
      vertex -10.8409 18.3106 2.3
      vertex -10.8409 18.3106 4.3
    endloop
  endfacet
  facet normal 0.300994 0.953626 -0
    outer loop
      vertex -12.3106 16.8409 2.3
      vertex -12.4104 16.8724 4.3
      vertex -12.3106 16.8409 4.3
    endloop
  endfacet
  facet normal 0.300994 0.953626 0
    outer loop
      vertex -12.4104 16.8724 4.3
      vertex -12.3106 16.8409 2.3
      vertex -12.4104 16.8724 2.3
    endloop
  endfacet
  facet normal 0.97621 0.216829 0
    outer loop
      vertex -13.1591 17.6894 4.3
      vertex -13.1818 17.7916 2.3
      vertex -13.1818 17.7916 4.3
    endloop
  endfacet
  facet normal 0.97621 0.216829 0
    outer loop
      vertex -13.1818 17.7916 2.3
      vertex -13.1591 17.6894 4.3
      vertex -13.1591 17.6894 2.3
    endloop
  endfacet
  facet normal 0.843622 -0.536937 0
    outer loop
      vertex -13.0392 18.6 4.3
      vertex -12.983 18.6883 2.3
      vertex -12.983 18.6883 4.3
    endloop
  endfacet
  facet normal 0.843622 -0.536937 0
    outer loop
      vertex -12.983 18.6883 2.3
      vertex -13.0392 18.6 4.3
      vertex -13.0392 18.6 2.3
    endloop
  endfacet
  facet normal 0.736996 -0.675898 0
    outer loop
      vertex -12.9193 18.7713 4.3
      vertex -12.8485 18.8485 2.3
      vertex -12.8485 18.8485 4.3
    endloop
  endfacet
  facet normal 0.736996 -0.675898 0
    outer loop
      vertex -12.8485 18.8485 2.3
      vertex -12.9193 18.7713 4.3
      vertex -12.9193 18.7713 2.3
    endloop
  endfacet
  facet normal 0.462044 -0.886857 0
    outer loop
      vertex -12.6 19.0392 2.3
      vertex -12.5071 19.0876 4.3
      vertex -12.6 19.0392 4.3
    endloop
  endfacet
  facet normal 0.462044 -0.886857 0
    outer loop
      vertex -12.5071 19.0876 4.3
      vertex -12.6 19.0392 2.3
      vertex -12.5071 19.0876 2.3
    endloop
  endfacet
  facet normal -0.608833 0.793299 0
    outer loop
      vertex -11.2287 17.0807 2.3
      vertex -11.3117 17.017 4.3
      vertex -11.2287 17.0807 4.3
    endloop
  endfacet
  facet normal -0.608833 0.793299 0
    outer loop
      vertex -11.3117 17.017 4.3
      vertex -11.2287 17.0807 2.3
      vertex -11.3117 17.017 2.3
    endloop
  endfacet
  facet normal 0.536937 0.843622 -0
    outer loop
      vertex -12.6 16.9608 2.3
      vertex -12.6883 17.017 4.3
      vertex -12.6 16.9608 4.3
    endloop
  endfacet
  facet normal 0.536937 0.843622 0
    outer loop
      vertex -12.6883 17.017 4.3
      vertex -12.6 16.9608 2.3
      vertex -12.6883 17.017 2.3
    endloop
  endfacet
  facet normal 0.97621 -0.216829 0
    outer loop
      vertex -13.1818 18.2084 4.3
      vertex -13.1591 18.3106 2.3
      vertex -13.1591 18.3106 4.3
    endloop
  endfacet
  facet normal 0.97621 -0.216829 0
    outer loop
      vertex -13.1591 18.3106 2.3
      vertex -13.1818 18.2084 4.3
      vertex -13.1818 18.2084 2.3
    endloop
  endfacet
  facet normal -0.216829 0.97621 0
    outer loop
      vertex -11.6894 16.8409 2.3
      vertex -11.7916 16.8182 4.3
      vertex -11.6894 16.8409 4.3
    endloop
  endfacet
  facet normal -0.216829 0.97621 0
    outer loop
      vertex -11.7916 16.8182 4.3
      vertex -11.6894 16.8409 2.3
      vertex -11.7916 16.8182 2.3
    endloop
  endfacet
  facet normal 0.991526 -0.129911 0
    outer loop
      vertex -13.1954 18.1046 4.3
      vertex -13.1818 18.2084 2.3
      vertex -13.1818 18.2084 4.3
    endloop
  endfacet
  facet normal 0.991526 -0.129911 0
    outer loop
      vertex -13.1818 18.2084 2.3
      vertex -13.1954 18.1046 4.3
      vertex -13.1954 18.1046 2.3
    endloop
  endfacet
  facet normal -0.675898 0.736996 0
    outer loop
      vertex -11.1515 17.1515 2.3
      vertex -11.2287 17.0807 4.3
      vertex -11.1515 17.1515 4.3
    endloop
  endfacet
  facet normal -0.675898 0.736996 0
    outer loop
      vertex -11.2287 17.0807 4.3
      vertex -11.1515 17.1515 2.3
      vertex -11.2287 17.0807 2.3
    endloop
  endfacet
  facet normal 0.462044 0.886857 -0
    outer loop
      vertex -12.5071 16.9124 2.3
      vertex -12.6 16.9608 4.3
      vertex -12.5071 16.9124 4.3
    endloop
  endfacet
  facet normal 0.462044 0.886857 0
    outer loop
      vertex -12.6 16.9608 4.3
      vertex -12.5071 16.9124 2.3
      vertex -12.6 16.9608 2.3
    endloop
  endfacet
  facet normal 0.608833 0.793299 -0
    outer loop
      vertex -12.6883 17.017 2.3
      vertex -12.7713 17.0807 4.3
      vertex -12.6883 17.017 4.3
    endloop
  endfacet
  facet normal 0.608833 0.793299 0
    outer loop
      vertex -12.7713 17.0807 4.3
      vertex -12.6883 17.017 2.3
      vertex -12.7713 17.0807 2.3
    endloop
  endfacet
  facet normal 0.130106 -0.9915 0
    outer loop
      vertex -12.3994 20.2651 0
      vertex -12.2005 20.2912 2.3
      vertex -12.3994 20.2651 2.3
    endloop
  endfacet
  facet normal 0.130106 -0.9915 0
    outer loop
      vertex -12.2005 20.2912 2.3
      vertex -12.3994 20.2651 0
      vertex -12.2005 20.2912 0
    endloop
  endfacet
  facet normal -0.991442 -0.130547 0
    outer loop
      vertex -9.70875 18.2005 0
      vertex -9.73494 18.3994 2.3
      vertex -9.73494 18.3994 0
    endloop
  endfacet
  facet normal -0.991442 -0.130547 0
    outer loop
      vertex -9.73494 18.3994 2.3
      vertex -9.70875 18.2005 0
      vertex -9.70875 18.2005 2.3
    endloop
  endfacet
  facet normal -0.999049 -0.0435994 0
    outer loop
      vertex -9.7 18 0
      vertex -9.70875 18.2005 2.3
      vertex -9.70875 18.2005 0
    endloop
  endfacet
  facet normal -0.999049 -0.0435994 0
    outer loop
      vertex -9.70875 18.2005 2.3
      vertex -9.7 18 0
      vertex -9.7 18 2.3
    endloop
  endfacet
  facet normal -0.976296 -0.21644 0
    outer loop
      vertex -9.73494 18.3994 0
      vertex -9.77837 18.5953 2.3
      vertex -9.77837 18.5953 0
    endloop
  endfacet
  facet normal -0.976296 -0.21644 0
    outer loop
      vertex -9.77837 18.5953 2.3
      vertex -9.73494 18.3994 0
      vertex -9.73494 18.3994 2.3
    endloop
  endfacet
  facet normal -0.999049 0.0435994 0
    outer loop
      vertex -9.70875 17.7995 0
      vertex -9.7 18 2.3
      vertex -9.7 18 0
    endloop
  endfacet
  facet normal -0.999049 0.0435994 0
    outer loop
      vertex -9.7 18 2.3
      vertex -9.70875 17.7995 0
      vertex -9.70875 17.7995 2.3
    endloop
  endfacet
  facet normal 0.608578 0.793494 -0
    outer loop
      vertex -13.3192 16.116 0
      vertex -13.4784 16.2381 2.3
      vertex -13.3192 16.116 2.3
    endloop
  endfacet
  facet normal 0.608578 0.793494 0
    outer loop
      vertex -13.4784 16.2381 2.3
      vertex -13.3192 16.116 0
      vertex -13.4784 16.2381 0
    endloop
  endfacet
  facet normal 0.953741 -0.30063 0
    outer loop
      vertex -14.2216 18.5953 2.3
      vertex -14.1613 18.7866 0
      vertex -14.1613 18.7866 2.3
    endloop
  endfacet
  facet normal 0.953741 -0.30063 0
    outer loop
      vertex -14.1613 18.7866 0
      vertex -14.2216 18.5953 2.3
      vertex -14.2216 18.5953 0
    endloop
  endfacet
  facet normal -0.675792 -0.737092 0
    outer loop
      vertex -10.5216 19.7619 0
      vertex -10.3737 19.6263 2.3
      vertex -10.5216 19.7619 2.3
    endloop
  endfacet
  facet normal -0.675792 -0.737092 -0
    outer loop
      vertex -10.3737 19.6263 2.3
      vertex -10.5216 19.7619 0
      vertex -10.3737 19.6263 0
    endloop
  endfacet
  facet normal 0.953741 0.30063 0
    outer loop
      vertex -14.1613 17.2134 2.3
      vertex -14.2216 17.4047 0
      vertex -14.2216 17.4047 2.3
    endloop
  endfacet
  facet normal 0.953741 0.30063 0
    outer loop
      vertex -14.2216 17.4047 0
      vertex -14.1613 17.2134 2.3
      vertex -14.1613 17.2134 0
    endloop
  endfacet
  facet normal 0.793494 0.608578 0
    outer loop
      vertex -13.7619 16.5216 2.3
      vertex -13.884 16.6808 0
      vertex -13.884 16.6808 2.3
    endloop
  endfacet
  facet normal 0.793494 0.608578 0
    outer loop
      vertex -13.884 16.6808 0
      vertex -13.7619 16.5216 2.3
      vertex -13.7619 16.5216 0
    endloop
  endfacet
  facet normal -0.382704 -0.923871 0
    outer loop
      vertex -11.2134 20.1613 0
      vertex -11.028 20.0845 2.3
      vertex -11.2134 20.1613 2.3
    endloop
  endfacet
  facet normal -0.382704 -0.923871 -0
    outer loop
      vertex -11.028 20.0845 2.3
      vertex -11.2134 20.1613 0
      vertex -11.028 20.0845 0
    endloop
  endfacet
  facet normal -0.843148 0.537681 0
    outer loop
      vertex -10.116 16.6808 0
      vertex -10.0081 16.85 2.3
      vertex -10.0081 16.85 0
    endloop
  endfacet
  facet normal -0.843148 0.537681 0
    outer loop
      vertex -10.0081 16.85 2.3
      vertex -10.116 16.6808 0
      vertex -10.116 16.6808 2.3
    endloop
  endfacet
  facet normal -0.737092 -0.675792 0
    outer loop
      vertex -10.2381 19.4784 0
      vertex -10.3737 19.6263 2.3
      vertex -10.3737 19.6263 0
    endloop
  endfacet
  facet normal -0.737092 -0.675792 0
    outer loop
      vertex -10.3737 19.6263 2.3
      vertex -10.2381 19.4784 0
      vertex -10.2381 19.4784 2.3
    endloop
  endfacet
  facet normal -0.793494 -0.608578 0
    outer loop
      vertex -10.116 19.3192 0
      vertex -10.2381 19.4784 2.3
      vertex -10.2381 19.4784 0
    endloop
  endfacet
  facet normal -0.793494 -0.608578 0
    outer loop
      vertex -10.2381 19.4784 2.3
      vertex -10.116 19.3192 0
      vertex -10.116 19.3192 2.3
    endloop
  endfacet
  facet normal -0.537681 -0.843148 0
    outer loop
      vertex -10.85 19.9919 0
      vertex -10.6808 19.884 2.3
      vertex -10.85 19.9919 2.3
    endloop
  endfacet
  facet normal -0.537681 -0.843148 -0
    outer loop
      vertex -10.6808 19.884 2.3
      vertex -10.85 19.9919 0
      vertex -10.6808 19.884 0
    endloop
  endfacet
  facet normal -0.216772 -0.976222 0
    outer loop
      vertex -11.6006 20.2651 0
      vertex -11.4047 20.2216 2.3
      vertex -11.6006 20.2651 2.3
    endloop
  endfacet
  facet normal -0.216772 -0.976222 -0
    outer loop
      vertex -11.4047 20.2216 2.3
      vertex -11.6006 20.2651 0
      vertex -11.4047 20.2216 0
    endloop
  endfacet
  facet normal 0.0438481 0.999038 -0
    outer loop
      vertex -12 15.7 0
      vertex -12.2005 15.7088 2.3
      vertex -12 15.7 2.3
    endloop
  endfacet
  facet normal 0.0438481 0.999038 0
    outer loop
      vertex -12.2005 15.7088 2.3
      vertex -12 15.7 0
      vertex -12.2005 15.7088 0
    endloop
  endfacet
  facet normal 0.216772 -0.976222 0
    outer loop
      vertex -12.5953 20.2216 0
      vertex -12.3994 20.2651 2.3
      vertex -12.5953 20.2216 2.3
    endloop
  endfacet
  facet normal 0.216772 -0.976222 0
    outer loop
      vertex -12.3994 20.2651 2.3
      vertex -12.5953 20.2216 0
      vertex -12.3994 20.2651 0
    endloop
  endfacet
  facet normal 0.793494 -0.608578 0
    outer loop
      vertex -13.884 19.3192 2.3
      vertex -13.7619 19.4784 0
      vertex -13.7619 19.4784 2.3
    endloop
  endfacet
  facet normal 0.793494 -0.608578 0
    outer loop
      vertex -13.7619 19.4784 0
      vertex -13.884 19.3192 2.3
      vertex -13.884 19.3192 0
    endloop
  endfacet
  facet normal 0.9915 0.130106 0
    outer loop
      vertex -14.2651 17.6006 2.3
      vertex -14.2912 17.7995 0
      vertex -14.2912 17.7995 2.3
    endloop
  endfacet
  facet normal 0.9915 0.130106 0
    outer loop
      vertex -14.2912 17.7995 0
      vertex -14.2651 17.6006 2.3
      vertex -14.2651 17.6006 0
    endloop
  endfacet
  facet normal 0.46151 -0.887135 0
    outer loop
      vertex -13.15 19.9919 0
      vertex -12.972 20.0845 2.3
      vertex -13.15 19.9919 2.3
    endloop
  endfacet
  facet normal 0.46151 -0.887135 0
    outer loop
      vertex -12.972 20.0845 2.3
      vertex -13.15 19.9919 0
      vertex -12.972 20.0845 0
    endloop
  endfacet
  facet normal -0.46151 0.887135 0
    outer loop
      vertex -10.85 16.0081 0
      vertex -11.028 15.9155 2.3
      vertex -10.85 16.0081 2.3
    endloop
  endfacet
  facet normal -0.46151 0.887135 0
    outer loop
      vertex -11.028 15.9155 2.3
      vertex -10.85 16.0081 0
      vertex -11.028 15.9155 0
    endloop
  endfacet
  facet normal -0.608578 -0.793494 0
    outer loop
      vertex -10.6808 19.884 0
      vertex -10.5216 19.7619 2.3
      vertex -10.6808 19.884 2.3
    endloop
  endfacet
  facet normal -0.608578 -0.793494 -0
    outer loop
      vertex -10.5216 19.7619 2.3
      vertex -10.6808 19.884 0
      vertex -10.5216 19.7619 0
    endloop
  endfacet
  facet normal -0.991442 0.130547 0
    outer loop
      vertex -9.73494 17.6006 0
      vertex -9.70875 17.7995 2.3
      vertex -9.70875 17.7995 0
    endloop
  endfacet
  facet normal -0.991442 0.130547 0
    outer loop
      vertex -9.70875 17.7995 2.3
      vertex -9.73494 17.6006 0
      vertex -9.73494 17.6006 2.3
    endloop
  endfacet
  facet normal -0.923906 0.382619 0
    outer loop
      vertex -9.91549 17.028 0
      vertex -9.83871 17.2134 2.3
      vertex -9.83871 17.2134 0
    endloop
  endfacet
  facet normal -0.923906 0.382619 0
    outer loop
      vertex -9.83871 17.2134 2.3
      vertex -9.91549 17.028 0
      vertex -9.91549 17.028 2.3
    endloop
  endfacet
  facet normal -0.30063 -0.953741 0
    outer loop
      vertex -11.4047 20.2216 0
      vertex -11.2134 20.1613 2.3
      vertex -11.4047 20.2216 2.3
    endloop
  endfacet
  facet normal -0.30063 -0.953741 -0
    outer loop
      vertex -11.2134 20.1613 2.3
      vertex -11.4047 20.2216 0
      vertex -11.2134 20.1613 0
    endloop
  endfacet
  facet normal 0.0438481 -0.999038 0
    outer loop
      vertex -12.2005 20.2912 0
      vertex -12 20.3 2.3
      vertex -12.2005 20.2912 2.3
    endloop
  endfacet
  facet normal 0.0438481 -0.999038 0
    outer loop
      vertex -12 20.3 2.3
      vertex -12.2005 20.2912 0
      vertex -12 20.3 0
    endloop
  endfacet
  facet normal 0.737092 0.675792 0
    outer loop
      vertex -13.6263 16.3737 2.3
      vertex -13.7619 16.5216 0
      vertex -13.7619 16.5216 2.3
    endloop
  endfacet
  facet normal 0.737092 0.675792 0
    outer loop
      vertex -13.7619 16.5216 0
      vertex -13.6263 16.3737 2.3
      vertex -13.6263 16.3737 0
    endloop
  endfacet
  facet normal 0.887135 -0.46151 0
    outer loop
      vertex -14.0845 18.972 2.3
      vertex -13.9919 19.15 0
      vertex -13.9919 19.15 2.3
    endloop
  endfacet
  facet normal 0.887135 -0.46151 0
    outer loop
      vertex -13.9919 19.15 0
      vertex -14.0845 18.972 2.3
      vertex -14.0845 18.972 0
    endloop
  endfacet
  facet normal -0.216772 0.976222 0
    outer loop
      vertex -11.4047 15.7784 0
      vertex -11.6006 15.7349 2.3
      vertex -11.4047 15.7784 2.3
    endloop
  endfacet
  facet normal -0.216772 0.976222 0
    outer loop
      vertex -11.6006 15.7349 2.3
      vertex -11.4047 15.7784 0
      vertex -11.6006 15.7349 0
    endloop
  endfacet
  facet normal -0.130106 0.9915 0
    outer loop
      vertex -11.6006 15.7349 0
      vertex -11.7995 15.7088 2.3
      vertex -11.6006 15.7349 2.3
    endloop
  endfacet
  facet normal -0.130106 0.9915 0
    outer loop
      vertex -11.7995 15.7088 2.3
      vertex -11.6006 15.7349 0
      vertex -11.7995 15.7088 0
    endloop
  endfacet
  facet normal -0.46151 -0.887135 0
    outer loop
      vertex -11.028 20.0845 0
      vertex -10.85 19.9919 2.3
      vertex -11.028 20.0845 2.3
    endloop
  endfacet
  facet normal -0.46151 -0.887135 -0
    outer loop
      vertex -10.85 19.9919 2.3
      vertex -11.028 20.0845 0
      vertex -10.85 19.9919 0
    endloop
  endfacet
  facet normal -0.0438481 -0.999038 0
    outer loop
      vertex -12 20.3 0
      vertex -11.7995 20.2912 2.3
      vertex -12 20.3 2.3
    endloop
  endfacet
  facet normal -0.0438481 -0.999038 -0
    outer loop
      vertex -11.7995 20.2912 2.3
      vertex -12 20.3 0
      vertex -11.7995 20.2912 0
    endloop
  endfacet
  facet normal 0.30063 0.953741 -0
    outer loop
      vertex -12.5953 15.7784 0
      vertex -12.7866 15.8387 2.3
      vertex -12.5953 15.7784 2.3
    endloop
  endfacet
  facet normal 0.30063 0.953741 0
    outer loop
      vertex -12.7866 15.8387 2.3
      vertex -12.5953 15.7784 0
      vertex -12.7866 15.8387 0
    endloop
  endfacet
  facet normal -0.608578 0.793494 0
    outer loop
      vertex -10.5216 16.2381 0
      vertex -10.6808 16.116 2.3
      vertex -10.5216 16.2381 2.3
    endloop
  endfacet
  facet normal -0.608578 0.793494 0
    outer loop
      vertex -10.6808 16.116 2.3
      vertex -10.5216 16.2381 0
      vertex -10.6808 16.116 0
    endloop
  endfacet
  facet normal 0.537681 0.843148 -0
    outer loop
      vertex -13.15 16.0081 0
      vertex -13.3192 16.116 2.3
      vertex -13.15 16.0081 2.3
    endloop
  endfacet
  facet normal 0.537681 0.843148 0
    outer loop
      vertex -13.3192 16.116 2.3
      vertex -13.15 16.0081 0
      vertex -13.3192 16.116 0
    endloop
  endfacet
  facet normal -0.793494 0.608578 0
    outer loop
      vertex -10.2381 16.5216 0
      vertex -10.116 16.6808 2.3
      vertex -10.116 16.6808 0
    endloop
  endfacet
  facet normal -0.793494 0.608578 0
    outer loop
      vertex -10.116 16.6808 2.3
      vertex -10.2381 16.5216 0
      vertex -10.2381 16.5216 2.3
    endloop
  endfacet
  facet normal -0.976296 0.21644 0
    outer loop
      vertex -9.77837 17.4047 0
      vertex -9.73494 17.6006 2.3
      vertex -9.73494 17.6006 0
    endloop
  endfacet
  facet normal -0.976296 0.21644 0
    outer loop
      vertex -9.73494 17.6006 2.3
      vertex -9.77837 17.4047 0
      vertex -9.77837 17.4047 2.3
    endloop
  endfacet
  facet normal 0.675792 -0.737092 0
    outer loop
      vertex -13.6263 19.6263 0
      vertex -13.4784 19.7619 2.3
      vertex -13.6263 19.6263 2.3
    endloop
  endfacet
  facet normal 0.675792 -0.737092 0
    outer loop
      vertex -13.4784 19.7619 2.3
      vertex -13.6263 19.6263 0
      vertex -13.4784 19.7619 0
    endloop
  endfacet
  facet normal 0.608578 -0.793494 0
    outer loop
      vertex -13.4784 19.7619 0
      vertex -13.3192 19.884 2.3
      vertex -13.4784 19.7619 2.3
    endloop
  endfacet
  facet normal 0.608578 -0.793494 0
    outer loop
      vertex -13.3192 19.884 2.3
      vertex -13.4784 19.7619 0
      vertex -13.3192 19.884 0
    endloop
  endfacet
  facet normal -0.887115 -0.461549 0
    outer loop
      vertex -9.91549 18.972 0
      vertex -10.0081 19.15 2.3
      vertex -10.0081 19.15 0
    endloop
  endfacet
  facet normal -0.887115 -0.461549 0
    outer loop
      vertex -10.0081 19.15 2.3
      vertex -9.91549 18.972 0
      vertex -9.91549 18.972 2.3
    endloop
  endfacet
  facet normal -0.843148 -0.537681 0
    outer loop
      vertex -10.0081 19.15 0
      vertex -10.116 19.3192 2.3
      vertex -10.116 19.3192 0
    endloop
  endfacet
  facet normal -0.843148 -0.537681 0
    outer loop
      vertex -10.116 19.3192 2.3
      vertex -10.0081 19.15 0
      vertex -10.0081 19.15 2.3
    endloop
  endfacet
  facet normal -0.953684 0.300812 0
    outer loop
      vertex -9.83871 17.2134 0
      vertex -9.77837 17.4047 2.3
      vertex -9.77837 17.4047 0
    endloop
  endfacet
  facet normal -0.953684 0.300812 0
    outer loop
      vertex -9.77837 17.4047 2.3
      vertex -9.83871 17.2134 0
      vertex -9.83871 17.2134 2.3
    endloop
  endfacet
  facet normal 0.537681 -0.843148 0
    outer loop
      vertex -13.3192 19.884 0
      vertex -13.15 19.9919 2.3
      vertex -13.3192 19.884 2.3
    endloop
  endfacet
  facet normal 0.537681 -0.843148 0
    outer loop
      vertex -13.15 19.9919 2.3
      vertex -13.3192 19.884 0
      vertex -13.15 19.9919 0
    endloop
  endfacet
  facet normal 0.130106 0.9915 -0
    outer loop
      vertex -12.2005 15.7088 0
      vertex -12.3994 15.7349 2.3
      vertex -12.2005 15.7088 2.3
    endloop
  endfacet
  facet normal 0.130106 0.9915 0
    outer loop
      vertex -12.3994 15.7349 2.3
      vertex -12.2005 15.7088 0
      vertex -12.3994 15.7349 0
    endloop
  endfacet
  facet normal 0.30063 -0.953741 0
    outer loop
      vertex -12.7866 20.1613 0
      vertex -12.5953 20.2216 2.3
      vertex -12.7866 20.1613 2.3
    endloop
  endfacet
  facet normal 0.30063 -0.953741 0
    outer loop
      vertex -12.5953 20.2216 2.3
      vertex -12.7866 20.1613 0
      vertex -12.5953 20.2216 0
    endloop
  endfacet
  facet normal -0.382704 0.923871 0
    outer loop
      vertex -11.028 15.9155 0
      vertex -11.2134 15.8387 2.3
      vertex -11.028 15.9155 2.3
    endloop
  endfacet
  facet normal -0.382704 0.923871 0
    outer loop
      vertex -11.2134 15.8387 2.3
      vertex -11.028 15.9155 0
      vertex -11.2134 15.8387 0
    endloop
  endfacet
  facet normal -0.923906 -0.382619 0
    outer loop
      vertex -9.83871 18.7866 0
      vertex -9.91549 18.972 2.3
      vertex -9.91549 18.972 0
    endloop
  endfacet
  facet normal -0.923906 -0.382619 0
    outer loop
      vertex -9.91549 18.972 2.3
      vertex -9.83871 18.7866 0
      vertex -9.83871 18.7866 2.3
    endloop
  endfacet
  facet normal -0.0438481 0.999038 0
    outer loop
      vertex -11.7995 15.7088 0
      vertex -12 15.7 2.3
      vertex -11.7995 15.7088 2.3
    endloop
  endfacet
  facet normal -0.0438481 0.999038 0
    outer loop
      vertex -12 15.7 2.3
      vertex -11.7995 15.7088 0
      vertex -12 15.7 0
    endloop
  endfacet
  facet normal 0.999038 0.0438481 0
    outer loop
      vertex -14.2912 17.7995 2.3
      vertex -14.3 18 0
      vertex -14.3 18 2.3
    endloop
  endfacet
  facet normal 0.999038 0.0438481 0
    outer loop
      vertex -14.3 18 0
      vertex -14.2912 17.7995 2.3
      vertex -14.2912 17.7995 0
    endloop
  endfacet
  facet normal 0.999038 -0.0438481 0
    outer loop
      vertex -14.3 18 2.3
      vertex -14.2912 18.2005 0
      vertex -14.2912 18.2005 2.3
    endloop
  endfacet
  facet normal 0.999038 -0.0438481 0
    outer loop
      vertex -14.2912 18.2005 0
      vertex -14.3 18 2.3
      vertex -14.3 18 0
    endloop
  endfacet
  facet normal -0.887115 0.461549 0
    outer loop
      vertex -10.0081 16.85 0
      vertex -9.91549 17.028 2.3
      vertex -9.91549 17.028 0
    endloop
  endfacet
  facet normal -0.887115 0.461549 0
    outer loop
      vertex -9.91549 17.028 2.3
      vertex -10.0081 16.85 0
      vertex -10.0081 16.85 2.3
    endloop
  endfacet
  facet normal 0.737092 -0.675792 0
    outer loop
      vertex -13.7619 19.4784 2.3
      vertex -13.6263 19.6263 0
      vertex -13.6263 19.6263 2.3
    endloop
  endfacet
  facet normal 0.737092 -0.675792 0
    outer loop
      vertex -13.6263 19.6263 0
      vertex -13.7619 19.4784 2.3
      vertex -13.7619 19.4784 0
    endloop
  endfacet
  facet normal 0.382704 -0.923871 0
    outer loop
      vertex -12.972 20.0845 0
      vertex -12.7866 20.1613 2.3
      vertex -12.972 20.0845 2.3
    endloop
  endfacet
  facet normal 0.382704 -0.923871 0
    outer loop
      vertex -12.7866 20.1613 2.3
      vertex -12.972 20.0845 0
      vertex -12.7866 20.1613 0
    endloop
  endfacet
  facet normal -0.537681 0.843148 0
    outer loop
      vertex -10.6808 16.116 0
      vertex -10.85 16.0081 2.3
      vertex -10.6808 16.116 2.3
    endloop
  endfacet
  facet normal -0.537681 0.843148 0
    outer loop
      vertex -10.85 16.0081 2.3
      vertex -10.6808 16.116 0
      vertex -10.85 16.0081 0
    endloop
  endfacet
  facet normal 0.976222 -0.216772 0
    outer loop
      vertex -14.2651 18.3994 2.3
      vertex -14.2216 18.5953 0
      vertex -14.2216 18.5953 2.3
    endloop
  endfacet
  facet normal 0.976222 -0.216772 0
    outer loop
      vertex -14.2216 18.5953 0
      vertex -14.2651 18.3994 2.3
      vertex -14.2651 18.3994 0
    endloop
  endfacet
  facet normal 0.976222 0.216772 0
    outer loop
      vertex -14.2216 17.4047 2.3
      vertex -14.2651 17.6006 0
      vertex -14.2651 17.6006 2.3
    endloop
  endfacet
  facet normal 0.976222 0.216772 0
    outer loop
      vertex -14.2651 17.6006 0
      vertex -14.2216 17.4047 2.3
      vertex -14.2216 17.4047 0
    endloop
  endfacet
  facet normal 0 0 -1
    outer loop
      vertex -10.8 18 2.3
      vertex -9.7 18 2.3
      vertex -9.70875 17.7995 2.3
    endloop
  endfacet
  facet normal 0 0 -1
    outer loop
      vertex -10.8046 17.8954 2.3
      vertex -9.70875 17.7995 2.3
      vertex -9.73494 17.6006 2.3
    endloop
  endfacet
  facet normal 0 0 -1
    outer loop
      vertex -9.7 18 2.3
      vertex -10.8 18 2.3
      vertex -9.70875 18.2005 2.3
    endloop
  endfacet
  facet normal 0 0 -1
    outer loop
      vertex -10.8182 17.7916 2.3
      vertex -9.73494 17.6006 2.3
      vertex -9.77837 17.4047 2.3
    endloop
  endfacet
  facet normal 0 0 -1
    outer loop
      vertex -10.8046 18.1046 2.3
      vertex -9.70875 18.2005 2.3
      vertex -10.8 18 2.3
    endloop
  endfacet
  facet normal 0 0 -1
    outer loop
      vertex -10.8409 17.6894 2.3
      vertex -9.77837 17.4047 2.3
      vertex -9.83871 17.2134 2.3
    endloop
  endfacet
  facet normal -0 0 -1
    outer loop
      vertex -9.70875 18.2005 2.3
      vertex -10.8046 18.1046 2.3
      vertex -9.73494 18.3994 2.3
    endloop
  endfacet
  facet normal 0 0 -1
    outer loop
      vertex -10.8724 17.5896 2.3
      vertex -9.83871 17.2134 2.3
      vertex -9.91549 17.028 2.3
    endloop
  endfacet
  facet normal 0 0 -1
    outer loop
      vertex -10.8182 18.2084 2.3
      vertex -9.73494 18.3994 2.3
      vertex -10.8046 18.1046 2.3
    endloop
  endfacet
  facet normal 0 0 -1
    outer loop
      vertex -10.9124 17.4929 2.3
      vertex -9.91549 17.028 2.3
      vertex -10.0081 16.85 2.3
    endloop
  endfacet
  facet normal -0 0 -1
    outer loop
      vertex -9.73494 18.3994 2.3
      vertex -10.8182 18.2084 2.3
      vertex -9.77837 18.5953 2.3
    endloop
  endfacet
  facet normal 0 0 -1
    outer loop
      vertex -10.9608 17.4 2.3
      vertex -10.0081 16.85 2.3
      vertex -10.116 16.6808 2.3
    endloop
  endfacet
  facet normal 0 0 -1
    outer loop
      vertex -10.8409 18.3106 2.3
      vertex -9.77837 18.5953 2.3
      vertex -10.8182 18.2084 2.3
    endloop
  endfacet
  facet normal 0 0 -1
    outer loop
      vertex -11.017 17.3117 2.3
      vertex -10.116 16.6808 2.3
      vertex -10.2381 16.5216 2.3
    endloop
  endfacet
  facet normal -0 0 -1
    outer loop
      vertex -9.77837 18.5953 2.3
      vertex -10.8409 18.3106 2.3
      vertex -9.83871 18.7866 2.3
    endloop
  endfacet
  facet normal 0 0 -1
    outer loop
      vertex -11.0807 17.2287 2.3
      vertex -10.2381 16.5216 2.3
      vertex -10.3737 16.3737 2.3
    endloop
  endfacet
  facet normal 0 0 -1
    outer loop
      vertex -10.8724 18.4104 2.3
      vertex -9.83871 18.7866 2.3
      vertex -10.8409 18.3106 2.3
    endloop
  endfacet
  facet normal 0 0 -1
    outer loop
      vertex -11.1515 17.1515 2.3
      vertex -10.3737 16.3737 2.3
      vertex -10.5216 16.2381 2.3
    endloop
  endfacet
  facet normal -0 0 -1
    outer loop
      vertex -9.83871 18.7866 2.3
      vertex -10.8724 18.4104 2.3
      vertex -9.91549 18.972 2.3
    endloop
  endfacet
  facet normal 0 0 -1
    outer loop
      vertex -11.2287 17.0807 2.3
      vertex -10.5216 16.2381 2.3
      vertex -10.6808 16.116 2.3
    endloop
  endfacet
  facet normal 0 0 -1
    outer loop
      vertex -10.9124 18.5071 2.3
      vertex -9.91549 18.972 2.3
      vertex -10.8724 18.4104 2.3
    endloop
  endfacet
  facet normal -0 0 -1
    outer loop
      vertex -9.91549 18.972 2.3
      vertex -10.9124 18.5071 2.3
      vertex -10.0081 19.15 2.3
    endloop
  endfacet
  facet normal 0 0 -1
    outer loop
      vertex -9.70875 17.7995 2.3
      vertex -10.8046 17.8954 2.3
      vertex -10.8 18 2.3
    endloop
  endfacet
  facet normal 0 0 -1
    outer loop
      vertex -9.73494 17.6006 2.3
      vertex -10.8182 17.7916 2.3
      vertex -10.8046 17.8954 2.3
    endloop
  endfacet
  facet normal 0 0 -1
    outer loop
      vertex -9.77837 17.4047 2.3
      vertex -10.8409 17.6894 2.3
      vertex -10.8182 17.7916 2.3
    endloop
  endfacet
  facet normal 0 0 -1
    outer loop
      vertex -11.3117 17.017 2.3
      vertex -10.6808 16.116 2.3
      vertex -10.85 16.0081 2.3
    endloop
  endfacet
  facet normal 0 0 -1
    outer loop
      vertex -9.83871 17.2134 2.3
      vertex -10.8724 17.5896 2.3
      vertex -10.8409 17.6894 2.3
    endloop
  endfacet
  facet normal 0 0 -1
    outer loop
      vertex -9.91549 17.028 2.3
      vertex -10.9124 17.4929 2.3
      vertex -10.8724 17.5896 2.3
    endloop
  endfacet
  facet normal 0 0 -1
    outer loop
      vertex -10.0081 16.85 2.3
      vertex -10.9608 17.4 2.3
      vertex -10.9124 17.4929 2.3
    endloop
  endfacet
  facet normal 0 0 -1
    outer loop
      vertex -10.116 16.6808 2.3
      vertex -11.017 17.3117 2.3
      vertex -10.9608 17.4 2.3
    endloop
  endfacet
  facet normal 0 0 -1
    outer loop
      vertex -11.4 16.9608 2.3
      vertex -10.85 16.0081 2.3
      vertex -11.028 15.9155 2.3
    endloop
  endfacet
  facet normal 0 0 -1
    outer loop
      vertex -10.2381 16.5216 2.3
      vertex -11.0807 17.2287 2.3
      vertex -11.017 17.3117 2.3
    endloop
  endfacet
  facet normal 0 0 -1
    outer loop
      vertex -10.3737 16.3737 2.3
      vertex -11.1515 17.1515 2.3
      vertex -11.0807 17.2287 2.3
    endloop
  endfacet
  facet normal 0 0 -1
    outer loop
      vertex -11.4929 16.9124 2.3
      vertex -11.028 15.9155 2.3
      vertex -11.2134 15.8387 2.3
    endloop
  endfacet
  facet normal 0 0 -1
    outer loop
      vertex -10.5216 16.2381 2.3
      vertex -11.2287 17.0807 2.3
      vertex -11.1515 17.1515 2.3
    endloop
  endfacet
  facet normal 0 0 -1
    outer loop
      vertex -10.6808 16.116 2.3
      vertex -11.3117 17.017 2.3
      vertex -11.2287 17.0807 2.3
    endloop
  endfacet
  facet normal 0 0 -1
    outer loop
      vertex -10.85 16.0081 2.3
      vertex -11.4 16.9608 2.3
      vertex -11.3117 17.017 2.3
    endloop
  endfacet
  facet normal 0 0 -1
    outer loop
      vertex -11.5896 16.8724 2.3
      vertex -11.2134 15.8387 2.3
      vertex -11.4047 15.7784 2.3
    endloop
  endfacet
  facet normal 0 0 -1
    outer loop
      vertex -11.028 15.9155 2.3
      vertex -11.4929 16.9124 2.3
      vertex -11.4 16.9608 2.3
    endloop
  endfacet
  facet normal 0 0 -1
    outer loop
      vertex -11.2134 15.8387 2.3
      vertex -11.5896 16.8724 2.3
      vertex -11.4929 16.9124 2.3
    endloop
  endfacet
  facet normal 0 0 -1
    outer loop
      vertex -11.6894 16.8409 2.3
      vertex -11.4047 15.7784 2.3
      vertex -11.6006 15.7349 2.3
    endloop
  endfacet
  facet normal 0 0 -1
    outer loop
      vertex -11.4047 15.7784 2.3
      vertex -11.6894 16.8409 2.3
      vertex -11.5896 16.8724 2.3
    endloop
  endfacet
  facet normal 0 0 -1
    outer loop
      vertex -11.6006 15.7349 2.3
      vertex -11.7916 16.8182 2.3
      vertex -11.6894 16.8409 2.3
    endloop
  endfacet
  facet normal 0 0 -1
    outer loop
      vertex -11.7995 15.7088 2.3
      vertex -11.7916 16.8182 2.3
      vertex -11.6006 15.7349 2.3
    endloop
  endfacet
  facet normal 0 0 -1
    outer loop
      vertex -11.7995 15.7088 2.3
      vertex -11.8954 16.8046 2.3
      vertex -11.7916 16.8182 2.3
    endloop
  endfacet
  facet normal 0 0 -1
    outer loop
      vertex -12 15.7 2.3
      vertex -11.8954 16.8046 2.3
      vertex -11.7995 15.7088 2.3
    endloop
  endfacet
  facet normal 0 0 -1
    outer loop
      vertex -12 15.7 2.3
      vertex -12 16.8 2.3
      vertex -11.8954 16.8046 2.3
    endloop
  endfacet
  facet normal 0 0 -1
    outer loop
      vertex -12 15.7 2.3
      vertex -12.1046 16.8046 2.3
      vertex -12 16.8 2.3
    endloop
  endfacet
  facet normal 0 0 -1
    outer loop
      vertex -12.2005 15.7088 2.3
      vertex -12.1046 16.8046 2.3
      vertex -12 15.7 2.3
    endloop
  endfacet
  facet normal 0 0 -1
    outer loop
      vertex -12.2005 15.7088 2.3
      vertex -12.2084 16.8182 2.3
      vertex -12.1046 16.8046 2.3
    endloop
  endfacet
  facet normal 0 0 -1
    outer loop
      vertex -12.3994 15.7349 2.3
      vertex -12.2084 16.8182 2.3
      vertex -12.2005 15.7088 2.3
    endloop
  endfacet
  facet normal -0 0 -1
    outer loop
      vertex -12.2084 16.8182 2.3
      vertex -12.3994 15.7349 2.3
      vertex -12.3106 16.8409 2.3
    endloop
  endfacet
  facet normal 0 0 -1
    outer loop
      vertex -12.5953 15.7784 2.3
      vertex -12.3106 16.8409 2.3
      vertex -12.3994 15.7349 2.3
    endloop
  endfacet
  facet normal -0 0 -1
    outer loop
      vertex -12.3106 16.8409 2.3
      vertex -12.5953 15.7784 2.3
      vertex -12.4104 16.8724 2.3
    endloop
  endfacet
  facet normal 0 0 -1
    outer loop
      vertex -12.7866 15.8387 2.3
      vertex -12.4104 16.8724 2.3
      vertex -12.5953 15.7784 2.3
    endloop
  endfacet
  facet normal -0 0 -1
    outer loop
      vertex -12.4104 16.8724 2.3
      vertex -12.7866 15.8387 2.3
      vertex -12.5071 16.9124 2.3
    endloop
  endfacet
  facet normal 0 0 -1
    outer loop
      vertex -12.972 15.9155 2.3
      vertex -12.5071 16.9124 2.3
      vertex -12.7866 15.8387 2.3
    endloop
  endfacet
  facet normal -0 0 -1
    outer loop
      vertex -12.5071 16.9124 2.3
      vertex -12.972 15.9155 2.3
      vertex -12.6 16.9608 2.3
    endloop
  endfacet
  facet normal 0 0 -1
    outer loop
      vertex -13.15 16.0081 2.3
      vertex -12.6 16.9608 2.3
      vertex -12.972 15.9155 2.3
    endloop
  endfacet
  facet normal -0 0 -1
    outer loop
      vertex -12.6 16.9608 2.3
      vertex -13.15 16.0081 2.3
      vertex -12.6883 17.017 2.3
    endloop
  endfacet
  facet normal 0 0 -1
    outer loop
      vertex -13.3192 16.116 2.3
      vertex -12.6883 17.017 2.3
      vertex -13.15 16.0081 2.3
    endloop
  endfacet
  facet normal -0 0 -1
    outer loop
      vertex -12.6883 17.017 2.3
      vertex -13.3192 16.116 2.3
      vertex -12.7713 17.0807 2.3
    endloop
  endfacet
  facet normal 0 0 -1
    outer loop
      vertex -13.4784 16.2381 2.3
      vertex -12.7713 17.0807 2.3
      vertex -13.3192 16.116 2.3
    endloop
  endfacet
  facet normal -0 0 -1
    outer loop
      vertex -12.7713 17.0807 2.3
      vertex -13.4784 16.2381 2.3
      vertex -12.8485 17.1515 2.3
    endloop
  endfacet
  facet normal 0 0 -1
    outer loop
      vertex -13.6263 16.3737 2.3
      vertex -12.8485 17.1515 2.3
      vertex -13.4784 16.2381 2.3
    endloop
  endfacet
  facet normal -0 0 -1
    outer loop
      vertex -12.8485 17.1515 2.3
      vertex -13.6263 16.3737 2.3
      vertex -12.9193 17.2287 2.3
    endloop
  endfacet
  facet normal 0 0 -1
    outer loop
      vertex -13.7619 16.5216 2.3
      vertex -12.9193 17.2287 2.3
      vertex -13.6263 16.3737 2.3
    endloop
  endfacet
  facet normal -0 0 -1
    outer loop
      vertex -12.9193 17.2287 2.3
      vertex -13.7619 16.5216 2.3
      vertex -12.983 17.3117 2.3
    endloop
  endfacet
  facet normal 0 0 -1
    outer loop
      vertex -13.884 16.6808 2.3
      vertex -12.983 17.3117 2.3
      vertex -13.7619 16.5216 2.3
    endloop
  endfacet
  facet normal -0 0 -1
    outer loop
      vertex -12.983 17.3117 2.3
      vertex -13.884 16.6808 2.3
      vertex -13.0392 17.4 2.3
    endloop
  endfacet
  facet normal 0 0 -1
    outer loop
      vertex -13.9919 16.85 2.3
      vertex -13.0392 17.4 2.3
      vertex -13.884 16.6808 2.3
    endloop
  endfacet
  facet normal -0 0 -1
    outer loop
      vertex -13.0392 17.4 2.3
      vertex -13.9919 16.85 2.3
      vertex -13.0876 17.4929 2.3
    endloop
  endfacet
  facet normal 0 0 -1
    outer loop
      vertex -10.9608 18.6 2.3
      vertex -10.0081 19.15 2.3
      vertex -10.9124 18.5071 2.3
    endloop
  endfacet
  facet normal -0 0 -1
    outer loop
      vertex -10.0081 19.15 2.3
      vertex -10.9608 18.6 2.3
      vertex -10.116 19.3192 2.3
    endloop
  endfacet
  facet normal 0 0 -1
    outer loop
      vertex -11.017 18.6883 2.3
      vertex -10.116 19.3192 2.3
      vertex -10.9608 18.6 2.3
    endloop
  endfacet
  facet normal -0 0 -1
    outer loop
      vertex -10.116 19.3192 2.3
      vertex -11.017 18.6883 2.3
      vertex -10.2381 19.4784 2.3
    endloop
  endfacet
  facet normal 0 0 -1
    outer loop
      vertex -11.0807 18.7713 2.3
      vertex -10.2381 19.4784 2.3
      vertex -11.017 18.6883 2.3
    endloop
  endfacet
  facet normal -0 0 -1
    outer loop
      vertex -10.2381 19.4784 2.3
      vertex -11.0807 18.7713 2.3
      vertex -10.3737 19.6263 2.3
    endloop
  endfacet
  facet normal 0 0 -1
    outer loop
      vertex -11.1515 18.8485 2.3
      vertex -10.3737 19.6263 2.3
      vertex -11.0807 18.7713 2.3
    endloop
  endfacet
  facet normal -0 0 -1
    outer loop
      vertex -10.3737 19.6263 2.3
      vertex -11.1515 18.8485 2.3
      vertex -10.5216 19.7619 2.3
    endloop
  endfacet
  facet normal 0 0 -1
    outer loop
      vertex -11.2287 18.9193 2.3
      vertex -10.5216 19.7619 2.3
      vertex -11.1515 18.8485 2.3
    endloop
  endfacet
  facet normal -0 0 -1
    outer loop
      vertex -10.5216 19.7619 2.3
      vertex -11.2287 18.9193 2.3
      vertex -10.6808 19.884 2.3
    endloop
  endfacet
  facet normal 0 0 -1
    outer loop
      vertex -11.3117 18.983 2.3
      vertex -10.6808 19.884 2.3
      vertex -11.2287 18.9193 2.3
    endloop
  endfacet
  facet normal -0 0 -1
    outer loop
      vertex -10.6808 19.884 2.3
      vertex -11.3117 18.983 2.3
      vertex -10.85 19.9919 2.3
    endloop
  endfacet
  facet normal 0 0 -1
    outer loop
      vertex -11.4 19.0392 2.3
      vertex -10.85 19.9919 2.3
      vertex -11.3117 18.983 2.3
    endloop
  endfacet
  facet normal -0 0 -1
    outer loop
      vertex -10.85 19.9919 2.3
      vertex -11.4 19.0392 2.3
      vertex -11.028 20.0845 2.3
    endloop
  endfacet
  facet normal 0 0 -1
    outer loop
      vertex -11.4929 19.0876 2.3
      vertex -11.028 20.0845 2.3
      vertex -11.4 19.0392 2.3
    endloop
  endfacet
  facet normal -0 0 -1
    outer loop
      vertex -11.028 20.0845 2.3
      vertex -11.4929 19.0876 2.3
      vertex -11.2134 20.1613 2.3
    endloop
  endfacet
  facet normal 0 0 -1
    outer loop
      vertex -11.5896 19.1276 2.3
      vertex -11.2134 20.1613 2.3
      vertex -11.4929 19.0876 2.3
    endloop
  endfacet
  facet normal -0 0 -1
    outer loop
      vertex -11.2134 20.1613 2.3
      vertex -11.5896 19.1276 2.3
      vertex -11.4047 20.2216 2.3
    endloop
  endfacet
  facet normal 0 0 -1
    outer loop
      vertex -11.6894 19.1591 2.3
      vertex -11.4047 20.2216 2.3
      vertex -11.5896 19.1276 2.3
    endloop
  endfacet
  facet normal -0 0 -1
    outer loop
      vertex -11.4047 20.2216 2.3
      vertex -11.6894 19.1591 2.3
      vertex -11.6006 20.2651 2.3
    endloop
  endfacet
  facet normal 0 0 -1
    outer loop
      vertex -11.7916 19.1818 2.3
      vertex -11.6006 20.2651 2.3
      vertex -11.6894 19.1591 2.3
    endloop
  endfacet
  facet normal 0 0 -1
    outer loop
      vertex -11.7916 19.1818 2.3
      vertex -11.7995 20.2912 2.3
      vertex -11.6006 20.2651 2.3
    endloop
  endfacet
  facet normal 0 0 -1
    outer loop
      vertex -11.8954 19.1954 2.3
      vertex -11.7995 20.2912 2.3
      vertex -11.7916 19.1818 2.3
    endloop
  endfacet
  facet normal 0 0 -1
    outer loop
      vertex -12 19.2 2.3
      vertex -11.7995 20.2912 2.3
      vertex -11.8954 19.1954 2.3
    endloop
  endfacet
  facet normal 0 0 -1
    outer loop
      vertex -12 19.2 2.3
      vertex -12 20.3 2.3
      vertex -11.7995 20.2912 2.3
    endloop
  endfacet
  facet normal 0 0 -1
    outer loop
      vertex -12.1046 19.1954 2.3
      vertex -12 20.3 2.3
      vertex -12 19.2 2.3
    endloop
  endfacet
  facet normal 0 0 -1
    outer loop
      vertex -12.1046 19.1954 2.3
      vertex -12.2005 20.2912 2.3
      vertex -12 20.3 2.3
    endloop
  endfacet
  facet normal 0 0 -1
    outer loop
      vertex -12.2084 19.1818 2.3
      vertex -12.2005 20.2912 2.3
      vertex -12.1046 19.1954 2.3
    endloop
  endfacet
  facet normal 0 0 -1
    outer loop
      vertex -12.3994 20.2651 2.3
      vertex -12.2084 19.1818 2.3
      vertex -12.3106 19.1591 2.3
    endloop
  endfacet
  facet normal 0 0 -1
    outer loop
      vertex -12.2084 19.1818 2.3
      vertex -12.3994 20.2651 2.3
      vertex -12.2005 20.2912 2.3
    endloop
  endfacet
  facet normal 0 0 -1
    outer loop
      vertex -12.5953 20.2216 2.3
      vertex -12.3106 19.1591 2.3
      vertex -12.4104 19.1276 2.3
    endloop
  endfacet
  facet normal 0 0 -1
    outer loop
      vertex -12.7866 20.1613 2.3
      vertex -12.4104 19.1276 2.3
      vertex -12.5071 19.0876 2.3
    endloop
  endfacet
  facet normal 0 0 -1
    outer loop
      vertex -12.3106 19.1591 2.3
      vertex -12.5953 20.2216 2.3
      vertex -12.3994 20.2651 2.3
    endloop
  endfacet
  facet normal 0 0 -1
    outer loop
      vertex -12.972 20.0845 2.3
      vertex -12.5071 19.0876 2.3
      vertex -12.6 19.0392 2.3
    endloop
  endfacet
  facet normal 0 0 -1
    outer loop
      vertex -13.15 19.9919 2.3
      vertex -12.6 19.0392 2.3
      vertex -12.6883 18.983 2.3
    endloop
  endfacet
  facet normal 0 0 -1
    outer loop
      vertex -13.3192 19.884 2.3
      vertex -12.6883 18.983 2.3
      vertex -12.7713 18.9193 2.3
    endloop
  endfacet
  facet normal 0 0 -1
    outer loop
      vertex -12.4104 19.1276 2.3
      vertex -12.7866 20.1613 2.3
      vertex -12.5953 20.2216 2.3
    endloop
  endfacet
  facet normal 0 0 -1
    outer loop
      vertex -13.4784 19.7619 2.3
      vertex -12.7713 18.9193 2.3
      vertex -12.8485 18.8485 2.3
    endloop
  endfacet
  facet normal 0 0 -1
    outer loop
      vertex -13.6263 19.6263 2.3
      vertex -12.8485 18.8485 2.3
      vertex -12.9193 18.7713 2.3
    endloop
  endfacet
  facet normal 0 0 -1
    outer loop
      vertex -12.5071 19.0876 2.3
      vertex -12.972 20.0845 2.3
      vertex -12.7866 20.1613 2.3
    endloop
  endfacet
  facet normal 0 0 -1
    outer loop
      vertex -13.7619 19.4784 2.3
      vertex -12.9193 18.7713 2.3
      vertex -12.983 18.6883 2.3
    endloop
  endfacet
  facet normal 0 0 -1
    outer loop
      vertex -13.884 19.3192 2.3
      vertex -12.983 18.6883 2.3
      vertex -13.0392 18.6 2.3
    endloop
  endfacet
  facet normal 0 0 -1
    outer loop
      vertex -13.9919 19.15 2.3
      vertex -13.0392 18.6 2.3
      vertex -13.0876 18.5071 2.3
    endloop
  endfacet
  facet normal 0 0 -1
    outer loop
      vertex -14.0845 18.972 2.3
      vertex -13.0876 18.5071 2.3
      vertex -13.1276 18.4104 2.3
    endloop
  endfacet
  facet normal 0 0 -1
    outer loop
      vertex -12.6 19.0392 2.3
      vertex -13.15 19.9919 2.3
      vertex -12.972 20.0845 2.3
    endloop
  endfacet
  facet normal 0 0 -1
    outer loop
      vertex -14.1613 18.7866 2.3
      vertex -13.1276 18.4104 2.3
      vertex -13.1591 18.3106 2.3
    endloop
  endfacet
  facet normal 0 0 -1
    outer loop
      vertex -14.2216 18.5953 2.3
      vertex -13.1591 18.3106 2.3
      vertex -13.1818 18.2084 2.3
    endloop
  endfacet
  facet normal 0 0 -1
    outer loop
      vertex -14.2651 18.3994 2.3
      vertex -13.1818 18.2084 2.3
      vertex -13.1954 18.1046 2.3
    endloop
  endfacet
  facet normal 0 0 -1
    outer loop
      vertex -14.2912 18.2005 2.3
      vertex -13.1954 18.1046 2.3
      vertex -13.2 18 2.3
    endloop
  endfacet
  facet normal 0 0 -1
    outer loop
      vertex -14.0845 17.028 2.3
      vertex -13.0876 17.4929 2.3
      vertex -13.9919 16.85 2.3
    endloop
  endfacet
  facet normal 0 0 -1
    outer loop
      vertex -12.6883 18.983 2.3
      vertex -13.3192 19.884 2.3
      vertex -13.15 19.9919 2.3
    endloop
  endfacet
  facet normal -0 0 -1
    outer loop
      vertex -13.0876 17.4929 2.3
      vertex -14.0845 17.028 2.3
      vertex -13.1276 17.5896 2.3
    endloop
  endfacet
  facet normal 0 0 -1
    outer loop
      vertex -12.7713 18.9193 2.3
      vertex -13.4784 19.7619 2.3
      vertex -13.3192 19.884 2.3
    endloop
  endfacet
  facet normal 0 0 -1
    outer loop
      vertex -14.1613 17.2134 2.3
      vertex -13.1276 17.5896 2.3
      vertex -14.0845 17.028 2.3
    endloop
  endfacet
  facet normal 0 0 -1
    outer loop
      vertex -12.8485 18.8485 2.3
      vertex -13.6263 19.6263 2.3
      vertex -13.4784 19.7619 2.3
    endloop
  endfacet
  facet normal -0 0 -1
    outer loop
      vertex -13.1276 17.5896 2.3
      vertex -14.1613 17.2134 2.3
      vertex -13.1591 17.6894 2.3
    endloop
  endfacet
  facet normal 0 0 -1
    outer loop
      vertex -12.9193 18.7713 2.3
      vertex -13.7619 19.4784 2.3
      vertex -13.6263 19.6263 2.3
    endloop
  endfacet
  facet normal 0 0 -1
    outer loop
      vertex -14.2216 17.4047 2.3
      vertex -13.1591 17.6894 2.3
      vertex -14.1613 17.2134 2.3
    endloop
  endfacet
  facet normal 0 0 -1
    outer loop
      vertex -12.983 18.6883 2.3
      vertex -13.884 19.3192 2.3
      vertex -13.7619 19.4784 2.3
    endloop
  endfacet
  facet normal -0 0 -1
    outer loop
      vertex -13.1591 17.6894 2.3
      vertex -14.2216 17.4047 2.3
      vertex -13.1818 17.7916 2.3
    endloop
  endfacet
  facet normal 0 0 -1
    outer loop
      vertex -13.0392 18.6 2.3
      vertex -13.9919 19.15 2.3
      vertex -13.884 19.3192 2.3
    endloop
  endfacet
  facet normal 0 0 -1
    outer loop
      vertex -14.2651 17.6006 2.3
      vertex -13.1818 17.7916 2.3
      vertex -14.2216 17.4047 2.3
    endloop
  endfacet
  facet normal 0 0 -1
    outer loop
      vertex -13.0876 18.5071 2.3
      vertex -14.0845 18.972 2.3
      vertex -13.9919 19.15 2.3
    endloop
  endfacet
  facet normal -0 0 -1
    outer loop
      vertex -13.1818 17.7916 2.3
      vertex -14.2651 17.6006 2.3
      vertex -13.1954 17.8954 2.3
    endloop
  endfacet
  facet normal 0 0 -1
    outer loop
      vertex -13.1276 18.4104 2.3
      vertex -14.1613 18.7866 2.3
      vertex -14.0845 18.972 2.3
    endloop
  endfacet
  facet normal 0 0 -1
    outer loop
      vertex -14.2912 17.7995 2.3
      vertex -13.1954 17.8954 2.3
      vertex -14.2651 17.6006 2.3
    endloop
  endfacet
  facet normal 0 0 -1
    outer loop
      vertex -13.1591 18.3106 2.3
      vertex -14.2216 18.5953 2.3
      vertex -14.1613 18.7866 2.3
    endloop
  endfacet
  facet normal -0 0 -1
    outer loop
      vertex -13.1954 17.8954 2.3
      vertex -14.2912 17.7995 2.3
      vertex -13.2 18 2.3
    endloop
  endfacet
  facet normal 0 0 -1
    outer loop
      vertex -13.1818 18.2084 2.3
      vertex -14.2651 18.3994 2.3
      vertex -14.2216 18.5953 2.3
    endloop
  endfacet
  facet normal 0 0 -1
    outer loop
      vertex -14.3 18 2.3
      vertex -13.2 18 2.3
      vertex -14.2912 17.7995 2.3
    endloop
  endfacet
  facet normal 0 0 -1
    outer loop
      vertex -13.1954 18.1046 2.3
      vertex -14.2912 18.2005 2.3
      vertex -14.2651 18.3994 2.3
    endloop
  endfacet
  facet normal 0 0 -1
    outer loop
      vertex -13.2 18 2.3
      vertex -14.3 18 2.3
      vertex -14.2912 18.2005 2.3
    endloop
  endfacet
  facet normal -0.130106 -0.9915 0
    outer loop
      vertex -11.7995 20.2912 0
      vertex -11.6006 20.2651 2.3
      vertex -11.7995 20.2912 2.3
    endloop
  endfacet
  facet normal -0.130106 -0.9915 -0
    outer loop
      vertex -11.6006 20.2651 2.3
      vertex -11.7995 20.2912 0
      vertex -11.6006 20.2651 0
    endloop
  endfacet
  facet normal 0.843148 -0.537681 0
    outer loop
      vertex -13.9919 19.15 2.3
      vertex -13.884 19.3192 0
      vertex -13.884 19.3192 2.3
    endloop
  endfacet
  facet normal 0.843148 -0.537681 0
    outer loop
      vertex -13.884 19.3192 0
      vertex -13.9919 19.15 2.3
      vertex -13.9919 19.15 0
    endloop
  endfacet
  facet normal -0.953684 -0.300812 0
    outer loop
      vertex -9.77837 18.5953 0
      vertex -9.83871 18.7866 2.3
      vertex -9.83871 18.7866 0
    endloop
  endfacet
  facet normal -0.953684 -0.300812 0
    outer loop
      vertex -9.83871 18.7866 2.3
      vertex -9.77837 18.5953 0
      vertex -9.77837 18.5953 2.3
    endloop
  endfacet
  facet normal 0.675792 0.737092 -0
    outer loop
      vertex -13.4784 16.2381 0
      vertex -13.6263 16.3737 2.3
      vertex -13.4784 16.2381 2.3
    endloop
  endfacet
  facet normal 0.675792 0.737092 0
    outer loop
      vertex -13.6263 16.3737 2.3
      vertex -13.4784 16.2381 0
      vertex -13.6263 16.3737 0
    endloop
  endfacet
  facet normal -0.675792 0.737092 0
    outer loop
      vertex -10.3737 16.3737 0
      vertex -10.5216 16.2381 2.3
      vertex -10.3737 16.3737 2.3
    endloop
  endfacet
  facet normal -0.675792 0.737092 0
    outer loop
      vertex -10.5216 16.2381 2.3
      vertex -10.3737 16.3737 0
      vertex -10.5216 16.2381 0
    endloop
  endfacet
  facet normal 0.216772 0.976222 -0
    outer loop
      vertex -12.3994 15.7349 0
      vertex -12.5953 15.7784 2.3
      vertex -12.3994 15.7349 2.3
    endloop
  endfacet
  facet normal 0.216772 0.976222 0
    outer loop
      vertex -12.5953 15.7784 2.3
      vertex -12.3994 15.7349 0
      vertex -12.5953 15.7784 0
    endloop
  endfacet
  facet normal 0.9915 -0.130106 0
    outer loop
      vertex -14.2912 18.2005 2.3
      vertex -14.2651 18.3994 0
      vertex -14.2651 18.3994 2.3
    endloop
  endfacet
  facet normal 0.9915 -0.130106 0
    outer loop
      vertex -14.2651 18.3994 0
      vertex -14.2912 18.2005 2.3
      vertex -14.2912 18.2005 0
    endloop
  endfacet
  facet normal -0.737092 0.675792 0
    outer loop
      vertex -10.3737 16.3737 0
      vertex -10.2381 16.5216 2.3
      vertex -10.2381 16.5216 0
    endloop
  endfacet
  facet normal -0.737092 0.675792 0
    outer loop
      vertex -10.2381 16.5216 2.3
      vertex -10.3737 16.3737 0
      vertex -10.3737 16.3737 2.3
    endloop
  endfacet
  facet normal 0.46151 0.887135 -0
    outer loop
      vertex -12.972 15.9155 0
      vertex -13.15 16.0081 2.3
      vertex -12.972 15.9155 2.3
    endloop
  endfacet
  facet normal 0.46151 0.887135 0
    outer loop
      vertex -13.15 16.0081 2.3
      vertex -12.972 15.9155 0
      vertex -13.15 16.0081 0
    endloop
  endfacet
  facet normal 0.923871 -0.382704 0
    outer loop
      vertex -14.1613 18.7866 2.3
      vertex -14.0845 18.972 0
      vertex -14.0845 18.972 2.3
    endloop
  endfacet
  facet normal 0.923871 -0.382704 0
    outer loop
      vertex -14.0845 18.972 0
      vertex -14.1613 18.7866 2.3
      vertex -14.1613 18.7866 0
    endloop
  endfacet
  facet normal 0.843148 0.537681 0
    outer loop
      vertex -13.884 16.6808 2.3
      vertex -13.9919 16.85 0
      vertex -13.9919 16.85 2.3
    endloop
  endfacet
  facet normal 0.843148 0.537681 0
    outer loop
      vertex -13.9919 16.85 0
      vertex -13.884 16.6808 2.3
      vertex -13.884 16.6808 0
    endloop
  endfacet
  facet normal 0.382704 0.923871 -0
    outer loop
      vertex -12.7866 15.8387 0
      vertex -12.972 15.9155 2.3
      vertex -12.7866 15.8387 2.3
    endloop
  endfacet
  facet normal 0.382704 0.923871 0
    outer loop
      vertex -12.972 15.9155 2.3
      vertex -12.7866 15.8387 0
      vertex -12.972 15.9155 0
    endloop
  endfacet
  facet normal -0.30063 0.953741 0
    outer loop
      vertex -11.2134 15.8387 0
      vertex -11.4047 15.7784 2.3
      vertex -11.2134 15.8387 2.3
    endloop
  endfacet
  facet normal -0.30063 0.953741 0
    outer loop
      vertex -11.4047 15.7784 2.3
      vertex -11.2134 15.8387 0
      vertex -11.4047 15.7784 0
    endloop
  endfacet
  facet normal 0.923871 0.382704 0
    outer loop
      vertex -14.0845 17.028 2.3
      vertex -14.1613 17.2134 0
      vertex -14.1613 17.2134 2.3
    endloop
  endfacet
  facet normal 0.923871 0.382704 0
    outer loop
      vertex -14.1613 17.2134 0
      vertex -14.0845 17.028 2.3
      vertex -14.0845 17.028 0
    endloop
  endfacet
  facet normal 0.887135 0.46151 0
    outer loop
      vertex -13.9919 16.85 2.3
      vertex -14.0845 17.028 0
      vertex -14.0845 17.028 2.3
    endloop
  endfacet
  facet normal 0.887135 0.46151 0
    outer loop
      vertex -14.0845 17.028 0
      vertex -13.9919 16.85 2.3
      vertex -13.9919 16.85 0
    endloop
  endfacet
  facet normal -0.736996 0.675898 0
    outer loop
      vertex 12.8485 -18.8485 2.3
      vertex 12.9193 -18.7713 4.3
      vertex 12.9193 -18.7713 2.3
    endloop
  endfacet
  facet normal -0.736996 0.675898 0
    outer loop
      vertex 12.9193 -18.7713 4.3
      vertex 12.8485 -18.8485 2.3
      vertex 12.8485 -18.8485 4.3
    endloop
  endfacet
  facet normal 0.924063 -0.382239 0
    outer loop
      vertex 10.8724 -17.5896 4.3
      vertex 10.9124 -17.4929 2.3
      vertex 10.9124 -17.4929 4.3
    endloop
  endfacet
  facet normal 0.924063 -0.382239 0
    outer loop
      vertex 10.9124 -17.4929 2.3
      vertex 10.8724 -17.5896 4.3
      vertex 10.8724 -17.5896 2.3
    endloop
  endfacet
  facet normal -0.382239 -0.924063 0
    outer loop
      vertex 12.4104 -16.8724 2.3
      vertex 12.5071 -16.9124 4.3
      vertex 12.4104 -16.8724 4.3
    endloop
  endfacet
  facet normal -0.382239 -0.924063 -0
    outer loop
      vertex 12.5071 -16.9124 4.3
      vertex 12.4104 -16.8724 2.3
      vertex 12.5071 -16.9124 2.3
    endloop
  endfacet
  facet normal 0.216829 0.97621 -0
    outer loop
      vertex 11.7916 -19.1818 2.3
      vertex 11.6894 -19.1591 4.3
      vertex 11.7916 -19.1818 4.3
    endloop
  endfacet
  facet normal 0.216829 0.97621 0
    outer loop
      vertex 11.6894 -19.1591 4.3
      vertex 11.7916 -19.1818 2.3
      vertex 11.6894 -19.1591 2.3
    endloop
  endfacet
  facet normal -0.300994 0.953626 0
    outer loop
      vertex 12.4104 -19.1276 2.3
      vertex 12.3106 -19.1591 4.3
      vertex 12.4104 -19.1276 4.3
    endloop
  endfacet
  facet normal -0.300994 0.953626 0
    outer loop
      vertex 12.3106 -19.1591 4.3
      vertex 12.4104 -19.1276 2.3
      vertex 12.3106 -19.1591 2.3
    endloop
  endfacet
  facet normal -0.0439346 -0.999034 0
    outer loop
      vertex 12 -16.8 2.3
      vertex 12.1046 -16.8046 4.3
      vertex 12 -16.8 4.3
    endloop
  endfacet
  facet normal -0.0439346 -0.999034 -0
    outer loop
      vertex 12.1046 -16.8046 4.3
      vertex 12 -16.8 2.3
      vertex 12.1046 -16.8046 2.3
    endloop
  endfacet
  facet normal -0.886857 0.462044 0
    outer loop
      vertex 13.0392 -18.6 2.3
      vertex 13.0876 -18.5071 4.3
      vertex 13.0876 -18.5071 2.3
    endloop
  endfacet
  facet normal -0.886857 0.462044 0
    outer loop
      vertex 13.0876 -18.5071 4.3
      vertex 13.0392 -18.6 2.3
      vertex 13.0392 -18.6 4.3
    endloop
  endfacet
  facet normal -0.843622 0.536937 0
    outer loop
      vertex 12.983 -18.6883 2.3
      vertex 13.0392 -18.6 4.3
      vertex 13.0392 -18.6 2.3
    endloop
  endfacet
  facet normal -0.843622 0.536937 0
    outer loop
      vertex 13.0392 -18.6 4.3
      vertex 12.983 -18.6883 2.3
      vertex 12.983 -18.6883 4.3
    endloop
  endfacet
  facet normal -0.216829 0.97621 0
    outer loop
      vertex 12.3106 -19.1591 2.3
      vertex 12.2084 -19.1818 4.3
      vertex 12.3106 -19.1591 4.3
    endloop
  endfacet
  facet normal -0.216829 0.97621 0
    outer loop
      vertex 12.2084 -19.1818 4.3
      vertex 12.3106 -19.1591 2.3
      vertex 12.2084 -19.1818 2.3
    endloop
  endfacet
  facet normal -0.793299 -0.608833 0
    outer loop
      vertex 12.983 -17.3117 2.3
      vertex 12.9193 -17.2287 4.3
      vertex 12.9193 -17.2287 2.3
    endloop
  endfacet
  facet normal -0.793299 -0.608833 0
    outer loop
      vertex 12.9193 -17.2287 4.3
      vertex 12.983 -17.3117 2.3
      vertex 12.983 -17.3117 4.3
    endloop
  endfacet
  facet normal -0.991526 -0.129911 0
    outer loop
      vertex 13.1954 -17.8954 2.3
      vertex 13.1818 -17.7916 4.3
      vertex 13.1818 -17.7916 2.3
    endloop
  endfacet
  facet normal -0.991526 -0.129911 0
    outer loop
      vertex 13.1818 -17.7916 4.3
      vertex 13.1954 -17.8954 2.3
      vertex 13.1954 -17.8954 4.3
    endloop
  endfacet
  facet normal -0.0439346 0.999034 0
    outer loop
      vertex 12.1046 -19.1954 2.3
      vertex 12 -19.2 4.3
      vertex 12.1046 -19.1954 4.3
    endloop
  endfacet
  facet normal -0.0439346 0.999034 0
    outer loop
      vertex 12 -19.2 4.3
      vertex 12.1046 -19.1954 2.3
      vertex 12 -19.2 2.3
    endloop
  endfacet
  facet normal -0.536937 -0.843622 0
    outer loop
      vertex 12.6 -16.9608 2.3
      vertex 12.6883 -17.017 4.3
      vertex 12.6 -16.9608 4.3
    endloop
  endfacet
  facet normal -0.536937 -0.843622 -0
    outer loop
      vertex 12.6883 -17.017 4.3
      vertex 12.6 -16.9608 2.3
      vertex 12.6883 -17.017 2.3
    endloop
  endfacet
  facet normal 0.953626 -0.300994 0
    outer loop
      vertex 10.8409 -17.6894 4.3
      vertex 10.8724 -17.5896 2.3
      vertex 10.8724 -17.5896 4.3
    endloop
  endfacet
  facet normal 0.953626 -0.300994 0
    outer loop
      vertex 10.8724 -17.5896 2.3
      vertex 10.8409 -17.6894 4.3
      vertex 10.8409 -17.6894 2.3
    endloop
  endfacet
  facet normal 0.0439346 -0.999034 0
    outer loop
      vertex 11.8954 -16.8046 2.3
      vertex 12 -16.8 4.3
      vertex 11.8954 -16.8046 4.3
    endloop
  endfacet
  facet normal 0.0439346 -0.999034 0
    outer loop
      vertex 12 -16.8 4.3
      vertex 11.8954 -16.8046 2.3
      vertex 12 -16.8 2.3
    endloop
  endfacet
  facet normal -0.886857 -0.462044 0
    outer loop
      vertex 13.0876 -17.4929 2.3
      vertex 13.0392 -17.4 4.3
      vertex 13.0392 -17.4 2.3
    endloop
  endfacet
  facet normal -0.886857 -0.462044 0
    outer loop
      vertex 13.0392 -17.4 4.3
      vertex 13.0876 -17.4929 2.3
      vertex 13.0876 -17.4929 4.3
    endloop
  endfacet
  facet normal -0.999034 -0.0439346 0
    outer loop
      vertex 13.2 -18 2.3
      vertex 13.1954 -17.8954 4.3
      vertex 13.1954 -17.8954 2.3
    endloop
  endfacet
  facet normal -0.999034 -0.0439346 0
    outer loop
      vertex 13.1954 -17.8954 4.3
      vertex 13.2 -18 2.3
      vertex 13.2 -18 4.3
    endloop
  endfacet
  facet normal -0.129911 0.991526 0
    outer loop
      vertex 12.2084 -19.1818 2.3
      vertex 12.1046 -19.1954 4.3
      vertex 12.2084 -19.1818 4.3
    endloop
  endfacet
  facet normal -0.129911 0.991526 0
    outer loop
      vertex 12.1046 -19.1954 4.3
      vertex 12.2084 -19.1818 2.3
      vertex 12.1046 -19.1954 2.3
    endloop
  endfacet
  facet normal -0.924063 -0.382239 0
    outer loop
      vertex 13.1276 -17.5896 2.3
      vertex 13.0876 -17.4929 4.3
      vertex 13.0876 -17.4929 2.3
    endloop
  endfacet
  facet normal -0.924063 -0.382239 0
    outer loop
      vertex 13.0876 -17.4929 4.3
      vertex 13.1276 -17.5896 2.3
      vertex 13.1276 -17.5896 4.3
    endloop
  endfacet
  facet normal 0.843622 -0.536937 0
    outer loop
      vertex 10.9608 -17.4 4.3
      vertex 11.017 -17.3117 2.3
      vertex 11.017 -17.3117 4.3
    endloop
  endfacet
  facet normal 0.843622 -0.536937 0
    outer loop
      vertex 11.017 -17.3117 2.3
      vertex 10.9608 -17.4 4.3
      vertex 10.9608 -17.4 2.3
    endloop
  endfacet
  facet normal 0.736996 0.675898 0
    outer loop
      vertex 11.1515 -18.8485 4.3
      vertex 11.0807 -18.7713 2.3
      vertex 11.0807 -18.7713 4.3
    endloop
  endfacet
  facet normal 0.736996 0.675898 0
    outer loop
      vertex 11.0807 -18.7713 2.3
      vertex 11.1515 -18.8485 4.3
      vertex 11.1515 -18.8485 2.3
    endloop
  endfacet
  facet normal 0.382239 -0.924063 0
    outer loop
      vertex 11.4929 -16.9124 2.3
      vertex 11.5896 -16.8724 4.3
      vertex 11.4929 -16.9124 4.3
    endloop
  endfacet
  facet normal 0.382239 -0.924063 0
    outer loop
      vertex 11.5896 -16.8724 4.3
      vertex 11.4929 -16.9124 2.3
      vertex 11.5896 -16.8724 2.3
    endloop
  endfacet
  facet normal -0.999034 0.0439346 0
    outer loop
      vertex 13.1954 -18.1046 2.3
      vertex 13.2 -18 4.3
      vertex 13.2 -18 2.3
    endloop
  endfacet
  facet normal -0.999034 0.0439346 0
    outer loop
      vertex 13.2 -18 4.3
      vertex 13.1954 -18.1046 2.3
      vertex 13.1954 -18.1046 4.3
    endloop
  endfacet
  facet normal -0.97621 -0.216829 0
    outer loop
      vertex 13.1818 -17.7916 2.3
      vertex 13.1591 -17.6894 4.3
      vertex 13.1591 -17.6894 2.3
    endloop
  endfacet
  facet normal -0.97621 -0.216829 0
    outer loop
      vertex 13.1591 -17.6894 4.3
      vertex 13.1818 -17.7916 2.3
      vertex 13.1818 -17.7916 4.3
    endloop
  endfacet
  facet normal 0.462044 0.886857 -0
    outer loop
      vertex 11.4929 -19.0876 2.3
      vertex 11.4 -19.0392 4.3
      vertex 11.4929 -19.0876 4.3
    endloop
  endfacet
  facet normal 0.462044 0.886857 0
    outer loop
      vertex 11.4 -19.0392 4.3
      vertex 11.4929 -19.0876 2.3
      vertex 11.4 -19.0392 2.3
    endloop
  endfacet
  facet normal 0.999034 0.0439346 0
    outer loop
      vertex 10.8046 -18.1046 4.3
      vertex 10.8 -18 2.3
      vertex 10.8 -18 4.3
    endloop
  endfacet
  facet normal 0.999034 0.0439346 0
    outer loop
      vertex 10.8 -18 2.3
      vertex 10.8046 -18.1046 4.3
      vertex 10.8046 -18.1046 2.3
    endloop
  endfacet
  facet normal 0.536937 -0.843622 0
    outer loop
      vertex 11.3117 -17.017 2.3
      vertex 11.4 -16.9608 4.3
      vertex 11.3117 -17.017 4.3
    endloop
  endfacet
  facet normal 0.536937 -0.843622 0
    outer loop
      vertex 11.4 -16.9608 4.3
      vertex 11.3117 -17.017 2.3
      vertex 11.4 -16.9608 2.3
    endloop
  endfacet
  facet normal 0.216829 -0.97621 0
    outer loop
      vertex 11.6894 -16.8409 2.3
      vertex 11.7916 -16.8182 4.3
      vertex 11.6894 -16.8409 4.3
    endloop
  endfacet
  facet normal 0.216829 -0.97621 0
    outer loop
      vertex 11.7916 -16.8182 4.3
      vertex 11.6894 -16.8409 2.3
      vertex 11.7916 -16.8182 2.3
    endloop
  endfacet
  facet normal 0.300994 -0.953626 0
    outer loop
      vertex 11.5896 -16.8724 2.3
      vertex 11.6894 -16.8409 4.3
      vertex 11.5896 -16.8724 4.3
    endloop
  endfacet
  facet normal 0.300994 -0.953626 0
    outer loop
      vertex 11.6894 -16.8409 4.3
      vertex 11.5896 -16.8724 2.3
      vertex 11.6894 -16.8409 2.3
    endloop
  endfacet
  facet normal 0.991526 0.129911 0
    outer loop
      vertex 10.8182 -18.2084 4.3
      vertex 10.8046 -18.1046 2.3
      vertex 10.8046 -18.1046 4.3
    endloop
  endfacet
  facet normal 0.991526 0.129911 0
    outer loop
      vertex 10.8046 -18.1046 2.3
      vertex 10.8182 -18.2084 4.3
      vertex 10.8182 -18.2084 2.3
    endloop
  endfacet
  facet normal 0.675898 -0.736996 0
    outer loop
      vertex 11.1515 -17.1515 2.3
      vertex 11.2287 -17.0807 4.3
      vertex 11.1515 -17.1515 4.3
    endloop
  endfacet
  facet normal 0.675898 -0.736996 0
    outer loop
      vertex 11.2287 -17.0807 4.3
      vertex 11.1515 -17.1515 2.3
      vertex 11.2287 -17.0807 2.3
    endloop
  endfacet
  facet normal -0.536937 0.843622 0
    outer loop
      vertex 12.6883 -18.983 2.3
      vertex 12.6 -19.0392 4.3
      vertex 12.6883 -18.983 4.3
    endloop
  endfacet
  facet normal -0.536937 0.843622 0
    outer loop
      vertex 12.6 -19.0392 4.3
      vertex 12.6883 -18.983 2.3
      vertex 12.6 -19.0392 2.3
    endloop
  endfacet
  facet normal 0.675898 0.736996 -0
    outer loop
      vertex 11.2287 -18.9193 2.3
      vertex 11.1515 -18.8485 4.3
      vertex 11.2287 -18.9193 4.3
    endloop
  endfacet
  facet normal 0.675898 0.736996 0
    outer loop
      vertex 11.1515 -18.8485 4.3
      vertex 11.2287 -18.9193 2.3
      vertex 11.1515 -18.8485 2.3
    endloop
  endfacet
  facet normal 0.97621 0.216829 0
    outer loop
      vertex 10.8409 -18.3106 4.3
      vertex 10.8182 -18.2084 2.3
      vertex 10.8182 -18.2084 4.3
    endloop
  endfacet
  facet normal 0.97621 0.216829 0
    outer loop
      vertex 10.8182 -18.2084 2.3
      vertex 10.8409 -18.3106 4.3
      vertex 10.8409 -18.3106 2.3
    endloop
  endfacet
  facet normal 0.300994 0.953626 -0
    outer loop
      vertex 11.6894 -19.1591 2.3
      vertex 11.5896 -19.1276 4.3
      vertex 11.6894 -19.1591 4.3
    endloop
  endfacet
  facet normal 0.300994 0.953626 0
    outer loop
      vertex 11.5896 -19.1276 4.3
      vertex 11.6894 -19.1591 2.3
      vertex 11.5896 -19.1276 2.3
    endloop
  endfacet
  facet normal -0.608833 -0.793299 0
    outer loop
      vertex 12.6883 -17.017 2.3
      vertex 12.7713 -17.0807 4.3
      vertex 12.6883 -17.017 4.3
    endloop
  endfacet
  facet normal -0.608833 -0.793299 -0
    outer loop
      vertex 12.7713 -17.0807 4.3
      vertex 12.6883 -17.017 2.3
      vertex 12.7713 -17.0807 2.3
    endloop
  endfacet
  facet normal -0.462044 -0.886857 0
    outer loop
      vertex 12.5071 -16.9124 2.3
      vertex 12.6 -16.9608 4.3
      vertex 12.5071 -16.9124 4.3
    endloop
  endfacet
  facet normal -0.462044 -0.886857 -0
    outer loop
      vertex 12.6 -16.9608 4.3
      vertex 12.5071 -16.9124 2.3
      vertex 12.6 -16.9608 2.3
    endloop
  endfacet
  facet normal -0.953626 0.300994 0
    outer loop
      vertex 13.1276 -18.4104 2.3
      vertex 13.1591 -18.3106 4.3
      vertex 13.1591 -18.3106 2.3
    endloop
  endfacet
  facet normal -0.953626 0.300994 0
    outer loop
      vertex 13.1591 -18.3106 4.3
      vertex 13.1276 -18.4104 2.3
      vertex 13.1276 -18.4104 4.3
    endloop
  endfacet
  facet normal 0.536937 0.843622 -0
    outer loop
      vertex 11.4 -19.0392 2.3
      vertex 11.3117 -18.983 4.3
      vertex 11.4 -19.0392 4.3
    endloop
  endfacet
  facet normal 0.536937 0.843622 0
    outer loop
      vertex 11.3117 -18.983 4.3
      vertex 11.4 -19.0392 2.3
      vertex 11.3117 -18.983 2.3
    endloop
  endfacet
  facet normal -0.953626 -0.300994 0
    outer loop
      vertex 13.1591 -17.6894 2.3
      vertex 13.1276 -17.5896 4.3
      vertex 13.1276 -17.5896 2.3
    endloop
  endfacet
  facet normal -0.953626 -0.300994 0
    outer loop
      vertex 13.1276 -17.5896 4.3
      vertex 13.1591 -17.6894 2.3
      vertex 13.1591 -17.6894 4.3
    endloop
  endfacet
  facet normal -0.675898 -0.736996 0
    outer loop
      vertex 12.7713 -17.0807 2.3
      vertex 12.8485 -17.1515 4.3
      vertex 12.7713 -17.0807 4.3
    endloop
  endfacet
  facet normal -0.675898 -0.736996 -0
    outer loop
      vertex 12.8485 -17.1515 4.3
      vertex 12.7713 -17.0807 2.3
      vertex 12.8485 -17.1515 2.3
    endloop
  endfacet
  facet normal 0.129911 0.991526 -0
    outer loop
      vertex 11.8954 -19.1954 2.3
      vertex 11.7916 -19.1818 4.3
      vertex 11.8954 -19.1954 4.3
    endloop
  endfacet
  facet normal 0.129911 0.991526 0
    outer loop
      vertex 11.7916 -19.1818 4.3
      vertex 11.8954 -19.1954 2.3
      vertex 11.7916 -19.1818 2.3
    endloop
  endfacet
  facet normal -0.382239 0.924063 0
    outer loop
      vertex 12.5071 -19.0876 2.3
      vertex 12.4104 -19.1276 4.3
      vertex 12.5071 -19.0876 4.3
    endloop
  endfacet
  facet normal -0.382239 0.924063 0
    outer loop
      vertex 12.4104 -19.1276 4.3
      vertex 12.5071 -19.0876 2.3
      vertex 12.4104 -19.1276 2.3
    endloop
  endfacet
  facet normal 0.97621 -0.216829 0
    outer loop
      vertex 10.8182 -17.7916 4.3
      vertex 10.8409 -17.6894 2.3
      vertex 10.8409 -17.6894 4.3
    endloop
  endfacet
  facet normal 0.97621 -0.216829 0
    outer loop
      vertex 10.8409 -17.6894 2.3
      vertex 10.8182 -17.7916 4.3
      vertex 10.8182 -17.7916 2.3
    endloop
  endfacet
  facet normal 0.924063 0.382239 0
    outer loop
      vertex 10.9124 -18.5071 4.3
      vertex 10.8724 -18.4104 2.3
      vertex 10.8724 -18.4104 4.3
    endloop
  endfacet
  facet normal 0.924063 0.382239 0
    outer loop
      vertex 10.8724 -18.4104 2.3
      vertex 10.9124 -18.5071 4.3
      vertex 10.9124 -18.5071 2.3
    endloop
  endfacet
  facet normal -0.843622 -0.536937 0
    outer loop
      vertex 13.0392 -17.4 2.3
      vertex 12.983 -17.3117 4.3
      vertex 12.983 -17.3117 2.3
    endloop
  endfacet
  facet normal -0.843622 -0.536937 0
    outer loop
      vertex 12.983 -17.3117 4.3
      vertex 13.0392 -17.4 2.3
      vertex 13.0392 -17.4 4.3
    endloop
  endfacet
  facet normal 0.991526 -0.129911 0
    outer loop
      vertex 10.8046 -17.8954 4.3
      vertex 10.8182 -17.7916 2.3
      vertex 10.8182 -17.7916 4.3
    endloop
  endfacet
  facet normal 0.991526 -0.129911 0
    outer loop
      vertex 10.8182 -17.7916 2.3
      vertex 10.8046 -17.8954 4.3
      vertex 10.8046 -17.8954 2.3
    endloop
  endfacet
  facet normal 0.793299 0.608833 0
    outer loop
      vertex 11.0807 -18.7713 4.3
      vertex 11.017 -18.6883 2.3
      vertex 11.017 -18.6883 4.3
    endloop
  endfacet
  facet normal 0.793299 0.608833 0
    outer loop
      vertex 11.017 -18.6883 2.3
      vertex 11.0807 -18.7713 4.3
      vertex 11.0807 -18.7713 2.3
    endloop
  endfacet
  facet normal -0.462044 0.886857 0
    outer loop
      vertex 12.6 -19.0392 2.3
      vertex 12.5071 -19.0876 4.3
      vertex 12.6 -19.0392 4.3
    endloop
  endfacet
  facet normal -0.462044 0.886857 0
    outer loop
      vertex 12.5071 -19.0876 4.3
      vertex 12.6 -19.0392 2.3
      vertex 12.5071 -19.0876 2.3
    endloop
  endfacet
  facet normal 0.0439346 0.999034 -0
    outer loop
      vertex 12 -19.2 2.3
      vertex 11.8954 -19.1954 4.3
      vertex 12 -19.2 4.3
    endloop
  endfacet
  facet normal 0.0439346 0.999034 0
    outer loop
      vertex 11.8954 -19.1954 4.3
      vertex 12 -19.2 2.3
      vertex 11.8954 -19.1954 2.3
    endloop
  endfacet
  facet normal -0.736996 -0.675898 0
    outer loop
      vertex 12.9193 -17.2287 2.3
      vertex 12.8485 -17.1515 4.3
      vertex 12.8485 -17.1515 2.3
    endloop
  endfacet
  facet normal -0.736996 -0.675898 0
    outer loop
      vertex 12.8485 -17.1515 4.3
      vertex 12.9193 -17.2287 2.3
      vertex 12.9193 -17.2287 4.3
    endloop
  endfacet
  facet normal 0.382239 0.924063 -0
    outer loop
      vertex 11.5896 -19.1276 2.3
      vertex 11.4929 -19.0876 4.3
      vertex 11.5896 -19.1276 4.3
    endloop
  endfacet
  facet normal 0.382239 0.924063 0
    outer loop
      vertex 11.4929 -19.0876 4.3
      vertex 11.5896 -19.1276 2.3
      vertex 11.4929 -19.0876 2.3
    endloop
  endfacet
  facet normal 0.608833 -0.793299 0
    outer loop
      vertex 11.2287 -17.0807 2.3
      vertex 11.3117 -17.017 4.3
      vertex 11.2287 -17.0807 4.3
    endloop
  endfacet
  facet normal 0.608833 -0.793299 0
    outer loop
      vertex 11.3117 -17.017 4.3
      vertex 11.2287 -17.0807 2.3
      vertex 11.3117 -17.017 2.3
    endloop
  endfacet
  facet normal 0.129911 -0.991526 0
    outer loop
      vertex 11.7916 -16.8182 2.3
      vertex 11.8954 -16.8046 4.3
      vertex 11.7916 -16.8182 4.3
    endloop
  endfacet
  facet normal 0.129911 -0.991526 0
    outer loop
      vertex 11.8954 -16.8046 4.3
      vertex 11.7916 -16.8182 2.3
      vertex 11.8954 -16.8046 2.3
    endloop
  endfacet
  facet normal -0.608833 0.793299 0
    outer loop
      vertex 12.7713 -18.9193 2.3
      vertex 12.6883 -18.983 4.3
      vertex 12.7713 -18.9193 4.3
    endloop
  endfacet
  facet normal -0.608833 0.793299 0
    outer loop
      vertex 12.6883 -18.983 4.3
      vertex 12.7713 -18.9193 2.3
      vertex 12.6883 -18.983 2.3
    endloop
  endfacet
  facet normal -0.300994 -0.953626 0
    outer loop
      vertex 12.3106 -16.8409 2.3
      vertex 12.4104 -16.8724 4.3
      vertex 12.3106 -16.8409 4.3
    endloop
  endfacet
  facet normal -0.300994 -0.953626 -0
    outer loop
      vertex 12.4104 -16.8724 4.3
      vertex 12.3106 -16.8409 2.3
      vertex 12.4104 -16.8724 2.3
    endloop
  endfacet
  facet normal -0.991526 0.129911 0
    outer loop
      vertex 13.1818 -18.2084 2.3
      vertex 13.1954 -18.1046 4.3
      vertex 13.1954 -18.1046 2.3
    endloop
  endfacet
  facet normal -0.991526 0.129911 0
    outer loop
      vertex 13.1954 -18.1046 4.3
      vertex 13.1818 -18.2084 2.3
      vertex 13.1818 -18.2084 4.3
    endloop
  endfacet
  facet normal -0.793299 0.608833 0
    outer loop
      vertex 12.9193 -18.7713 2.3
      vertex 12.983 -18.6883 4.3
      vertex 12.983 -18.6883 2.3
    endloop
  endfacet
  facet normal -0.793299 0.608833 0
    outer loop
      vertex 12.983 -18.6883 4.3
      vertex 12.9193 -18.7713 2.3
      vertex 12.9193 -18.7713 4.3
    endloop
  endfacet
  facet normal -0.97621 0.216829 0
    outer loop
      vertex 13.1591 -18.3106 2.3
      vertex 13.1818 -18.2084 4.3
      vertex 13.1818 -18.2084 2.3
    endloop
  endfacet
  facet normal -0.97621 0.216829 0
    outer loop
      vertex 13.1818 -18.2084 4.3
      vertex 13.1591 -18.3106 2.3
      vertex 13.1591 -18.3106 4.3
    endloop
  endfacet
  facet normal -0.675898 0.736996 0
    outer loop
      vertex 12.8485 -18.8485 2.3
      vertex 12.7713 -18.9193 4.3
      vertex 12.8485 -18.8485 4.3
    endloop
  endfacet
  facet normal -0.675898 0.736996 0
    outer loop
      vertex 12.7713 -18.9193 4.3
      vertex 12.8485 -18.8485 2.3
      vertex 12.7713 -18.9193 2.3
    endloop
  endfacet
  facet normal 0.953626 0.300994 0
    outer loop
      vertex 10.8724 -18.4104 4.3
      vertex 10.8409 -18.3106 2.3
      vertex 10.8409 -18.3106 4.3
    endloop
  endfacet
  facet normal 0.953626 0.300994 0
    outer loop
      vertex 10.8409 -18.3106 2.3
      vertex 10.8724 -18.4104 4.3
      vertex 10.8724 -18.4104 2.3
    endloop
  endfacet
  facet normal 0.999034 -0.0439346 0
    outer loop
      vertex 10.8 -18 4.3
      vertex 10.8046 -17.8954 2.3
      vertex 10.8046 -17.8954 4.3
    endloop
  endfacet
  facet normal 0.999034 -0.0439346 0
    outer loop
      vertex 10.8046 -17.8954 2.3
      vertex 10.8 -18 4.3
      vertex 10.8 -18 2.3
    endloop
  endfacet
  facet normal -0.924063 0.382239 0
    outer loop
      vertex 13.0876 -18.5071 2.3
      vertex 13.1276 -18.4104 4.3
      vertex 13.1276 -18.4104 2.3
    endloop
  endfacet
  facet normal -0.924063 0.382239 0
    outer loop
      vertex 13.1276 -18.4104 4.3
      vertex 13.0876 -18.5071 2.3
      vertex 13.0876 -18.5071 4.3
    endloop
  endfacet
  facet normal 0.736996 -0.675898 0
    outer loop
      vertex 11.0807 -17.2287 4.3
      vertex 11.1515 -17.1515 2.3
      vertex 11.1515 -17.1515 4.3
    endloop
  endfacet
  facet normal 0.736996 -0.675898 0
    outer loop
      vertex 11.1515 -17.1515 2.3
      vertex 11.0807 -17.2287 4.3
      vertex 11.0807 -17.2287 2.3
    endloop
  endfacet
  facet normal 0.886857 0.462044 0
    outer loop
      vertex 10.9608 -18.6 4.3
      vertex 10.9124 -18.5071 2.3
      vertex 10.9124 -18.5071 4.3
    endloop
  endfacet
  facet normal 0.886857 0.462044 0
    outer loop
      vertex 10.9124 -18.5071 2.3
      vertex 10.9608 -18.6 4.3
      vertex 10.9608 -18.6 2.3
    endloop
  endfacet
  facet normal 0.608833 0.793299 -0
    outer loop
      vertex 11.3117 -18.983 2.3
      vertex 11.2287 -18.9193 4.3
      vertex 11.3117 -18.983 4.3
    endloop
  endfacet
  facet normal 0.608833 0.793299 0
    outer loop
      vertex 11.2287 -18.9193 4.3
      vertex 11.3117 -18.983 2.3
      vertex 11.2287 -18.9193 2.3
    endloop
  endfacet
  facet normal 0.843622 0.536937 0
    outer loop
      vertex 11.017 -18.6883 4.3
      vertex 10.9608 -18.6 2.3
      vertex 10.9608 -18.6 4.3
    endloop
  endfacet
  facet normal 0.843622 0.536937 0
    outer loop
      vertex 10.9608 -18.6 2.3
      vertex 11.017 -18.6883 4.3
      vertex 11.017 -18.6883 2.3
    endloop
  endfacet
  facet normal 0.462044 -0.886857 0
    outer loop
      vertex 11.4 -16.9608 2.3
      vertex 11.4929 -16.9124 4.3
      vertex 11.4 -16.9608 4.3
    endloop
  endfacet
  facet normal 0.462044 -0.886857 0
    outer loop
      vertex 11.4929 -16.9124 4.3
      vertex 11.4 -16.9608 2.3
      vertex 11.4929 -16.9124 2.3
    endloop
  endfacet
  facet normal 0.793299 -0.608833 0
    outer loop
      vertex 11.017 -17.3117 4.3
      vertex 11.0807 -17.2287 2.3
      vertex 11.0807 -17.2287 4.3
    endloop
  endfacet
  facet normal 0.793299 -0.608833 0
    outer loop
      vertex 11.0807 -17.2287 2.3
      vertex 11.017 -17.3117 4.3
      vertex 11.017 -17.3117 2.3
    endloop
  endfacet
  facet normal -0.216829 -0.97621 0
    outer loop
      vertex 12.2084 -16.8182 2.3
      vertex 12.3106 -16.8409 4.3
      vertex 12.2084 -16.8182 4.3
    endloop
  endfacet
  facet normal -0.216829 -0.97621 -0
    outer loop
      vertex 12.3106 -16.8409 4.3
      vertex 12.2084 -16.8182 2.3
      vertex 12.3106 -16.8409 2.3
    endloop
  endfacet
  facet normal 0.886857 -0.462044 0
    outer loop
      vertex 10.9124 -17.4929 4.3
      vertex 10.9608 -17.4 2.3
      vertex 10.9608 -17.4 4.3
    endloop
  endfacet
  facet normal 0.886857 -0.462044 0
    outer loop
      vertex 10.9608 -17.4 2.3
      vertex 10.9124 -17.4929 4.3
      vertex 10.9124 -17.4929 2.3
    endloop
  endfacet
  facet normal -0.129911 -0.991526 0
    outer loop
      vertex 12.1046 -16.8046 2.3
      vertex 12.2084 -16.8182 4.3
      vertex 12.1046 -16.8046 4.3
    endloop
  endfacet
  facet normal -0.129911 -0.991526 -0
    outer loop
      vertex 12.2084 -16.8182 4.3
      vertex 12.1046 -16.8046 2.3
      vertex 12.2084 -16.8182 2.3
    endloop
  endfacet
  facet normal -0.9915 -0.130106 0
    outer loop
      vertex 14.2912 -17.7995 0
      vertex 14.2651 -17.6006 2.3
      vertex 14.2651 -17.6006 0
    endloop
  endfacet
  facet normal -0.9915 -0.130106 0
    outer loop
      vertex 14.2651 -17.6006 2.3
      vertex 14.2912 -17.7995 0
      vertex 14.2912 -17.7995 2.3
    endloop
  endfacet
  facet normal -0.999038 -0.0438481 0
    outer loop
      vertex 14.3 -18 0
      vertex 14.2912 -17.7995 2.3
      vertex 14.2912 -17.7995 0
    endloop
  endfacet
  facet normal -0.999038 -0.0438481 0
    outer loop
      vertex 14.2912 -17.7995 2.3
      vertex 14.3 -18 0
      vertex 14.3 -18 2.3
    endloop
  endfacet
  facet normal -0.976222 -0.216772 0
    outer loop
      vertex 14.2651 -17.6006 0
      vertex 14.2216 -17.4047 2.3
      vertex 14.2216 -17.4047 0
    endloop
  endfacet
  facet normal -0.976222 -0.216772 0
    outer loop
      vertex 14.2216 -17.4047 2.3
      vertex 14.2651 -17.6006 0
      vertex 14.2651 -17.6006 2.3
    endloop
  endfacet
  facet normal -0.999038 0.0438481 0
    outer loop
      vertex 14.2912 -18.2005 0
      vertex 14.3 -18 2.3
      vertex 14.3 -18 0
    endloop
  endfacet
  facet normal -0.999038 0.0438481 0
    outer loop
      vertex 14.3 -18 2.3
      vertex 14.2912 -18.2005 0
      vertex 14.2912 -18.2005 2.3
    endloop
  endfacet
  facet normal -0.737092 -0.675792 0
    outer loop
      vertex 13.7619 -16.5216 0
      vertex 13.6263 -16.3737 2.3
      vertex 13.6263 -16.3737 0
    endloop
  endfacet
  facet normal -0.737092 -0.675792 0
    outer loop
      vertex 13.6263 -16.3737 2.3
      vertex 13.7619 -16.5216 0
      vertex 13.7619 -16.5216 2.3
    endloop
  endfacet
  facet normal 0.999049 -0.0435994 0
    outer loop
      vertex 9.7 -18 2.3
      vertex 9.70875 -17.7995 0
      vertex 9.70875 -17.7995 2.3
    endloop
  endfacet
  facet normal 0.999049 -0.0435994 0
    outer loop
      vertex 9.70875 -17.7995 0
      vertex 9.7 -18 2.3
      vertex 9.7 -18 0
    endloop
  endfacet
  facet normal 0.999049 0.0435994 0
    outer loop
      vertex 9.70875 -18.2005 2.3
      vertex 9.7 -18 0
      vertex 9.7 -18 2.3
    endloop
  endfacet
  facet normal 0.999049 0.0435994 0
    outer loop
      vertex 9.7 -18 0
      vertex 9.70875 -18.2005 2.3
      vertex 9.70875 -18.2005 0
    endloop
  endfacet
  facet normal 0.793494 0.608578 0
    outer loop
      vertex 10.2381 -19.4784 2.3
      vertex 10.116 -19.3192 0
      vertex 10.116 -19.3192 2.3
    endloop
  endfacet
  facet normal 0.793494 0.608578 0
    outer loop
      vertex 10.116 -19.3192 0
      vertex 10.2381 -19.4784 2.3
      vertex 10.2381 -19.4784 0
    endloop
  endfacet
  facet normal -0.382704 -0.923871 0
    outer loop
      vertex 12.7866 -15.8387 0
      vertex 12.972 -15.9155 2.3
      vertex 12.7866 -15.8387 2.3
    endloop
  endfacet
  facet normal -0.382704 -0.923871 -0
    outer loop
      vertex 12.972 -15.9155 2.3
      vertex 12.7866 -15.8387 0
      vertex 12.972 -15.9155 0
    endloop
  endfacet
  facet normal -0.793494 -0.608578 0
    outer loop
      vertex 13.884 -16.6808 0
      vertex 13.7619 -16.5216 2.3
      vertex 13.7619 -16.5216 0
    endloop
  endfacet
  facet normal -0.793494 -0.608578 0
    outer loop
      vertex 13.7619 -16.5216 2.3
      vertex 13.884 -16.6808 0
      vertex 13.884 -16.6808 2.3
    endloop
  endfacet
  facet normal -0.537681 -0.843148 0
    outer loop
      vertex 13.15 -16.0081 0
      vertex 13.3192 -16.116 2.3
      vertex 13.15 -16.0081 2.3
    endloop
  endfacet
  facet normal -0.537681 -0.843148 -0
    outer loop
      vertex 13.3192 -16.116 2.3
      vertex 13.15 -16.0081 0
      vertex 13.3192 -16.116 0
    endloop
  endfacet
  facet normal 0.976296 -0.21644 0
    outer loop
      vertex 9.73494 -17.6006 2.3
      vertex 9.77837 -17.4047 0
      vertex 9.77837 -17.4047 2.3
    endloop
  endfacet
  facet normal 0.976296 -0.21644 0
    outer loop
      vertex 9.77837 -17.4047 0
      vertex 9.73494 -17.6006 2.3
      vertex 9.73494 -17.6006 0
    endloop
  endfacet
  facet normal 0.923906 -0.382619 0
    outer loop
      vertex 9.83871 -17.2134 2.3
      vertex 9.91549 -17.028 0
      vertex 9.91549 -17.028 2.3
    endloop
  endfacet
  facet normal 0.923906 -0.382619 0
    outer loop
      vertex 9.91549 -17.028 0
      vertex 9.83871 -17.2134 2.3
      vertex 9.83871 -17.2134 0
    endloop
  endfacet
  facet normal -0.382704 0.923871 0
    outer loop
      vertex 12.972 -20.0845 0
      vertex 12.7866 -20.1613 2.3
      vertex 12.972 -20.0845 2.3
    endloop
  endfacet
  facet normal -0.382704 0.923871 0
    outer loop
      vertex 12.7866 -20.1613 2.3
      vertex 12.972 -20.0845 0
      vertex 12.7866 -20.1613 0
    endloop
  endfacet
  facet normal 0.923906 0.382619 0
    outer loop
      vertex 9.91549 -18.972 2.3
      vertex 9.83871 -18.7866 0
      vertex 9.83871 -18.7866 2.3
    endloop
  endfacet
  facet normal 0.923906 0.382619 0
    outer loop
      vertex 9.83871 -18.7866 0
      vertex 9.91549 -18.972 2.3
      vertex 9.91549 -18.972 0
    endloop
  endfacet
  facet normal -0.953741 -0.30063 0
    outer loop
      vertex 14.2216 -17.4047 0
      vertex 14.1613 -17.2134 2.3
      vertex 14.1613 -17.2134 0
    endloop
  endfacet
  facet normal -0.953741 -0.30063 0
    outer loop
      vertex 14.1613 -17.2134 2.3
      vertex 14.2216 -17.4047 0
      vertex 14.2216 -17.4047 2.3
    endloop
  endfacet
  facet normal 0.46151 -0.887135 0
    outer loop
      vertex 10.85 -16.0081 0
      vertex 11.028 -15.9155 2.3
      vertex 10.85 -16.0081 2.3
    endloop
  endfacet
  facet normal 0.46151 -0.887135 0
    outer loop
      vertex 11.028 -15.9155 2.3
      vertex 10.85 -16.0081 0
      vertex 11.028 -15.9155 0
    endloop
  endfacet
  facet normal 0.887115 0.461549 0
    outer loop
      vertex 10.0081 -19.15 2.3
      vertex 9.91549 -18.972 0
      vertex 9.91549 -18.972 2.3
    endloop
  endfacet
  facet normal 0.887115 0.461549 0
    outer loop
      vertex 9.91549 -18.972 0
      vertex 10.0081 -19.15 2.3
      vertex 10.0081 -19.15 0
    endloop
  endfacet
  facet normal -0.46151 0.887135 0
    outer loop
      vertex 13.15 -19.9919 0
      vertex 12.972 -20.0845 2.3
      vertex 13.15 -19.9919 2.3
    endloop
  endfacet
  facet normal -0.46151 0.887135 0
    outer loop
      vertex 12.972 -20.0845 2.3
      vertex 13.15 -19.9919 0
      vertex 12.972 -20.0845 0
    endloop
  endfacet
  facet normal -0.608578 -0.793494 0
    outer loop
      vertex 13.3192 -16.116 0
      vertex 13.4784 -16.2381 2.3
      vertex 13.3192 -16.116 2.3
    endloop
  endfacet
  facet normal -0.608578 -0.793494 -0
    outer loop
      vertex 13.4784 -16.2381 2.3
      vertex 13.3192 -16.116 0
      vertex 13.4784 -16.2381 0
    endloop
  endfacet
  facet normal -0.9915 0.130106 0
    outer loop
      vertex 14.2651 -18.3994 0
      vertex 14.2912 -18.2005 2.3
      vertex 14.2912 -18.2005 0
    endloop
  endfacet
  facet normal -0.9915 0.130106 0
    outer loop
      vertex 14.2912 -18.2005 2.3
      vertex 14.2651 -18.3994 0
      vertex 14.2651 -18.3994 2.3
    endloop
  endfacet
  facet normal -0.843148 0.537681 0
    outer loop
      vertex 13.884 -19.3192 0
      vertex 13.9919 -19.15 2.3
      vertex 13.9919 -19.15 0
    endloop
  endfacet
  facet normal -0.843148 0.537681 0
    outer loop
      vertex 13.9919 -19.15 2.3
      vertex 13.884 -19.3192 0
      vertex 13.884 -19.3192 2.3
    endloop
  endfacet
  facet normal 0.216772 -0.976222 0
    outer loop
      vertex 11.4047 -15.7784 0
      vertex 11.6006 -15.7349 2.3
      vertex 11.4047 -15.7784 2.3
    endloop
  endfacet
  facet normal 0.216772 -0.976222 0
    outer loop
      vertex 11.6006 -15.7349 2.3
      vertex 11.4047 -15.7784 0
      vertex 11.6006 -15.7349 0
    endloop
  endfacet
  facet normal 0.737092 0.675792 0
    outer loop
      vertex 10.3737 -19.6263 2.3
      vertex 10.2381 -19.4784 0
      vertex 10.2381 -19.4784 2.3
    endloop
  endfacet
  facet normal 0.737092 0.675792 0
    outer loop
      vertex 10.2381 -19.4784 0
      vertex 10.3737 -19.6263 2.3
      vertex 10.3737 -19.6263 0
    endloop
  endfacet
  facet normal 0.30063 0.953741 -0
    outer loop
      vertex 11.4047 -20.2216 0
      vertex 11.2134 -20.1613 2.3
      vertex 11.4047 -20.2216 2.3
    endloop
  endfacet
  facet normal 0.30063 0.953741 0
    outer loop
      vertex 11.2134 -20.1613 2.3
      vertex 11.4047 -20.2216 0
      vertex 11.2134 -20.1613 0
    endloop
  endfacet
  facet normal 0.537681 -0.843148 0
    outer loop
      vertex 10.6808 -16.116 0
      vertex 10.85 -16.0081 2.3
      vertex 10.6808 -16.116 2.3
    endloop
  endfacet
  facet normal 0.537681 -0.843148 0
    outer loop
      vertex 10.85 -16.0081 2.3
      vertex 10.6808 -16.116 0
      vertex 10.85 -16.0081 0
    endloop
  endfacet
  facet normal -0.976222 0.216772 0
    outer loop
      vertex 14.2216 -18.5953 0
      vertex 14.2651 -18.3994 2.3
      vertex 14.2651 -18.3994 0
    endloop
  endfacet
  facet normal -0.976222 0.216772 0
    outer loop
      vertex 14.2651 -18.3994 2.3
      vertex 14.2216 -18.5953 0
      vertex 14.2216 -18.5953 2.3
    endloop
  endfacet
  facet normal -0.130106 0.9915 0
    outer loop
      vertex 12.3994 -20.2651 0
      vertex 12.2005 -20.2912 2.3
      vertex 12.3994 -20.2651 2.3
    endloop
  endfacet
  facet normal -0.130106 0.9915 0
    outer loop
      vertex 12.2005 -20.2912 2.3
      vertex 12.3994 -20.2651 0
      vertex 12.2005 -20.2912 0
    endloop
  endfacet
  facet normal -0.0438481 -0.999038 0
    outer loop
      vertex 12 -15.7 0
      vertex 12.2005 -15.7088 2.3
      vertex 12 -15.7 2.3
    endloop
  endfacet
  facet normal -0.0438481 -0.999038 -0
    outer loop
      vertex 12.2005 -15.7088 2.3
      vertex 12 -15.7 0
      vertex 12.2005 -15.7088 0
    endloop
  endfacet
  facet normal -0.46151 -0.887135 0
    outer loop
      vertex 12.972 -15.9155 0
      vertex 13.15 -16.0081 2.3
      vertex 12.972 -15.9155 2.3
    endloop
  endfacet
  facet normal -0.46151 -0.887135 -0
    outer loop
      vertex 13.15 -16.0081 2.3
      vertex 12.972 -15.9155 0
      vertex 13.15 -16.0081 0
    endloop
  endfacet
  facet normal 0.976296 0.21644 0
    outer loop
      vertex 9.77837 -18.5953 2.3
      vertex 9.73494 -18.3994 0
      vertex 9.73494 -18.3994 2.3
    endloop
  endfacet
  facet normal 0.976296 0.21644 0
    outer loop
      vertex 9.73494 -18.3994 0
      vertex 9.77837 -18.5953 2.3
      vertex 9.77837 -18.5953 0
    endloop
  endfacet
  facet normal -0.923871 0.382704 0
    outer loop
      vertex 14.0845 -18.972 0
      vertex 14.1613 -18.7866 2.3
      vertex 14.1613 -18.7866 0
    endloop
  endfacet
  facet normal -0.923871 0.382704 0
    outer loop
      vertex 14.1613 -18.7866 2.3
      vertex 14.0845 -18.972 0
      vertex 14.0845 -18.972 2.3
    endloop
  endfacet
  facet normal 0.0438481 -0.999038 0
    outer loop
      vertex 11.7995 -15.7088 0
      vertex 12 -15.7 2.3
      vertex 11.7995 -15.7088 2.3
    endloop
  endfacet
  facet normal 0.0438481 -0.999038 0
    outer loop
      vertex 12 -15.7 2.3
      vertex 11.7995 -15.7088 0
      vertex 12 -15.7 0
    endloop
  endfacet
  facet normal 0.130106 0.9915 -0
    outer loop
      vertex 11.7995 -20.2912 0
      vertex 11.6006 -20.2651 2.3
      vertex 11.7995 -20.2912 2.3
    endloop
  endfacet
  facet normal 0.130106 0.9915 0
    outer loop
      vertex 11.6006 -20.2651 2.3
      vertex 11.7995 -20.2912 0
      vertex 11.6006 -20.2651 0
    endloop
  endfacet
  facet normal -0.30063 0.953741 0
    outer loop
      vertex 12.7866 -20.1613 0
      vertex 12.5953 -20.2216 2.3
      vertex 12.7866 -20.1613 2.3
    endloop
  endfacet
  facet normal -0.30063 0.953741 0
    outer loop
      vertex 12.5953 -20.2216 2.3
      vertex 12.7866 -20.1613 0
      vertex 12.5953 -20.2216 0
    endloop
  endfacet
  facet normal 0.793494 -0.608578 0
    outer loop
      vertex 10.116 -16.6808 2.3
      vertex 10.2381 -16.5216 0
      vertex 10.2381 -16.5216 2.3
    endloop
  endfacet
  facet normal 0.793494 -0.608578 0
    outer loop
      vertex 10.2381 -16.5216 0
      vertex 10.116 -16.6808 2.3
      vertex 10.116 -16.6808 0
    endloop
  endfacet
  facet normal -0.537681 0.843148 0
    outer loop
      vertex 13.3192 -19.884 0
      vertex 13.15 -19.9919 2.3
      vertex 13.3192 -19.884 2.3
    endloop
  endfacet
  facet normal -0.537681 0.843148 0
    outer loop
      vertex 13.15 -19.9919 2.3
      vertex 13.3192 -19.884 0
      vertex 13.15 -19.9919 0
    endloop
  endfacet
  facet normal -0.923871 -0.382704 0
    outer loop
      vertex 14.1613 -17.2134 0
      vertex 14.0845 -17.028 2.3
      vertex 14.0845 -17.028 0
    endloop
  endfacet
  facet normal -0.923871 -0.382704 0
    outer loop
      vertex 14.0845 -17.028 2.3
      vertex 14.1613 -17.2134 0
      vertex 14.1613 -17.2134 2.3
    endloop
  endfacet
  facet normal -0.953741 0.30063 0
    outer loop
      vertex 14.1613 -18.7866 0
      vertex 14.2216 -18.5953 2.3
      vertex 14.2216 -18.5953 0
    endloop
  endfacet
  facet normal -0.953741 0.30063 0
    outer loop
      vertex 14.2216 -18.5953 2.3
      vertex 14.1613 -18.7866 0
      vertex 14.1613 -18.7866 2.3
    endloop
  endfacet
  facet normal -0.793494 0.608578 0
    outer loop
      vertex 13.7619 -19.4784 0
      vertex 13.884 -19.3192 2.3
      vertex 13.884 -19.3192 0
    endloop
  endfacet
  facet normal -0.793494 0.608578 0
    outer loop
      vertex 13.884 -19.3192 2.3
      vertex 13.7619 -19.4784 0
      vertex 13.7619 -19.4784 2.3
    endloop
  endfacet
  facet normal 0.675792 -0.737092 0
    outer loop
      vertex 10.3737 -16.3737 0
      vertex 10.5216 -16.2381 2.3
      vertex 10.3737 -16.3737 2.3
    endloop
  endfacet
  facet normal 0.675792 -0.737092 0
    outer loop
      vertex 10.5216 -16.2381 2.3
      vertex 10.3737 -16.3737 0
      vertex 10.5216 -16.2381 0
    endloop
  endfacet
  facet normal -0.887135 -0.46151 0
    outer loop
      vertex 14.0845 -17.028 0
      vertex 13.9919 -16.85 2.3
      vertex 13.9919 -16.85 0
    endloop
  endfacet
  facet normal -0.887135 -0.46151 0
    outer loop
      vertex 13.9919 -16.85 2.3
      vertex 14.0845 -17.028 0
      vertex 14.0845 -17.028 2.3
    endloop
  endfacet
  facet normal -0.843148 -0.537681 0
    outer loop
      vertex 13.9919 -16.85 0
      vertex 13.884 -16.6808 2.3
      vertex 13.884 -16.6808 0
    endloop
  endfacet
  facet normal -0.843148 -0.537681 0
    outer loop
      vertex 13.884 -16.6808 2.3
      vertex 13.9919 -16.85 0
      vertex 13.9919 -16.85 2.3
    endloop
  endfacet
  facet normal 0.675792 0.737092 -0
    outer loop
      vertex 10.5216 -19.7619 0
      vertex 10.3737 -19.6263 2.3
      vertex 10.5216 -19.7619 2.3
    endloop
  endfacet
  facet normal 0.675792 0.737092 0
    outer loop
      vertex 10.3737 -19.6263 2.3
      vertex 10.5216 -19.7619 0
      vertex 10.3737 -19.6263 0
    endloop
  endfacet
  facet normal -0.0438481 0.999038 0
    outer loop
      vertex 12.2005 -20.2912 0
      vertex 12 -20.3 2.3
      vertex 12.2005 -20.2912 2.3
    endloop
  endfacet
  facet normal -0.0438481 0.999038 0
    outer loop
      vertex 12 -20.3 2.3
      vertex 12.2005 -20.2912 0
      vertex 12 -20.3 0
    endloop
  endfacet
  facet normal 0.991442 -0.130547 0
    outer loop
      vertex 9.70875 -17.7995 2.3
      vertex 9.73494 -17.6006 0
      vertex 9.73494 -17.6006 2.3
    endloop
  endfacet
  facet normal 0.991442 -0.130547 0
    outer loop
      vertex 9.73494 -17.6006 0
      vertex 9.70875 -17.7995 2.3
      vertex 9.70875 -17.7995 0
    endloop
  endfacet
  facet normal -0.216772 0.976222 0
    outer loop
      vertex 12.5953 -20.2216 0
      vertex 12.3994 -20.2651 2.3
      vertex 12.5953 -20.2216 2.3
    endloop
  endfacet
  facet normal -0.216772 0.976222 0
    outer loop
      vertex 12.3994 -20.2651 2.3
      vertex 12.5953 -20.2216 0
      vertex 12.3994 -20.2651 0
    endloop
  endfacet
  facet normal 0.130106 -0.9915 0
    outer loop
      vertex 11.6006 -15.7349 0
      vertex 11.7995 -15.7088 2.3
      vertex 11.6006 -15.7349 2.3
    endloop
  endfacet
  facet normal 0.130106 -0.9915 0
    outer loop
      vertex 11.7995 -15.7088 2.3
      vertex 11.6006 -15.7349 0
      vertex 11.7995 -15.7088 0
    endloop
  endfacet
  facet normal 0.737092 -0.675792 0
    outer loop
      vertex 10.2381 -16.5216 2.3
      vertex 10.3737 -16.3737 0
      vertex 10.3737 -16.3737 2.3
    endloop
  endfacet
  facet normal 0.737092 -0.675792 0
    outer loop
      vertex 10.3737 -16.3737 0
      vertex 10.2381 -16.5216 2.3
      vertex 10.2381 -16.5216 0
    endloop
  endfacet
  facet normal -0.675792 0.737092 0
    outer loop
      vertex 13.6263 -19.6263 0
      vertex 13.4784 -19.7619 2.3
      vertex 13.6263 -19.6263 2.3
    endloop
  endfacet
  facet normal -0.675792 0.737092 0
    outer loop
      vertex 13.4784 -19.7619 2.3
      vertex 13.6263 -19.6263 0
      vertex 13.4784 -19.7619 0
    endloop
  endfacet
  facet normal -0.608578 0.793494 0
    outer loop
      vertex 13.4784 -19.7619 0
      vertex 13.3192 -19.884 2.3
      vertex 13.4784 -19.7619 2.3
    endloop
  endfacet
  facet normal -0.608578 0.793494 0
    outer loop
      vertex 13.3192 -19.884 2.3
      vertex 13.4784 -19.7619 0
      vertex 13.3192 -19.884 0
    endloop
  endfacet
  facet normal -0.675792 -0.737092 0
    outer loop
      vertex 13.4784 -16.2381 0
      vertex 13.6263 -16.3737 2.3
      vertex 13.4784 -16.2381 2.3
    endloop
  endfacet
  facet normal -0.675792 -0.737092 -0
    outer loop
      vertex 13.6263 -16.3737 2.3
      vertex 13.4784 -16.2381 0
      vertex 13.6263 -16.3737 0
    endloop
  endfacet
  facet normal -0.887135 0.46151 0
    outer loop
      vertex 13.9919 -19.15 0
      vertex 14.0845 -18.972 2.3
      vertex 14.0845 -18.972 0
    endloop
  endfacet
  facet normal -0.887135 0.46151 0
    outer loop
      vertex 14.0845 -18.972 2.3
      vertex 13.9919 -19.15 0
      vertex 13.9919 -19.15 2.3
    endloop
  endfacet
  facet normal 0.608578 -0.793494 0
    outer loop
      vertex 10.5216 -16.2381 0
      vertex 10.6808 -16.116 2.3
      vertex 10.5216 -16.2381 2.3
    endloop
  endfacet
  facet normal 0.608578 -0.793494 0
    outer loop
      vertex 10.6808 -16.116 2.3
      vertex 10.5216 -16.2381 0
      vertex 10.6808 -16.116 0
    endloop
  endfacet
  facet normal 0 0 -1
    outer loop
      vertex 13.2 -18 2.3
      vertex 14.3 -18 2.3
      vertex 14.2912 -18.2005 2.3
    endloop
  endfacet
  facet normal 0 0 -1
    outer loop
      vertex 13.1954 -18.1046 2.3
      vertex 14.2912 -18.2005 2.3
      vertex 14.2651 -18.3994 2.3
    endloop
  endfacet
  facet normal 0 0 -1
    outer loop
      vertex 14.3 -18 2.3
      vertex 13.2 -18 2.3
      vertex 14.2912 -17.7995 2.3
    endloop
  endfacet
  facet normal 0 0 -1
    outer loop
      vertex 13.1818 -18.2084 2.3
      vertex 14.2651 -18.3994 2.3
      vertex 14.2216 -18.5953 2.3
    endloop
  endfacet
  facet normal 0 0 -1
    outer loop
      vertex 13.1954 -17.8954 2.3
      vertex 14.2912 -17.7995 2.3
      vertex 13.2 -18 2.3
    endloop
  endfacet
  facet normal 0 0 -1
    outer loop
      vertex 13.1591 -18.3106 2.3
      vertex 14.2216 -18.5953 2.3
      vertex 14.1613 -18.7866 2.3
    endloop
  endfacet
  facet normal -0 0 -1
    outer loop
      vertex 14.2912 -17.7995 2.3
      vertex 13.1954 -17.8954 2.3
      vertex 14.2651 -17.6006 2.3
    endloop
  endfacet
  facet normal 0 0 -1
    outer loop
      vertex 13.1276 -18.4104 2.3
      vertex 14.1613 -18.7866 2.3
      vertex 14.0845 -18.972 2.3
    endloop
  endfacet
  facet normal 0 0 -1
    outer loop
      vertex 13.1818 -17.7916 2.3
      vertex 14.2651 -17.6006 2.3
      vertex 13.1954 -17.8954 2.3
    endloop
  endfacet
  facet normal 0 0 -1
    outer loop
      vertex 13.0876 -18.5071 2.3
      vertex 14.0845 -18.972 2.3
      vertex 13.9919 -19.15 2.3
    endloop
  endfacet
  facet normal -0 0 -1
    outer loop
      vertex 14.2651 -17.6006 2.3
      vertex 13.1818 -17.7916 2.3
      vertex 14.2216 -17.4047 2.3
    endloop
  endfacet
  facet normal 0 0 -1
    outer loop
      vertex 13.0392 -18.6 2.3
      vertex 13.9919 -19.15 2.3
      vertex 13.884 -19.3192 2.3
    endloop
  endfacet
  facet normal 0 0 -1
    outer loop
      vertex 13.1591 -17.6894 2.3
      vertex 14.2216 -17.4047 2.3
      vertex 13.1818 -17.7916 2.3
    endloop
  endfacet
  facet normal 0 0 -1
    outer loop
      vertex 12.983 -18.6883 2.3
      vertex 13.884 -19.3192 2.3
      vertex 13.7619 -19.4784 2.3
    endloop
  endfacet
  facet normal -0 0 -1
    outer loop
      vertex 14.2216 -17.4047 2.3
      vertex 13.1591 -17.6894 2.3
      vertex 14.1613 -17.2134 2.3
    endloop
  endfacet
  facet normal 0 0 -1
    outer loop
      vertex 12.9193 -18.7713 2.3
      vertex 13.7619 -19.4784 2.3
      vertex 13.6263 -19.6263 2.3
    endloop
  endfacet
  facet normal 0 0 -1
    outer loop
      vertex 13.1276 -17.5896 2.3
      vertex 14.1613 -17.2134 2.3
      vertex 13.1591 -17.6894 2.3
    endloop
  endfacet
  facet normal 0 0 -1
    outer loop
      vertex 12.8485 -18.8485 2.3
      vertex 13.6263 -19.6263 2.3
      vertex 13.4784 -19.7619 2.3
    endloop
  endfacet
  facet normal -0 0 -1
    outer loop
      vertex 14.1613 -17.2134 2.3
      vertex 13.1276 -17.5896 2.3
      vertex 14.0845 -17.028 2.3
    endloop
  endfacet
  facet normal 0 0 -1
    outer loop
      vertex 12.7713 -18.9193 2.3
      vertex 13.4784 -19.7619 2.3
      vertex 13.3192 -19.884 2.3
    endloop
  endfacet
  facet normal 0 0 -1
    outer loop
      vertex 13.0876 -17.4929 2.3
      vertex 14.0845 -17.028 2.3
      vertex 13.1276 -17.5896 2.3
    endloop
  endfacet
  facet normal -0 0 -1
    outer loop
      vertex 14.0845 -17.028 2.3
      vertex 13.0876 -17.4929 2.3
      vertex 13.9919 -16.85 2.3
    endloop
  endfacet
  facet normal 0 0 -1
    outer loop
      vertex 14.2912 -18.2005 2.3
      vertex 13.1954 -18.1046 2.3
      vertex 13.2 -18 2.3
    endloop
  endfacet
  facet normal 0 0 -1
    outer loop
      vertex 14.2651 -18.3994 2.3
      vertex 13.1818 -18.2084 2.3
      vertex 13.1954 -18.1046 2.3
    endloop
  endfacet
  facet normal 0 0 -1
    outer loop
      vertex 14.2216 -18.5953 2.3
      vertex 13.1591 -18.3106 2.3
      vertex 13.1818 -18.2084 2.3
    endloop
  endfacet
  facet normal 0 0 -1
    outer loop
      vertex 12.6883 -18.983 2.3
      vertex 13.3192 -19.884 2.3
      vertex 13.15 -19.9919 2.3
    endloop
  endfacet
  facet normal 0 0 -1
    outer loop
      vertex 14.1613 -18.7866 2.3
      vertex 13.1276 -18.4104 2.3
      vertex 13.1591 -18.3106 2.3
    endloop
  endfacet
  facet normal 0 0 -1
    outer loop
      vertex 14.0845 -18.972 2.3
      vertex 13.0876 -18.5071 2.3
      vertex 13.1276 -18.4104 2.3
    endloop
  endfacet
  facet normal 0 0 -1
    outer loop
      vertex 13.9919 -19.15 2.3
      vertex 13.0392 -18.6 2.3
      vertex 13.0876 -18.5071 2.3
    endloop
  endfacet
  facet normal 0 0 -1
    outer loop
      vertex 13.884 -19.3192 2.3
      vertex 12.983 -18.6883 2.3
      vertex 13.0392 -18.6 2.3
    endloop
  endfacet
  facet normal 0 0 -1
    outer loop
      vertex 12.6 -19.0392 2.3
      vertex 13.15 -19.9919 2.3
      vertex 12.972 -20.0845 2.3
    endloop
  endfacet
  facet normal 0 0 -1
    outer loop
      vertex 13.7619 -19.4784 2.3
      vertex 12.9193 -18.7713 2.3
      vertex 12.983 -18.6883 2.3
    endloop
  endfacet
  facet normal 0 0 -1
    outer loop
      vertex 13.6263 -19.6263 2.3
      vertex 12.8485 -18.8485 2.3
      vertex 12.9193 -18.7713 2.3
    endloop
  endfacet
  facet normal 0 0 -1
    outer loop
      vertex 12.5071 -19.0876 2.3
      vertex 12.972 -20.0845 2.3
      vertex 12.7866 -20.1613 2.3
    endloop
  endfacet
  facet normal 0 0 -1
    outer loop
      vertex 13.4784 -19.7619 2.3
      vertex 12.7713 -18.9193 2.3
      vertex 12.8485 -18.8485 2.3
    endloop
  endfacet
  facet normal 0 0 -1
    outer loop
      vertex 13.3192 -19.884 2.3
      vertex 12.6883 -18.983 2.3
      vertex 12.7713 -18.9193 2.3
    endloop
  endfacet
  facet normal 0 0 -1
    outer loop
      vertex 13.15 -19.9919 2.3
      vertex 12.6 -19.0392 2.3
      vertex 12.6883 -18.983 2.3
    endloop
  endfacet
  facet normal 0 0 -1
    outer loop
      vertex 12.4104 -19.1276 2.3
      vertex 12.7866 -20.1613 2.3
      vertex 12.5953 -20.2216 2.3
    endloop
  endfacet
  facet normal 0 0 -1
    outer loop
      vertex 12.972 -20.0845 2.3
      vertex 12.5071 -19.0876 2.3
      vertex 12.6 -19.0392 2.3
    endloop
  endfacet
  facet normal 0 0 -1
    outer loop
      vertex 12.7866 -20.1613 2.3
      vertex 12.4104 -19.1276 2.3
      vertex 12.5071 -19.0876 2.3
    endloop
  endfacet
  facet normal 0 0 -1
    outer loop
      vertex 12.3106 -19.1591 2.3
      vertex 12.5953 -20.2216 2.3
      vertex 12.3994 -20.2651 2.3
    endloop
  endfacet
  facet normal 0 0 -1
    outer loop
      vertex 12.5953 -20.2216 2.3
      vertex 12.3106 -19.1591 2.3
      vertex 12.4104 -19.1276 2.3
    endloop
  endfacet
  facet normal 0 0 -1
    outer loop
      vertex 12.3994 -20.2651 2.3
      vertex 12.2084 -19.1818 2.3
      vertex 12.3106 -19.1591 2.3
    endloop
  endfacet
  facet normal 0 0 -1
    outer loop
      vertex 12.2005 -20.2912 2.3
      vertex 12.2084 -19.1818 2.3
      vertex 12.3994 -20.2651 2.3
    endloop
  endfacet
  facet normal 0 0 -1
    outer loop
      vertex 12.2005 -20.2912 2.3
      vertex 12.1046 -19.1954 2.3
      vertex 12.2084 -19.1818 2.3
    endloop
  endfacet
  facet normal 0 0 -1
    outer loop
      vertex 12 -20.3 2.3
      vertex 12.1046 -19.1954 2.3
      vertex 12.2005 -20.2912 2.3
    endloop
  endfacet
  facet normal 0 0 -1
    outer loop
      vertex 12 -20.3 2.3
      vertex 12 -19.2 2.3
      vertex 12.1046 -19.1954 2.3
    endloop
  endfacet
  facet normal 0 0 -1
    outer loop
      vertex 12 -20.3 2.3
      vertex 11.8954 -19.1954 2.3
      vertex 12 -19.2 2.3
    endloop
  endfacet
  facet normal 0 0 -1
    outer loop
      vertex 11.7995 -20.2912 2.3
      vertex 11.8954 -19.1954 2.3
      vertex 12 -20.3 2.3
    endloop
  endfacet
  facet normal 0 0 -1
    outer loop
      vertex 11.7995 -20.2912 2.3
      vertex 11.7916 -19.1818 2.3
      vertex 11.8954 -19.1954 2.3
    endloop
  endfacet
  facet normal 0 0 -1
    outer loop
      vertex 11.6006 -20.2651 2.3
      vertex 11.7916 -19.1818 2.3
      vertex 11.7995 -20.2912 2.3
    endloop
  endfacet
  facet normal -0 0 -1
    outer loop
      vertex 11.7916 -19.1818 2.3
      vertex 11.6006 -20.2651 2.3
      vertex 11.6894 -19.1591 2.3
    endloop
  endfacet
  facet normal 0 0 -1
    outer loop
      vertex 11.4047 -20.2216 2.3
      vertex 11.6894 -19.1591 2.3
      vertex 11.6006 -20.2651 2.3
    endloop
  endfacet
  facet normal -0 0 -1
    outer loop
      vertex 11.6894 -19.1591 2.3
      vertex 11.4047 -20.2216 2.3
      vertex 11.5896 -19.1276 2.3
    endloop
  endfacet
  facet normal 0 0 -1
    outer loop
      vertex 11.2134 -20.1613 2.3
      vertex 11.5896 -19.1276 2.3
      vertex 11.4047 -20.2216 2.3
    endloop
  endfacet
  facet normal -0 0 -1
    outer loop
      vertex 11.5896 -19.1276 2.3
      vertex 11.2134 -20.1613 2.3
      vertex 11.4929 -19.0876 2.3
    endloop
  endfacet
  facet normal 0 0 -1
    outer loop
      vertex 11.028 -20.0845 2.3
      vertex 11.4929 -19.0876 2.3
      vertex 11.2134 -20.1613 2.3
    endloop
  endfacet
  facet normal -0 0 -1
    outer loop
      vertex 11.4929 -19.0876 2.3
      vertex 11.028 -20.0845 2.3
      vertex 11.4 -19.0392 2.3
    endloop
  endfacet
  facet normal 0 0 -1
    outer loop
      vertex 10.85 -19.9919 2.3
      vertex 11.4 -19.0392 2.3
      vertex 11.028 -20.0845 2.3
    endloop
  endfacet
  facet normal -0 0 -1
    outer loop
      vertex 11.4 -19.0392 2.3
      vertex 10.85 -19.9919 2.3
      vertex 11.3117 -18.983 2.3
    endloop
  endfacet
  facet normal 0 0 -1
    outer loop
      vertex 10.6808 -19.884 2.3
      vertex 11.3117 -18.983 2.3
      vertex 10.85 -19.9919 2.3
    endloop
  endfacet
  facet normal -0 0 -1
    outer loop
      vertex 11.3117 -18.983 2.3
      vertex 10.6808 -19.884 2.3
      vertex 11.2287 -18.9193 2.3
    endloop
  endfacet
  facet normal 0 0 -1
    outer loop
      vertex 10.5216 -19.7619 2.3
      vertex 11.2287 -18.9193 2.3
      vertex 10.6808 -19.884 2.3
    endloop
  endfacet
  facet normal -0 0 -1
    outer loop
      vertex 11.2287 -18.9193 2.3
      vertex 10.5216 -19.7619 2.3
      vertex 11.1515 -18.8485 2.3
    endloop
  endfacet
  facet normal 0 0 -1
    outer loop
      vertex 10.3737 -19.6263 2.3
      vertex 11.1515 -18.8485 2.3
      vertex 10.5216 -19.7619 2.3
    endloop
  endfacet
  facet normal -0 0 -1
    outer loop
      vertex 11.1515 -18.8485 2.3
      vertex 10.3737 -19.6263 2.3
      vertex 11.0807 -18.7713 2.3
    endloop
  endfacet
  facet normal 0 0 -1
    outer loop
      vertex 10.2381 -19.4784 2.3
      vertex 11.0807 -18.7713 2.3
      vertex 10.3737 -19.6263 2.3
    endloop
  endfacet
  facet normal -0 0 -1
    outer loop
      vertex 11.0807 -18.7713 2.3
      vertex 10.2381 -19.4784 2.3
      vertex 11.017 -18.6883 2.3
    endloop
  endfacet
  facet normal 0 0 -1
    outer loop
      vertex 10.116 -19.3192 2.3
      vertex 11.017 -18.6883 2.3
      vertex 10.2381 -19.4784 2.3
    endloop
  endfacet
  facet normal -0 0 -1
    outer loop
      vertex 11.017 -18.6883 2.3
      vertex 10.116 -19.3192 2.3
      vertex 10.9608 -18.6 2.3
    endloop
  endfacet
  facet normal 0 0 -1
    outer loop
      vertex 10.0081 -19.15 2.3
      vertex 10.9608 -18.6 2.3
      vertex 10.116 -19.3192 2.3
    endloop
  endfacet
  facet normal -0 0 -1
    outer loop
      vertex 10.9608 -18.6 2.3
      vertex 10.0081 -19.15 2.3
      vertex 10.9124 -18.5071 2.3
    endloop
  endfacet
  facet normal 0 0 -1
    outer loop
      vertex 13.0392 -17.4 2.3
      vertex 13.9919 -16.85 2.3
      vertex 13.0876 -17.4929 2.3
    endloop
  endfacet
  facet normal -0 0 -1
    outer loop
      vertex 13.9919 -16.85 2.3
      vertex 13.0392 -17.4 2.3
      vertex 13.884 -16.6808 2.3
    endloop
  endfacet
  facet normal 0 0 -1
    outer loop
      vertex 12.983 -17.3117 2.3
      vertex 13.884 -16.6808 2.3
      vertex 13.0392 -17.4 2.3
    endloop
  endfacet
  facet normal -0 0 -1
    outer loop
      vertex 13.884 -16.6808 2.3
      vertex 12.983 -17.3117 2.3
      vertex 13.7619 -16.5216 2.3
    endloop
  endfacet
  facet normal 0 0 -1
    outer loop
      vertex 12.9193 -17.2287 2.3
      vertex 13.7619 -16.5216 2.3
      vertex 12.983 -17.3117 2.3
    endloop
  endfacet
  facet normal -0 0 -1
    outer loop
      vertex 13.7619 -16.5216 2.3
      vertex 12.9193 -17.2287 2.3
      vertex 13.6263 -16.3737 2.3
    endloop
  endfacet
  facet normal 0 0 -1
    outer loop
      vertex 12.8485 -17.1515 2.3
      vertex 13.6263 -16.3737 2.3
      vertex 12.9193 -17.2287 2.3
    endloop
  endfacet
  facet normal -0 0 -1
    outer loop
      vertex 13.6263 -16.3737 2.3
      vertex 12.8485 -17.1515 2.3
      vertex 13.4784 -16.2381 2.3
    endloop
  endfacet
  facet normal 0 0 -1
    outer loop
      vertex 12.7713 -17.0807 2.3
      vertex 13.4784 -16.2381 2.3
      vertex 12.8485 -17.1515 2.3
    endloop
  endfacet
  facet normal -0 0 -1
    outer loop
      vertex 13.4784 -16.2381 2.3
      vertex 12.7713 -17.0807 2.3
      vertex 13.3192 -16.116 2.3
    endloop
  endfacet
  facet normal 0 0 -1
    outer loop
      vertex 12.6883 -17.017 2.3
      vertex 13.3192 -16.116 2.3
      vertex 12.7713 -17.0807 2.3
    endloop
  endfacet
  facet normal -0 0 -1
    outer loop
      vertex 13.3192 -16.116 2.3
      vertex 12.6883 -17.017 2.3
      vertex 13.15 -16.0081 2.3
    endloop
  endfacet
  facet normal 0 0 -1
    outer loop
      vertex 12.6 -16.9608 2.3
      vertex 13.15 -16.0081 2.3
      vertex 12.6883 -17.017 2.3
    endloop
  endfacet
  facet normal -0 0 -1
    outer loop
      vertex 13.15 -16.0081 2.3
      vertex 12.6 -16.9608 2.3
      vertex 12.972 -15.9155 2.3
    endloop
  endfacet
  facet normal 0 0 -1
    outer loop
      vertex 12.5071 -16.9124 2.3
      vertex 12.972 -15.9155 2.3
      vertex 12.6 -16.9608 2.3
    endloop
  endfacet
  facet normal -0 0 -1
    outer loop
      vertex 12.972 -15.9155 2.3
      vertex 12.5071 -16.9124 2.3
      vertex 12.7866 -15.8387 2.3
    endloop
  endfacet
  facet normal 0 0 -1
    outer loop
      vertex 12.4104 -16.8724 2.3
      vertex 12.7866 -15.8387 2.3
      vertex 12.5071 -16.9124 2.3
    endloop
  endfacet
  facet normal -0 0 -1
    outer loop
      vertex 12.7866 -15.8387 2.3
      vertex 12.4104 -16.8724 2.3
      vertex 12.5953 -15.7784 2.3
    endloop
  endfacet
  facet normal 0 0 -1
    outer loop
      vertex 12.3106 -16.8409 2.3
      vertex 12.5953 -15.7784 2.3
      vertex 12.4104 -16.8724 2.3
    endloop
  endfacet
  facet normal -0 0 -1
    outer loop
      vertex 12.5953 -15.7784 2.3
      vertex 12.3106 -16.8409 2.3
      vertex 12.3994 -15.7349 2.3
    endloop
  endfacet
  facet normal 0 0 -1
    outer loop
      vertex 12.2084 -16.8182 2.3
      vertex 12.3994 -15.7349 2.3
      vertex 12.3106 -16.8409 2.3
    endloop
  endfacet
  facet normal 0 0 -1
    outer loop
      vertex 12.2084 -16.8182 2.3
      vertex 12.2005 -15.7088 2.3
      vertex 12.3994 -15.7349 2.3
    endloop
  endfacet
  facet normal 0 0 -1
    outer loop
      vertex 12.1046 -16.8046 2.3
      vertex 12.2005 -15.7088 2.3
      vertex 12.2084 -16.8182 2.3
    endloop
  endfacet
  facet normal 0 0 -1
    outer loop
      vertex 12 -16.8 2.3
      vertex 12.2005 -15.7088 2.3
      vertex 12.1046 -16.8046 2.3
    endloop
  endfacet
  facet normal 0 0 -1
    outer loop
      vertex 12 -16.8 2.3
      vertex 12 -15.7 2.3
      vertex 12.2005 -15.7088 2.3
    endloop
  endfacet
  facet normal 0 0 -1
    outer loop
      vertex 11.8954 -16.8046 2.3
      vertex 12 -15.7 2.3
      vertex 12 -16.8 2.3
    endloop
  endfacet
  facet normal 0 0 -1
    outer loop
      vertex 11.8954 -16.8046 2.3
      vertex 11.7995 -15.7088 2.3
      vertex 12 -15.7 2.3
    endloop
  endfacet
  facet normal 0 0 -1
    outer loop
      vertex 11.7916 -16.8182 2.3
      vertex 11.7995 -15.7088 2.3
      vertex 11.8954 -16.8046 2.3
    endloop
  endfacet
  facet normal 0 0 -1
    outer loop
      vertex 11.6006 -15.7349 2.3
      vertex 11.7916 -16.8182 2.3
      vertex 11.6894 -16.8409 2.3
    endloop
  endfacet
  facet normal 0 0 -1
    outer loop
      vertex 11.7916 -16.8182 2.3
      vertex 11.6006 -15.7349 2.3
      vertex 11.7995 -15.7088 2.3
    endloop
  endfacet
  facet normal 0 0 -1
    outer loop
      vertex 11.4047 -15.7784 2.3
      vertex 11.6894 -16.8409 2.3
      vertex 11.5896 -16.8724 2.3
    endloop
  endfacet
  facet normal 0 0 -1
    outer loop
      vertex 11.2134 -15.8387 2.3
      vertex 11.5896 -16.8724 2.3
      vertex 11.4929 -16.9124 2.3
    endloop
  endfacet
  facet normal 0 0 -1
    outer loop
      vertex 11.6894 -16.8409 2.3
      vertex 11.4047 -15.7784 2.3
      vertex 11.6006 -15.7349 2.3
    endloop
  endfacet
  facet normal 0 0 -1
    outer loop
      vertex 11.028 -15.9155 2.3
      vertex 11.4929 -16.9124 2.3
      vertex 11.4 -16.9608 2.3
    endloop
  endfacet
  facet normal 0 0 -1
    outer loop
      vertex 10.85 -16.0081 2.3
      vertex 11.4 -16.9608 2.3
      vertex 11.3117 -17.017 2.3
    endloop
  endfacet
  facet normal 0 0 -1
    outer loop
      vertex 10.6808 -16.116 2.3
      vertex 11.3117 -17.017 2.3
      vertex 11.2287 -17.0807 2.3
    endloop
  endfacet
  facet normal 0 0 -1
    outer loop
      vertex 11.5896 -16.8724 2.3
      vertex 11.2134 -15.8387 2.3
      vertex 11.4047 -15.7784 2.3
    endloop
  endfacet
  facet normal 0 0 -1
    outer loop
      vertex 10.5216 -16.2381 2.3
      vertex 11.2287 -17.0807 2.3
      vertex 11.1515 -17.1515 2.3
    endloop
  endfacet
  facet normal 0 0 -1
    outer loop
      vertex 10.3737 -16.3737 2.3
      vertex 11.1515 -17.1515 2.3
      vertex 11.0807 -17.2287 2.3
    endloop
  endfacet
  facet normal 0 0 -1
    outer loop
      vertex 11.4929 -16.9124 2.3
      vertex 11.028 -15.9155 2.3
      vertex 11.2134 -15.8387 2.3
    endloop
  endfacet
  facet normal 0 0 -1
    outer loop
      vertex 10.2381 -16.5216 2.3
      vertex 11.0807 -17.2287 2.3
      vertex 11.017 -17.3117 2.3
    endloop
  endfacet
  facet normal 0 0 -1
    outer loop
      vertex 10.116 -16.6808 2.3
      vertex 11.017 -17.3117 2.3
      vertex 10.9608 -17.4 2.3
    endloop
  endfacet
  facet normal 0 0 -1
    outer loop
      vertex 10.0081 -16.85 2.3
      vertex 10.9608 -17.4 2.3
      vertex 10.9124 -17.4929 2.3
    endloop
  endfacet
  facet normal 0 0 -1
    outer loop
      vertex 9.91549 -17.028 2.3
      vertex 10.9124 -17.4929 2.3
      vertex 10.8724 -17.5896 2.3
    endloop
  endfacet
  facet normal 0 0 -1
    outer loop
      vertex 11.4 -16.9608 2.3
      vertex 10.85 -16.0081 2.3
      vertex 11.028 -15.9155 2.3
    endloop
  endfacet
  facet normal 0 0 -1
    outer loop
      vertex 9.83871 -17.2134 2.3
      vertex 10.8724 -17.5896 2.3
      vertex 10.8409 -17.6894 2.3
    endloop
  endfacet
  facet normal 0 0 -1
    outer loop
      vertex 9.77837 -17.4047 2.3
      vertex 10.8409 -17.6894 2.3
      vertex 10.8182 -17.7916 2.3
    endloop
  endfacet
  facet normal 0 0 -1
    outer loop
      vertex 9.73494 -17.6006 2.3
      vertex 10.8182 -17.7916 2.3
      vertex 10.8046 -17.8954 2.3
    endloop
  endfacet
  facet normal 0 0 -1
    outer loop
      vertex 9.70875 -17.7995 2.3
      vertex 10.8046 -17.8954 2.3
      vertex 10.8 -18 2.3
    endloop
  endfacet
  facet normal 0 0 -1
    outer loop
      vertex 9.91549 -18.972 2.3
      vertex 10.9124 -18.5071 2.3
      vertex 10.0081 -19.15 2.3
    endloop
  endfacet
  facet normal 0 0 -1
    outer loop
      vertex 11.3117 -17.017 2.3
      vertex 10.6808 -16.116 2.3
      vertex 10.85 -16.0081 2.3
    endloop
  endfacet
  facet normal -0 0 -1
    outer loop
      vertex 10.9124 -18.5071 2.3
      vertex 9.91549 -18.972 2.3
      vertex 10.8724 -18.4104 2.3
    endloop
  endfacet
  facet normal 0 0 -1
    outer loop
      vertex 11.2287 -17.0807 2.3
      vertex 10.5216 -16.2381 2.3
      vertex 10.6808 -16.116 2.3
    endloop
  endfacet
  facet normal 0 0 -1
    outer loop
      vertex 9.83871 -18.7866 2.3
      vertex 10.8724 -18.4104 2.3
      vertex 9.91549 -18.972 2.3
    endloop
  endfacet
  facet normal 0 0 -1
    outer loop
      vertex 11.1515 -17.1515 2.3
      vertex 10.3737 -16.3737 2.3
      vertex 10.5216 -16.2381 2.3
    endloop
  endfacet
  facet normal -0 0 -1
    outer loop
      vertex 10.8724 -18.4104 2.3
      vertex 9.83871 -18.7866 2.3
      vertex 10.8409 -18.3106 2.3
    endloop
  endfacet
  facet normal 0 0 -1
    outer loop
      vertex 11.0807 -17.2287 2.3
      vertex 10.2381 -16.5216 2.3
      vertex 10.3737 -16.3737 2.3
    endloop
  endfacet
  facet normal 0 0 -1
    outer loop
      vertex 9.77837 -18.5953 2.3
      vertex 10.8409 -18.3106 2.3
      vertex 9.83871 -18.7866 2.3
    endloop
  endfacet
  facet normal 0 0 -1
    outer loop
      vertex 11.017 -17.3117 2.3
      vertex 10.116 -16.6808 2.3
      vertex 10.2381 -16.5216 2.3
    endloop
  endfacet
  facet normal -0 0 -1
    outer loop
      vertex 10.8409 -18.3106 2.3
      vertex 9.77837 -18.5953 2.3
      vertex 10.8182 -18.2084 2.3
    endloop
  endfacet
  facet normal 0 0 -1
    outer loop
      vertex 10.9608 -17.4 2.3
      vertex 10.0081 -16.85 2.3
      vertex 10.116 -16.6808 2.3
    endloop
  endfacet
  facet normal 0 0 -1
    outer loop
      vertex 9.73494 -18.3994 2.3
      vertex 10.8182 -18.2084 2.3
      vertex 9.77837 -18.5953 2.3
    endloop
  endfacet
  facet normal 0 0 -1
    outer loop
      vertex 10.9124 -17.4929 2.3
      vertex 9.91549 -17.028 2.3
      vertex 10.0081 -16.85 2.3
    endloop
  endfacet
  facet normal -0 0 -1
    outer loop
      vertex 10.8182 -18.2084 2.3
      vertex 9.73494 -18.3994 2.3
      vertex 10.8046 -18.1046 2.3
    endloop
  endfacet
  facet normal 0 0 -1
    outer loop
      vertex 10.8724 -17.5896 2.3
      vertex 9.83871 -17.2134 2.3
      vertex 9.91549 -17.028 2.3
    endloop
  endfacet
  facet normal 0 0 -1
    outer loop
      vertex 9.70875 -18.2005 2.3
      vertex 10.8046 -18.1046 2.3
      vertex 9.73494 -18.3994 2.3
    endloop
  endfacet
  facet normal 0 0 -1
    outer loop
      vertex 10.8409 -17.6894 2.3
      vertex 9.77837 -17.4047 2.3
      vertex 9.83871 -17.2134 2.3
    endloop
  endfacet
  facet normal -0 0 -1
    outer loop
      vertex 10.8046 -18.1046 2.3
      vertex 9.70875 -18.2005 2.3
      vertex 10.8 -18 2.3
    endloop
  endfacet
  facet normal 0 0 -1
    outer loop
      vertex 10.8182 -17.7916 2.3
      vertex 9.73494 -17.6006 2.3
      vertex 9.77837 -17.4047 2.3
    endloop
  endfacet
  facet normal 0 0 -1
    outer loop
      vertex 9.7 -18 2.3
      vertex 10.8 -18 2.3
      vertex 9.70875 -18.2005 2.3
    endloop
  endfacet
  facet normal 0 0 -1
    outer loop
      vertex 10.8046 -17.8954 2.3
      vertex 9.70875 -17.7995 2.3
      vertex 9.73494 -17.6006 2.3
    endloop
  endfacet
  facet normal 0 0 -1
    outer loop
      vertex 10.8 -18 2.3
      vertex 9.7 -18 2.3
      vertex 9.70875 -17.7995 2.3
    endloop
  endfacet
  facet normal 0.953684 -0.300812 0
    outer loop
      vertex 9.77837 -17.4047 2.3
      vertex 9.83871 -17.2134 0
      vertex 9.83871 -17.2134 2.3
    endloop
  endfacet
  facet normal 0.953684 -0.300812 0
    outer loop
      vertex 9.83871 -17.2134 0
      vertex 9.77837 -17.4047 2.3
      vertex 9.77837 -17.4047 0
    endloop
  endfacet
  facet normal -0.30063 -0.953741 0
    outer loop
      vertex 12.5953 -15.7784 0
      vertex 12.7866 -15.8387 2.3
      vertex 12.5953 -15.7784 2.3
    endloop
  endfacet
  facet normal -0.30063 -0.953741 -0
    outer loop
      vertex 12.7866 -15.8387 2.3
      vertex 12.5953 -15.7784 0
      vertex 12.7866 -15.8387 0
    endloop
  endfacet
  facet normal 0.537681 0.843148 -0
    outer loop
      vertex 10.85 -19.9919 0
      vertex 10.6808 -19.884 2.3
      vertex 10.85 -19.9919 2.3
    endloop
  endfacet
  facet normal 0.537681 0.843148 0
    outer loop
      vertex 10.6808 -19.884 2.3
      vertex 10.85 -19.9919 0
      vertex 10.6808 -19.884 0
    endloop
  endfacet
  facet normal 0.843148 -0.537681 0
    outer loop
      vertex 10.0081 -16.85 2.3
      vertex 10.116 -16.6808 0
      vertex 10.116 -16.6808 2.3
    endloop
  endfacet
  facet normal 0.843148 -0.537681 0
    outer loop
      vertex 10.116 -16.6808 0
      vertex 10.0081 -16.85 2.3
      vertex 10.0081 -16.85 0
    endloop
  endfacet
  facet normal 0.953684 0.300812 0
    outer loop
      vertex 9.83871 -18.7866 2.3
      vertex 9.77837 -18.5953 0
      vertex 9.77837 -18.5953 2.3
    endloop
  endfacet
  facet normal 0.953684 0.300812 0
    outer loop
      vertex 9.77837 -18.5953 0
      vertex 9.83871 -18.7866 2.3
      vertex 9.83871 -18.7866 0
    endloop
  endfacet
  facet normal -0.216772 -0.976222 0
    outer loop
      vertex 12.3994 -15.7349 0
      vertex 12.5953 -15.7784 2.3
      vertex 12.3994 -15.7349 2.3
    endloop
  endfacet
  facet normal -0.216772 -0.976222 -0
    outer loop
      vertex 12.5953 -15.7784 2.3
      vertex 12.3994 -15.7349 0
      vertex 12.5953 -15.7784 0
    endloop
  endfacet
  facet normal 0.0438481 0.999038 -0
    outer loop
      vertex 12 -20.3 0
      vertex 11.7995 -20.2912 2.3
      vertex 12 -20.3 2.3
    endloop
  endfacet
  facet normal 0.0438481 0.999038 0
    outer loop
      vertex 11.7995 -20.2912 2.3
      vertex 12 -20.3 0
      vertex 11.7995 -20.2912 0
    endloop
  endfacet
  facet normal 0.382704 0.923871 -0
    outer loop
      vertex 11.2134 -20.1613 0
      vertex 11.028 -20.0845 2.3
      vertex 11.2134 -20.1613 2.3
    endloop
  endfacet
  facet normal 0.382704 0.923871 0
    outer loop
      vertex 11.028 -20.0845 2.3
      vertex 11.2134 -20.1613 0
      vertex 11.028 -20.0845 0
    endloop
  endfacet
  facet normal 0.843148 0.537681 0
    outer loop
      vertex 10.116 -19.3192 2.3
      vertex 10.0081 -19.15 0
      vertex 10.0081 -19.15 2.3
    endloop
  endfacet
  facet normal 0.843148 0.537681 0
    outer loop
      vertex 10.0081 -19.15 0
      vertex 10.116 -19.3192 2.3
      vertex 10.116 -19.3192 0
    endloop
  endfacet
  facet normal 0.991442 0.130547 0
    outer loop
      vertex 9.73494 -18.3994 2.3
      vertex 9.70875 -18.2005 0
      vertex 9.70875 -18.2005 2.3
    endloop
  endfacet
  facet normal 0.991442 0.130547 0
    outer loop
      vertex 9.70875 -18.2005 0
      vertex 9.73494 -18.3994 2.3
      vertex 9.73494 -18.3994 0
    endloop
  endfacet
  facet normal 0.887115 -0.461549 0
    outer loop
      vertex 9.91549 -17.028 2.3
      vertex 10.0081 -16.85 0
      vertex 10.0081 -16.85 2.3
    endloop
  endfacet
  facet normal 0.887115 -0.461549 0
    outer loop
      vertex 10.0081 -16.85 0
      vertex 9.91549 -17.028 2.3
      vertex 9.91549 -17.028 0
    endloop
  endfacet
  facet normal -0.130106 -0.9915 0
    outer loop
      vertex 12.2005 -15.7088 0
      vertex 12.3994 -15.7349 2.3
      vertex 12.2005 -15.7088 2.3
    endloop
  endfacet
  facet normal -0.130106 -0.9915 -0
    outer loop
      vertex 12.3994 -15.7349 2.3
      vertex 12.2005 -15.7088 0
      vertex 12.3994 -15.7349 0
    endloop
  endfacet
  facet normal -0.737092 0.675792 0
    outer loop
      vertex 13.6263 -19.6263 0
      vertex 13.7619 -19.4784 2.3
      vertex 13.7619 -19.4784 0
    endloop
  endfacet
  facet normal -0.737092 0.675792 0
    outer loop
      vertex 13.7619 -19.4784 2.3
      vertex 13.6263 -19.6263 0
      vertex 13.6263 -19.6263 2.3
    endloop
  endfacet
  facet normal 0.216772 0.976222 -0
    outer loop
      vertex 11.6006 -20.2651 0
      vertex 11.4047 -20.2216 2.3
      vertex 11.6006 -20.2651 2.3
    endloop
  endfacet
  facet normal 0.216772 0.976222 0
    outer loop
      vertex 11.4047 -20.2216 2.3
      vertex 11.6006 -20.2651 0
      vertex 11.4047 -20.2216 0
    endloop
  endfacet
  facet normal 0.608578 0.793494 -0
    outer loop
      vertex 10.6808 -19.884 0
      vertex 10.5216 -19.7619 2.3
      vertex 10.6808 -19.884 2.3
    endloop
  endfacet
  facet normal 0.608578 0.793494 0
    outer loop
      vertex 10.5216 -19.7619 2.3
      vertex 10.6808 -19.884 0
      vertex 10.5216 -19.7619 0
    endloop
  endfacet
  facet normal 0.30063 -0.953741 0
    outer loop
      vertex 11.2134 -15.8387 0
      vertex 11.4047 -15.7784 2.3
      vertex 11.2134 -15.8387 2.3
    endloop
  endfacet
  facet normal 0.30063 -0.953741 0
    outer loop
      vertex 11.4047 -15.7784 2.3
      vertex 11.2134 -15.8387 0
      vertex 11.4047 -15.7784 0
    endloop
  endfacet
  facet normal 0.382704 -0.923871 0
    outer loop
      vertex 11.028 -15.9155 0
      vertex 11.2134 -15.8387 2.3
      vertex 11.028 -15.9155 2.3
    endloop
  endfacet
  facet normal 0.382704 -0.923871 0
    outer loop
      vertex 11.2134 -15.8387 2.3
      vertex 11.028 -15.9155 0
      vertex 11.2134 -15.8387 0
    endloop
  endfacet
  facet normal 0.46151 0.887135 -0
    outer loop
      vertex 11.028 -20.0845 0
      vertex 10.85 -19.9919 2.3
      vertex 11.028 -20.0845 2.3
    endloop
  endfacet
  facet normal 0.46151 0.887135 0
    outer loop
      vertex 10.85 -19.9919 2.3
      vertex 11.028 -20.0845 0
      vertex 10.85 -19.9919 0
    endloop
  endfacet
  facet normal -0.991526 0.129911 0
    outer loop
      vertex 13.1818 17.7916 2.3
      vertex 13.1954 17.8954 4.3
      vertex 13.1954 17.8954 2.3
    endloop
  endfacet
  facet normal -0.991526 0.129911 0
    outer loop
      vertex 13.1954 17.8954 4.3
      vertex 13.1818 17.7916 2.3
      vertex 13.1818 17.7916 4.3
    endloop
  endfacet
  facet normal -0.999034 -0.0439346 0
    outer loop
      vertex 13.2 18 2.3
      vertex 13.1954 18.1046 4.3
      vertex 13.1954 18.1046 2.3
    endloop
  endfacet
  facet normal -0.999034 -0.0439346 0
    outer loop
      vertex 13.1954 18.1046 4.3
      vertex 13.2 18 2.3
      vertex 13.2 18 4.3
    endloop
  endfacet
  facet normal -0.97621 -0.216829 0
    outer loop
      vertex 13.1818 18.2084 2.3
      vertex 13.1591 18.3106 4.3
      vertex 13.1591 18.3106 2.3
    endloop
  endfacet
  facet normal -0.97621 -0.216829 0
    outer loop
      vertex 13.1591 18.3106 4.3
      vertex 13.1818 18.2084 2.3
      vertex 13.1818 18.2084 4.3
    endloop
  endfacet
  facet normal -0.736996 -0.675898 0
    outer loop
      vertex 12.9193 18.7713 2.3
      vertex 12.8485 18.8485 4.3
      vertex 12.8485 18.8485 2.3
    endloop
  endfacet
  facet normal -0.736996 -0.675898 0
    outer loop
      vertex 12.8485 18.8485 4.3
      vertex 12.9193 18.7713 2.3
      vertex 12.9193 18.7713 4.3
    endloop
  endfacet
  facet normal -0.0439346 -0.999034 0
    outer loop
      vertex 12 19.2 2.3
      vertex 12.1046 19.1954 4.3
      vertex 12 19.2 4.3
    endloop
  endfacet
  facet normal -0.0439346 -0.999034 -0
    outer loop
      vertex 12.1046 19.1954 4.3
      vertex 12 19.2 2.3
      vertex 12.1046 19.1954 2.3
    endloop
  endfacet
  facet normal -0.953626 0.300994 0
    outer loop
      vertex 13.1276 17.5896 2.3
      vertex 13.1591 17.6894 4.3
      vertex 13.1591 17.6894 2.3
    endloop
  endfacet
  facet normal -0.953626 0.300994 0
    outer loop
      vertex 13.1591 17.6894 4.3
      vertex 13.1276 17.5896 2.3
      vertex 13.1276 17.5896 4.3
    endloop
  endfacet
  facet normal 0.924063 0.382239 0
    outer loop
      vertex 10.9124 17.4929 4.3
      vertex 10.8724 17.5896 2.3
      vertex 10.8724 17.5896 4.3
    endloop
  endfacet
  facet normal 0.924063 0.382239 0
    outer loop
      vertex 10.8724 17.5896 2.3
      vertex 10.9124 17.4929 4.3
      vertex 10.9124 17.4929 2.3
    endloop
  endfacet
  facet normal 0.999034 0.0439346 0
    outer loop
      vertex 10.8046 17.8954 4.3
      vertex 10.8 18 2.3
      vertex 10.8 18 4.3
    endloop
  endfacet
  facet normal 0.999034 0.0439346 0
    outer loop
      vertex 10.8 18 2.3
      vertex 10.8046 17.8954 4.3
      vertex 10.8046 17.8954 2.3
    endloop
  endfacet
  facet normal 0.216829 0.97621 -0
    outer loop
      vertex 11.7916 16.8182 2.3
      vertex 11.6894 16.8409 4.3
      vertex 11.7916 16.8182 4.3
    endloop
  endfacet
  facet normal 0.216829 0.97621 0
    outer loop
      vertex 11.6894 16.8409 4.3
      vertex 11.7916 16.8182 2.3
      vertex 11.6894 16.8409 2.3
    endloop
  endfacet
  facet normal 0.129911 -0.991526 0
    outer loop
      vertex 11.7916 19.1818 2.3
      vertex 11.8954 19.1954 4.3
      vertex 11.7916 19.1818 4.3
    endloop
  endfacet
  facet normal 0.129911 -0.991526 0
    outer loop
      vertex 11.8954 19.1954 4.3
      vertex 11.7916 19.1818 2.3
      vertex 11.8954 19.1954 2.3
    endloop
  endfacet
  facet normal -0.462044 0.886857 0
    outer loop
      vertex 12.6 16.9608 2.3
      vertex 12.5071 16.9124 4.3
      vertex 12.6 16.9608 4.3
    endloop
  endfacet
  facet normal -0.462044 0.886857 0
    outer loop
      vertex 12.5071 16.9124 4.3
      vertex 12.6 16.9608 2.3
      vertex 12.5071 16.9124 2.3
    endloop
  endfacet
  facet normal 0.924063 -0.382239 0
    outer loop
      vertex 10.8724 18.4104 4.3
      vertex 10.9124 18.5071 2.3
      vertex 10.9124 18.5071 4.3
    endloop
  endfacet
  facet normal 0.924063 -0.382239 0
    outer loop
      vertex 10.9124 18.5071 2.3
      vertex 10.8724 18.4104 4.3
      vertex 10.8724 18.4104 2.3
    endloop
  endfacet
  facet normal 0.382239 -0.924063 0
    outer loop
      vertex 11.4929 19.0876 2.3
      vertex 11.5896 19.1276 4.3
      vertex 11.4929 19.0876 4.3
    endloop
  endfacet
  facet normal 0.382239 -0.924063 0
    outer loop
      vertex 11.5896 19.1276 4.3
      vertex 11.4929 19.0876 2.3
      vertex 11.5896 19.1276 2.3
    endloop
  endfacet
  facet normal 0.953626 -0.300994 0
    outer loop
      vertex 10.8409 18.3106 4.3
      vertex 10.8724 18.4104 2.3
      vertex 10.8724 18.4104 4.3
    endloop
  endfacet
  facet normal 0.953626 -0.300994 0
    outer loop
      vertex 10.8724 18.4104 2.3
      vertex 10.8409 18.3106 4.3
      vertex 10.8409 18.3106 2.3
    endloop
  endfacet
  facet normal -0.886857 -0.462044 0
    outer loop
      vertex 13.0876 18.5071 2.3
      vertex 13.0392 18.6 4.3
      vertex 13.0392 18.6 2.3
    endloop
  endfacet
  facet normal -0.886857 -0.462044 0
    outer loop
      vertex 13.0392 18.6 4.3
      vertex 13.0876 18.5071 2.3
      vertex 13.0876 18.5071 4.3
    endloop
  endfacet
  facet normal 0.0439346 0.999034 -0
    outer loop
      vertex 12 16.8 2.3
      vertex 11.8954 16.8046 4.3
      vertex 12 16.8 4.3
    endloop
  endfacet
  facet normal 0.0439346 0.999034 0
    outer loop
      vertex 11.8954 16.8046 4.3
      vertex 12 16.8 2.3
      vertex 11.8954 16.8046 2.3
    endloop
  endfacet
  facet normal 0.0439346 -0.999034 0
    outer loop
      vertex 11.8954 19.1954 2.3
      vertex 12 19.2 4.3
      vertex 11.8954 19.1954 4.3
    endloop
  endfacet
  facet normal 0.0439346 -0.999034 0
    outer loop
      vertex 12 19.2 4.3
      vertex 11.8954 19.1954 2.3
      vertex 12 19.2 2.3
    endloop
  endfacet
  facet normal -0.924063 0.382239 0
    outer loop
      vertex 13.0876 17.4929 2.3
      vertex 13.1276 17.5896 4.3
      vertex 13.1276 17.5896 2.3
    endloop
  endfacet
  facet normal -0.924063 0.382239 0
    outer loop
      vertex 13.1276 17.5896 4.3
      vertex 13.0876 17.4929 2.3
      vertex 13.0876 17.4929 4.3
    endloop
  endfacet
  facet normal -0.0439346 0.999034 0
    outer loop
      vertex 12.1046 16.8046 2.3
      vertex 12 16.8 4.3
      vertex 12.1046 16.8046 4.3
    endloop
  endfacet
  facet normal -0.0439346 0.999034 0
    outer loop
      vertex 12 16.8 4.3
      vertex 12.1046 16.8046 2.3
      vertex 12 16.8 2.3
    endloop
  endfacet
  facet normal -0.991526 -0.129911 0
    outer loop
      vertex 13.1954 18.1046 2.3
      vertex 13.1818 18.2084 4.3
      vertex 13.1818 18.2084 2.3
    endloop
  endfacet
  facet normal -0.991526 -0.129911 0
    outer loop
      vertex 13.1818 18.2084 4.3
      vertex 13.1954 18.1046 2.3
      vertex 13.1954 18.1046 4.3
    endloop
  endfacet
  facet normal 0.843622 -0.536937 0
    outer loop
      vertex 10.9608 18.6 4.3
      vertex 11.017 18.6883 2.3
      vertex 11.017 18.6883 4.3
    endloop
  endfacet
  facet normal 0.843622 -0.536937 0
    outer loop
      vertex 11.017 18.6883 2.3
      vertex 10.9608 18.6 4.3
      vertex 10.9608 18.6 2.3
    endloop
  endfacet
  facet normal 0.953626 0.300994 0
    outer loop
      vertex 10.8724 17.5896 4.3
      vertex 10.8409 17.6894 2.3
      vertex 10.8409 17.6894 4.3
    endloop
  endfacet
  facet normal 0.953626 0.300994 0
    outer loop
      vertex 10.8409 17.6894 2.3
      vertex 10.8724 17.5896 4.3
      vertex 10.8724 17.5896 2.3
    endloop
  endfacet
  facet normal -0.129911 -0.991526 0
    outer loop
      vertex 12.1046 19.1954 2.3
      vertex 12.2084 19.1818 4.3
      vertex 12.1046 19.1954 4.3
    endloop
  endfacet
  facet normal -0.129911 -0.991526 -0
    outer loop
      vertex 12.2084 19.1818 4.3
      vertex 12.1046 19.1954 2.3
      vertex 12.2084 19.1818 2.3
    endloop
  endfacet
  facet normal -0.536937 -0.843622 0
    outer loop
      vertex 12.6 19.0392 2.3
      vertex 12.6883 18.983 4.3
      vertex 12.6 19.0392 4.3
    endloop
  endfacet
  facet normal -0.536937 -0.843622 -0
    outer loop
      vertex 12.6883 18.983 4.3
      vertex 12.6 19.0392 2.3
      vertex 12.6883 18.983 2.3
    endloop
  endfacet
  facet normal -0.953626 -0.300994 0
    outer loop
      vertex 13.1591 18.3106 2.3
      vertex 13.1276 18.4104 4.3
      vertex 13.1276 18.4104 2.3
    endloop
  endfacet
  facet normal -0.953626 -0.300994 0
    outer loop
      vertex 13.1276 18.4104 4.3
      vertex 13.1591 18.3106 2.3
      vertex 13.1591 18.3106 4.3
    endloop
  endfacet
  facet normal 0.736996 0.675898 0
    outer loop
      vertex 11.1515 17.1515 4.3
      vertex 11.0807 17.2287 2.3
      vertex 11.0807 17.2287 4.3
    endloop
  endfacet
  facet normal 0.736996 0.675898 0
    outer loop
      vertex 11.0807 17.2287 2.3
      vertex 11.1515 17.1515 4.3
      vertex 11.1515 17.1515 2.3
    endloop
  endfacet
  facet normal 0.462044 0.886857 -0
    outer loop
      vertex 11.4929 16.9124 2.3
      vertex 11.4 16.9608 4.3
      vertex 11.4929 16.9124 4.3
    endloop
  endfacet
  facet normal 0.462044 0.886857 0
    outer loop
      vertex 11.4 16.9608 4.3
      vertex 11.4929 16.9124 2.3
      vertex 11.4 16.9608 2.3
    endloop
  endfacet
  facet normal 0.675898 -0.736996 0
    outer loop
      vertex 11.1515 18.8485 2.3
      vertex 11.2287 18.9193 4.3
      vertex 11.1515 18.8485 4.3
    endloop
  endfacet
  facet normal 0.675898 -0.736996 0
    outer loop
      vertex 11.2287 18.9193 4.3
      vertex 11.1515 18.8485 2.3
      vertex 11.2287 18.9193 2.3
    endloop
  endfacet
  facet normal -0.300994 -0.953626 0
    outer loop
      vertex 12.3106 19.1591 2.3
      vertex 12.4104 19.1276 4.3
      vertex 12.3106 19.1591 4.3
    endloop
  endfacet
  facet normal -0.300994 -0.953626 -0
    outer loop
      vertex 12.4104 19.1276 4.3
      vertex 12.3106 19.1591 2.3
      vertex 12.4104 19.1276 2.3
    endloop
  endfacet
  facet normal -0.793299 0.608833 0
    outer loop
      vertex 12.9193 17.2287 2.3
      vertex 12.983 17.3117 4.3
      vertex 12.983 17.3117 2.3
    endloop
  endfacet
  facet normal -0.793299 0.608833 0
    outer loop
      vertex 12.983 17.3117 4.3
      vertex 12.9193 17.2287 2.3
      vertex 12.9193 17.2287 4.3
    endloop
  endfacet
  facet normal -0.382239 -0.924063 0
    outer loop
      vertex 12.4104 19.1276 2.3
      vertex 12.5071 19.0876 4.3
      vertex 12.4104 19.1276 4.3
    endloop
  endfacet
  facet normal -0.382239 -0.924063 -0
    outer loop
      vertex 12.5071 19.0876 4.3
      vertex 12.4104 19.1276 2.3
      vertex 12.5071 19.0876 2.3
    endloop
  endfacet
  facet normal -0.382239 0.924063 0
    outer loop
      vertex 12.5071 16.9124 2.3
      vertex 12.4104 16.8724 4.3
      vertex 12.5071 16.9124 4.3
    endloop
  endfacet
  facet normal -0.382239 0.924063 0
    outer loop
      vertex 12.4104 16.8724 4.3
      vertex 12.5071 16.9124 2.3
      vertex 12.4104 16.8724 2.3
    endloop
  endfacet
  facet normal -0.793299 -0.608833 0
    outer loop
      vertex 12.983 18.6883 2.3
      vertex 12.9193 18.7713 4.3
      vertex 12.9193 18.7713 2.3
    endloop
  endfacet
  facet normal -0.793299 -0.608833 0
    outer loop
      vertex 12.9193 18.7713 4.3
      vertex 12.983 18.6883 2.3
      vertex 12.983 18.6883 4.3
    endloop
  endfacet
  facet normal 0.382239 0.924063 -0
    outer loop
      vertex 11.5896 16.8724 2.3
      vertex 11.4929 16.9124 4.3
      vertex 11.5896 16.8724 4.3
    endloop
  endfacet
  facet normal 0.382239 0.924063 0
    outer loop
      vertex 11.4929 16.9124 4.3
      vertex 11.5896 16.8724 2.3
      vertex 11.4929 16.9124 2.3
    endloop
  endfacet
  facet normal 0.462044 -0.886857 0
    outer loop
      vertex 11.4 19.0392 2.3
      vertex 11.4929 19.0876 4.3
      vertex 11.4 19.0392 4.3
    endloop
  endfacet
  facet normal 0.462044 -0.886857 0
    outer loop
      vertex 11.4929 19.0876 4.3
      vertex 11.4 19.0392 2.3
      vertex 11.4929 19.0876 2.3
    endloop
  endfacet
  facet normal -0.999034 0.0439346 0
    outer loop
      vertex 13.1954 17.8954 2.3
      vertex 13.2 18 4.3
      vertex 13.2 18 2.3
    endloop
  endfacet
  facet normal -0.999034 0.0439346 0
    outer loop
      vertex 13.2 18 4.3
      vertex 13.1954 17.8954 2.3
      vertex 13.1954 17.8954 4.3
    endloop
  endfacet
  facet normal -0.843622 -0.536937 0
    outer loop
      vertex 13.0392 18.6 2.3
      vertex 12.983 18.6883 4.3
      vertex 12.983 18.6883 2.3
    endloop
  endfacet
  facet normal -0.843622 -0.536937 0
    outer loop
      vertex 12.983 18.6883 4.3
      vertex 13.0392 18.6 2.3
      vertex 13.0392 18.6 4.3
    endloop
  endfacet
  facet normal 0.536937 -0.843622 0
    outer loop
      vertex 11.3117 18.983 2.3
      vertex 11.4 19.0392 4.3
      vertex 11.3117 18.983 4.3
    endloop
  endfacet
  facet normal 0.536937 -0.843622 0
    outer loop
      vertex 11.4 19.0392 4.3
      vertex 11.3117 18.983 2.3
      vertex 11.4 19.0392 2.3
    endloop
  endfacet
  facet normal 0.536937 0.843622 -0
    outer loop
      vertex 11.4 16.9608 2.3
      vertex 11.3117 17.017 4.3
      vertex 11.4 16.9608 4.3
    endloop
  endfacet
  facet normal 0.536937 0.843622 0
    outer loop
      vertex 11.3117 17.017 4.3
      vertex 11.4 16.9608 2.3
      vertex 11.3117 17.017 2.3
    endloop
  endfacet
  facet normal 0.608833 0.793299 -0
    outer loop
      vertex 11.3117 17.017 2.3
      vertex 11.2287 17.0807 4.3
      vertex 11.3117 17.017 4.3
    endloop
  endfacet
  facet normal 0.608833 0.793299 0
    outer loop
      vertex 11.2287 17.0807 4.3
      vertex 11.3117 17.017 2.3
      vertex 11.2287 17.0807 2.3
    endloop
  endfacet
  facet normal 0.300994 0.953626 -0
    outer loop
      vertex 11.6894 16.8409 2.3
      vertex 11.5896 16.8724 4.3
      vertex 11.6894 16.8409 4.3
    endloop
  endfacet
  facet normal 0.300994 0.953626 0
    outer loop
      vertex 11.5896 16.8724 4.3
      vertex 11.6894 16.8409 2.3
      vertex 11.5896 16.8724 2.3
    endloop
  endfacet
  facet normal -0.462044 -0.886857 0
    outer loop
      vertex 12.5071 19.0876 2.3
      vertex 12.6 19.0392 4.3
      vertex 12.5071 19.0876 4.3
    endloop
  endfacet
  facet normal -0.462044 -0.886857 -0
    outer loop
      vertex 12.6 19.0392 4.3
      vertex 12.5071 19.0876 2.3
      vertex 12.6 19.0392 2.3
    endloop
  endfacet
  facet normal 0.886857 -0.462044 0
    outer loop
      vertex 10.9124 18.5071 4.3
      vertex 10.9608 18.6 2.3
      vertex 10.9608 18.6 4.3
    endloop
  endfacet
  facet normal 0.886857 -0.462044 0
    outer loop
      vertex 10.9608 18.6 2.3
      vertex 10.9124 18.5071 4.3
      vertex 10.9124 18.5071 2.3
    endloop
  endfacet
  facet normal 0.300994 -0.953626 0
    outer loop
      vertex 11.5896 19.1276 2.3
      vertex 11.6894 19.1591 4.3
      vertex 11.5896 19.1276 4.3
    endloop
  endfacet
  facet normal 0.300994 -0.953626 0
    outer loop
      vertex 11.6894 19.1591 4.3
      vertex 11.5896 19.1276 2.3
      vertex 11.6894 19.1591 2.3
    endloop
  endfacet
  facet normal 0.608833 -0.793299 0
    outer loop
      vertex 11.2287 18.9193 2.3
      vertex 11.3117 18.983 4.3
      vertex 11.2287 18.9193 4.3
    endloop
  endfacet
  facet normal 0.608833 -0.793299 0
    outer loop
      vertex 11.3117 18.983 4.3
      vertex 11.2287 18.9193 2.3
      vertex 11.3117 18.983 2.3
    endloop
  endfacet
  facet normal -0.608833 -0.793299 0
    outer loop
      vertex 12.6883 18.983 2.3
      vertex 12.7713 18.9193 4.3
      vertex 12.6883 18.983 4.3
    endloop
  endfacet
  facet normal -0.608833 -0.793299 -0
    outer loop
      vertex 12.7713 18.9193 4.3
      vertex 12.6883 18.983 2.3
      vertex 12.7713 18.9193 2.3
    endloop
  endfacet
  facet normal 0.999034 -0.0439346 0
    outer loop
      vertex 10.8 18 4.3
      vertex 10.8046 18.1046 2.3
      vertex 10.8046 18.1046 4.3
    endloop
  endfacet
  facet normal 0.999034 -0.0439346 0
    outer loop
      vertex 10.8046 18.1046 2.3
      vertex 10.8 18 4.3
      vertex 10.8 18 2.3
    endloop
  endfacet
  facet normal -0.216829 -0.97621 0
    outer loop
      vertex 12.2084 19.1818 2.3
      vertex 12.3106 19.1591 4.3
      vertex 12.2084 19.1818 4.3
    endloop
  endfacet
  facet normal -0.216829 -0.97621 -0
    outer loop
      vertex 12.3106 19.1591 4.3
      vertex 12.2084 19.1818 2.3
      vertex 12.3106 19.1591 2.3
    endloop
  endfacet
  facet normal 0.129911 0.991526 -0
    outer loop
      vertex 11.8954 16.8046 2.3
      vertex 11.7916 16.8182 4.3
      vertex 11.8954 16.8046 4.3
    endloop
  endfacet
  facet normal 0.129911 0.991526 0
    outer loop
      vertex 11.7916 16.8182 4.3
      vertex 11.8954 16.8046 2.3
      vertex 11.7916 16.8182 2.3
    endloop
  endfacet
  facet normal -0.843622 0.536937 0
    outer loop
      vertex 12.983 17.3117 2.3
      vertex 13.0392 17.4 4.3
      vertex 13.0392 17.4 2.3
    endloop
  endfacet
  facet normal -0.843622 0.536937 0
    outer loop
      vertex 13.0392 17.4 4.3
      vertex 12.983 17.3117 2.3
      vertex 12.983 17.3117 4.3
    endloop
  endfacet
  facet normal -0.97621 0.216829 0
    outer loop
      vertex 13.1591 17.6894 2.3
      vertex 13.1818 17.7916 4.3
      vertex 13.1818 17.7916 2.3
    endloop
  endfacet
  facet normal -0.97621 0.216829 0
    outer loop
      vertex 13.1818 17.7916 4.3
      vertex 13.1591 17.6894 2.3
      vertex 13.1591 17.6894 4.3
    endloop
  endfacet
  facet normal 0.216829 -0.97621 0
    outer loop
      vertex 11.6894 19.1591 2.3
      vertex 11.7916 19.1818 4.3
      vertex 11.6894 19.1591 4.3
    endloop
  endfacet
  facet normal 0.216829 -0.97621 0
    outer loop
      vertex 11.7916 19.1818 4.3
      vertex 11.6894 19.1591 2.3
      vertex 11.7916 19.1818 2.3
    endloop
  endfacet
  facet normal -0.924063 -0.382239 0
    outer loop
      vertex 13.1276 18.4104 2.3
      vertex 13.0876 18.5071 4.3
      vertex 13.0876 18.5071 2.3
    endloop
  endfacet
  facet normal -0.924063 -0.382239 0
    outer loop
      vertex 13.0876 18.5071 4.3
      vertex 13.1276 18.4104 2.3
      vertex 13.1276 18.4104 4.3
    endloop
  endfacet
  facet normal -0.608833 0.793299 0
    outer loop
      vertex 12.7713 17.0807 2.3
      vertex 12.6883 17.017 4.3
      vertex 12.7713 17.0807 4.3
    endloop
  endfacet
  facet normal -0.608833 0.793299 0
    outer loop
      vertex 12.6883 17.017 4.3
      vertex 12.7713 17.0807 2.3
      vertex 12.6883 17.017 2.3
    endloop
  endfacet
  facet normal -0.536937 0.843622 0
    outer loop
      vertex 12.6883 17.017 2.3
      vertex 12.6 16.9608 4.3
      vertex 12.6883 17.017 4.3
    endloop
  endfacet
  facet normal -0.536937 0.843622 0
    outer loop
      vertex 12.6 16.9608 4.3
      vertex 12.6883 17.017 2.3
      vertex 12.6 16.9608 2.3
    endloop
  endfacet
  facet normal -0.300994 0.953626 0
    outer loop
      vertex 12.4104 16.8724 2.3
      vertex 12.3106 16.8409 4.3
      vertex 12.4104 16.8724 4.3
    endloop
  endfacet
  facet normal -0.300994 0.953626 0
    outer loop
      vertex 12.3106 16.8409 4.3
      vertex 12.4104 16.8724 2.3
      vertex 12.3106 16.8409 2.3
    endloop
  endfacet
  facet normal -0.675898 -0.736996 0
    outer loop
      vertex 12.7713 18.9193 2.3
      vertex 12.8485 18.8485 4.3
      vertex 12.7713 18.9193 4.3
    endloop
  endfacet
  facet normal -0.675898 -0.736996 -0
    outer loop
      vertex 12.8485 18.8485 4.3
      vertex 12.7713 18.9193 2.3
      vertex 12.8485 18.8485 2.3
    endloop
  endfacet
  facet normal -0.736996 0.675898 0
    outer loop
      vertex 12.8485 17.1515 2.3
      vertex 12.9193 17.2287 4.3
      vertex 12.9193 17.2287 2.3
    endloop
  endfacet
  facet normal -0.736996 0.675898 0
    outer loop
      vertex 12.9193 17.2287 4.3
      vertex 12.8485 17.1515 2.3
      vertex 12.8485 17.1515 4.3
    endloop
  endfacet
  facet normal -0.129911 0.991526 0
    outer loop
      vertex 12.2084 16.8182 2.3
      vertex 12.1046 16.8046 4.3
      vertex 12.2084 16.8182 4.3
    endloop
  endfacet
  facet normal -0.129911 0.991526 0
    outer loop
      vertex 12.1046 16.8046 4.3
      vertex 12.2084 16.8182 2.3
      vertex 12.1046 16.8046 2.3
    endloop
  endfacet
  facet normal -0.216829 0.97621 0
    outer loop
      vertex 12.3106 16.8409 2.3
      vertex 12.2084 16.8182 4.3
      vertex 12.3106 16.8409 4.3
    endloop
  endfacet
  facet normal -0.216829 0.97621 0
    outer loop
      vertex 12.2084 16.8182 4.3
      vertex 12.3106 16.8409 2.3
      vertex 12.2084 16.8182 2.3
    endloop
  endfacet
  facet normal 0.97621 0.216829 0
    outer loop
      vertex 10.8409 17.6894 4.3
      vertex 10.8182 17.7916 2.3
      vertex 10.8182 17.7916 4.3
    endloop
  endfacet
  facet normal 0.97621 0.216829 0
    outer loop
      vertex 10.8182 17.7916 2.3
      vertex 10.8409 17.6894 4.3
      vertex 10.8409 17.6894 2.3
    endloop
  endfacet
  facet normal -0.886857 0.462044 0
    outer loop
      vertex 13.0392 17.4 2.3
      vertex 13.0876 17.4929 4.3
      vertex 13.0876 17.4929 2.3
    endloop
  endfacet
  facet normal -0.886857 0.462044 0
    outer loop
      vertex 13.0876 17.4929 4.3
      vertex 13.0392 17.4 2.3
      vertex 13.0392 17.4 4.3
    endloop
  endfacet
  facet normal 0.793299 0.608833 0
    outer loop
      vertex 11.0807 17.2287 4.3
      vertex 11.017 17.3117 2.3
      vertex 11.017 17.3117 4.3
    endloop
  endfacet
  facet normal 0.793299 0.608833 0
    outer loop
      vertex 11.017 17.3117 2.3
      vertex 11.0807 17.2287 4.3
      vertex 11.0807 17.2287 2.3
    endloop
  endfacet
  facet normal 0.843622 0.536937 0
    outer loop
      vertex 11.017 17.3117 4.3
      vertex 10.9608 17.4 2.3
      vertex 10.9608 17.4 4.3
    endloop
  endfacet
  facet normal 0.843622 0.536937 0
    outer loop
      vertex 10.9608 17.4 2.3
      vertex 11.017 17.3117 4.3
      vertex 11.017 17.3117 2.3
    endloop
  endfacet
  facet normal -0.675898 0.736996 0
    outer loop
      vertex 12.8485 17.1515 2.3
      vertex 12.7713 17.0807 4.3
      vertex 12.8485 17.1515 4.3
    endloop
  endfacet
  facet normal -0.675898 0.736996 0
    outer loop
      vertex 12.7713 17.0807 4.3
      vertex 12.8485 17.1515 2.3
      vertex 12.7713 17.0807 2.3
    endloop
  endfacet
  facet normal 0.793299 -0.608833 0
    outer loop
      vertex 11.017 18.6883 4.3
      vertex 11.0807 18.7713 2.3
      vertex 11.0807 18.7713 4.3
    endloop
  endfacet
  facet normal 0.793299 -0.608833 0
    outer loop
      vertex 11.0807 18.7713 2.3
      vertex 11.017 18.6883 4.3
      vertex 11.017 18.6883 2.3
    endloop
  endfacet
  facet normal 0.991526 -0.129911 0
    outer loop
      vertex 10.8046 18.1046 4.3
      vertex 10.8182 18.2084 2.3
      vertex 10.8182 18.2084 4.3
    endloop
  endfacet
  facet normal 0.991526 -0.129911 0
    outer loop
      vertex 10.8182 18.2084 2.3
      vertex 10.8046 18.1046 4.3
      vertex 10.8046 18.1046 2.3
    endloop
  endfacet
  facet normal 0.97621 -0.216829 0
    outer loop
      vertex 10.8182 18.2084 4.3
      vertex 10.8409 18.3106 2.3
      vertex 10.8409 18.3106 4.3
    endloop
  endfacet
  facet normal 0.97621 -0.216829 0
    outer loop
      vertex 10.8409 18.3106 2.3
      vertex 10.8182 18.2084 4.3
      vertex 10.8182 18.2084 2.3
    endloop
  endfacet
  facet normal 0.991526 0.129911 0
    outer loop
      vertex 10.8182 17.7916 4.3
      vertex 10.8046 17.8954 2.3
      vertex 10.8046 17.8954 4.3
    endloop
  endfacet
  facet normal 0.991526 0.129911 0
    outer loop
      vertex 10.8046 17.8954 2.3
      vertex 10.8182 17.7916 4.3
      vertex 10.8182 17.7916 2.3
    endloop
  endfacet
  facet normal 0.886857 0.462044 0
    outer loop
      vertex 10.9608 17.4 4.3
      vertex 10.9124 17.4929 2.3
      vertex 10.9124 17.4929 4.3
    endloop
  endfacet
  facet normal 0.886857 0.462044 0
    outer loop
      vertex 10.9124 17.4929 2.3
      vertex 10.9608 17.4 4.3
      vertex 10.9608 17.4 2.3
    endloop
  endfacet
  facet normal 0.675898 0.736996 -0
    outer loop
      vertex 11.2287 17.0807 2.3
      vertex 11.1515 17.1515 4.3
      vertex 11.2287 17.0807 4.3
    endloop
  endfacet
  facet normal 0.675898 0.736996 0
    outer loop
      vertex 11.1515 17.1515 4.3
      vertex 11.2287 17.0807 2.3
      vertex 11.1515 17.1515 2.3
    endloop
  endfacet
  facet normal 0.736996 -0.675898 0
    outer loop
      vertex 11.0807 18.7713 4.3
      vertex 11.1515 18.8485 2.3
      vertex 11.1515 18.8485 4.3
    endloop
  endfacet
  facet normal 0.736996 -0.675898 0
    outer loop
      vertex 11.1515 18.8485 2.3
      vertex 11.0807 18.7713 4.3
      vertex 11.0807 18.7713 2.3
    endloop
  endfacet
  facet normal 0.130106 -0.9915 0
    outer loop
      vertex 11.6006 20.2651 0
      vertex 11.7995 20.2912 2.3
      vertex 11.6006 20.2651 2.3
    endloop
  endfacet
  facet normal 0.130106 -0.9915 0
    outer loop
      vertex 11.7995 20.2912 2.3
      vertex 11.6006 20.2651 0
      vertex 11.7995 20.2912 0
    endloop
  endfacet
  facet normal -0.9915 -0.130106 0
    outer loop
      vertex 14.2912 18.2005 0
      vertex 14.2651 18.3994 2.3
      vertex 14.2651 18.3994 0
    endloop
  endfacet
  facet normal -0.9915 -0.130106 0
    outer loop
      vertex 14.2651 18.3994 2.3
      vertex 14.2912 18.2005 0
      vertex 14.2912 18.2005 2.3
    endloop
  endfacet
  facet normal -0.999038 -0.0438481 0
    outer loop
      vertex 14.3 18 0
      vertex 14.2912 18.2005 2.3
      vertex 14.2912 18.2005 0
    endloop
  endfacet
  facet normal -0.999038 -0.0438481 0
    outer loop
      vertex 14.2912 18.2005 2.3
      vertex 14.3 18 0
      vertex 14.3 18 2.3
    endloop
  endfacet
  facet normal -0.976222 -0.216772 0
    outer loop
      vertex 14.2651 18.3994 0
      vertex 14.2216 18.5953 2.3
      vertex 14.2216 18.5953 0
    endloop
  endfacet
  facet normal -0.976222 -0.216772 0
    outer loop
      vertex 14.2216 18.5953 2.3
      vertex 14.2651 18.3994 0
      vertex 14.2651 18.3994 2.3
    endloop
  endfacet
  facet normal -0.999038 0.0438481 0
    outer loop
      vertex 14.2912 17.7995 0
      vertex 14.3 18 2.3
      vertex 14.3 18 0
    endloop
  endfacet
  facet normal -0.999038 0.0438481 0
    outer loop
      vertex 14.3 18 2.3
      vertex 14.2912 17.7995 0
      vertex 14.2912 17.7995 2.3
    endloop
  endfacet
  facet normal 0.608578 0.793494 -0
    outer loop
      vertex 10.6808 16.116 0
      vertex 10.5216 16.2381 2.3
      vertex 10.6808 16.116 2.3
    endloop
  endfacet
  facet normal 0.608578 0.793494 0
    outer loop
      vertex 10.5216 16.2381 2.3
      vertex 10.6808 16.116 0
      vertex 10.5216 16.2381 0
    endloop
  endfacet
  facet normal 0.953684 -0.300812 0
    outer loop
      vertex 9.77837 18.5953 2.3
      vertex 9.83871 18.7866 0
      vertex 9.83871 18.7866 2.3
    endloop
  endfacet
  facet normal 0.953684 -0.300812 0
    outer loop
      vertex 9.83871 18.7866 0
      vertex 9.77837 18.5953 2.3
      vertex 9.77837 18.5953 0
    endloop
  endfacet
  facet normal -0.675792 -0.737092 0
    outer loop
      vertex 13.4784 19.7619 0
      vertex 13.6263 19.6263 2.3
      vertex 13.4784 19.7619 2.3
    endloop
  endfacet
  facet normal -0.675792 -0.737092 -0
    outer loop
      vertex 13.6263 19.6263 2.3
      vertex 13.4784 19.7619 0
      vertex 13.6263 19.6263 0
    endloop
  endfacet
  facet normal 0.953684 0.300812 0
    outer loop
      vertex 9.83871 17.2134 2.3
      vertex 9.77837 17.4047 0
      vertex 9.77837 17.4047 2.3
    endloop
  endfacet
  facet normal 0.953684 0.300812 0
    outer loop
      vertex 9.77837 17.4047 0
      vertex 9.83871 17.2134 2.3
      vertex 9.83871 17.2134 0
    endloop
  endfacet
  facet normal 0.793494 0.608578 0
    outer loop
      vertex 10.2381 16.5216 2.3
      vertex 10.116 16.6808 0
      vertex 10.116 16.6808 2.3
    endloop
  endfacet
  facet normal 0.793494 0.608578 0
    outer loop
      vertex 10.116 16.6808 0
      vertex 10.2381 16.5216 2.3
      vertex 10.2381 16.5216 0
    endloop
  endfacet
  facet normal -0.382704 -0.923871 0
    outer loop
      vertex 12.7866 20.1613 0
      vertex 12.972 20.0845 2.3
      vertex 12.7866 20.1613 2.3
    endloop
  endfacet
  facet normal -0.382704 -0.923871 -0
    outer loop
      vertex 12.972 20.0845 2.3
      vertex 12.7866 20.1613 0
      vertex 12.972 20.0845 0
    endloop
  endfacet
  facet normal -0.843148 0.537681 0
    outer loop
      vertex 13.884 16.6808 0
      vertex 13.9919 16.85 2.3
      vertex 13.9919 16.85 0
    endloop
  endfacet
  facet normal -0.843148 0.537681 0
    outer loop
      vertex 13.9919 16.85 2.3
      vertex 13.884 16.6808 0
      vertex 13.884 16.6808 2.3
    endloop
  endfacet
  facet normal -0.737092 -0.675792 0
    outer loop
      vertex 13.7619 19.4784 0
      vertex 13.6263 19.6263 2.3
      vertex 13.6263 19.6263 0
    endloop
  endfacet
  facet normal -0.737092 -0.675792 0
    outer loop
      vertex 13.6263 19.6263 2.3
      vertex 13.7619 19.4784 0
      vertex 13.7619 19.4784 2.3
    endloop
  endfacet
  facet normal -0.793494 -0.608578 0
    outer loop
      vertex 13.884 19.3192 0
      vertex 13.7619 19.4784 2.3
      vertex 13.7619 19.4784 0
    endloop
  endfacet
  facet normal -0.793494 -0.608578 0
    outer loop
      vertex 13.7619 19.4784 2.3
      vertex 13.884 19.3192 0
      vertex 13.884 19.3192 2.3
    endloop
  endfacet
  facet normal -0.537681 -0.843148 0
    outer loop
      vertex 13.15 19.9919 0
      vertex 13.3192 19.884 2.3
      vertex 13.15 19.9919 2.3
    endloop
  endfacet
  facet normal -0.537681 -0.843148 -0
    outer loop
      vertex 13.3192 19.884 2.3
      vertex 13.15 19.9919 0
      vertex 13.3192 19.884 0
    endloop
  endfacet
  facet normal -0.216772 -0.976222 0
    outer loop
      vertex 12.3994 20.2651 0
      vertex 12.5953 20.2216 2.3
      vertex 12.3994 20.2651 2.3
    endloop
  endfacet
  facet normal -0.216772 -0.976222 -0
    outer loop
      vertex 12.5953 20.2216 2.3
      vertex 12.3994 20.2651 0
      vertex 12.5953 20.2216 0
    endloop
  endfacet
  facet normal 0.0438481 0.999038 -0
    outer loop
      vertex 12 15.7 0
      vertex 11.7995 15.7088 2.3
      vertex 12 15.7 2.3
    endloop
  endfacet
  facet normal 0.0438481 0.999038 0
    outer loop
      vertex 11.7995 15.7088 2.3
      vertex 12 15.7 0
      vertex 11.7995 15.7088 0
    endloop
  endfacet
  facet normal 0.216772 -0.976222 0
    outer loop
      vertex 11.4047 20.2216 0
      vertex 11.6006 20.2651 2.3
      vertex 11.4047 20.2216 2.3
    endloop
  endfacet
  facet normal 0.216772 -0.976222 0
    outer loop
      vertex 11.6006 20.2651 2.3
      vertex 11.4047 20.2216 0
      vertex 11.6006 20.2651 0
    endloop
  endfacet
  facet normal 0.793494 -0.608578 0
    outer loop
      vertex 10.116 19.3192 2.3
      vertex 10.2381 19.4784 0
      vertex 10.2381 19.4784 2.3
    endloop
  endfacet
  facet normal 0.793494 -0.608578 0
    outer loop
      vertex 10.2381 19.4784 0
      vertex 10.116 19.3192 2.3
      vertex 10.116 19.3192 0
    endloop
  endfacet
  facet normal 0.991442 0.130547 0
    outer loop
      vertex 9.73494 17.6006 2.3
      vertex 9.70875 17.7995 0
      vertex 9.70875 17.7995 2.3
    endloop
  endfacet
  facet normal 0.991442 0.130547 0
    outer loop
      vertex 9.70875 17.7995 0
      vertex 9.73494 17.6006 2.3
      vertex 9.73494 17.6006 0
    endloop
  endfacet
  facet normal 0.46151 -0.887135 0
    outer loop
      vertex 10.85 19.9919 0
      vertex 11.028 20.0845 2.3
      vertex 10.85 19.9919 2.3
    endloop
  endfacet
  facet normal 0.46151 -0.887135 0
    outer loop
      vertex 11.028 20.0845 2.3
      vertex 10.85 19.9919 0
      vertex 11.028 20.0845 0
    endloop
  endfacet
  facet normal -0.46151 0.887135 0
    outer loop
      vertex 13.15 16.0081 0
      vertex 12.972 15.9155 2.3
      vertex 13.15 16.0081 2.3
    endloop
  endfacet
  facet normal -0.46151 0.887135 0
    outer loop
      vertex 12.972 15.9155 2.3
      vertex 13.15 16.0081 0
      vertex 12.972 15.9155 0
    endloop
  endfacet
  facet normal -0.608578 -0.793494 0
    outer loop
      vertex 13.3192 19.884 0
      vertex 13.4784 19.7619 2.3
      vertex 13.3192 19.884 2.3
    endloop
  endfacet
  facet normal -0.608578 -0.793494 -0
    outer loop
      vertex 13.4784 19.7619 2.3
      vertex 13.3192 19.884 0
      vertex 13.4784 19.7619 0
    endloop
  endfacet
  facet normal -0.9915 0.130106 0
    outer loop
      vertex 14.2651 17.6006 0
      vertex 14.2912 17.7995 2.3
      vertex 14.2912 17.7995 0
    endloop
  endfacet
  facet normal -0.9915 0.130106 0
    outer loop
      vertex 14.2912 17.7995 2.3
      vertex 14.2651 17.6006 0
      vertex 14.2651 17.6006 2.3
    endloop
  endfacet
  facet normal -0.923871 0.382704 0
    outer loop
      vertex 14.0845 17.028 0
      vertex 14.1613 17.2134 2.3
      vertex 14.1613 17.2134 0
    endloop
  endfacet
  facet normal -0.923871 0.382704 0
    outer loop
      vertex 14.1613 17.2134 2.3
      vertex 14.0845 17.028 0
      vertex 14.0845 17.028 2.3
    endloop
  endfacet
  facet normal -0.30063 -0.953741 0
    outer loop
      vertex 12.5953 20.2216 0
      vertex 12.7866 20.1613 2.3
      vertex 12.5953 20.2216 2.3
    endloop
  endfacet
  facet normal -0.30063 -0.953741 -0
    outer loop
      vertex 12.7866 20.1613 2.3
      vertex 12.5953 20.2216 0
      vertex 12.7866 20.1613 0
    endloop
  endfacet
  facet normal 0.0438481 -0.999038 0
    outer loop
      vertex 11.7995 20.2912 0
      vertex 12 20.3 2.3
      vertex 11.7995 20.2912 2.3
    endloop
  endfacet
  facet normal 0.0438481 -0.999038 0
    outer loop
      vertex 12 20.3 2.3
      vertex 11.7995 20.2912 0
      vertex 12 20.3 0
    endloop
  endfacet
  facet normal 0.737092 0.675792 0
    outer loop
      vertex 10.3737 16.3737 2.3
      vertex 10.2381 16.5216 0
      vertex 10.2381 16.5216 2.3
    endloop
  endfacet
  facet normal 0.737092 0.675792 0
    outer loop
      vertex 10.2381 16.5216 0
      vertex 10.3737 16.3737 2.3
      vertex 10.3737 16.3737 0
    endloop
  endfacet
  facet normal 0.887115 -0.461549 0
    outer loop
      vertex 9.91549 18.972 2.3
      vertex 10.0081 19.15 0
      vertex 10.0081 19.15 2.3
    endloop
  endfacet
  facet normal 0.887115 -0.461549 0
    outer loop
      vertex 10.0081 19.15 0
      vertex 9.91549 18.972 2.3
      vertex 9.91549 18.972 0
    endloop
  endfacet
  facet normal -0.216772 0.976222 0
    outer loop
      vertex 12.5953 15.7784 0
      vertex 12.3994 15.7349 2.3
      vertex 12.5953 15.7784 2.3
    endloop
  endfacet
  facet normal -0.216772 0.976222 0
    outer loop
      vertex 12.3994 15.7349 2.3
      vertex 12.5953 15.7784 0
      vertex 12.3994 15.7349 0
    endloop
  endfacet
  facet normal -0.130106 0.9915 0
    outer loop
      vertex 12.3994 15.7349 0
      vertex 12.2005 15.7088 2.3
      vertex 12.3994 15.7349 2.3
    endloop
  endfacet
  facet normal -0.130106 0.9915 0
    outer loop
      vertex 12.2005 15.7088 2.3
      vertex 12.3994 15.7349 0
      vertex 12.2005 15.7088 0
    endloop
  endfacet
  facet normal -0.46151 -0.887135 0
    outer loop
      vertex 12.972 20.0845 0
      vertex 13.15 19.9919 2.3
      vertex 12.972 20.0845 2.3
    endloop
  endfacet
  facet normal -0.46151 -0.887135 -0
    outer loop
      vertex 13.15 19.9919 2.3
      vertex 12.972 20.0845 0
      vertex 13.15 19.9919 0
    endloop
  endfacet
  facet normal -0.0438481 -0.999038 0
    outer loop
      vertex 12 20.3 0
      vertex 12.2005 20.2912 2.3
      vertex 12 20.3 2.3
    endloop
  endfacet
  facet normal -0.0438481 -0.999038 -0
    outer loop
      vertex 12.2005 20.2912 2.3
      vertex 12 20.3 0
      vertex 12.2005 20.2912 0
    endloop
  endfacet
  facet normal 0.30063 0.953741 -0
    outer loop
      vertex 11.4047 15.7784 0
      vertex 11.2134 15.8387 2.3
      vertex 11.4047 15.7784 2.3
    endloop
  endfacet
  facet normal 0.30063 0.953741 0
    outer loop
      vertex 11.2134 15.8387 2.3
      vertex 11.4047 15.7784 0
      vertex 11.2134 15.8387 0
    endloop
  endfacet
  facet normal -0.608578 0.793494 0
    outer loop
      vertex 13.4784 16.2381 0
      vertex 13.3192 16.116 2.3
      vertex 13.4784 16.2381 2.3
    endloop
  endfacet
  facet normal -0.608578 0.793494 0
    outer loop
      vertex 13.3192 16.116 2.3
      vertex 13.4784 16.2381 0
      vertex 13.3192 16.116 0
    endloop
  endfacet
  facet normal 0.537681 0.843148 -0
    outer loop
      vertex 10.85 16.0081 0
      vertex 10.6808 16.116 2.3
      vertex 10.85 16.0081 2.3
    endloop
  endfacet
  facet normal 0.537681 0.843148 0
    outer loop
      vertex 10.6808 16.116 2.3
      vertex 10.85 16.0081 0
      vertex 10.6808 16.116 0
    endloop
  endfacet
  facet normal -0.793494 0.608578 0
    outer loop
      vertex 13.7619 16.5216 0
      vertex 13.884 16.6808 2.3
      vertex 13.884 16.6808 0
    endloop
  endfacet
  facet normal -0.793494 0.608578 0
    outer loop
      vertex 13.884 16.6808 2.3
      vertex 13.7619 16.5216 0
      vertex 13.7619 16.5216 2.3
    endloop
  endfacet
  facet normal -0.976222 0.216772 0
    outer loop
      vertex 14.2216 17.4047 0
      vertex 14.2651 17.6006 2.3
      vertex 14.2651 17.6006 0
    endloop
  endfacet
  facet normal -0.976222 0.216772 0
    outer loop
      vertex 14.2651 17.6006 2.3
      vertex 14.2216 17.4047 0
      vertex 14.2216 17.4047 2.3
    endloop
  endfacet
  facet normal 0.675792 -0.737092 0
    outer loop
      vertex 10.3737 19.6263 0
      vertex 10.5216 19.7619 2.3
      vertex 10.3737 19.6263 2.3
    endloop
  endfacet
  facet normal 0.675792 -0.737092 0
    outer loop
      vertex 10.5216 19.7619 2.3
      vertex 10.3737 19.6263 0
      vertex 10.5216 19.7619 0
    endloop
  endfacet
  facet normal 0.608578 -0.793494 0
    outer loop
      vertex 10.5216 19.7619 0
      vertex 10.6808 19.884 2.3
      vertex 10.5216 19.7619 2.3
    endloop
  endfacet
  facet normal 0.608578 -0.793494 0
    outer loop
      vertex 10.6808 19.884 2.3
      vertex 10.5216 19.7619 0
      vertex 10.6808 19.884 0
    endloop
  endfacet
  facet normal -0.887135 -0.46151 0
    outer loop
      vertex 14.0845 18.972 0
      vertex 13.9919 19.15 2.3
      vertex 13.9919 19.15 0
    endloop
  endfacet
  facet normal -0.887135 -0.46151 0
    outer loop
      vertex 13.9919 19.15 2.3
      vertex 14.0845 18.972 0
      vertex 14.0845 18.972 2.3
    endloop
  endfacet
  facet normal -0.843148 -0.537681 0
    outer loop
      vertex 13.9919 19.15 0
      vertex 13.884 19.3192 2.3
      vertex 13.884 19.3192 0
    endloop
  endfacet
  facet normal -0.843148 -0.537681 0
    outer loop
      vertex 13.884 19.3192 2.3
      vertex 13.9919 19.15 0
      vertex 13.9919 19.15 2.3
    endloop
  endfacet
  facet normal -0.953741 0.30063 0
    outer loop
      vertex 14.1613 17.2134 0
      vertex 14.2216 17.4047 2.3
      vertex 14.2216 17.4047 0
    endloop
  endfacet
  facet normal -0.953741 0.30063 0
    outer loop
      vertex 14.2216 17.4047 2.3
      vertex 14.1613 17.2134 0
      vertex 14.1613 17.2134 2.3
    endloop
  endfacet
  facet normal 0.537681 -0.843148 0
    outer loop
      vertex 10.6808 19.884 0
      vertex 10.85 19.9919 2.3
      vertex 10.6808 19.884 2.3
    endloop
  endfacet
  facet normal 0.537681 -0.843148 0
    outer loop
      vertex 10.85 19.9919 2.3
      vertex 10.6808 19.884 0
      vertex 10.85 19.9919 0
    endloop
  endfacet
  facet normal 0.130106 0.9915 -0
    outer loop
      vertex 11.7995 15.7088 0
      vertex 11.6006 15.7349 2.3
      vertex 11.7995 15.7088 2.3
    endloop
  endfacet
  facet normal 0.130106 0.9915 0
    outer loop
      vertex 11.6006 15.7349 2.3
      vertex 11.7995 15.7088 0
      vertex 11.6006 15.7349 0
    endloop
  endfacet
  facet normal 0.30063 -0.953741 0
    outer loop
      vertex 11.2134 20.1613 0
      vertex 11.4047 20.2216 2.3
      vertex 11.2134 20.1613 2.3
    endloop
  endfacet
  facet normal 0.30063 -0.953741 0
    outer loop
      vertex 11.4047 20.2216 2.3
      vertex 11.2134 20.1613 0
      vertex 11.4047 20.2216 0
    endloop
  endfacet
  facet normal -0.382704 0.923871 0
    outer loop
      vertex 12.972 15.9155 0
      vertex 12.7866 15.8387 2.3
      vertex 12.972 15.9155 2.3
    endloop
  endfacet
  facet normal -0.382704 0.923871 0
    outer loop
      vertex 12.7866 15.8387 2.3
      vertex 12.972 15.9155 0
      vertex 12.7866 15.8387 0
    endloop
  endfacet
  facet normal -0.923871 -0.382704 0
    outer loop
      vertex 14.1613 18.7866 0
      vertex 14.0845 18.972 2.3
      vertex 14.0845 18.972 0
    endloop
  endfacet
  facet normal -0.923871 -0.382704 0
    outer loop
      vertex 14.0845 18.972 2.3
      vertex 14.1613 18.7866 0
      vertex 14.1613 18.7866 2.3
    endloop
  endfacet
  facet normal -0.0438481 0.999038 0
    outer loop
      vertex 12.2005 15.7088 0
      vertex 12 15.7 2.3
      vertex 12.2005 15.7088 2.3
    endloop
  endfacet
  facet normal -0.0438481 0.999038 0
    outer loop
      vertex 12 15.7 2.3
      vertex 12.2005 15.7088 0
      vertex 12 15.7 0
    endloop
  endfacet
  facet normal 0.999049 0.0435994 0
    outer loop
      vertex 9.70875 17.7995 2.3
      vertex 9.7 18 0
      vertex 9.7 18 2.3
    endloop
  endfacet
  facet normal 0.999049 0.0435994 0
    outer loop
      vertex 9.7 18 0
      vertex 9.70875 17.7995 2.3
      vertex 9.70875 17.7995 0
    endloop
  endfacet
  facet normal 0.999049 -0.0435994 0
    outer loop
      vertex 9.7 18 2.3
      vertex 9.70875 18.2005 0
      vertex 9.70875 18.2005 2.3
    endloop
  endfacet
  facet normal 0.999049 -0.0435994 0
    outer loop
      vertex 9.70875 18.2005 0
      vertex 9.7 18 2.3
      vertex 9.7 18 0
    endloop
  endfacet
  facet normal -0.887135 0.46151 0
    outer loop
      vertex 13.9919 16.85 0
      vertex 14.0845 17.028 2.3
      vertex 14.0845 17.028 0
    endloop
  endfacet
  facet normal -0.887135 0.46151 0
    outer loop
      vertex 14.0845 17.028 2.3
      vertex 13.9919 16.85 0
      vertex 13.9919 16.85 2.3
    endloop
  endfacet
  facet normal 0.737092 -0.675792 0
    outer loop
      vertex 10.2381 19.4784 2.3
      vertex 10.3737 19.6263 0
      vertex 10.3737 19.6263 2.3
    endloop
  endfacet
  facet normal 0.737092 -0.675792 0
    outer loop
      vertex 10.3737 19.6263 0
      vertex 10.2381 19.4784 2.3
      vertex 10.2381 19.4784 0
    endloop
  endfacet
  facet normal 0.382704 -0.923871 0
    outer loop
      vertex 11.028 20.0845 0
      vertex 11.2134 20.1613 2.3
      vertex 11.028 20.0845 2.3
    endloop
  endfacet
  facet normal 0.382704 -0.923871 0
    outer loop
      vertex 11.2134 20.1613 2.3
      vertex 11.028 20.0845 0
      vertex 11.2134 20.1613 0
    endloop
  endfacet
  facet normal -0.537681 0.843148 0
    outer loop
      vertex 13.3192 16.116 0
      vertex 13.15 16.0081 2.3
      vertex 13.3192 16.116 2.3
    endloop
  endfacet
  facet normal -0.537681 0.843148 0
    outer loop
      vertex 13.15 16.0081 2.3
      vertex 13.3192 16.116 0
      vertex 13.15 16.0081 0
    endloop
  endfacet
  facet normal 0.976296 -0.21644 0
    outer loop
      vertex 9.73494 18.3994 2.3
      vertex 9.77837 18.5953 0
      vertex 9.77837 18.5953 2.3
    endloop
  endfacet
  facet normal 0.976296 -0.21644 0
    outer loop
      vertex 9.77837 18.5953 0
      vertex 9.73494 18.3994 2.3
      vertex 9.73494 18.3994 0
    endloop
  endfacet
  facet normal 0.976296 0.21644 0
    outer loop
      vertex 9.77837 17.4047 2.3
      vertex 9.73494 17.6006 0
      vertex 9.73494 17.6006 2.3
    endloop
  endfacet
  facet normal 0.976296 0.21644 0
    outer loop
      vertex 9.73494 17.6006 0
      vertex 9.77837 17.4047 2.3
      vertex 9.77837 17.4047 0
    endloop
  endfacet
  facet normal 0 0 -1
    outer loop
      vertex 13.2 18 2.3
      vertex 14.3 18 2.3
      vertex 14.2912 17.7995 2.3
    endloop
  endfacet
  facet normal 0 0 -1
    outer loop
      vertex 13.1954 17.8954 2.3
      vertex 14.2912 17.7995 2.3
      vertex 14.2651 17.6006 2.3
    endloop
  endfacet
  facet normal 0 0 -1
    outer loop
      vertex 14.3 18 2.3
      vertex 13.2 18 2.3
      vertex 14.2912 18.2005 2.3
    endloop
  endfacet
  facet normal 0 0 -1
    outer loop
      vertex 13.1818 17.7916 2.3
      vertex 14.2651 17.6006 2.3
      vertex 14.2216 17.4047 2.3
    endloop
  endfacet
  facet normal 0 0 -1
    outer loop
      vertex 13.1954 18.1046 2.3
      vertex 14.2912 18.2005 2.3
      vertex 13.2 18 2.3
    endloop
  endfacet
  facet normal 0 0 -1
    outer loop
      vertex 13.1591 17.6894 2.3
      vertex 14.2216 17.4047 2.3
      vertex 14.1613 17.2134 2.3
    endloop
  endfacet
  facet normal -0 0 -1
    outer loop
      vertex 14.2912 18.2005 2.3
      vertex 13.1954 18.1046 2.3
      vertex 14.2651 18.3994 2.3
    endloop
  endfacet
  facet normal 0 0 -1
    outer loop
      vertex 13.1276 17.5896 2.3
      vertex 14.1613 17.2134 2.3
      vertex 14.0845 17.028 2.3
    endloop
  endfacet
  facet normal 0 0 -1
    outer loop
      vertex 13.1818 18.2084 2.3
      vertex 14.2651 18.3994 2.3
      vertex 13.1954 18.1046 2.3
    endloop
  endfacet
  facet normal 0 0 -1
    outer loop
      vertex 13.0876 17.4929 2.3
      vertex 14.0845 17.028 2.3
      vertex 13.9919 16.85 2.3
    endloop
  endfacet
  facet normal -0 0 -1
    outer loop
      vertex 14.2651 18.3994 2.3
      vertex 13.1818 18.2084 2.3
      vertex 14.2216 18.5953 2.3
    endloop
  endfacet
  facet normal 0 0 -1
    outer loop
      vertex 13.0392 17.4 2.3
      vertex 13.9919 16.85 2.3
      vertex 13.884 16.6808 2.3
    endloop
  endfacet
  facet normal 0 0 -1
    outer loop
      vertex 13.1591 18.3106 2.3
      vertex 14.2216 18.5953 2.3
      vertex 13.1818 18.2084 2.3
    endloop
  endfacet
  facet normal 0 0 -1
    outer loop
      vertex 12.983 17.3117 2.3
      vertex 13.884 16.6808 2.3
      vertex 13.7619 16.5216 2.3
    endloop
  endfacet
  facet normal -0 0 -1
    outer loop
      vertex 14.2216 18.5953 2.3
      vertex 13.1591 18.3106 2.3
      vertex 14.1613 18.7866 2.3
    endloop
  endfacet
  facet normal 0 0 -1
    outer loop
      vertex 12.9193 17.2287 2.3
      vertex 13.7619 16.5216 2.3
      vertex 13.6263 16.3737 2.3
    endloop
  endfacet
  facet normal 0 0 -1
    outer loop
      vertex 13.1276 18.4104 2.3
      vertex 14.1613 18.7866 2.3
      vertex 13.1591 18.3106 2.3
    endloop
  endfacet
  facet normal 0 0 -1
    outer loop
      vertex 12.8485 17.1515 2.3
      vertex 13.6263 16.3737 2.3
      vertex 13.4784 16.2381 2.3
    endloop
  endfacet
  facet normal -0 0 -1
    outer loop
      vertex 14.1613 18.7866 2.3
      vertex 13.1276 18.4104 2.3
      vertex 14.0845 18.972 2.3
    endloop
  endfacet
  facet normal 0 0 -1
    outer loop
      vertex 12.7713 17.0807 2.3
      vertex 13.4784 16.2381 2.3
      vertex 13.3192 16.116 2.3
    endloop
  endfacet
  facet normal 0 0 -1
    outer loop
      vertex 13.0876 18.5071 2.3
      vertex 14.0845 18.972 2.3
      vertex 13.1276 18.4104 2.3
    endloop
  endfacet
  facet normal -0 0 -1
    outer loop
      vertex 14.0845 18.972 2.3
      vertex 13.0876 18.5071 2.3
      vertex 13.9919 19.15 2.3
    endloop
  endfacet
  facet normal 0 0 -1
    outer loop
      vertex 14.2912 17.7995 2.3
      vertex 13.1954 17.8954 2.3
      vertex 13.2 18 2.3
    endloop
  endfacet
  facet normal 0 0 -1
    outer loop
      vertex 14.2651 17.6006 2.3
      vertex 13.1818 17.7916 2.3
      vertex 13.1954 17.8954 2.3
    endloop
  endfacet
  facet normal 0 0 -1
    outer loop
      vertex 14.2216 17.4047 2.3
      vertex 13.1591 17.6894 2.3
      vertex 13.1818 17.7916 2.3
    endloop
  endfacet
  facet normal 0 0 -1
    outer loop
      vertex 12.6883 17.017 2.3
      vertex 13.3192 16.116 2.3
      vertex 13.15 16.0081 2.3
    endloop
  endfacet
  facet normal 0 0 -1
    outer loop
      vertex 14.1613 17.2134 2.3
      vertex 13.1276 17.5896 2.3
      vertex 13.1591 17.6894 2.3
    endloop
  endfacet
  facet normal 0 0 -1
    outer loop
      vertex 14.0845 17.028 2.3
      vertex 13.0876 17.4929 2.3
      vertex 13.1276 17.5896 2.3
    endloop
  endfacet
  facet normal 0 0 -1
    outer loop
      vertex 13.9919 16.85 2.3
      vertex 13.0392 17.4 2.3
      vertex 13.0876 17.4929 2.3
    endloop
  endfacet
  facet normal 0 0 -1
    outer loop
      vertex 13.884 16.6808 2.3
      vertex 12.983 17.3117 2.3
      vertex 13.0392 17.4 2.3
    endloop
  endfacet
  facet normal 0 0 -1
    outer loop
      vertex 12.6 16.9608 2.3
      vertex 13.15 16.0081 2.3
      vertex 12.972 15.9155 2.3
    endloop
  endfacet
  facet normal 0 0 -1
    outer loop
      vertex 13.7619 16.5216 2.3
      vertex 12.9193 17.2287 2.3
      vertex 12.983 17.3117 2.3
    endloop
  endfacet
  facet normal 0 0 -1
    outer loop
      vertex 13.6263 16.3737 2.3
      vertex 12.8485 17.1515 2.3
      vertex 12.9193 17.2287 2.3
    endloop
  endfacet
  facet normal 0 0 -1
    outer loop
      vertex 12.5071 16.9124 2.3
      vertex 12.972 15.9155 2.3
      vertex 12.7866 15.8387 2.3
    endloop
  endfacet
  facet normal 0 0 -1
    outer loop
      vertex 13.4784 16.2381 2.3
      vertex 12.7713 17.0807 2.3
      vertex 12.8485 17.1515 2.3
    endloop
  endfacet
  facet normal 0 0 -1
    outer loop
      vertex 13.3192 16.116 2.3
      vertex 12.6883 17.017 2.3
      vertex 12.7713 17.0807 2.3
    endloop
  endfacet
  facet normal 0 0 -1
    outer loop
      vertex 13.15 16.0081 2.3
      vertex 12.6 16.9608 2.3
      vertex 12.6883 17.017 2.3
    endloop
  endfacet
  facet normal 0 0 -1
    outer loop
      vertex 12.4104 16.8724 2.3
      vertex 12.7866 15.8387 2.3
      vertex 12.5953 15.7784 2.3
    endloop
  endfacet
  facet normal 0 0 -1
    outer loop
      vertex 12.972 15.9155 2.3
      vertex 12.5071 16.9124 2.3
      vertex 12.6 16.9608 2.3
    endloop
  endfacet
  facet normal 0 0 -1
    outer loop
      vertex 12.7866 15.8387 2.3
      vertex 12.4104 16.8724 2.3
      vertex 12.5071 16.9124 2.3
    endloop
  endfacet
  facet normal 0 0 -1
    outer loop
      vertex 12.3106 16.8409 2.3
      vertex 12.5953 15.7784 2.3
      vertex 12.3994 15.7349 2.3
    endloop
  endfacet
  facet normal 0 0 -1
    outer loop
      vertex 12.5953 15.7784 2.3
      vertex 12.3106 16.8409 2.3
      vertex 12.4104 16.8724 2.3
    endloop
  endfacet
  facet normal 0 0 -1
    outer loop
      vertex 12.3994 15.7349 2.3
      vertex 12.2084 16.8182 2.3
      vertex 12.3106 16.8409 2.3
    endloop
  endfacet
  facet normal 0 0 -1
    outer loop
      vertex 12.2005 15.7088 2.3
      vertex 12.2084 16.8182 2.3
      vertex 12.3994 15.7349 2.3
    endloop
  endfacet
  facet normal 0 0 -1
    outer loop
      vertex 12.2005 15.7088 2.3
      vertex 12.1046 16.8046 2.3
      vertex 12.2084 16.8182 2.3
    endloop
  endfacet
  facet normal 0 0 -1
    outer loop
      vertex 12 15.7 2.3
      vertex 12.1046 16.8046 2.3
      vertex 12.2005 15.7088 2.3
    endloop
  endfacet
  facet normal 0 0 -1
    outer loop
      vertex 12 15.7 2.3
      vertex 12 16.8 2.3
      vertex 12.1046 16.8046 2.3
    endloop
  endfacet
  facet normal 0 0 -1
    outer loop
      vertex 12 15.7 2.3
      vertex 11.8954 16.8046 2.3
      vertex 12 16.8 2.3
    endloop
  endfacet
  facet normal 0 0 -1
    outer loop
      vertex 11.7995 15.7088 2.3
      vertex 11.8954 16.8046 2.3
      vertex 12 15.7 2.3
    endloop
  endfacet
  facet normal 0 0 -1
    outer loop
      vertex 11.7995 15.7088 2.3
      vertex 11.7916 16.8182 2.3
      vertex 11.8954 16.8046 2.3
    endloop
  endfacet
  facet normal 0 0 -1
    outer loop
      vertex 11.6006 15.7349 2.3
      vertex 11.7916 16.8182 2.3
      vertex 11.7995 15.7088 2.3
    endloop
  endfacet
  facet normal -0 0 -1
    outer loop
      vertex 11.7916 16.8182 2.3
      vertex 11.6006 15.7349 2.3
      vertex 11.6894 16.8409 2.3
    endloop
  endfacet
  facet normal 0 0 -1
    outer loop
      vertex 11.4047 15.7784 2.3
      vertex 11.6894 16.8409 2.3
      vertex 11.6006 15.7349 2.3
    endloop
  endfacet
  facet normal -0 0 -1
    outer loop
      vertex 11.6894 16.8409 2.3
      vertex 11.4047 15.7784 2.3
      vertex 11.5896 16.8724 2.3
    endloop
  endfacet
  facet normal 0 0 -1
    outer loop
      vertex 11.2134 15.8387 2.3
      vertex 11.5896 16.8724 2.3
      vertex 11.4047 15.7784 2.3
    endloop
  endfacet
  facet normal -0 0 -1
    outer loop
      vertex 11.5896 16.8724 2.3
      vertex 11.2134 15.8387 2.3
      vertex 11.4929 16.9124 2.3
    endloop
  endfacet
  facet normal 0 0 -1
    outer loop
      vertex 11.028 15.9155 2.3
      vertex 11.4929 16.9124 2.3
      vertex 11.2134 15.8387 2.3
    endloop
  endfacet
  facet normal -0 0 -1
    outer loop
      vertex 11.4929 16.9124 2.3
      vertex 11.028 15.9155 2.3
      vertex 11.4 16.9608 2.3
    endloop
  endfacet
  facet normal 0 0 -1
    outer loop
      vertex 10.85 16.0081 2.3
      vertex 11.4 16.9608 2.3
      vertex 11.028 15.9155 2.3
    endloop
  endfacet
  facet normal -0 0 -1
    outer loop
      vertex 11.4 16.9608 2.3
      vertex 10.85 16.0081 2.3
      vertex 11.3117 17.017 2.3
    endloop
  endfacet
  facet normal 0 0 -1
    outer loop
      vertex 10.6808 16.116 2.3
      vertex 11.3117 17.017 2.3
      vertex 10.85 16.0081 2.3
    endloop
  endfacet
  facet normal -0 0 -1
    outer loop
      vertex 11.3117 17.017 2.3
      vertex 10.6808 16.116 2.3
      vertex 11.2287 17.0807 2.3
    endloop
  endfacet
  facet normal 0 0 -1
    outer loop
      vertex 10.5216 16.2381 2.3
      vertex 11.2287 17.0807 2.3
      vertex 10.6808 16.116 2.3
    endloop
  endfacet
  facet normal -0 0 -1
    outer loop
      vertex 11.2287 17.0807 2.3
      vertex 10.5216 16.2381 2.3
      vertex 11.1515 17.1515 2.3
    endloop
  endfacet
  facet normal 0 0 -1
    outer loop
      vertex 10.3737 16.3737 2.3
      vertex 11.1515 17.1515 2.3
      vertex 10.5216 16.2381 2.3
    endloop
  endfacet
  facet normal -0 0 -1
    outer loop
      vertex 11.1515 17.1515 2.3
      vertex 10.3737 16.3737 2.3
      vertex 11.0807 17.2287 2.3
    endloop
  endfacet
  facet normal 0 0 -1
    outer loop
      vertex 10.2381 16.5216 2.3
      vertex 11.0807 17.2287 2.3
      vertex 10.3737 16.3737 2.3
    endloop
  endfacet
  facet normal -0 0 -1
    outer loop
      vertex 11.0807 17.2287 2.3
      vertex 10.2381 16.5216 2.3
      vertex 11.017 17.3117 2.3
    endloop
  endfacet
  facet normal 0 0 -1
    outer loop
      vertex 10.116 16.6808 2.3
      vertex 11.017 17.3117 2.3
      vertex 10.2381 16.5216 2.3
    endloop
  endfacet
  facet normal -0 0 -1
    outer loop
      vertex 11.017 17.3117 2.3
      vertex 10.116 16.6808 2.3
      vertex 10.9608 17.4 2.3
    endloop
  endfacet
  facet normal 0 0 -1
    outer loop
      vertex 10.0081 16.85 2.3
      vertex 10.9608 17.4 2.3
      vertex 10.116 16.6808 2.3
    endloop
  endfacet
  facet normal -0 0 -1
    outer loop
      vertex 10.9608 17.4 2.3
      vertex 10.0081 16.85 2.3
      vertex 10.9124 17.4929 2.3
    endloop
  endfacet
  facet normal 0 0 -1
    outer loop
      vertex 13.0392 18.6 2.3
      vertex 13.9919 19.15 2.3
      vertex 13.0876 18.5071 2.3
    endloop
  endfacet
  facet normal -0 0 -1
    outer loop
      vertex 13.9919 19.15 2.3
      vertex 13.0392 18.6 2.3
      vertex 13.884 19.3192 2.3
    endloop
  endfacet
  facet normal 0 0 -1
    outer loop
      vertex 12.983 18.6883 2.3
      vertex 13.884 19.3192 2.3
      vertex 13.0392 18.6 2.3
    endloop
  endfacet
  facet normal -0 0 -1
    outer loop
      vertex 13.884 19.3192 2.3
      vertex 12.983 18.6883 2.3
      vertex 13.7619 19.4784 2.3
    endloop
  endfacet
  facet normal 0 0 -1
    outer loop
      vertex 12.9193 18.7713 2.3
      vertex 13.7619 19.4784 2.3
      vertex 12.983 18.6883 2.3
    endloop
  endfacet
  facet normal -0 0 -1
    outer loop
      vertex 13.7619 19.4784 2.3
      vertex 12.9193 18.7713 2.3
      vertex 13.6263 19.6263 2.3
    endloop
  endfacet
  facet normal 0 0 -1
    outer loop
      vertex 12.8485 18.8485 2.3
      vertex 13.6263 19.6263 2.3
      vertex 12.9193 18.7713 2.3
    endloop
  endfacet
  facet normal -0 0 -1
    outer loop
      vertex 13.6263 19.6263 2.3
      vertex 12.8485 18.8485 2.3
      vertex 13.4784 19.7619 2.3
    endloop
  endfacet
  facet normal 0 0 -1
    outer loop
      vertex 12.7713 18.9193 2.3
      vertex 13.4784 19.7619 2.3
      vertex 12.8485 18.8485 2.3
    endloop
  endfacet
  facet normal -0 0 -1
    outer loop
      vertex 13.4784 19.7619 2.3
      vertex 12.7713 18.9193 2.3
      vertex 13.3192 19.884 2.3
    endloop
  endfacet
  facet normal 0 0 -1
    outer loop
      vertex 12.6883 18.983 2.3
      vertex 13.3192 19.884 2.3
      vertex 12.7713 18.9193 2.3
    endloop
  endfacet
  facet normal -0 0 -1
    outer loop
      vertex 13.3192 19.884 2.3
      vertex 12.6883 18.983 2.3
      vertex 13.15 19.9919 2.3
    endloop
  endfacet
  facet normal 0 0 -1
    outer loop
      vertex 12.6 19.0392 2.3
      vertex 13.15 19.9919 2.3
      vertex 12.6883 18.983 2.3
    endloop
  endfacet
  facet normal -0 0 -1
    outer loop
      vertex 13.15 19.9919 2.3
      vertex 12.6 19.0392 2.3
      vertex 12.972 20.0845 2.3
    endloop
  endfacet
  facet normal 0 0 -1
    outer loop
      vertex 12.5071 19.0876 2.3
      vertex 12.972 20.0845 2.3
      vertex 12.6 19.0392 2.3
    endloop
  endfacet
  facet normal -0 0 -1
    outer loop
      vertex 12.972 20.0845 2.3
      vertex 12.5071 19.0876 2.3
      vertex 12.7866 20.1613 2.3
    endloop
  endfacet
  facet normal 0 0 -1
    outer loop
      vertex 12.4104 19.1276 2.3
      vertex 12.7866 20.1613 2.3
      vertex 12.5071 19.0876 2.3
    endloop
  endfacet
  facet normal -0 0 -1
    outer loop
      vertex 12.7866 20.1613 2.3
      vertex 12.4104 19.1276 2.3
      vertex 12.5953 20.2216 2.3
    endloop
  endfacet
  facet normal 0 0 -1
    outer loop
      vertex 12.3106 19.1591 2.3
      vertex 12.5953 20.2216 2.3
      vertex 12.4104 19.1276 2.3
    endloop
  endfacet
  facet normal -0 0 -1
    outer loop
      vertex 12.5953 20.2216 2.3
      vertex 12.3106 19.1591 2.3
      vertex 12.3994 20.2651 2.3
    endloop
  endfacet
  facet normal 0 0 -1
    outer loop
      vertex 12.2084 19.1818 2.3
      vertex 12.3994 20.2651 2.3
      vertex 12.3106 19.1591 2.3
    endloop
  endfacet
  facet normal 0 0 -1
    outer loop
      vertex 12.2084 19.1818 2.3
      vertex 12.2005 20.2912 2.3
      vertex 12.3994 20.2651 2.3
    endloop
  endfacet
  facet normal 0 0 -1
    outer loop
      vertex 12.1046 19.1954 2.3
      vertex 12.2005 20.2912 2.3
      vertex 12.2084 19.1818 2.3
    endloop
  endfacet
  facet normal 0 0 -1
    outer loop
      vertex 12 19.2 2.3
      vertex 12.2005 20.2912 2.3
      vertex 12.1046 19.1954 2.3
    endloop
  endfacet
  facet normal 0 0 -1
    outer loop
      vertex 12 19.2 2.3
      vertex 12 20.3 2.3
      vertex 12.2005 20.2912 2.3
    endloop
  endfacet
  facet normal 0 0 -1
    outer loop
      vertex 11.8954 19.1954 2.3
      vertex 12 20.3 2.3
      vertex 12 19.2 2.3
    endloop
  endfacet
  facet normal 0 0 -1
    outer loop
      vertex 11.8954 19.1954 2.3
      vertex 11.7995 20.2912 2.3
      vertex 12 20.3 2.3
    endloop
  endfacet
  facet normal 0 0 -1
    outer loop
      vertex 11.7916 19.1818 2.3
      vertex 11.7995 20.2912 2.3
      vertex 11.8954 19.1954 2.3
    endloop
  endfacet
  facet normal 0 0 -1
    outer loop
      vertex 11.6006 20.2651 2.3
      vertex 11.7916 19.1818 2.3
      vertex 11.6894 19.1591 2.3
    endloop
  endfacet
  facet normal 0 0 -1
    outer loop
      vertex 11.7916 19.1818 2.3
      vertex 11.6006 20.2651 2.3
      vertex 11.7995 20.2912 2.3
    endloop
  endfacet
  facet normal 0 0 -1
    outer loop
      vertex 11.4047 20.2216 2.3
      vertex 11.6894 19.1591 2.3
      vertex 11.5896 19.1276 2.3
    endloop
  endfacet
  facet normal 0 0 -1
    outer loop
      vertex 11.2134 20.1613 2.3
      vertex 11.5896 19.1276 2.3
      vertex 11.4929 19.0876 2.3
    endloop
  endfacet
  facet normal 0 0 -1
    outer loop
      vertex 11.6894 19.1591 2.3
      vertex 11.4047 20.2216 2.3
      vertex 11.6006 20.2651 2.3
    endloop
  endfacet
  facet normal 0 0 -1
    outer loop
      vertex 11.028 20.0845 2.3
      vertex 11.4929 19.0876 2.3
      vertex 11.4 19.0392 2.3
    endloop
  endfacet
  facet normal 0 0 -1
    outer loop
      vertex 10.85 19.9919 2.3
      vertex 11.4 19.0392 2.3
      vertex 11.3117 18.983 2.3
    endloop
  endfacet
  facet normal 0 0 -1
    outer loop
      vertex 10.6808 19.884 2.3
      vertex 11.3117 18.983 2.3
      vertex 11.2287 18.9193 2.3
    endloop
  endfacet
  facet normal 0 0 -1
    outer loop
      vertex 11.5896 19.1276 2.3
      vertex 11.2134 20.1613 2.3
      vertex 11.4047 20.2216 2.3
    endloop
  endfacet
  facet normal 0 0 -1
    outer loop
      vertex 10.5216 19.7619 2.3
      vertex 11.2287 18.9193 2.3
      vertex 11.1515 18.8485 2.3
    endloop
  endfacet
  facet normal 0 0 -1
    outer loop
      vertex 10.3737 19.6263 2.3
      vertex 11.1515 18.8485 2.3
      vertex 11.0807 18.7713 2.3
    endloop
  endfacet
  facet normal 0 0 -1
    outer loop
      vertex 11.4929 19.0876 2.3
      vertex 11.028 20.0845 2.3
      vertex 11.2134 20.1613 2.3
    endloop
  endfacet
  facet normal 0 0 -1
    outer loop
      vertex 10.2381 19.4784 2.3
      vertex 11.0807 18.7713 2.3
      vertex 11.017 18.6883 2.3
    endloop
  endfacet
  facet normal 0 0 -1
    outer loop
      vertex 10.116 19.3192 2.3
      vertex 11.017 18.6883 2.3
      vertex 10.9608 18.6 2.3
    endloop
  endfacet
  facet normal 0 0 -1
    outer loop
      vertex 10.0081 19.15 2.3
      vertex 10.9608 18.6 2.3
      vertex 10.9124 18.5071 2.3
    endloop
  endfacet
  facet normal 0 0 -1
    outer loop
      vertex 9.91549 18.972 2.3
      vertex 10.9124 18.5071 2.3
      vertex 10.8724 18.4104 2.3
    endloop
  endfacet
  facet normal 0 0 -1
    outer loop
      vertex 11.4 19.0392 2.3
      vertex 10.85 19.9919 2.3
      vertex 11.028 20.0845 2.3
    endloop
  endfacet
  facet normal 0 0 -1
    outer loop
      vertex 9.83871 18.7866 2.3
      vertex 10.8724 18.4104 2.3
      vertex 10.8409 18.3106 2.3
    endloop
  endfacet
  facet normal 0 0 -1
    outer loop
      vertex 9.77837 18.5953 2.3
      vertex 10.8409 18.3106 2.3
      vertex 10.8182 18.2084 2.3
    endloop
  endfacet
  facet normal 0 0 -1
    outer loop
      vertex 9.73494 18.3994 2.3
      vertex 10.8182 18.2084 2.3
      vertex 10.8046 18.1046 2.3
    endloop
  endfacet
  facet normal 0 0 -1
    outer loop
      vertex 9.70875 18.2005 2.3
      vertex 10.8046 18.1046 2.3
      vertex 10.8 18 2.3
    endloop
  endfacet
  facet normal 0 0 -1
    outer loop
      vertex 9.91549 17.028 2.3
      vertex 10.9124 17.4929 2.3
      vertex 10.0081 16.85 2.3
    endloop
  endfacet
  facet normal 0 0 -1
    outer loop
      vertex 11.3117 18.983 2.3
      vertex 10.6808 19.884 2.3
      vertex 10.85 19.9919 2.3
    endloop
  endfacet
  facet normal -0 0 -1
    outer loop
      vertex 10.9124 17.4929 2.3
      vertex 9.91549 17.028 2.3
      vertex 10.8724 17.5896 2.3
    endloop
  endfacet
  facet normal 0 0 -1
    outer loop
      vertex 11.2287 18.9193 2.3
      vertex 10.5216 19.7619 2.3
      vertex 10.6808 19.884 2.3
    endloop
  endfacet
  facet normal 0 0 -1
    outer loop
      vertex 9.83871 17.2134 2.3
      vertex 10.8724 17.5896 2.3
      vertex 9.91549 17.028 2.3
    endloop
  endfacet
  facet normal 0 0 -1
    outer loop
      vertex 11.1515 18.8485 2.3
      vertex 10.3737 19.6263 2.3
      vertex 10.5216 19.7619 2.3
    endloop
  endfacet
  facet normal -0 0 -1
    outer loop
      vertex 10.8724 17.5896 2.3
      vertex 9.83871 17.2134 2.3
      vertex 10.8409 17.6894 2.3
    endloop
  endfacet
  facet normal 0 0 -1
    outer loop
      vertex 11.0807 18.7713 2.3
      vertex 10.2381 19.4784 2.3
      vertex 10.3737 19.6263 2.3
    endloop
  endfacet
  facet normal 0 0 -1
    outer loop
      vertex 9.77837 17.4047 2.3
      vertex 10.8409 17.6894 2.3
      vertex 9.83871 17.2134 2.3
    endloop
  endfacet
  facet normal 0 0 -1
    outer loop
      vertex 11.017 18.6883 2.3
      vertex 10.116 19.3192 2.3
      vertex 10.2381 19.4784 2.3
    endloop
  endfacet
  facet normal -0 0 -1
    outer loop
      vertex 10.8409 17.6894 2.3
      vertex 9.77837 17.4047 2.3
      vertex 10.8182 17.7916 2.3
    endloop
  endfacet
  facet normal 0 0 -1
    outer loop
      vertex 10.9608 18.6 2.3
      vertex 10.0081 19.15 2.3
      vertex 10.116 19.3192 2.3
    endloop
  endfacet
  facet normal 0 0 -1
    outer loop
      vertex 9.73494 17.6006 2.3
      vertex 10.8182 17.7916 2.3
      vertex 9.77837 17.4047 2.3
    endloop
  endfacet
  facet normal 0 0 -1
    outer loop
      vertex 10.9124 18.5071 2.3
      vertex 9.91549 18.972 2.3
      vertex 10.0081 19.15 2.3
    endloop
  endfacet
  facet normal -0 0 -1
    outer loop
      vertex 10.8182 17.7916 2.3
      vertex 9.73494 17.6006 2.3
      vertex 10.8046 17.8954 2.3
    endloop
  endfacet
  facet normal 0 0 -1
    outer loop
      vertex 10.8724 18.4104 2.3
      vertex 9.83871 18.7866 2.3
      vertex 9.91549 18.972 2.3
    endloop
  endfacet
  facet normal 0 0 -1
    outer loop
      vertex 9.70875 17.7995 2.3
      vertex 10.8046 17.8954 2.3
      vertex 9.73494 17.6006 2.3
    endloop
  endfacet
  facet normal 0 0 -1
    outer loop
      vertex 10.8409 18.3106 2.3
      vertex 9.77837 18.5953 2.3
      vertex 9.83871 18.7866 2.3
    endloop
  endfacet
  facet normal -0 0 -1
    outer loop
      vertex 10.8046 17.8954 2.3
      vertex 9.70875 17.7995 2.3
      vertex 10.8 18 2.3
    endloop
  endfacet
  facet normal 0 0 -1
    outer loop
      vertex 10.8182 18.2084 2.3
      vertex 9.73494 18.3994 2.3
      vertex 9.77837 18.5953 2.3
    endloop
  endfacet
  facet normal 0 0 -1
    outer loop
      vertex 9.7 18 2.3
      vertex 10.8 18 2.3
      vertex 9.70875 17.7995 2.3
    endloop
  endfacet
  facet normal 0 0 -1
    outer loop
      vertex 10.8046 18.1046 2.3
      vertex 9.70875 18.2005 2.3
      vertex 9.73494 18.3994 2.3
    endloop
  endfacet
  facet normal 0 0 -1
    outer loop
      vertex 10.8 18 2.3
      vertex 9.7 18 2.3
      vertex 9.70875 18.2005 2.3
    endloop
  endfacet
  facet normal -0.130106 -0.9915 0
    outer loop
      vertex 12.2005 20.2912 0
      vertex 12.3994 20.2651 2.3
      vertex 12.2005 20.2912 2.3
    endloop
  endfacet
  facet normal -0.130106 -0.9915 -0
    outer loop
      vertex 12.3994 20.2651 2.3
      vertex 12.2005 20.2912 0
      vertex 12.3994 20.2651 0
    endloop
  endfacet
  facet normal 0.843148 -0.537681 0
    outer loop
      vertex 10.0081 19.15 2.3
      vertex 10.116 19.3192 0
      vertex 10.116 19.3192 2.3
    endloop
  endfacet
  facet normal 0.843148 -0.537681 0
    outer loop
      vertex 10.116 19.3192 0
      vertex 10.0081 19.15 2.3
      vertex 10.0081 19.15 0
    endloop
  endfacet
  facet normal -0.953741 -0.30063 0
    outer loop
      vertex 14.2216 18.5953 0
      vertex 14.1613 18.7866 2.3
      vertex 14.1613 18.7866 0
    endloop
  endfacet
  facet normal -0.953741 -0.30063 0
    outer loop
      vertex 14.1613 18.7866 2.3
      vertex 14.2216 18.5953 0
      vertex 14.2216 18.5953 2.3
    endloop
  endfacet
  facet normal 0.675792 0.737092 -0
    outer loop
      vertex 10.5216 16.2381 0
      vertex 10.3737 16.3737 2.3
      vertex 10.5216 16.2381 2.3
    endloop
  endfacet
  facet normal 0.675792 0.737092 0
    outer loop
      vertex 10.3737 16.3737 2.3
      vertex 10.5216 16.2381 0
      vertex 10.3737 16.3737 0
    endloop
  endfacet
  facet normal -0.675792 0.737092 0
    outer loop
      vertex 13.6263 16.3737 0
      vertex 13.4784 16.2381 2.3
      vertex 13.6263 16.3737 2.3
    endloop
  endfacet
  facet normal -0.675792 0.737092 0
    outer loop
      vertex 13.4784 16.2381 2.3
      vertex 13.6263 16.3737 0
      vertex 13.4784 16.2381 0
    endloop
  endfacet
  facet normal 0.216772 0.976222 -0
    outer loop
      vertex 11.6006 15.7349 0
      vertex 11.4047 15.7784 2.3
      vertex 11.6006 15.7349 2.3
    endloop
  endfacet
  facet normal 0.216772 0.976222 0
    outer loop
      vertex 11.4047 15.7784 2.3
      vertex 11.6006 15.7349 0
      vertex 11.4047 15.7784 0
    endloop
  endfacet
  facet normal 0.991442 -0.130547 0
    outer loop
      vertex 9.70875 18.2005 2.3
      vertex 9.73494 18.3994 0
      vertex 9.73494 18.3994 2.3
    endloop
  endfacet
  facet normal 0.991442 -0.130547 0
    outer loop
      vertex 9.73494 18.3994 0
      vertex 9.70875 18.2005 2.3
      vertex 9.70875 18.2005 0
    endloop
  endfacet
  facet normal -0.737092 0.675792 0
    outer loop
      vertex 13.6263 16.3737 0
      vertex 13.7619 16.5216 2.3
      vertex 13.7619 16.5216 0
    endloop
  endfacet
  facet normal -0.737092 0.675792 0
    outer loop
      vertex 13.7619 16.5216 2.3
      vertex 13.6263 16.3737 0
      vertex 13.6263 16.3737 2.3
    endloop
  endfacet
  facet normal 0.46151 0.887135 -0
    outer loop
      vertex 11.028 15.9155 0
      vertex 10.85 16.0081 2.3
      vertex 11.028 15.9155 2.3
    endloop
  endfacet
  facet normal 0.46151 0.887135 0
    outer loop
      vertex 10.85 16.0081 2.3
      vertex 11.028 15.9155 0
      vertex 10.85 16.0081 0
    endloop
  endfacet
  facet normal 0.923906 -0.382619 0
    outer loop
      vertex 9.83871 18.7866 2.3
      vertex 9.91549 18.972 0
      vertex 9.91549 18.972 2.3
    endloop
  endfacet
  facet normal 0.923906 -0.382619 0
    outer loop
      vertex 9.91549 18.972 0
      vertex 9.83871 18.7866 2.3
      vertex 9.83871 18.7866 0
    endloop
  endfacet
  facet normal 0.843148 0.537681 0
    outer loop
      vertex 10.116 16.6808 2.3
      vertex 10.0081 16.85 0
      vertex 10.0081 16.85 2.3
    endloop
  endfacet
  facet normal 0.843148 0.537681 0
    outer loop
      vertex 10.0081 16.85 0
      vertex 10.116 16.6808 2.3
      vertex 10.116 16.6808 0
    endloop
  endfacet
  facet normal 0.382704 0.923871 -0
    outer loop
      vertex 11.2134 15.8387 0
      vertex 11.028 15.9155 2.3
      vertex 11.2134 15.8387 2.3
    endloop
  endfacet
  facet normal 0.382704 0.923871 0
    outer loop
      vertex 11.028 15.9155 2.3
      vertex 11.2134 15.8387 0
      vertex 11.028 15.9155 0
    endloop
  endfacet
  facet normal -0.30063 0.953741 0
    outer loop
      vertex 12.7866 15.8387 0
      vertex 12.5953 15.7784 2.3
      vertex 12.7866 15.8387 2.3
    endloop
  endfacet
  facet normal -0.30063 0.953741 0
    outer loop
      vertex 12.5953 15.7784 2.3
      vertex 12.7866 15.8387 0
      vertex 12.5953 15.7784 0
    endloop
  endfacet
  facet normal 0.923906 0.382619 0
    outer loop
      vertex 9.91549 17.028 2.3
      vertex 9.83871 17.2134 0
      vertex 9.83871 17.2134 2.3
    endloop
  endfacet
  facet normal 0.923906 0.382619 0
    outer loop
      vertex 9.83871 17.2134 0
      vertex 9.91549 17.028 2.3
      vertex 9.91549 17.028 0
    endloop
  endfacet
  facet normal 0.887115 0.461549 0
    outer loop
      vertex 10.0081 16.85 2.3
      vertex 9.91549 17.028 0
      vertex 9.91549 17.028 2.3
    endloop
  endfacet
  facet normal 0.887115 0.461549 0
    outer loop
      vertex 9.91549 17.028 0
      vertex 10.0081 16.85 2.3
      vertex 10.0081 16.85 0
    endloop
  endfacet
endsolid OpenSCAD_Model
