solid OpenSCAD_Model
  facet normal 0.991451 0.13048 0
    outer loop
      vertex -8.51332 -17.695 57.6
      vertex -8.55317 -17.3922 1.6
      vertex -8.55317 -17.3922 57.6
    endloop
  endfacet
  facet normal 0.991451 0.13048 0
    outer loop
      vertex -8.55317 -17.3922 1.6
      vertex -8.51332 -17.695 57.6
      vertex -8.51332 -17.695 1.6
    endloop
  endfacet
  facet normal 0.999048 0.0436305 0
    outer loop
      vertex -8.5 -18 57.6
      vertex -8.51332 -17.695 1.6
      vertex -8.51332 -17.695 57.6
    endloop
  endfacet
  facet normal 0.999048 0.0436305 0
    outer loop
      vertex -8.51332 -17.695 1.6
      vertex -8.5 -18 57.6
      vertex -8.5 -18 1.6
    endloop
  endfacet
  facet normal 0.976294 0.216448 0
    outer loop
      vertex -8.55317 -17.3922 57.6
      vertex -8.61926 -17.0941 1.6
      vertex -8.61926 -17.0941 57.6
    endloop
  endfacet
  facet normal 0.976294 0.216448 0
    outer loop
      vertex -8.61926 -17.0941 1.6
      vertex -8.55317 -17.3922 57.6
      vertex -8.55317 -17.3922 1.6
    endloop
  endfacet
  facet normal -0.737222 0.67565 0
    outer loop
      vertex -14.6812 -15.7502 2.72494
      vertex -14.4749 -15.5251 57.6
      vertex -14.4749 -15.5251 2.51797
    endloop
  endfacet
  facet normal -0.737222 0.67565 0
    outer loop
      vertex -14.4749 -15.5251 57.6
      vertex -14.6812 -15.7502 2.72494
      vertex -14.6812 -15.7502 57.6
    endloop
  endfacet
  facet normal 0 0 1
    outer loop
      vertex -10.8 -18 57.6
      vertex -8.5 -18 57.6
      vertex -8.51332 -17.695 57.6
    endloop
  endfacet
  facet normal 0 0 1
    outer loop
      vertex -10.8046 -17.8954 57.6
      vertex -8.51332 -17.695 57.6
      vertex -8.55317 -17.3922 57.6
    endloop
  endfacet
  facet normal 0 0 1
    outer loop
      vertex -8.5 -18 57.6
      vertex -10.8 -18 57.6
      vertex -8.51332 -18.305 57.6
    endloop
  endfacet
  facet normal 0 0 1
    outer loop
      vertex -10.8182 -17.7916 57.6
      vertex -8.55317 -17.3922 57.6
      vertex -8.61926 -17.0941 57.6
    endloop
  endfacet
  facet normal -0 0 1
    outer loop
      vertex -10.8046 -18.1046 57.6
      vertex -8.51332 -18.305 57.6
      vertex -10.8 -18 57.6
    endloop
  endfacet
  facet normal 0 0 1
    outer loop
      vertex -10.8409 -17.6894 57.6
      vertex -8.61926 -17.0941 57.6
      vertex -8.71108 -16.8029 57.6
    endloop
  endfacet
  facet normal 0 0 1
    outer loop
      vertex -8.51332 -18.305 57.6
      vertex -10.8046 -18.1046 57.6
      vertex -8.55317 -18.6078 57.6
    endloop
  endfacet
  facet normal 0 0 1
    outer loop
      vertex -10.8724 -17.5896 57.6
      vertex -8.71108 -16.8029 57.6
      vertex -8.82792 -16.5208 57.6
    endloop
  endfacet
  facet normal -0 0 1
    outer loop
      vertex -10.8182 -18.2084 57.6
      vertex -8.55317 -18.6078 57.6
      vertex -10.8046 -18.1046 57.6
    endloop
  endfacet
  facet normal 0 0 1
    outer loop
      vertex -10.9124 -17.4929 57.6
      vertex -8.82792 -16.5208 57.6
      vertex -8.96891 -16.25 57.6
    endloop
  endfacet
  facet normal 0 0 1
    outer loop
      vertex -8.55317 -18.6078 57.6
      vertex -10.8182 -18.2084 57.6
      vertex -8.61926 -18.9059 57.6
    endloop
  endfacet
  facet normal 0 0 1
    outer loop
      vertex -10.9608 -17.4 57.6
      vertex -8.96891 -16.25 57.6
      vertex -9.13297 -15.9925 57.6
    endloop
  endfacet
  facet normal -0 0 1
    outer loop
      vertex -10.8409 -18.3106 57.6
      vertex -8.61926 -18.9059 57.6
      vertex -10.8182 -18.2084 57.6
    endloop
  endfacet
  facet normal 0 0 1
    outer loop
      vertex -11.017 -17.3117 57.6
      vertex -9.13297 -15.9925 57.6
      vertex -9.31884 -15.7502 57.6
    endloop
  endfacet
  facet normal 0 0 1
    outer loop
      vertex -8.61926 -18.9059 57.6
      vertex -10.8409 -18.3106 57.6
      vertex -8.71108 -19.1971 57.6
    endloop
  endfacet
  facet normal -0 0 1
    outer loop
      vertex -10.8724 -18.4104 57.6
      vertex -8.71108 -19.1971 57.6
      vertex -10.8409 -18.3106 57.6
    endloop
  endfacet
  facet normal 0 0 1
    outer loop
      vertex -11.0807 -17.2287 57.6
      vertex -9.31884 -15.7502 57.6
      vertex -9.52513 -15.5251 57.6
    endloop
  endfacet
  facet normal 0 0 1
    outer loop
      vertex 10.8724 -17.5896 57.6
      vertex 8.71108 -16.8029 57.6
      vertex 10.8409 -17.6894 57.6
    endloop
  endfacet
  facet normal -0 0 1
    outer loop
      vertex 8.61926 -17.0941 57.6
      vertex 10.8409 -17.6894 57.6
      vertex 8.71108 -16.8029 57.6
    endloop
  endfacet
  facet normal 0 -0 1
    outer loop
      vertex 9.31884 -20.2498 57.6
      vertex 10.8 -18 57.6
      vertex 9.13297 -20.0075 57.6
    endloop
  endfacet
  facet normal 0 0 1
    outer loop
      vertex 10.8 -18 57.6
      vertex 9.31884 -20.2498 57.6
      vertex 9.41069 -20.35 57.6
    endloop
  endfacet
  facet normal 0 0 1
    outer loop
      vertex 10.8409 -17.6894 57.6
      vertex 8.61926 -17.0941 57.6
      vertex 10.8182 -17.7916 57.6
    endloop
  endfacet
  facet normal 0 0 1
    outer loop
      vertex 10.8 -18 57.6
      vertex 8.96891 -19.75 57.6
      vertex 9.13297 -20.0075 57.6
    endloop
  endfacet
  facet normal -0 0 1
    outer loop
      vertex 8.55317 -17.3922 57.6
      vertex 10.8182 -17.7916 57.6
      vertex 8.61926 -17.0941 57.6
    endloop
  endfacet
  facet normal 0 0 1
    outer loop
      vertex 10.8 -18 57.6
      vertex 8.82792 -19.4792 57.6
      vertex 8.96891 -19.75 57.6
    endloop
  endfacet
  facet normal 0 0 1
    outer loop
      vertex 10.8182 -17.7916 57.6
      vertex 8.55317 -17.3922 57.6
      vertex 10.8046 -17.8954 57.6
    endloop
  endfacet
  facet normal 0 0 1
    outer loop
      vertex 10.8 -18 57.6
      vertex 8.71108 -19.1971 57.6
      vertex 8.82792 -19.4792 57.6
    endloop
  endfacet
  facet normal -0 0 1
    outer loop
      vertex 8.51332 -17.695 57.6
      vertex 10.8046 -17.8954 57.6
      vertex 8.55317 -17.3922 57.6
    endloop
  endfacet
  facet normal 0 0 1
    outer loop
      vertex 10.8 -18 57.6
      vertex 8.61926 -18.9059 57.6
      vertex 8.71108 -19.1971 57.6
    endloop
  endfacet
  facet normal 0 0 1
    outer loop
      vertex 10.8046 -17.8954 57.6
      vertex 8.51332 -17.695 57.6
      vertex 10.8 -18 57.6
    endloop
  endfacet
  facet normal 0 0 1
    outer loop
      vertex 10.8 -18 57.6
      vertex 8.55317 -18.6078 57.6
      vertex 8.61926 -18.9059 57.6
    endloop
  endfacet
  facet normal 0 0 1
    outer loop
      vertex 8.5 -18 57.6
      vertex 10.8 -18 57.6
      vertex 8.51332 -17.695 57.6
    endloop
  endfacet
  facet normal 0 0 1
    outer loop
      vertex 10.8 -18 57.6
      vertex 8.51332 -18.305 57.6
      vertex 8.55317 -18.6078 57.6
    endloop
  endfacet
  facet normal 0 0 1
    outer loop
      vertex 10.8 -18 57.6
      vertex 8.5 -18 57.6
      vertex 8.51332 -18.305 57.6
    endloop
  endfacet
  facet normal 0 0 1
    outer loop
      vertex 10.8724 18.4104 57.6
      vertex 8.71108 19.1971 57.6
      vertex 10.8409 18.3106 57.6
    endloop
  endfacet
  facet normal 0 0 1
    outer loop
      vertex 10.8 18 57.6
      vertex 9.31884 15.7502 57.6
      vertex 9.52513 15.5251 57.6
    endloop
  endfacet
  facet normal -0 0 1
    outer loop
      vertex 8.61926 18.9059 57.6
      vertex 10.8409 18.3106 57.6
      vertex 8.71108 19.1971 57.6
    endloop
  endfacet
  facet normal 0 0 1
    outer loop
      vertex 10.8 18 57.6
      vertex 9.13297 15.9925 57.6
      vertex 9.31884 15.7502 57.6
    endloop
  endfacet
  facet normal 0 0 1
    outer loop
      vertex 10.8409 18.3106 57.6
      vertex 8.61926 18.9059 57.6
      vertex 10.8182 18.2084 57.6
    endloop
  endfacet
  facet normal 0 0 1
    outer loop
      vertex 10.8 18 57.6
      vertex 8.96891 16.25 57.6
      vertex 9.13297 15.9925 57.6
    endloop
  endfacet
  facet normal -0 0 1
    outer loop
      vertex 8.55317 18.6078 57.6
      vertex 10.8182 18.2084 57.6
      vertex 8.61926 18.9059 57.6
    endloop
  endfacet
  facet normal 0 0 1
    outer loop
      vertex 10.8 18 57.6
      vertex 8.82792 16.5208 57.6
      vertex 8.96891 16.25 57.6
    endloop
  endfacet
  facet normal 0 0 1
    outer loop
      vertex 10.8182 18.2084 57.6
      vertex 8.55317 18.6078 57.6
      vertex 10.8046 18.1046 57.6
    endloop
  endfacet
  facet normal 0 0 1
    outer loop
      vertex 10.8 18 57.6
      vertex 8.71108 16.8029 57.6
      vertex 8.82792 16.5208 57.6
    endloop
  endfacet
  facet normal -0 0 1
    outer loop
      vertex 8.51332 18.305 57.6
      vertex 10.8046 18.1046 57.6
      vertex 8.55317 18.6078 57.6
    endloop
  endfacet
  facet normal 0 0 1
    outer loop
      vertex 10.8 18 57.6
      vertex 8.61926 17.0941 57.6
      vertex 8.71108 16.8029 57.6
    endloop
  endfacet
  facet normal 0 0 1
    outer loop
      vertex 10.8046 18.1046 57.6
      vertex 8.51332 18.305 57.6
      vertex 10.8 18 57.6
    endloop
  endfacet
  facet normal 0 0 1
    outer loop
      vertex 10.8 18 57.6
      vertex 8.55317 17.3922 57.6
      vertex 8.61926 17.0941 57.6
    endloop
  endfacet
  facet normal 0 0 1
    outer loop
      vertex 8.5 18 57.6
      vertex 10.8 18 57.6
      vertex 8.51332 18.305 57.6
    endloop
  endfacet
  facet normal 0 0 1
    outer loop
      vertex 10.8 18 57.6
      vertex 8.51332 17.695 57.6
      vertex 8.55317 17.3922 57.6
    endloop
  endfacet
  facet normal 0 0 1
    outer loop
      vertex 10.8 18 57.6
      vertex 8.5 18 57.6
      vertex 8.51332 17.695 57.6
    endloop
  endfacet
  facet normal 0 0 1
    outer loop
      vertex -10.8 18 57.6
      vertex -8.5 18 57.6
      vertex -8.51332 18.305 57.6
    endloop
  endfacet
  facet normal 0 0 1
    outer loop
      vertex -10.8046 18.1046 57.6
      vertex -8.51332 18.305 57.6
      vertex -8.55317 18.6078 57.6
    endloop
  endfacet
  facet normal 0 0 1
    outer loop
      vertex -8.5 18 57.6
      vertex -10.8 18 57.6
      vertex -8.51332 17.695 57.6
    endloop
  endfacet
  facet normal 0 0 1
    outer loop
      vertex -10.8182 18.2084 57.6
      vertex -8.55317 18.6078 57.6
      vertex -8.61926 18.9059 57.6
    endloop
  endfacet
  facet normal -0 0 1
    outer loop
      vertex -10.8046 17.8954 57.6
      vertex -8.51332 17.695 57.6
      vertex -10.8 18 57.6
    endloop
  endfacet
  facet normal 0 0 1
    outer loop
      vertex -10.8409 18.3106 57.6
      vertex -8.61926 18.9059 57.6
      vertex -8.71108 19.1971 57.6
    endloop
  endfacet
  facet normal 0 0 1
    outer loop
      vertex -8.51332 17.695 57.6
      vertex -10.8046 17.8954 57.6
      vertex -8.55317 17.3922 57.6
    endloop
  endfacet
  facet normal 0 0 1
    outer loop
      vertex -10.8724 18.4104 57.6
      vertex -8.71108 19.1971 57.6
      vertex -8.82792 19.4792 57.6
    endloop
  endfacet
  facet normal -0 0 1
    outer loop
      vertex -10.8182 17.7916 57.6
      vertex -8.55317 17.3922 57.6
      vertex -10.8046 17.8954 57.6
    endloop
  endfacet
  facet normal 0 0 1
    outer loop
      vertex -10.9124 18.5071 57.6
      vertex -8.82792 19.4792 57.6
      vertex -8.96891 19.75 57.6
    endloop
  endfacet
  facet normal 0 0 1
    outer loop
      vertex -8.55317 17.3922 57.6
      vertex -10.8182 17.7916 57.6
      vertex -8.61926 17.0941 57.6
    endloop
  endfacet
  facet normal 0 0 1
    outer loop
      vertex -10.9608 18.6 57.6
      vertex -8.96891 19.75 57.6
      vertex -9.13297 20.0075 57.6
    endloop
  endfacet
  facet normal -0 0 1
    outer loop
      vertex -10.8409 17.6894 57.6
      vertex -8.61926 17.0941 57.6
      vertex -10.8182 17.7916 57.6
    endloop
  endfacet
  facet normal 0 0 1
    outer loop
      vertex -11.017 18.6883 57.6
      vertex -9.13297 20.0075 57.6
      vertex -9.31884 20.2498 57.6
    endloop
  endfacet
  facet normal 0 0 1
    outer loop
      vertex -8.61926 17.0941 57.6
      vertex -10.8409 17.6894 57.6
      vertex -8.71108 16.8029 57.6
    endloop
  endfacet
  facet normal 0 0 1
    outer loop
      vertex -11.0807 18.7713 57.6
      vertex -9.31884 20.2498 57.6
      vertex -9.41069 20.35 57.6
    endloop
  endfacet
  facet normal -0 0 1
    outer loop
      vertex -10.8724 17.5896 57.6
      vertex -8.71108 16.8029 57.6
      vertex -10.8409 17.6894 57.6
    endloop
  endfacet
  facet normal 0 0 1
    outer loop
      vertex -8.51332 18.305 57.6
      vertex -10.8046 18.1046 57.6
      vertex -10.8 18 57.6
    endloop
  endfacet
  facet normal 0 0 1
    outer loop
      vertex -8.55317 18.6078 57.6
      vertex -10.8182 18.2084 57.6
      vertex -10.8046 18.1046 57.6
    endloop
  endfacet
  facet normal 0 0 1
    outer loop
      vertex -8.61926 18.9059 57.6
      vertex -10.8409 18.3106 57.6
      vertex -10.8182 18.2084 57.6
    endloop
  endfacet
  facet normal 0 0 1
    outer loop
      vertex -8.71108 19.1971 57.6
      vertex -10.8724 18.4104 57.6
      vertex -10.8409 18.3106 57.6
    endloop
  endfacet
  facet normal 0 0 1
    outer loop
      vertex -8.82792 19.4792 57.6
      vertex -10.9124 18.5071 57.6
      vertex -10.8724 18.4104 57.6
    endloop
  endfacet
  facet normal 0 0 1
    outer loop
      vertex -8.96891 19.75 57.6
      vertex -10.9608 18.6 57.6
      vertex -10.9124 18.5071 57.6
    endloop
  endfacet
  facet normal 0 0 1
    outer loop
      vertex -9.13297 20.0075 57.6
      vertex -11.017 18.6883 57.6
      vertex -10.9608 18.6 57.6
    endloop
  endfacet
  facet normal 0 0 1
    outer loop
      vertex -9.31884 20.2498 57.6
      vertex -11.0807 18.7713 57.6
      vertex -11.017 18.6883 57.6
    endloop
  endfacet
  facet normal 0 0 1
    outer loop
      vertex -9.41069 20.35 57.6
      vertex -11.1515 18.8485 57.6
      vertex -11.0807 18.7713 57.6
    endloop
  endfacet
  facet normal 0 0 1
    outer loop
      vertex -9.41069 20.35 57.6
      vertex -11.2287 18.9193 57.6
      vertex -11.1515 18.8485 57.6
    endloop
  endfacet
  facet normal 0 0 1
    outer loop
      vertex -9.41069 20.35 57.6
      vertex -11.3117 18.983 57.6
      vertex -11.2287 18.9193 57.6
    endloop
  endfacet
  facet normal 0 0 1
    outer loop
      vertex -11.4 19.0392 57.6
      vertex -10.7319 21.1224 57.6
      vertex -11.3589 21.0399 57.6
    endloop
  endfacet
  facet normal 0 0 1
    outer loop
      vertex -10.7319 21.1224 57.6
      vertex -11.4 19.0392 57.6
      vertex -11.3117 18.983 57.6
    endloop
  endfacet
  facet normal 0 0 1
    outer loop
      vertex -11.3589 21.0399 57.6
      vertex -11.4929 19.0876 57.6
      vertex -11.4 19.0392 57.6
    endloop
  endfacet
  facet normal 0 0 1
    outer loop
      vertex -11.3589 21.0399 57.6
      vertex -11.5896 19.1276 57.6
      vertex -11.4929 19.0876 57.6
    endloop
  endfacet
  facet normal 0 0 1
    outer loop
      vertex -11.3589 21.0399 57.6
      vertex -11.6894 19.1591 57.6
      vertex -11.5896 19.1276 57.6
    endloop
  endfacet
  facet normal -0 0 1
    outer loop
      vertex -11.9764 20.903 57.6
      vertex -11.6894 19.1591 57.6
      vertex -11.3589 21.0399 57.6
    endloop
  endfacet
  facet normal 0 0 1
    outer loop
      vertex -11.6894 19.1591 57.6
      vertex -11.9764 20.903 57.6
      vertex -11.7916 19.1818 57.6
    endloop
  endfacet
  facet normal 0 0 1
    outer loop
      vertex -11.7916 19.1818 57.6
      vertex -11.9764 20.903 57.6
      vertex -11.8954 19.1954 57.6
    endloop
  endfacet
  facet normal 0 0 1
    outer loop
      vertex -11.9764 20.903 57.6
      vertex -12 19.2 57.6
      vertex -11.8954 19.1954 57.6
    endloop
  endfacet
  facet normal -0 0 1
    outer loop
      vertex -12.5796 20.7128 57.6
      vertex -12 19.2 57.6
      vertex -11.9764 20.903 57.6
    endloop
  endfacet
  facet normal 0 0 1
    outer loop
      vertex -12 19.2 57.6
      vertex -12.5796 20.7128 57.6
      vertex -12.1046 19.1954 57.6
    endloop
  endfacet
  facet normal 0 0 1
    outer loop
      vertex -12.1046 19.1954 57.6
      vertex -12.5796 20.7128 57.6
      vertex -12.2084 19.1818 57.6
    endloop
  endfacet
  facet normal 0 0 1
    outer loop
      vertex -12.2084 19.1818 57.6
      vertex -12.5796 20.7128 57.6
      vertex -12.3106 19.1591 57.6
    endloop
  endfacet
  facet normal -0 0 1
    outer loop
      vertex -13.164 20.4707 57.6
      vertex -12.3106 19.1591 57.6
      vertex -12.5796 20.7128 57.6
    endloop
  endfacet
  facet normal 0 0 1
    outer loop
      vertex -12.3106 19.1591 57.6
      vertex -13.164 20.4707 57.6
      vertex -12.4104 19.1276 57.6
    endloop
  endfacet
  facet normal 0 0 1
    outer loop
      vertex -12.4104 19.1276 57.6
      vertex -13.164 20.4707 57.6
      vertex -12.5071 19.0876 57.6
    endloop
  endfacet
  facet normal 0 0 1
    outer loop
      vertex -12.5071 19.0876 57.6
      vertex -13.164 20.4707 57.6
      vertex -12.6 19.0392 57.6
    endloop
  endfacet
  facet normal 0 0 1
    outer loop
      vertex -12.6 19.0392 57.6
      vertex -13.164 20.4707 57.6
      vertex -12.6883 18.983 57.6
    endloop
  endfacet
  facet normal -0 0 1
    outer loop
      vertex -13.725 20.1787 57.6
      vertex -12.6883 18.983 57.6
      vertex -13.164 20.4707 57.6
    endloop
  endfacet
  facet normal 0 0 1
    outer loop
      vertex -12.6883 18.983 57.6
      vertex -13.725 20.1787 57.6
      vertex -12.7713 18.9193 57.6
    endloop
  endfacet
  facet normal 0 0 1
    outer loop
      vertex -12.7713 18.9193 57.6
      vertex -13.725 20.1787 57.6
      vertex -12.8485 18.8485 57.6
    endloop
  endfacet
  facet normal 0 0 1
    outer loop
      vertex -12.8485 18.8485 57.6
      vertex -13.725 20.1787 57.6
      vertex -12.9193 18.7713 57.6
    endloop
  endfacet
  facet normal -0 0 1
    outer loop
      vertex -14.2584 19.8389 57.6
      vertex -12.9193 18.7713 57.6
      vertex -13.725 20.1787 57.6
    endloop
  endfacet
  facet normal 0 0 1
    outer loop
      vertex -12.9193 18.7713 57.6
      vertex -14.2584 19.8389 57.6
      vertex -12.983 18.6883 57.6
    endloop
  endfacet
  facet normal 0 0 1
    outer loop
      vertex -12.983 18.6883 57.6
      vertex -14.2584 19.8389 57.6
      vertex -13.0392 18.6 57.6
    endloop
  endfacet
  facet normal 0 0 1
    outer loop
      vertex -13.0392 18.6 57.6
      vertex -14.2584 19.8389 57.6
      vertex -13.0876 18.5071 57.6
    endloop
  endfacet
  facet normal -0 0 1
    outer loop
      vertex -14.7602 19.4538 57.6
      vertex -13.0876 18.5071 57.6
      vertex -14.2584 19.8389 57.6
    endloop
  endfacet
  facet normal 0 0 1
    outer loop
      vertex -13.0876 18.5071 57.6
      vertex -14.7602 19.4538 57.6
      vertex -13.1276 18.4104 57.6
    endloop
  endfacet
  facet normal 0 0 1
    outer loop
      vertex -13.1276 18.4104 57.6
      vertex -14.7602 19.4538 57.6
      vertex -13.1591 18.3106 57.6
    endloop
  endfacet
  facet normal 0 0 1
    outer loop
      vertex -13.1591 18.3106 57.6
      vertex -14.7602 19.4538 57.6
      vertex -13.1818 18.2084 57.6
    endloop
  endfacet
  facet normal -0 0 1
    outer loop
      vertex -15.2265 19.0265 57.6
      vertex -13.1818 18.2084 57.6
      vertex -14.7602 19.4538 57.6
    endloop
  endfacet
  facet normal 0 0 1
    outer loop
      vertex -13.2 18 57.6
      vertex -13.75 14.9689 57.6
      vertex -13.4792 14.8279 57.6
    endloop
  endfacet
  facet normal 0 0 1
    outer loop
      vertex -13.2 18 57.6
      vertex -14.0075 15.133 57.6
      vertex -13.75 14.9689 57.6
    endloop
  endfacet
  facet normal 0 0 1
    outer loop
      vertex -13.2 18 57.6
      vertex -14.2498 15.3188 57.6
      vertex -14.0075 15.133 57.6
    endloop
  endfacet
  facet normal 0 0 1
    outer loop
      vertex -13.1818 18.2084 57.6
      vertex -15.2265 19.0265 57.6
      vertex -13.1954 18.1046 57.6
    endloop
  endfacet
  facet normal 0 0 1
    outer loop
      vertex -13.2 18 57.6
      vertex -14.4749 15.5251 57.6
      vertex -14.2498 15.3188 57.6
    endloop
  endfacet
  facet normal 0 0 1
    outer loop
      vertex -13.2 18 57.6
      vertex -14.6812 15.7502 57.6
      vertex -14.4749 15.5251 57.6
    endloop
  endfacet
  facet normal 0 0 1
    outer loop
      vertex -13.1954 18.1046 57.6
      vertex -15.2265 19.0265 57.6
      vertex -13.2 18 57.6
    endloop
  endfacet
  facet normal 0 0 1
    outer loop
      vertex -13.2 18 57.6
      vertex -14.867 15.9925 57.6
      vertex -14.6812 15.7502 57.6
    endloop
  endfacet
  facet normal 0 0 1
    outer loop
      vertex -13.2 18 57.6
      vertex -15.0311 16.25 57.6
      vertex -14.867 15.9925 57.6
    endloop
  endfacet
  facet normal 0 0 1
    outer loop
      vertex -13.2 18 57.6
      vertex -15.1721 16.5208 57.6
      vertex -15.0311 16.25 57.6
    endloop
  endfacet
  facet normal 0 0 1
    outer loop
      vertex -13.2 18 57.6
      vertex -15.2265 19.0265 57.6
      vertex -15.4586 17.4817 57.6
    endloop
  endfacet
  facet normal 0 0 1
    outer loop
      vertex -13.2 18 57.6
      vertex -15.2889 16.8029 57.6
      vertex -15.1721 16.5208 57.6
    endloop
  endfacet
  facet normal 0 0 1
    outer loop
      vertex -13.2 18 57.6
      vertex -15.3807 17.0941 57.6
      vertex -15.2889 16.8029 57.6
    endloop
  endfacet
  facet normal 0 -0 1
    outer loop
      vertex -15.4468 17.3922 57.6
      vertex -13.2 18 57.6
      vertex -15.4586 17.4817 57.6
    endloop
  endfacet
  facet normal 0 0 1
    outer loop
      vertex -13.2 18 57.6
      vertex -15.4468 17.3922 57.6
      vertex -15.3807 17.0941 57.6
    endloop
  endfacet
  facet normal -0 0 1
    outer loop
      vertex -15.6538 18.5602 57.6
      vertex -15.4586 17.4817 57.6
      vertex -15.2265 19.0265 57.6
    endloop
  endfacet
  facet normal -0 0 1
    outer loop
      vertex -16.0388 18.0584 57.6
      vertex -15.4586 17.4817 57.6
      vertex -15.6538 18.5602 57.6
    endloop
  endfacet
  facet normal -0 0 1
    outer loop
      vertex -16.3787 17.525 57.6
      vertex -15.4586 17.4817 57.6
      vertex -16.0388 18.0584 57.6
    endloop
  endfacet
  facet normal 0 0 1
    outer loop
      vertex -15.4586 17.4817 57.6
      vertex -16.3787 17.525 57.6
      vertex -15.6859 17.125 57.6
    endloop
  endfacet
  facet normal 0 0 1
    outer loop
      vertex -15.6859 17.125 57.6
      vertex -16.3787 17.525 57.6
      vertex -15.9457 16.6259 57.6
    endloop
  endfacet
  facet normal -0 0 1
    outer loop
      vertex -16.6707 16.964 57.6
      vertex -15.9457 16.6259 57.6
      vertex -16.3787 17.525 57.6
    endloop
  endfacet
  facet normal 0 0 1
    outer loop
      vertex -15.9457 16.6259 57.6
      vertex -16.6707 16.964 57.6
      vertex -16.161 16.106 57.6
    endloop
  endfacet
  facet normal -0 0 1
    outer loop
      vertex -16.9128 16.3796 57.6
      vertex -16.161 16.106 57.6
      vertex -16.6707 16.964 57.6
    endloop
  endfacet
  facet normal 0 0 1
    outer loop
      vertex -16.161 16.106 57.6
      vertex -16.9128 16.3796 57.6
      vertex -16.3302 15.5694 57.6
    endloop
  endfacet
  facet normal -0 0 1
    outer loop
      vertex -17.2399 15.1589 57.6
      vertex -16.452 15.02 57.6
      vertex -17.103 15.7764 57.6
    endloop
  endfacet
  facet normal 0 0 1
    outer loop
      vertex -16.3302 15.5694 57.6
      vertex -17.103 15.7764 57.6
      vertex -16.452 15.02 57.6
    endloop
  endfacet
  facet normal -0 0 1
    outer loop
      vertex -17.103 15.7764 57.6
      vertex -16.3302 15.5694 57.6
      vertex -16.9128 16.3796 57.6
    endloop
  endfacet
  facet normal 0 0 1
    outer loop
      vertex -8.82792 -19.4792 57.6
      vertex -10.9124 -18.5071 57.6
      vertex -8.96891 -19.75 57.6
    endloop
  endfacet
  facet normal -0 0 1
    outer loop
      vertex -10.9608 -18.6 57.6
      vertex -8.96891 -19.75 57.6
      vertex -10.9124 -18.5071 57.6
    endloop
  endfacet
  facet normal 0 0 1
    outer loop
      vertex -8.96891 -19.75 57.6
      vertex -10.9608 -18.6 57.6
      vertex -9.13297 -20.0075 57.6
    endloop
  endfacet
  facet normal -0 0 1
    outer loop
      vertex -11.017 -18.6883 57.6
      vertex -9.13297 -20.0075 57.6
      vertex -10.9608 -18.6 57.6
    endloop
  endfacet
  facet normal 0 0 1
    outer loop
      vertex -9.13297 -20.0075 57.6
      vertex -11.017 -18.6883 57.6
      vertex -9.31884 -20.2498 57.6
    endloop
  endfacet
  facet normal -0 0 1
    outer loop
      vertex -11.0807 -18.7713 57.6
      vertex -9.31884 -20.2498 57.6
      vertex -11.017 -18.6883 57.6
    endloop
  endfacet
  facet normal 0 0 1
    outer loop
      vertex -9.31884 -20.2498 57.6
      vertex -11.0807 -18.7713 57.6
      vertex -9.41069 -20.35 57.6
    endloop
  endfacet
  facet normal -0 0 1
    outer loop
      vertex -11.1515 -18.8485 57.6
      vertex -9.41069 -20.35 57.6
      vertex -11.0807 -18.7713 57.6
    endloop
  endfacet
  facet normal -0 0 1
    outer loop
      vertex -11.2287 -18.9193 57.6
      vertex -9.41069 -20.35 57.6
      vertex -11.1515 -18.8485 57.6
    endloop
  endfacet
  facet normal -0 0 1
    outer loop
      vertex -11.3117 -18.983 57.6
      vertex -9.41069 -20.35 57.6
      vertex -11.2287 -18.9193 57.6
    endloop
  endfacet
  facet normal 0 0 1
    outer loop
      vertex -9.41069 -20.35 57.6
      vertex -11.3117 -18.983 57.6
      vertex -10.7319 -21.1224 57.6
    endloop
  endfacet
  facet normal -0 0 1
    outer loop
      vertex -11.4 -19.0392 57.6
      vertex -10.7319 -21.1224 57.6
      vertex -11.3117 -18.983 57.6
    endloop
  endfacet
  facet normal 0 0 1
    outer loop
      vertex -10.7319 -21.1224 57.6
      vertex -11.4 -19.0392 57.6
      vertex -11.3589 -21.0399 57.6
    endloop
  endfacet
  facet normal -0 0 1
    outer loop
      vertex -11.4929 -19.0876 57.6
      vertex -11.3589 -21.0399 57.6
      vertex -11.4 -19.0392 57.6
    endloop
  endfacet
  facet normal -0 0 1
    outer loop
      vertex -11.5896 -19.1276 57.6
      vertex -11.3589 -21.0399 57.6
      vertex -11.4929 -19.0876 57.6
    endloop
  endfacet
  facet normal -0 0 1
    outer loop
      vertex -11.6894 -19.1591 57.6
      vertex -11.3589 -21.0399 57.6
      vertex -11.5896 -19.1276 57.6
    endloop
  endfacet
  facet normal 0 0 1
    outer loop
      vertex -11.9764 -20.903 57.6
      vertex -11.6894 -19.1591 57.6
      vertex -11.7916 -19.1818 57.6
    endloop
  endfacet
  facet normal 0 0 1
    outer loop
      vertex -11.9764 -20.903 57.6
      vertex -11.7916 -19.1818 57.6
      vertex -11.8954 -19.1954 57.6
    endloop
  endfacet
  facet normal 0 0 1
    outer loop
      vertex -11.6894 -19.1591 57.6
      vertex -11.9764 -20.903 57.6
      vertex -11.3589 -21.0399 57.6
    endloop
  endfacet
  facet normal -0 0 1
    outer loop
      vertex -12 -19.2 57.6
      vertex -11.9764 -20.903 57.6
      vertex -11.8954 -19.1954 57.6
    endloop
  endfacet
  facet normal 0 0 1
    outer loop
      vertex -12.5796 -20.7128 57.6
      vertex -12 -19.2 57.6
      vertex -12.1046 -19.1954 57.6
    endloop
  endfacet
  facet normal 0 0 1
    outer loop
      vertex -12.5796 -20.7128 57.6
      vertex -12.1046 -19.1954 57.6
      vertex -12.2084 -19.1818 57.6
    endloop
  endfacet
  facet normal 0 0 1
    outer loop
      vertex -12.5796 -20.7128 57.6
      vertex -12.2084 -19.1818 57.6
      vertex -12.3106 -19.1591 57.6
    endloop
  endfacet
  facet normal 0 0 1
    outer loop
      vertex -13.164 -20.4707 57.6
      vertex -12.3106 -19.1591 57.6
      vertex -12.4104 -19.1276 57.6
    endloop
  endfacet
  facet normal 0 0 1
    outer loop
      vertex -13.164 -20.4707 57.6
      vertex -12.4104 -19.1276 57.6
      vertex -12.5071 -19.0876 57.6
    endloop
  endfacet
  facet normal 0 0 1
    outer loop
      vertex -12 -19.2 57.6
      vertex -12.5796 -20.7128 57.6
      vertex -11.9764 -20.903 57.6
    endloop
  endfacet
  facet normal 0 0 1
    outer loop
      vertex -13.164 -20.4707 57.6
      vertex -12.5071 -19.0876 57.6
      vertex -12.6 -19.0392 57.6
    endloop
  endfacet
  facet normal 0 0 1
    outer loop
      vertex -13.164 -20.4707 57.6
      vertex -12.6 -19.0392 57.6
      vertex -12.6883 -18.983 57.6
    endloop
  endfacet
  facet normal 0 0 1
    outer loop
      vertex -13.725 -20.1787 57.6
      vertex -12.6883 -18.983 57.6
      vertex -12.7713 -18.9193 57.6
    endloop
  endfacet
  facet normal 0 0 1
    outer loop
      vertex -13.725 -20.1787 57.6
      vertex -12.7713 -18.9193 57.6
      vertex -12.8485 -18.8485 57.6
    endloop
  endfacet
  facet normal 0 0 1
    outer loop
      vertex -13.725 -20.1787 57.6
      vertex -12.8485 -18.8485 57.6
      vertex -12.9193 -18.7713 57.6
    endloop
  endfacet
  facet normal 0 0 1
    outer loop
      vertex -14.2584 -19.8389 57.6
      vertex -12.9193 -18.7713 57.6
      vertex -12.983 -18.6883 57.6
    endloop
  endfacet
  facet normal 0 0 1
    outer loop
      vertex -14.2584 -19.8389 57.6
      vertex -12.983 -18.6883 57.6
      vertex -13.0392 -18.6 57.6
    endloop
  endfacet
  facet normal 0 0 1
    outer loop
      vertex -14.2584 -19.8389 57.6
      vertex -13.0392 -18.6 57.6
      vertex -13.0876 -18.5071 57.6
    endloop
  endfacet
  facet normal 0 0 1
    outer loop
      vertex -14.7602 -19.4538 57.6
      vertex -13.0876 -18.5071 57.6
      vertex -13.1276 -18.4104 57.6
    endloop
  endfacet
  facet normal 0 0 1
    outer loop
      vertex -14.7602 -19.4538 57.6
      vertex -13.1276 -18.4104 57.6
      vertex -13.1591 -18.3106 57.6
    endloop
  endfacet
  facet normal 0 0 1
    outer loop
      vertex -12.3106 -19.1591 57.6
      vertex -13.164 -20.4707 57.6
      vertex -12.5796 -20.7128 57.6
    endloop
  endfacet
  facet normal 0 0 1
    outer loop
      vertex -14.7602 -19.4538 57.6
      vertex -13.1591 -18.3106 57.6
      vertex -13.1818 -18.2084 57.6
    endloop
  endfacet
  facet normal 0 0 1
    outer loop
      vertex -15.2265 -19.0265 57.6
      vertex -13.1818 -18.2084 57.6
      vertex -13.1954 -18.1046 57.6
    endloop
  endfacet
  facet normal 0 0 1
    outer loop
      vertex -15.2265 -19.0265 57.6
      vertex -13.1954 -18.1046 57.6
      vertex -13.2 -18 57.6
    endloop
  endfacet
  facet normal -0 0 1
    outer loop
      vertex -15.0311 -16.25 57.6
      vertex -13.0392 -17.4 57.6
      vertex -14.867 -15.9925 57.6
    endloop
  endfacet
  facet normal 0 0 1
    outer loop
      vertex -12.6883 -18.983 57.6
      vertex -13.725 -20.1787 57.6
      vertex -13.164 -20.4707 57.6
    endloop
  endfacet
  facet normal 0 0 1
    outer loop
      vertex -13.0392 -17.4 57.6
      vertex -15.0311 -16.25 57.6
      vertex -13.0876 -17.4929 57.6
    endloop
  endfacet
  facet normal -0 0 1
    outer loop
      vertex -15.1721 -16.5208 57.6
      vertex -13.0876 -17.4929 57.6
      vertex -15.0311 -16.25 57.6
    endloop
  endfacet
  facet normal 0 0 1
    outer loop
      vertex -13.0876 -17.4929 57.6
      vertex -15.1721 -16.5208 57.6
      vertex -13.1276 -17.5896 57.6
    endloop
  endfacet
  facet normal -0 0 1
    outer loop
      vertex -15.2889 -16.8029 57.6
      vertex -13.1276 -17.5896 57.6
      vertex -15.1721 -16.5208 57.6
    endloop
  endfacet
  facet normal 0 0 1
    outer loop
      vertex -12.9193 -18.7713 57.6
      vertex -14.2584 -19.8389 57.6
      vertex -13.725 -20.1787 57.6
    endloop
  endfacet
  facet normal 0 0 1
    outer loop
      vertex -13.1276 -17.5896 57.6
      vertex -15.2889 -16.8029 57.6
      vertex -13.1591 -17.6894 57.6
    endloop
  endfacet
  facet normal -0 0 1
    outer loop
      vertex -15.3807 -17.0941 57.6
      vertex -13.1591 -17.6894 57.6
      vertex -15.2889 -16.8029 57.6
    endloop
  endfacet
  facet normal 0 0 1
    outer loop
      vertex -13.1591 -17.6894 57.6
      vertex -15.3807 -17.0941 57.6
      vertex -13.1818 -17.7916 57.6
    endloop
  endfacet
  facet normal -0 0 1
    outer loop
      vertex -15.4468 -17.3922 57.6
      vertex -13.1818 -17.7916 57.6
      vertex -15.3807 -17.0941 57.6
    endloop
  endfacet
  facet normal -0 0 1
    outer loop
      vertex -15.4586 -17.4817 57.6
      vertex -13.1818 -17.7916 57.6
      vertex -15.4468 -17.3922 57.6
    endloop
  endfacet
  facet normal 0 0 1
    outer loop
      vertex -13.1818 -17.7916 57.6
      vertex -15.4586 -17.4817 57.6
      vertex -13.1954 -17.8954 57.6
    endloop
  endfacet
  facet normal 0 0 1
    outer loop
      vertex -13.0876 -18.5071 57.6
      vertex -14.7602 -19.4538 57.6
      vertex -14.2584 -19.8389 57.6
    endloop
  endfacet
  facet normal 0 -0 1
    outer loop
      vertex -15.2265 -19.0265 57.6
      vertex -13.2 -18 57.6
      vertex -15.4586 -17.4817 57.6
    endloop
  endfacet
  facet normal 0 0 1
    outer loop
      vertex -13.1954 -17.8954 57.6
      vertex -15.4586 -17.4817 57.6
      vertex -13.2 -18 57.6
    endloop
  endfacet
  facet normal 0 0 1
    outer loop
      vertex -13.1818 -18.2084 57.6
      vertex -15.2265 -19.0265 57.6
      vertex -14.7602 -19.4538 57.6
    endloop
  endfacet
  facet normal 0 0 1
    outer loop
      vertex -15.4586 -17.4817 57.6
      vertex -15.6538 -18.5602 57.6
      vertex -15.2265 -19.0265 57.6
    endloop
  endfacet
  facet normal 0 0 1
    outer loop
      vertex -16.3787 -17.525 57.6
      vertex -15.4586 -17.4817 57.6
      vertex -15.6859 -17.125 57.6
    endloop
  endfacet
  facet normal 0 0 1
    outer loop
      vertex -16.3787 -17.525 57.6
      vertex -15.6859 -17.125 57.6
      vertex -15.9457 -16.6259 57.6
    endloop
  endfacet
  facet normal 0 0 1
    outer loop
      vertex -15.4586 -17.4817 57.6
      vertex -16.0388 -18.0584 57.6
      vertex -15.6538 -18.5602 57.6
    endloop
  endfacet
  facet normal 0 0 1
    outer loop
      vertex -16.6707 -16.964 57.6
      vertex -15.9457 -16.6259 57.6
      vertex -16.161 -16.106 57.6
    endloop
  endfacet
  facet normal 0 0 1
    outer loop
      vertex -16.9128 -16.3796 57.6
      vertex -16.161 -16.106 57.6
      vertex -16.3302 -15.5694 57.6
    endloop
  endfacet
  facet normal 0 0 1
    outer loop
      vertex -15.4586 -17.4817 57.6
      vertex -16.3787 -17.525 57.6
      vertex -16.0388 -18.0584 57.6
    endloop
  endfacet
  facet normal 0 0 1
    outer loop
      vertex -17.103 -15.7764 57.6
      vertex -16.3302 -15.5694 57.6
      vertex -16.452 -15.02 57.6
    endloop
  endfacet
  facet normal 0 0 1
    outer loop
      vertex -17.2399 -15.1589 57.6
      vertex -16.452 -15.02 57.6
      vertex -16.5255 -14.4621 57.6
    endloop
  endfacet
  facet normal 0 0 1
    outer loop
      vertex -15.9457 -16.6259 57.6
      vertex -16.6707 -16.964 57.6
      vertex -16.3787 -17.525 57.6
    endloop
  endfacet
  facet normal 0 0 1
    outer loop
      vertex -17.3224 -14.5319 57.6
      vertex -16.5255 -14.4621 57.6
      vertex -16.55 -13.9 57.6
    endloop
  endfacet
  facet normal 0 0 1
    outer loop
      vertex -16.55 13.9 57.6
      vertex -17.35 13.9 57.6
      vertex -16.55 -13.9 57.6
    endloop
  endfacet
  facet normal 0 0 1
    outer loop
      vertex -16.452 15.02 57.6
      vertex -17.2399 15.1589 57.6
      vertex -16.5255 14.4621 57.6
    endloop
  endfacet
  facet normal 0 0 1
    outer loop
      vertex -17.35 -13.9 57.6
      vertex -16.55 -13.9 57.6
      vertex -17.35 13.9 57.6
    endloop
  endfacet
  facet normal -0 0 1
    outer loop
      vertex -17.3224 14.5319 57.6
      vertex -16.5255 14.4621 57.6
      vertex -17.2399 15.1589 57.6
    endloop
  endfacet
  facet normal 0 -0 1
    outer loop
      vertex -17.3224 -14.5319 57.6
      vertex -16.55 -13.9 57.6
      vertex -17.35 -13.9 57.6
    endloop
  endfacet
  facet normal 0 0 1
    outer loop
      vertex -16.5255 14.4621 57.6
      vertex -17.3224 14.5319 57.6
      vertex -16.55 13.9 57.6
    endloop
  endfacet
  facet normal 0 0 1
    outer loop
      vertex -16.161 -16.106 57.6
      vertex -16.9128 -16.3796 57.6
      vertex -16.6707 -16.964 57.6
    endloop
  endfacet
  facet normal 0 0 1
    outer loop
      vertex -16.55 13.9 57.6
      vertex -17.3224 14.5319 57.6
      vertex -17.35 13.9 57.6
    endloop
  endfacet
  facet normal 0 0 1
    outer loop
      vertex -16.3302 -15.5694 57.6
      vertex -17.103 -15.7764 57.6
      vertex -16.9128 -16.3796 57.6
    endloop
  endfacet
  facet normal 0 0 1
    outer loop
      vertex -16.452 -15.02 57.6
      vertex -17.2399 -15.1589 57.6
      vertex -17.103 -15.7764 57.6
    endloop
  endfacet
  facet normal 0 0 1
    outer loop
      vertex -16.5255 -14.4621 57.6
      vertex -17.3224 -14.5319 57.6
      vertex -17.2399 -15.1589 57.6
    endloop
  endfacet
  facet normal 0 0 1
    outer loop
      vertex 12.5071 -16.9124 57.6
      vertex 13.4792 -14.8279 57.6
      vertex 13.1971 -14.7111 57.6
    endloop
  endfacet
  facet normal 0 0 1
    outer loop
      vertex 13.4792 -14.8279 57.6
      vertex 13.1954 -17.8954 57.6
      vertex 13.2 -18 57.6
    endloop
  endfacet
  facet normal 0 0 1
    outer loop
      vertex 13.4792 -14.8279 57.6
      vertex 13.1818 -17.7916 57.6
      vertex 13.1954 -17.8954 57.6
    endloop
  endfacet
  facet normal 0 0 1
    outer loop
      vertex 13.4792 -14.8279 57.6
      vertex 13.1591 -17.6894 57.6
      vertex 13.1818 -17.7916 57.6
    endloop
  endfacet
  facet normal 0 0 1
    outer loop
      vertex 13.4792 -14.8279 57.6
      vertex 13.1276 -17.5896 57.6
      vertex 13.1591 -17.6894 57.6
    endloop
  endfacet
  facet normal 0 0 1
    outer loop
      vertex 13.4792 -14.8279 57.6
      vertex 13.0876 -17.4929 57.6
      vertex 13.1276 -17.5896 57.6
    endloop
  endfacet
  facet normal 0 0 1
    outer loop
      vertex 13.4792 -14.8279 57.6
      vertex 13.0392 -17.4 57.6
      vertex 13.0876 -17.4929 57.6
    endloop
  endfacet
  facet normal 0 0 1
    outer loop
      vertex 13.4792 -14.8279 57.6
      vertex 12.983 -17.3117 57.6
      vertex 13.0392 -17.4 57.6
    endloop
  endfacet
  facet normal 0 0 1
    outer loop
      vertex 13.4792 -14.8279 57.6
      vertex 12.9193 -17.2287 57.6
      vertex 12.983 -17.3117 57.6
    endloop
  endfacet
  facet normal 0 0 1
    outer loop
      vertex 12.4104 -16.8724 57.6
      vertex 13.1971 -14.7111 57.6
      vertex 12.9059 -14.6193 57.6
    endloop
  endfacet
  facet normal 0 0 1
    outer loop
      vertex 13.4792 -14.8279 57.6
      vertex 12.8485 -17.1515 57.6
      vertex 12.9193 -17.2287 57.6
    endloop
  endfacet
  facet normal 0 0 1
    outer loop
      vertex 13.4792 -14.8279 57.6
      vertex 12.7713 -17.0807 57.6
      vertex 12.8485 -17.1515 57.6
    endloop
  endfacet
  facet normal 0 0 1
    outer loop
      vertex 13.4792 -14.8279 57.6
      vertex 12.6883 -17.017 57.6
      vertex 12.7713 -17.0807 57.6
    endloop
  endfacet
  facet normal 0 0 1
    outer loop
      vertex 12.3106 -16.8409 57.6
      vertex 12.9059 -14.6193 57.6
      vertex 12.6078 -14.5532 57.6
    endloop
  endfacet
  facet normal 0 0 1
    outer loop
      vertex 13.4792 -14.8279 57.6
      vertex 12.6 -16.9608 57.6
      vertex 12.6883 -17.017 57.6
    endloop
  endfacet
  facet normal 0 0 1
    outer loop
      vertex 13.4792 -14.8279 57.6
      vertex 12.5071 -16.9124 57.6
      vertex 12.6 -16.9608 57.6
    endloop
  endfacet
  facet normal 0 0 1
    outer loop
      vertex 13.1971 -14.7111 57.6
      vertex 12.4104 -16.8724 57.6
      vertex 12.5071 -16.9124 57.6
    endloop
  endfacet
  facet normal 0 0 1
    outer loop
      vertex 12.9059 -14.6193 57.6
      vertex 12.3106 -16.8409 57.6
      vertex 12.4104 -16.8724 57.6
    endloop
  endfacet
  facet normal 0 0 1
    outer loop
      vertex 12.2084 -16.8182 57.6
      vertex 12.6078 -14.5532 57.6
      vertex 12.305 -14.5133 57.6
    endloop
  endfacet
  facet normal 0 0 1
    outer loop
      vertex 12.6078 -14.5532 57.6
      vertex 12.2084 -16.8182 57.6
      vertex 12.3106 -16.8409 57.6
    endloop
  endfacet
  facet normal 0 0 1
    outer loop
      vertex 12.305 -14.5133 57.6
      vertex 12.1046 -16.8046 57.6
      vertex 12.2084 -16.8182 57.6
    endloop
  endfacet
  facet normal 0 0 1
    outer loop
      vertex 12 -14.5 57.6
      vertex 12.1046 -16.8046 57.6
      vertex 12.305 -14.5133 57.6
    endloop
  endfacet
  facet normal 0 0 1
    outer loop
      vertex 12 -14.5 57.6
      vertex 12 -16.8 57.6
      vertex 12.1046 -16.8046 57.6
    endloop
  endfacet
  facet normal 0 0 1
    outer loop
      vertex 12 -14.5 57.6
      vertex 11.8954 -16.8046 57.6
      vertex 12 -16.8 57.6
    endloop
  endfacet
  facet normal -0 0 1
    outer loop
      vertex 11.695 -14.5133 57.6
      vertex 11.8954 -16.8046 57.6
      vertex 12 -14.5 57.6
    endloop
  endfacet
  facet normal 0 0 1
    outer loop
      vertex 11.8954 -16.8046 57.6
      vertex 11.695 -14.5133 57.6
      vertex 11.7916 -16.8182 57.6
    endloop
  endfacet
  facet normal -0 0 1
    outer loop
      vertex 11.3922 -14.5532 57.6
      vertex 11.7916 -16.8182 57.6
      vertex 11.695 -14.5133 57.6
    endloop
  endfacet
  facet normal 0 0 1
    outer loop
      vertex 11.7916 -16.8182 57.6
      vertex 11.3922 -14.5532 57.6
      vertex 11.6894 -16.8409 57.6
    endloop
  endfacet
  facet normal -0 0 1
    outer loop
      vertex 11.0941 -14.6193 57.6
      vertex 11.6894 -16.8409 57.6
      vertex 11.3922 -14.5532 57.6
    endloop
  endfacet
  facet normal 0 0 1
    outer loop
      vertex 11.6894 -16.8409 57.6
      vertex 11.0941 -14.6193 57.6
      vertex 11.5896 -16.8724 57.6
    endloop
  endfacet
  facet normal -0 0 1
    outer loop
      vertex 10.8029 -14.7111 57.6
      vertex 11.5896 -16.8724 57.6
      vertex 11.0941 -14.6193 57.6
    endloop
  endfacet
  facet normal 0 0 1
    outer loop
      vertex 11.5896 -16.8724 57.6
      vertex 10.8029 -14.7111 57.6
      vertex 11.4929 -16.9124 57.6
    endloop
  endfacet
  facet normal -0 0 1
    outer loop
      vertex 10.5208 -14.8279 57.6
      vertex 11.4929 -16.9124 57.6
      vertex 10.8029 -14.7111 57.6
    endloop
  endfacet
  facet normal 0 0 1
    outer loop
      vertex 11.4929 -16.9124 57.6
      vertex 10.5208 -14.8279 57.6
      vertex 11.4 -16.9608 57.6
    endloop
  endfacet
  facet normal -0 0 1
    outer loop
      vertex 10.25 -14.9689 57.6
      vertex 11.4 -16.9608 57.6
      vertex 10.5208 -14.8279 57.6
    endloop
  endfacet
  facet normal 0 0 1
    outer loop
      vertex 11.4 -16.9608 57.6
      vertex 10.25 -14.9689 57.6
      vertex 11.3117 -17.017 57.6
    endloop
  endfacet
  facet normal -0 0 1
    outer loop
      vertex 9.99248 -15.133 57.6
      vertex 11.3117 -17.017 57.6
      vertex 10.25 -14.9689 57.6
    endloop
  endfacet
  facet normal 0 0 1
    outer loop
      vertex 11.3117 -17.017 57.6
      vertex 9.99248 -15.133 57.6
      vertex 11.2287 -17.0807 57.6
    endloop
  endfacet
  facet normal -0 0 1
    outer loop
      vertex 9.75024 -15.3188 57.6
      vertex 11.2287 -17.0807 57.6
      vertex 9.99248 -15.133 57.6
    endloop
  endfacet
  facet normal 0 0 1
    outer loop
      vertex 11.2287 -17.0807 57.6
      vertex 9.75024 -15.3188 57.6
      vertex 11.1515 -17.1515 57.6
    endloop
  endfacet
  facet normal -0 0 1
    outer loop
      vertex 9.52513 -15.5251 57.6
      vertex 11.1515 -17.1515 57.6
      vertex 9.75024 -15.3188 57.6
    endloop
  endfacet
  facet normal 0 0 1
    outer loop
      vertex 11.1515 -17.1515 57.6
      vertex 9.52513 -15.5251 57.6
      vertex 11.0807 -17.2287 57.6
    endloop
  endfacet
  facet normal -0 0 1
    outer loop
      vertex 9.31884 -15.7502 57.6
      vertex 11.0807 -17.2287 57.6
      vertex 9.52513 -15.5251 57.6
    endloop
  endfacet
  facet normal 0 0 1
    outer loop
      vertex 11.0807 -17.2287 57.6
      vertex 9.31884 -15.7502 57.6
      vertex 11.017 -17.3117 57.6
    endloop
  endfacet
  facet normal -0 0 1
    outer loop
      vertex 9.13297 -15.9925 57.6
      vertex 11.017 -17.3117 57.6
      vertex 9.31884 -15.7502 57.6
    endloop
  endfacet
  facet normal 0 0 1
    outer loop
      vertex 11.017 -17.3117 57.6
      vertex 9.13297 -15.9925 57.6
      vertex 10.9608 -17.4 57.6
    endloop
  endfacet
  facet normal -0 0 1
    outer loop
      vertex 8.96891 -16.25 57.6
      vertex 10.9608 -17.4 57.6
      vertex 9.13297 -15.9925 57.6
    endloop
  endfacet
  facet normal 0 0 1
    outer loop
      vertex 10.9608 -17.4 57.6
      vertex 8.96891 -16.25 57.6
      vertex 10.9124 -17.4929 57.6
    endloop
  endfacet
  facet normal -0 0 1
    outer loop
      vertex 8.82792 -16.5208 57.6
      vertex 10.9124 -17.4929 57.6
      vertex 8.96891 -16.25 57.6
    endloop
  endfacet
  facet normal 0 0 1
    outer loop
      vertex 10.9124 -17.4929 57.6
      vertex 8.82792 -16.5208 57.6
      vertex 10.8724 -17.5896 57.6
    endloop
  endfacet
  facet normal -0 0 1
    outer loop
      vertex 8.71108 -16.8029 57.6
      vertex 10.8724 -17.5896 57.6
      vertex 8.82792 -16.5208 57.6
    endloop
  endfacet
  facet normal 0 0 1
    outer loop
      vertex 10.8 -18 57.6
      vertex 9.41069 -20.35 57.6
      vertex 10.7319 -21.1224 57.6
    endloop
  endfacet
  facet normal 0 0 1
    outer loop
      vertex 10.7319 -21.1224 57.6
      vertex 9.41069 -20.35 57.6
      vertex 10.1 -21.15 57.6
    endloop
  endfacet
  facet normal -0 0 1
    outer loop
      vertex -9.41069 -20.35 57.6
      vertex 10.1 -21.15 57.6
      vertex 9.41069 -20.35 57.6
    endloop
  endfacet
  facet normal 0 0 1
    outer loop
      vertex -11.1515 -17.1515 57.6
      vertex -9.52513 -15.5251 57.6
      vertex -9.75024 -15.3188 57.6
    endloop
  endfacet
  facet normal 0 0 1
    outer loop
      vertex -11.2287 -17.0807 57.6
      vertex -9.75024 -15.3188 57.6
      vertex -9.99248 -15.133 57.6
    endloop
  endfacet
  facet normal 0 0 1
    outer loop
      vertex -9.41069 -20.35 57.6
      vertex -10.1 -21.15 57.6
      vertex 10.1 -21.15 57.6
    endloop
  endfacet
  facet normal 0 0 1
    outer loop
      vertex -8.51332 -17.695 57.6
      vertex -10.8046 -17.8954 57.6
      vertex -10.8 -18 57.6
    endloop
  endfacet
  facet normal 0 0 1
    outer loop
      vertex -11.3117 -17.017 57.6
      vertex -9.99248 -15.133 57.6
      vertex -10.25 -14.9689 57.6
    endloop
  endfacet
  facet normal 0 0 1
    outer loop
      vertex -11.4 -16.9608 57.6
      vertex -10.25 -14.9689 57.6
      vertex -10.5208 -14.8279 57.6
    endloop
  endfacet
  facet normal 0 0 1
    outer loop
      vertex -8.71108 -19.1971 57.6
      vertex -10.8724 -18.4104 57.6
      vertex -8.82792 -19.4792 57.6
    endloop
  endfacet
  facet normal 0 0 1
    outer loop
      vertex -9.41069 -20.35 57.6
      vertex -10.7319 -21.1224 57.6
      vertex -10.1 -21.15 57.6
    endloop
  endfacet
  facet normal 0 0 1
    outer loop
      vertex -11.4929 -16.9124 57.6
      vertex -10.5208 -14.8279 57.6
      vertex -10.8029 -14.7111 57.6
    endloop
  endfacet
  facet normal -0 0 1
    outer loop
      vertex -10.9124 -18.5071 57.6
      vertex -8.82792 -19.4792 57.6
      vertex -10.8724 -18.4104 57.6
    endloop
  endfacet
  facet normal 0 0 1
    outer loop
      vertex -8.55317 -17.3922 57.6
      vertex -10.8182 -17.7916 57.6
      vertex -10.8046 -17.8954 57.6
    endloop
  endfacet
  facet normal 0 0 1
    outer loop
      vertex -8.61926 -17.0941 57.6
      vertex -10.8409 -17.6894 57.6
      vertex -10.8182 -17.7916 57.6
    endloop
  endfacet
  facet normal 0 0 1
    outer loop
      vertex -8.71108 -16.8029 57.6
      vertex -10.8724 -17.5896 57.6
      vertex -10.8409 -17.6894 57.6
    endloop
  endfacet
  facet normal 0 0 1
    outer loop
      vertex -8.82792 -16.5208 57.6
      vertex -10.9124 -17.4929 57.6
      vertex -10.8724 -17.5896 57.6
    endloop
  endfacet
  facet normal 0 0 1
    outer loop
      vertex -8.96891 -16.25 57.6
      vertex -10.9608 -17.4 57.6
      vertex -10.9124 -17.4929 57.6
    endloop
  endfacet
  facet normal 0 0 1
    outer loop
      vertex -9.13297 -15.9925 57.6
      vertex -11.017 -17.3117 57.6
      vertex -10.9608 -17.4 57.6
    endloop
  endfacet
  facet normal 0 0 1
    outer loop
      vertex -9.31884 -15.7502 57.6
      vertex -11.0807 -17.2287 57.6
      vertex -11.017 -17.3117 57.6
    endloop
  endfacet
  facet normal 0 0 1
    outer loop
      vertex -11.5896 -16.8724 57.6
      vertex -10.8029 -14.7111 57.6
      vertex -11.0941 -14.6193 57.6
    endloop
  endfacet
  facet normal 0 0 1
    outer loop
      vertex -9.52513 -15.5251 57.6
      vertex -11.1515 -17.1515 57.6
      vertex -11.0807 -17.2287 57.6
    endloop
  endfacet
  facet normal 0 0 1
    outer loop
      vertex -9.75024 -15.3188 57.6
      vertex -11.2287 -17.0807 57.6
      vertex -11.1515 -17.1515 57.6
    endloop
  endfacet
  facet normal 0 0 1
    outer loop
      vertex -9.99248 -15.133 57.6
      vertex -11.3117 -17.017 57.6
      vertex -11.2287 -17.0807 57.6
    endloop
  endfacet
  facet normal 0 0 1
    outer loop
      vertex -11.6894 -16.8409 57.6
      vertex -11.0941 -14.6193 57.6
      vertex -11.3922 -14.5532 57.6
    endloop
  endfacet
  facet normal 0 0 1
    outer loop
      vertex -10.25 -14.9689 57.6
      vertex -11.4 -16.9608 57.6
      vertex -11.3117 -17.017 57.6
    endloop
  endfacet
  facet normal 0 0 1
    outer loop
      vertex -10.5208 -14.8279 57.6
      vertex -11.4929 -16.9124 57.6
      vertex -11.4 -16.9608 57.6
    endloop
  endfacet
  facet normal 0 0 1
    outer loop
      vertex -10.8029 -14.7111 57.6
      vertex -11.5896 -16.8724 57.6
      vertex -11.4929 -16.9124 57.6
    endloop
  endfacet
  facet normal 0 0 1
    outer loop
      vertex -11.0941 -14.6193 57.6
      vertex -11.6894 -16.8409 57.6
      vertex -11.5896 -16.8724 57.6
    endloop
  endfacet
  facet normal 0 0 1
    outer loop
      vertex -11.7916 -16.8182 57.6
      vertex -11.3922 -14.5532 57.6
      vertex -11.695 -14.5133 57.6
    endloop
  endfacet
  facet normal 0 0 1
    outer loop
      vertex -11.3922 -14.5532 57.6
      vertex -11.7916 -16.8182 57.6
      vertex -11.6894 -16.8409 57.6
    endloop
  endfacet
  facet normal 0 0 1
    outer loop
      vertex -11.695 -14.5133 57.6
      vertex -11.8954 -16.8046 57.6
      vertex -11.7916 -16.8182 57.6
    endloop
  endfacet
  facet normal 0 0 1
    outer loop
      vertex -12 -14.5 57.6
      vertex -11.8954 -16.8046 57.6
      vertex -11.695 -14.5133 57.6
    endloop
  endfacet
  facet normal 0 0 1
    outer loop
      vertex -12 -14.5 57.6
      vertex -12 -16.8 57.6
      vertex -11.8954 -16.8046 57.6
    endloop
  endfacet
  facet normal 0 0 1
    outer loop
      vertex -12 -14.5 57.6
      vertex -12.1046 -16.8046 57.6
      vertex -12 -16.8 57.6
    endloop
  endfacet
  facet normal -0 0 1
    outer loop
      vertex -12.305 -14.5133 57.6
      vertex -12.1046 -16.8046 57.6
      vertex -12 -14.5 57.6
    endloop
  endfacet
  facet normal 0 0 1
    outer loop
      vertex -12.1046 -16.8046 57.6
      vertex -12.305 -14.5133 57.6
      vertex -12.2084 -16.8182 57.6
    endloop
  endfacet
  facet normal -0 0 1
    outer loop
      vertex -12.6078 -14.5532 57.6
      vertex -12.2084 -16.8182 57.6
      vertex -12.305 -14.5133 57.6
    endloop
  endfacet
  facet normal 0 0 1
    outer loop
      vertex -12.2084 -16.8182 57.6
      vertex -12.6078 -14.5532 57.6
      vertex -12.3106 -16.8409 57.6
    endloop
  endfacet
  facet normal -0 0 1
    outer loop
      vertex -12.9059 -14.6193 57.6
      vertex -12.3106 -16.8409 57.6
      vertex -12.6078 -14.5532 57.6
    endloop
  endfacet
  facet normal 0 0 1
    outer loop
      vertex -12.3106 -16.8409 57.6
      vertex -12.9059 -14.6193 57.6
      vertex -12.4104 -16.8724 57.6
    endloop
  endfacet
  facet normal -0 0 1
    outer loop
      vertex -13.1971 -14.7111 57.6
      vertex -12.4104 -16.8724 57.6
      vertex -12.9059 -14.6193 57.6
    endloop
  endfacet
  facet normal 0 0 1
    outer loop
      vertex -12.4104 -16.8724 57.6
      vertex -13.1971 -14.7111 57.6
      vertex -12.5071 -16.9124 57.6
    endloop
  endfacet
  facet normal -0 0 1
    outer loop
      vertex -13.4792 -14.8279 57.6
      vertex -12.5071 -16.9124 57.6
      vertex -13.1971 -14.7111 57.6
    endloop
  endfacet
  facet normal 0 0 1
    outer loop
      vertex -12.5071 -16.9124 57.6
      vertex -13.4792 -14.8279 57.6
      vertex -12.6 -16.9608 57.6
    endloop
  endfacet
  facet normal -0 0 1
    outer loop
      vertex -13.75 -14.9689 57.6
      vertex -12.6 -16.9608 57.6
      vertex -13.4792 -14.8279 57.6
    endloop
  endfacet
  facet normal 0 0 1
    outer loop
      vertex -12.6 -16.9608 57.6
      vertex -13.75 -14.9689 57.6
      vertex -12.6883 -17.017 57.6
    endloop
  endfacet
  facet normal -0 0 1
    outer loop
      vertex -14.0075 -15.133 57.6
      vertex -12.6883 -17.017 57.6
      vertex -13.75 -14.9689 57.6
    endloop
  endfacet
  facet normal 0 0 1
    outer loop
      vertex -12.6883 -17.017 57.6
      vertex -14.0075 -15.133 57.6
      vertex -12.7713 -17.0807 57.6
    endloop
  endfacet
  facet normal -0 0 1
    outer loop
      vertex -14.2498 -15.3188 57.6
      vertex -12.7713 -17.0807 57.6
      vertex -14.0075 -15.133 57.6
    endloop
  endfacet
  facet normal 0 0 1
    outer loop
      vertex -12.7713 -17.0807 57.6
      vertex -14.2498 -15.3188 57.6
      vertex -12.8485 -17.1515 57.6
    endloop
  endfacet
  facet normal -0 0 1
    outer loop
      vertex -14.4749 -15.5251 57.6
      vertex -12.8485 -17.1515 57.6
      vertex -14.2498 -15.3188 57.6
    endloop
  endfacet
  facet normal 0 0 1
    outer loop
      vertex -12.8485 -17.1515 57.6
      vertex -14.4749 -15.5251 57.6
      vertex -12.9193 -17.2287 57.6
    endloop
  endfacet
  facet normal -0 0 1
    outer loop
      vertex -14.6812 -15.7502 57.6
      vertex -12.9193 -17.2287 57.6
      vertex -14.4749 -15.5251 57.6
    endloop
  endfacet
  facet normal 0 0 1
    outer loop
      vertex -12.9193 -17.2287 57.6
      vertex -14.6812 -15.7502 57.6
      vertex -12.983 -17.3117 57.6
    endloop
  endfacet
  facet normal -0 0 1
    outer loop
      vertex -14.867 -15.9925 57.6
      vertex -12.983 -17.3117 57.6
      vertex -14.6812 -15.7502 57.6
    endloop
  endfacet
  facet normal 0 0 1
    outer loop
      vertex -12.983 -17.3117 57.6
      vertex -14.867 -15.9925 57.6
      vertex -13.0392 -17.4 57.6
    endloop
  endfacet
  facet normal 0 0 1
    outer loop
      vertex 16.55 13.9 57.6
      vertex 17.35 13.9 57.6
      vertex 17.3224 14.5319 57.6
    endloop
  endfacet
  facet normal 0 0 1
    outer loop
      vertex 17.35 13.9 57.6
      vertex 16.55 13.9 57.6
      vertex 17.35 -13.9 57.6
    endloop
  endfacet
  facet normal 0 0 1
    outer loop
      vertex 16.5255 14.4621 57.6
      vertex 17.3224 14.5319 57.6
      vertex 17.2399 15.1589 57.6
    endloop
  endfacet
  facet normal 0 0 1
    outer loop
      vertex 16.55 -13.9 57.6
      vertex 17.35 -13.9 57.6
      vertex 16.55 13.9 57.6
    endloop
  endfacet
  facet normal 0 0 1
    outer loop
      vertex 16.452 15.02 57.6
      vertex 17.2399 15.1589 57.6
      vertex 17.103 15.7764 57.6
    endloop
  endfacet
  facet normal 0 0 1
    outer loop
      vertex 17.35 -13.9 57.6
      vertex 16.55 -13.9 57.6
      vertex 17.3224 -14.5319 57.6
    endloop
  endfacet
  facet normal 0 0 1
    outer loop
      vertex 16.3302 15.5694 57.6
      vertex 17.103 15.7764 57.6
      vertex 16.9128 16.3796 57.6
    endloop
  endfacet
  facet normal -0 0 1
    outer loop
      vertex 16.5255 -14.4621 57.6
      vertex 17.3224 -14.5319 57.6
      vertex 16.55 -13.9 57.6
    endloop
  endfacet
  facet normal 0 0 1
    outer loop
      vertex 16.161 16.106 57.6
      vertex 16.9128 16.3796 57.6
      vertex 16.6707 16.964 57.6
    endloop
  endfacet
  facet normal 0 0 1
    outer loop
      vertex 17.3224 -14.5319 57.6
      vertex 16.5255 -14.4621 57.6
      vertex 17.2399 -15.1589 57.6
    endloop
  endfacet
  facet normal -0 0 1
    outer loop
      vertex 16.452 -15.02 57.6
      vertex 17.2399 -15.1589 57.6
      vertex 16.5255 -14.4621 57.6
    endloop
  endfacet
  facet normal 0 0 1
    outer loop
      vertex 17.3224 14.5319 57.6
      vertex 16.5255 14.4621 57.6
      vertex 16.55 13.9 57.6
    endloop
  endfacet
  facet normal 0 0 1
    outer loop
      vertex 17.2399 15.1589 57.6
      vertex 16.452 15.02 57.6
      vertex 16.5255 14.4621 57.6
    endloop
  endfacet
  facet normal 0 0 1
    outer loop
      vertex 15.9457 16.6259 57.6
      vertex 16.6707 16.964 57.6
      vertex 16.3787 17.525 57.6
    endloop
  endfacet
  facet normal 0 0 1
    outer loop
      vertex 17.103 15.7764 57.6
      vertex 16.3302 15.5694 57.6
      vertex 16.452 15.02 57.6
    endloop
  endfacet
  facet normal 0 0 1
    outer loop
      vertex 16.9128 16.3796 57.6
      vertex 16.161 16.106 57.6
      vertex 16.3302 15.5694 57.6
    endloop
  endfacet
  facet normal 0 0 1
    outer loop
      vertex 15.4586 17.4817 57.6
      vertex 16.3787 17.525 57.6
      vertex 16.0388 18.0584 57.6
    endloop
  endfacet
  facet normal 0 0 1
    outer loop
      vertex 16.6707 16.964 57.6
      vertex 15.9457 16.6259 57.6
      vertex 16.161 16.106 57.6
    endloop
  endfacet
  facet normal 0 0 1
    outer loop
      vertex 16.3787 17.525 57.6
      vertex 15.6859 17.125 57.6
      vertex 15.9457 16.6259 57.6
    endloop
  endfacet
  facet normal 0 0 1
    outer loop
      vertex 15.4586 17.4817 57.6
      vertex 16.0388 18.0584 57.6
      vertex 15.6538 18.5602 57.6
    endloop
  endfacet
  facet normal 0 0 1
    outer loop
      vertex 16.3787 17.525 57.6
      vertex 15.4586 17.4817 57.6
      vertex 15.6859 17.125 57.6
    endloop
  endfacet
  facet normal 0 0 1
    outer loop
      vertex 13.1818 17.7916 57.6
      vertex 15.4468 17.3922 57.6
      vertex 15.4586 17.4817 57.6
    endloop
  endfacet
  facet normal 0 0 1
    outer loop
      vertex 15.2265 19.0265 57.6
      vertex 15.4586 17.4817 57.6
      vertex 15.6538 18.5602 57.6
    endloop
  endfacet
  facet normal -0 0 1
    outer loop
      vertex 13.2 18 57.6
      vertex 15.4586 17.4817 57.6
      vertex 15.2265 19.0265 57.6
    endloop
  endfacet
  facet normal -0 0 1
    outer loop
      vertex 13.1954 17.8954 57.6
      vertex 15.4586 17.4817 57.6
      vertex 13.2 18 57.6
    endloop
  endfacet
  facet normal 0 0 1
    outer loop
      vertex 15.4468 17.3922 57.6
      vertex 13.1818 17.7916 57.6
      vertex 15.3807 17.0941 57.6
    endloop
  endfacet
  facet normal -0 0 1
    outer loop
      vertex 13.1591 17.6894 57.6
      vertex 15.3807 17.0941 57.6
      vertex 13.1818 17.7916 57.6
    endloop
  endfacet
  facet normal 0 0 1
    outer loop
      vertex 15.3807 17.0941 57.6
      vertex 13.1591 17.6894 57.6
      vertex 15.2889 16.8029 57.6
    endloop
  endfacet
  facet normal 0 0 1
    outer loop
      vertex 13.1818 18.2084 57.6
      vertex 15.2265 19.0265 57.6
      vertex 14.7602 19.4538 57.6
    endloop
  endfacet
  facet normal -0 0 1
    outer loop
      vertex 13.1276 17.5896 57.6
      vertex 15.2889 16.8029 57.6
      vertex 13.1591 17.6894 57.6
    endloop
  endfacet
  facet normal -0 0 1
    outer loop
      vertex 13.0876 17.4929 57.6
      vertex 15.1721 16.5208 57.6
      vertex 13.1276 17.5896 57.6
    endloop
  endfacet
  facet normal 0 0 1
    outer loop
      vertex 13.0876 18.5071 57.6
      vertex 14.7602 19.4538 57.6
      vertex 14.2584 19.8389 57.6
    endloop
  endfacet
  facet normal 0 0 1
    outer loop
      vertex 15.2889 16.8029 57.6
      vertex 13.1276 17.5896 57.6
      vertex 15.1721 16.5208 57.6
    endloop
  endfacet
  facet normal 0 0 1
    outer loop
      vertex 15.1721 16.5208 57.6
      vertex 13.0876 17.4929 57.6
      vertex 15.0311 16.25 57.6
    endloop
  endfacet
  facet normal 0 0 1
    outer loop
      vertex 15.0311 16.25 57.6
      vertex 13.0392 17.4 57.6
      vertex 14.867 15.9925 57.6
    endloop
  endfacet
  facet normal 0 0 1
    outer loop
      vertex 12.9193 18.7713 57.6
      vertex 14.2584 19.8389 57.6
      vertex 13.725 20.1787 57.6
    endloop
  endfacet
  facet normal -0 0 1
    outer loop
      vertex 13.0392 17.4 57.6
      vertex 15.0311 16.25 57.6
      vertex 13.0876 17.4929 57.6
    endloop
  endfacet
  facet normal -0 0 1
    outer loop
      vertex 13.1818 17.7916 57.6
      vertex 15.4586 17.4817 57.6
      vertex 13.1954 17.8954 57.6
    endloop
  endfacet
  facet normal 0 0 1
    outer loop
      vertex 15.2265 19.0265 57.6
      vertex 13.1954 18.1046 57.6
      vertex 13.2 18 57.6
    endloop
  endfacet
  facet normal 0 0 1
    outer loop
      vertex 15.2265 19.0265 57.6
      vertex 13.1818 18.2084 57.6
      vertex 13.1954 18.1046 57.6
    endloop
  endfacet
  facet normal 0 0 1
    outer loop
      vertex 12.6883 18.983 57.6
      vertex 13.725 20.1787 57.6
      vertex 13.164 20.4707 57.6
    endloop
  endfacet
  facet normal 0 0 1
    outer loop
      vertex 14.7602 19.4538 57.6
      vertex 13.1591 18.3106 57.6
      vertex 13.1818 18.2084 57.6
    endloop
  endfacet
  facet normal 0 0 1
    outer loop
      vertex 14.7602 19.4538 57.6
      vertex 13.1276 18.4104 57.6
      vertex 13.1591 18.3106 57.6
    endloop
  endfacet
  facet normal 0 0 1
    outer loop
      vertex 14.7602 19.4538 57.6
      vertex 13.0876 18.5071 57.6
      vertex 13.1276 18.4104 57.6
    endloop
  endfacet
  facet normal 0 0 1
    outer loop
      vertex 14.2584 19.8389 57.6
      vertex 13.0392 18.6 57.6
      vertex 13.0876 18.5071 57.6
    endloop
  endfacet
  facet normal 0 0 1
    outer loop
      vertex 14.2584 19.8389 57.6
      vertex 12.983 18.6883 57.6
      vertex 13.0392 18.6 57.6
    endloop
  endfacet
  facet normal 0 0 1
    outer loop
      vertex 14.2584 19.8389 57.6
      vertex 12.9193 18.7713 57.6
      vertex 12.983 18.6883 57.6
    endloop
  endfacet
  facet normal 0 0 1
    outer loop
      vertex 13.725 20.1787 57.6
      vertex 12.8485 18.8485 57.6
      vertex 12.9193 18.7713 57.6
    endloop
  endfacet
  facet normal 0 0 1
    outer loop
      vertex 13.725 20.1787 57.6
      vertex 12.7713 18.9193 57.6
      vertex 12.8485 18.8485 57.6
    endloop
  endfacet
  facet normal 0 0 1
    outer loop
      vertex 13.725 20.1787 57.6
      vertex 12.6883 18.983 57.6
      vertex 12.7713 18.9193 57.6
    endloop
  endfacet
  facet normal 0 0 1
    outer loop
      vertex 13.164 20.4707 57.6
      vertex 12.6 19.0392 57.6
      vertex 12.6883 18.983 57.6
    endloop
  endfacet
  facet normal 0 0 1
    outer loop
      vertex 12.3106 19.1591 57.6
      vertex 13.164 20.4707 57.6
      vertex 12.5796 20.7128 57.6
    endloop
  endfacet
  facet normal 0 0 1
    outer loop
      vertex 13.164 20.4707 57.6
      vertex 12.5071 19.0876 57.6
      vertex 12.6 19.0392 57.6
    endloop
  endfacet
  facet normal 0 0 1
    outer loop
      vertex 13.164 20.4707 57.6
      vertex 12.4104 19.1276 57.6
      vertex 12.5071 19.0876 57.6
    endloop
  endfacet
  facet normal 0 0 1
    outer loop
      vertex 13.164 20.4707 57.6
      vertex 12.3106 19.1591 57.6
      vertex 12.4104 19.1276 57.6
    endloop
  endfacet
  facet normal 0 0 1
    outer loop
      vertex 12.5796 20.7128 57.6
      vertex 12.2084 19.1818 57.6
      vertex 12.3106 19.1591 57.6
    endloop
  endfacet
  facet normal 0 0 1
    outer loop
      vertex 12.5796 20.7128 57.6
      vertex 12.1046 19.1954 57.6
      vertex 12.2084 19.1818 57.6
    endloop
  endfacet
  facet normal 0 0 1
    outer loop
      vertex 12.5796 20.7128 57.6
      vertex 12 19.2 57.6
      vertex 12.1046 19.1954 57.6
    endloop
  endfacet
  facet normal 0 0 1
    outer loop
      vertex 11.9764 20.903 57.6
      vertex 12 19.2 57.6
      vertex 12.5796 20.7128 57.6
    endloop
  endfacet
  facet normal 0 0 1
    outer loop
      vertex 11.9764 20.903 57.6
      vertex 11.8954 19.1954 57.6
      vertex 12 19.2 57.6
    endloop
  endfacet
  facet normal 0 0 1
    outer loop
      vertex 11.9764 20.903 57.6
      vertex 11.7916 19.1818 57.6
      vertex 11.8954 19.1954 57.6
    endloop
  endfacet
  facet normal 0 0 1
    outer loop
      vertex 11.9764 20.903 57.6
      vertex 11.6894 19.1591 57.6
      vertex 11.7916 19.1818 57.6
    endloop
  endfacet
  facet normal 0 0 1
    outer loop
      vertex 11.3589 21.0399 57.6
      vertex 11.6894 19.1591 57.6
      vertex 11.9764 20.903 57.6
    endloop
  endfacet
  facet normal 0 0 1
    outer loop
      vertex 11.6894 19.1591 57.6
      vertex 11.3589 21.0399 57.6
      vertex 11.5896 19.1276 57.6
    endloop
  endfacet
  facet normal 0 0 1
    outer loop
      vertex 11.5896 19.1276 57.6
      vertex 11.3589 21.0399 57.6
      vertex 11.4929 19.0876 57.6
    endloop
  endfacet
  facet normal 0 0 1
    outer loop
      vertex 11.4929 19.0876 57.6
      vertex 11.3589 21.0399 57.6
      vertex 11.4 19.0392 57.6
    endloop
  endfacet
  facet normal 0 0 1
    outer loop
      vertex 10.7319 21.1224 57.6
      vertex 11.4 19.0392 57.6
      vertex 11.3589 21.0399 57.6
    endloop
  endfacet
  facet normal 0 0 1
    outer loop
      vertex 11.4 19.0392 57.6
      vertex 10.7319 21.1224 57.6
      vertex 11.3117 18.983 57.6
    endloop
  endfacet
  facet normal -0 0 1
    outer loop
      vertex 9.41069 20.35 57.6
      vertex 11.3117 18.983 57.6
      vertex 10.7319 21.1224 57.6
    endloop
  endfacet
  facet normal 0 0 1
    outer loop
      vertex 11.3117 18.983 57.6
      vertex 9.41069 20.35 57.6
      vertex 11.2287 18.9193 57.6
    endloop
  endfacet
  facet normal 0 0 1
    outer loop
      vertex 11.2287 18.9193 57.6
      vertex 9.41069 20.35 57.6
      vertex 11.1515 18.8485 57.6
    endloop
  endfacet
  facet normal 0 0 1
    outer loop
      vertex 11.1515 18.8485 57.6
      vertex 9.41069 20.35 57.6
      vertex 11.0807 18.7713 57.6
    endloop
  endfacet
  facet normal -0 0 1
    outer loop
      vertex 9.31884 20.2498 57.6
      vertex 11.0807 18.7713 57.6
      vertex 9.41069 20.35 57.6
    endloop
  endfacet
  facet normal 0 0 1
    outer loop
      vertex 11.0807 18.7713 57.6
      vertex 9.31884 20.2498 57.6
      vertex 11.017 18.6883 57.6
    endloop
  endfacet
  facet normal -0 0 1
    outer loop
      vertex 9.13297 20.0075 57.6
      vertex 11.017 18.6883 57.6
      vertex 9.31884 20.2498 57.6
    endloop
  endfacet
  facet normal 0 0 1
    outer loop
      vertex 11.017 18.6883 57.6
      vertex 9.13297 20.0075 57.6
      vertex 10.9608 18.6 57.6
    endloop
  endfacet
  facet normal -0 0 1
    outer loop
      vertex 8.82792 19.4792 57.6
      vertex 10.9124 18.5071 57.6
      vertex 8.96891 19.75 57.6
    endloop
  endfacet
  facet normal 0 0 1
    outer loop
      vertex 10.9608 18.6 57.6
      vertex 8.96891 19.75 57.6
      vertex 10.9124 18.5071 57.6
    endloop
  endfacet
  facet normal -0 0 1
    outer loop
      vertex 8.96891 19.75 57.6
      vertex 10.9608 18.6 57.6
      vertex 9.13297 20.0075 57.6
    endloop
  endfacet
  facet normal 0 0 1
    outer loop
      vertex 17.2399 -15.1589 57.6
      vertex 16.452 -15.02 57.6
      vertex 17.103 -15.7764 57.6
    endloop
  endfacet
  facet normal -0 0 1
    outer loop
      vertex 16.3302 -15.5694 57.6
      vertex 17.103 -15.7764 57.6
      vertex 16.452 -15.02 57.6
    endloop
  endfacet
  facet normal 0 0 1
    outer loop
      vertex 17.103 -15.7764 57.6
      vertex 16.3302 -15.5694 57.6
      vertex 16.9128 -16.3796 57.6
    endloop
  endfacet
  facet normal -0 0 1
    outer loop
      vertex 16.161 -16.106 57.6
      vertex 16.9128 -16.3796 57.6
      vertex 16.3302 -15.5694 57.6
    endloop
  endfacet
  facet normal 0 0 1
    outer loop
      vertex 16.9128 -16.3796 57.6
      vertex 16.161 -16.106 57.6
      vertex 16.6707 -16.964 57.6
    endloop
  endfacet
  facet normal -0 0 1
    outer loop
      vertex 15.9457 -16.6259 57.6
      vertex 16.6707 -16.964 57.6
      vertex 16.161 -16.106 57.6
    endloop
  endfacet
  facet normal 0 0 1
    outer loop
      vertex 16.6707 -16.964 57.6
      vertex 15.9457 -16.6259 57.6
      vertex 16.3787 -17.525 57.6
    endloop
  endfacet
  facet normal -0 0 1
    outer loop
      vertex 15.6859 -17.125 57.6
      vertex 16.3787 -17.525 57.6
      vertex 15.9457 -16.6259 57.6
    endloop
  endfacet
  facet normal -0 0 1
    outer loop
      vertex 15.4586 -17.4817 57.6
      vertex 16.3787 -17.525 57.6
      vertex 15.6859 -17.125 57.6
    endloop
  endfacet
  facet normal 0 0 1
    outer loop
      vertex 16.3787 -17.525 57.6
      vertex 15.4586 -17.4817 57.6
      vertex 16.0388 -18.0584 57.6
    endloop
  endfacet
  facet normal 0 0 1
    outer loop
      vertex 16.0388 -18.0584 57.6
      vertex 15.4586 -17.4817 57.6
      vertex 15.6538 -18.5602 57.6
    endloop
  endfacet
  facet normal 0 0 1
    outer loop
      vertex 13.2 -18 57.6
      vertex 15.4468 -17.3922 57.6
      vertex 15.3807 -17.0941 57.6
    endloop
  endfacet
  facet normal 0 0 1
    outer loop
      vertex 15.4468 -17.3922 57.6
      vertex 13.2 -18 57.6
      vertex 15.4586 -17.4817 57.6
    endloop
  endfacet
  facet normal 0 0 1
    outer loop
      vertex 13.2 -18 57.6
      vertex 15.3807 -17.0941 57.6
      vertex 15.2889 -16.8029 57.6
    endloop
  endfacet
  facet normal 0 0 1
    outer loop
      vertex 15.4586 -17.4817 57.6
      vertex 13.2 -18 57.6
      vertex 15.2265 -19.0265 57.6
    endloop
  endfacet
  facet normal 0 0 1
    outer loop
      vertex 13.2 -18 57.6
      vertex 15.2889 -16.8029 57.6
      vertex 15.1721 -16.5208 57.6
    endloop
  endfacet
  facet normal 0 0 1
    outer loop
      vertex 13.2 -18 57.6
      vertex 15.1721 -16.5208 57.6
      vertex 15.0311 -16.25 57.6
    endloop
  endfacet
  facet normal 0 0 1
    outer loop
      vertex 13.2 -18 57.6
      vertex 15.0311 -16.25 57.6
      vertex 14.867 -15.9925 57.6
    endloop
  endfacet
  facet normal 0 0 1
    outer loop
      vertex 15.4586 -17.4817 57.6
      vertex 15.2265 -19.0265 57.6
      vertex 15.6538 -18.5602 57.6
    endloop
  endfacet
  facet normal 0 0 1
    outer loop
      vertex 13.2 -18 57.6
      vertex 14.867 -15.9925 57.6
      vertex 14.6812 -15.7502 57.6
    endloop
  endfacet
  facet normal 0 0 1
    outer loop
      vertex 13.2 -18 57.6
      vertex 14.6812 -15.7502 57.6
      vertex 14.4749 -15.5251 57.6
    endloop
  endfacet
  facet normal -0 0 1
    outer loop
      vertex 13.1954 -18.1046 57.6
      vertex 15.2265 -19.0265 57.6
      vertex 13.2 -18 57.6
    endloop
  endfacet
  facet normal 0 0 1
    outer loop
      vertex 13.2 -18 57.6
      vertex 14.4749 -15.5251 57.6
      vertex 14.2498 -15.3188 57.6
    endloop
  endfacet
  facet normal 0 0 1
    outer loop
      vertex 13.2 -18 57.6
      vertex 14.2498 -15.3188 57.6
      vertex 14.0075 -15.133 57.6
    endloop
  endfacet
  facet normal 0 0 1
    outer loop
      vertex 13.2 -18 57.6
      vertex 14.0075 -15.133 57.6
      vertex 13.75 -14.9689 57.6
    endloop
  endfacet
  facet normal -0 0 1
    outer loop
      vertex 13.1818 -18.2084 57.6
      vertex 15.2265 -19.0265 57.6
      vertex 13.1954 -18.1046 57.6
    endloop
  endfacet
  facet normal 0 0 1
    outer loop
      vertex 13.2 -18 57.6
      vertex 13.75 -14.9689 57.6
      vertex 13.4792 -14.8279 57.6
    endloop
  endfacet
  facet normal 0 0 1
    outer loop
      vertex 15.2265 -19.0265 57.6
      vertex 13.1818 -18.2084 57.6
      vertex 14.7602 -19.4538 57.6
    endloop
  endfacet
  facet normal -0 0 1
    outer loop
      vertex 13.1591 -18.3106 57.6
      vertex 14.7602 -19.4538 57.6
      vertex 13.1818 -18.2084 57.6
    endloop
  endfacet
  facet normal -0 0 1
    outer loop
      vertex 13.1276 -18.4104 57.6
      vertex 14.7602 -19.4538 57.6
      vertex 13.1591 -18.3106 57.6
    endloop
  endfacet
  facet normal -0 0 1
    outer loop
      vertex 13.0876 -18.5071 57.6
      vertex 14.7602 -19.4538 57.6
      vertex 13.1276 -18.4104 57.6
    endloop
  endfacet
  facet normal 0 0 1
    outer loop
      vertex 14.7602 -19.4538 57.6
      vertex 13.0876 -18.5071 57.6
      vertex 14.2584 -19.8389 57.6
    endloop
  endfacet
  facet normal -0 0 1
    outer loop
      vertex 13.0392 -18.6 57.6
      vertex 14.2584 -19.8389 57.6
      vertex 13.0876 -18.5071 57.6
    endloop
  endfacet
  facet normal -0 0 1
    outer loop
      vertex 12.983 -18.6883 57.6
      vertex 14.2584 -19.8389 57.6
      vertex 13.0392 -18.6 57.6
    endloop
  endfacet
  facet normal -0 0 1
    outer loop
      vertex 12.9193 -18.7713 57.6
      vertex 14.2584 -19.8389 57.6
      vertex 12.983 -18.6883 57.6
    endloop
  endfacet
  facet normal 0 0 1
    outer loop
      vertex 14.2584 -19.8389 57.6
      vertex 12.9193 -18.7713 57.6
      vertex 13.725 -20.1787 57.6
    endloop
  endfacet
  facet normal -0 0 1
    outer loop
      vertex 12.8485 -18.8485 57.6
      vertex 13.725 -20.1787 57.6
      vertex 12.9193 -18.7713 57.6
    endloop
  endfacet
  facet normal -0 0 1
    outer loop
      vertex 12.7713 -18.9193 57.6
      vertex 13.725 -20.1787 57.6
      vertex 12.8485 -18.8485 57.6
    endloop
  endfacet
  facet normal -0 0 1
    outer loop
      vertex 12.6883 -18.983 57.6
      vertex 13.725 -20.1787 57.6
      vertex 12.7713 -18.9193 57.6
    endloop
  endfacet
  facet normal 0 0 1
    outer loop
      vertex 13.725 -20.1787 57.6
      vertex 12.6883 -18.983 57.6
      vertex 13.164 -20.4707 57.6
    endloop
  endfacet
  facet normal -0 0 1
    outer loop
      vertex 12.6 -19.0392 57.6
      vertex 13.164 -20.4707 57.6
      vertex 12.6883 -18.983 57.6
    endloop
  endfacet
  facet normal -0 0 1
    outer loop
      vertex 12.5071 -19.0876 57.6
      vertex 13.164 -20.4707 57.6
      vertex 12.6 -19.0392 57.6
    endloop
  endfacet
  facet normal -0 0 1
    outer loop
      vertex 12.4104 -19.1276 57.6
      vertex 13.164 -20.4707 57.6
      vertex 12.5071 -19.0876 57.6
    endloop
  endfacet
  facet normal -0 0 1
    outer loop
      vertex 12.3106 -19.1591 57.6
      vertex 13.164 -20.4707 57.6
      vertex 12.4104 -19.1276 57.6
    endloop
  endfacet
  facet normal 0 0 1
    outer loop
      vertex 13.164 -20.4707 57.6
      vertex 12.3106 -19.1591 57.6
      vertex 12.5796 -20.7128 57.6
    endloop
  endfacet
  facet normal -0 0 1
    outer loop
      vertex 12.2084 -19.1818 57.6
      vertex 12.5796 -20.7128 57.6
      vertex 12.3106 -19.1591 57.6
    endloop
  endfacet
  facet normal -0 0 1
    outer loop
      vertex 12.1046 -19.1954 57.6
      vertex 12.5796 -20.7128 57.6
      vertex 12.2084 -19.1818 57.6
    endloop
  endfacet
  facet normal -0 0 1
    outer loop
      vertex 12 -19.2 57.6
      vertex 12.5796 -20.7128 57.6
      vertex 12.1046 -19.1954 57.6
    endloop
  endfacet
  facet normal 0 0 1
    outer loop
      vertex 12 -19.2 57.6
      vertex 11.9764 -20.903 57.6
      vertex 12.5796 -20.7128 57.6
    endloop
  endfacet
  facet normal 0 0 1
    outer loop
      vertex 11.8954 -19.1954 57.6
      vertex 11.9764 -20.903 57.6
      vertex 12 -19.2 57.6
    endloop
  endfacet
  facet normal 0 0 1
    outer loop
      vertex 11.7916 -19.1818 57.6
      vertex 11.9764 -20.903 57.6
      vertex 11.8954 -19.1954 57.6
    endloop
  endfacet
  facet normal 0 0 1
    outer loop
      vertex 11.6894 -19.1591 57.6
      vertex 11.9764 -20.903 57.6
      vertex 11.7916 -19.1818 57.6
    endloop
  endfacet
  facet normal 0 0 1
    outer loop
      vertex 11.3589 -21.0399 57.6
      vertex 11.6894 -19.1591 57.6
      vertex 11.5896 -19.1276 57.6
    endloop
  endfacet
  facet normal 0 0 1
    outer loop
      vertex 11.3589 -21.0399 57.6
      vertex 11.5896 -19.1276 57.6
      vertex 11.4929 -19.0876 57.6
    endloop
  endfacet
  facet normal 0 0 1
    outer loop
      vertex 11.3589 -21.0399 57.6
      vertex 11.4929 -19.0876 57.6
      vertex 11.4 -19.0392 57.6
    endloop
  endfacet
  facet normal 0 0 1
    outer loop
      vertex 11.6894 -19.1591 57.6
      vertex 11.3589 -21.0399 57.6
      vertex 11.9764 -20.903 57.6
    endloop
  endfacet
  facet normal 0 0 1
    outer loop
      vertex 10.7319 -21.1224 57.6
      vertex 11.4 -19.0392 57.6
      vertex 11.3117 -18.983 57.6
    endloop
  endfacet
  facet normal 0 0 1
    outer loop
      vertex 10.7319 -21.1224 57.6
      vertex 11.3117 -18.983 57.6
      vertex 11.2287 -18.9193 57.6
    endloop
  endfacet
  facet normal 0 0 1
    outer loop
      vertex 10.7319 -21.1224 57.6
      vertex 11.2287 -18.9193 57.6
      vertex 11.1515 -18.8485 57.6
    endloop
  endfacet
  facet normal 0 0 1
    outer loop
      vertex 10.7319 -21.1224 57.6
      vertex 11.1515 -18.8485 57.6
      vertex 11.0807 -18.7713 57.6
    endloop
  endfacet
  facet normal 0 0 1
    outer loop
      vertex 10.7319 -21.1224 57.6
      vertex 11.0807 -18.7713 57.6
      vertex 11.017 -18.6883 57.6
    endloop
  endfacet
  facet normal 0 0 1
    outer loop
      vertex 10.7319 -21.1224 57.6
      vertex 11.017 -18.6883 57.6
      vertex 10.9608 -18.6 57.6
    endloop
  endfacet
  facet normal 0 0 1
    outer loop
      vertex 10.7319 -21.1224 57.6
      vertex 10.9608 -18.6 57.6
      vertex 10.9124 -18.5071 57.6
    endloop
  endfacet
  facet normal 0 0 1
    outer loop
      vertex 10.7319 -21.1224 57.6
      vertex 10.9124 -18.5071 57.6
      vertex 10.8724 -18.4104 57.6
    endloop
  endfacet
  facet normal 0 0 1
    outer loop
      vertex 10.7319 -21.1224 57.6
      vertex 10.8724 -18.4104 57.6
      vertex 10.8409 -18.3106 57.6
    endloop
  endfacet
  facet normal 0 0 1
    outer loop
      vertex 10.7319 -21.1224 57.6
      vertex 10.8409 -18.3106 57.6
      vertex 10.8182 -18.2084 57.6
    endloop
  endfacet
  facet normal 0 0 1
    outer loop
      vertex 11.4 -19.0392 57.6
      vertex 10.7319 -21.1224 57.6
      vertex 11.3589 -21.0399 57.6
    endloop
  endfacet
  facet normal 0 0 1
    outer loop
      vertex 10.8046 -18.1046 57.6
      vertex 10.7319 -21.1224 57.6
      vertex 10.8182 -18.2084 57.6
    endloop
  endfacet
  facet normal 0 0 1
    outer loop
      vertex 10.7319 -21.1224 57.6
      vertex 10.8046 -18.1046 57.6
      vertex 10.8 -18 57.6
    endloop
  endfacet
  facet normal -0 0 1
    outer loop
      vertex 12.983 17.3117 57.6
      vertex 14.867 15.9925 57.6
      vertex 13.0392 17.4 57.6
    endloop
  endfacet
  facet normal 0 0 1
    outer loop
      vertex 14.867 15.9925 57.6
      vertex 12.983 17.3117 57.6
      vertex 14.6812 15.7502 57.6
    endloop
  endfacet
  facet normal -0 0 1
    outer loop
      vertex 12.9193 17.2287 57.6
      vertex 14.6812 15.7502 57.6
      vertex 12.983 17.3117 57.6
    endloop
  endfacet
  facet normal 0 0 1
    outer loop
      vertex 14.6812 15.7502 57.6
      vertex 12.9193 17.2287 57.6
      vertex 14.4749 15.5251 57.6
    endloop
  endfacet
  facet normal -0 0 1
    outer loop
      vertex 12.8485 17.1515 57.6
      vertex 14.4749 15.5251 57.6
      vertex 12.9193 17.2287 57.6
    endloop
  endfacet
  facet normal 0 0 1
    outer loop
      vertex 14.4749 15.5251 57.6
      vertex 12.8485 17.1515 57.6
      vertex 14.2498 15.3188 57.6
    endloop
  endfacet
  facet normal -0 0 1
    outer loop
      vertex 12.7713 17.0807 57.6
      vertex 14.2498 15.3188 57.6
      vertex 12.8485 17.1515 57.6
    endloop
  endfacet
  facet normal 0 0 1
    outer loop
      vertex 14.2498 15.3188 57.6
      vertex 12.7713 17.0807 57.6
      vertex 14.0075 15.133 57.6
    endloop
  endfacet
  facet normal -0 0 1
    outer loop
      vertex 12.6883 17.017 57.6
      vertex 14.0075 15.133 57.6
      vertex 12.7713 17.0807 57.6
    endloop
  endfacet
  facet normal 0 0 1
    outer loop
      vertex 14.0075 15.133 57.6
      vertex 12.6883 17.017 57.6
      vertex 13.75 14.9689 57.6
    endloop
  endfacet
  facet normal -0 0 1
    outer loop
      vertex 12.6 16.9608 57.6
      vertex 13.75 14.9689 57.6
      vertex 12.6883 17.017 57.6
    endloop
  endfacet
  facet normal 0 0 1
    outer loop
      vertex 13.75 14.9689 57.6
      vertex 12.6 16.9608 57.6
      vertex 13.4792 14.8279 57.6
    endloop
  endfacet
  facet normal -0 0 1
    outer loop
      vertex 12.5071 16.9124 57.6
      vertex 13.4792 14.8279 57.6
      vertex 12.6 16.9608 57.6
    endloop
  endfacet
  facet normal 0 0 1
    outer loop
      vertex 13.4792 14.8279 57.6
      vertex 12.5071 16.9124 57.6
      vertex 13.1971 14.7111 57.6
    endloop
  endfacet
  facet normal -0 0 1
    outer loop
      vertex 12.4104 16.8724 57.6
      vertex 13.1971 14.7111 57.6
      vertex 12.5071 16.9124 57.6
    endloop
  endfacet
  facet normal 0 0 1
    outer loop
      vertex 13.1971 14.7111 57.6
      vertex 12.4104 16.8724 57.6
      vertex 12.9059 14.6193 57.6
    endloop
  endfacet
  facet normal -0 0 1
    outer loop
      vertex 12.3106 16.8409 57.6
      vertex 12.9059 14.6193 57.6
      vertex 12.4104 16.8724 57.6
    endloop
  endfacet
  facet normal 0 0 1
    outer loop
      vertex 12.9059 14.6193 57.6
      vertex 12.3106 16.8409 57.6
      vertex 12.6078 14.5532 57.6
    endloop
  endfacet
  facet normal -0 0 1
    outer loop
      vertex 12.2084 16.8182 57.6
      vertex 12.6078 14.5532 57.6
      vertex 12.3106 16.8409 57.6
    endloop
  endfacet
  facet normal 0 0 1
    outer loop
      vertex 12.6078 14.5532 57.6
      vertex 12.2084 16.8182 57.6
      vertex 12.305 14.5133 57.6
    endloop
  endfacet
  facet normal -0 0 1
    outer loop
      vertex 12.1046 16.8046 57.6
      vertex 12.305 14.5133 57.6
      vertex 12.2084 16.8182 57.6
    endloop
  endfacet
  facet normal -0 0 1
    outer loop
      vertex 12 16.8 57.6
      vertex 12.305 14.5133 57.6
      vertex 12.1046 16.8046 57.6
    endloop
  endfacet
  facet normal 0 0 1
    outer loop
      vertex 12 16.8 57.6
      vertex 12 14.5 57.6
      vertex 12.305 14.5133 57.6
    endloop
  endfacet
  facet normal 0 0 1
    outer loop
      vertex 11.8954 16.8046 57.6
      vertex 12 14.5 57.6
      vertex 12 16.8 57.6
    endloop
  endfacet
  facet normal 0 0 1
    outer loop
      vertex 11.695 14.5133 57.6
      vertex 11.8954 16.8046 57.6
      vertex 11.7916 16.8182 57.6
    endloop
  endfacet
  facet normal 0 0 1
    outer loop
      vertex 11.8954 16.8046 57.6
      vertex 11.695 14.5133 57.6
      vertex 12 14.5 57.6
    endloop
  endfacet
  facet normal 0 0 1
    outer loop
      vertex 11.3922 14.5532 57.6
      vertex 11.7916 16.8182 57.6
      vertex 11.6894 16.8409 57.6
    endloop
  endfacet
  facet normal 0 0 1
    outer loop
      vertex 11.0941 14.6193 57.6
      vertex 11.6894 16.8409 57.6
      vertex 11.5896 16.8724 57.6
    endloop
  endfacet
  facet normal 0 0 1
    outer loop
      vertex 10.8029 14.7111 57.6
      vertex 11.5896 16.8724 57.6
      vertex 11.4929 16.9124 57.6
    endloop
  endfacet
  facet normal 0 0 1
    outer loop
      vertex 10.5208 14.8279 57.6
      vertex 11.4929 16.9124 57.6
      vertex 11.4 16.9608 57.6
    endloop
  endfacet
  facet normal 0 0 1
    outer loop
      vertex 11.7916 16.8182 57.6
      vertex 11.3922 14.5532 57.6
      vertex 11.695 14.5133 57.6
    endloop
  endfacet
  facet normal 0 0 1
    outer loop
      vertex 10.25 14.9689 57.6
      vertex 11.4 16.9608 57.6
      vertex 11.3117 17.017 57.6
    endloop
  endfacet
  facet normal 0 0 1
    outer loop
      vertex 9.99248 15.133 57.6
      vertex 11.3117 17.017 57.6
      vertex 11.2287 17.0807 57.6
    endloop
  endfacet
  facet normal 0 0 1
    outer loop
      vertex 9.75024 15.3188 57.6
      vertex 11.2287 17.0807 57.6
      vertex 11.1515 17.1515 57.6
    endloop
  endfacet
  facet normal 0 0 1
    outer loop
      vertex 11.6894 16.8409 57.6
      vertex 11.0941 14.6193 57.6
      vertex 11.3922 14.5532 57.6
    endloop
  endfacet
  facet normal 0 0 1
    outer loop
      vertex 9.52513 15.5251 57.6
      vertex 11.1515 17.1515 57.6
      vertex 11.0807 17.2287 57.6
    endloop
  endfacet
  facet normal 0 0 1
    outer loop
      vertex 9.52513 15.5251 57.6
      vertex 11.0807 17.2287 57.6
      vertex 11.017 17.3117 57.6
    endloop
  endfacet
  facet normal 0 0 1
    outer loop
      vertex 9.52513 15.5251 57.6
      vertex 11.017 17.3117 57.6
      vertex 10.9608 17.4 57.6
    endloop
  endfacet
  facet normal 0 0 1
    outer loop
      vertex 9.52513 15.5251 57.6
      vertex 10.9608 17.4 57.6
      vertex 10.9124 17.4929 57.6
    endloop
  endfacet
  facet normal 0 0 1
    outer loop
      vertex 9.52513 15.5251 57.6
      vertex 10.9124 17.4929 57.6
      vertex 10.8724 17.5896 57.6
    endloop
  endfacet
  facet normal 0 0 1
    outer loop
      vertex 9.52513 15.5251 57.6
      vertex 10.8724 17.5896 57.6
      vertex 10.8409 17.6894 57.6
    endloop
  endfacet
  facet normal 0 0 1
    outer loop
      vertex 9.52513 15.5251 57.6
      vertex 10.8409 17.6894 57.6
      vertex 10.8182 17.7916 57.6
    endloop
  endfacet
  facet normal 0 0 1
    outer loop
      vertex 9.52513 15.5251 57.6
      vertex 10.8182 17.7916 57.6
      vertex 10.8046 17.8954 57.6
    endloop
  endfacet
  facet normal 0 0 1
    outer loop
      vertex 11.5896 16.8724 57.6
      vertex 10.8029 14.7111 57.6
      vertex 11.0941 14.6193 57.6
    endloop
  endfacet
  facet normal 0 0 1
    outer loop
      vertex 9.52513 15.5251 57.6
      vertex 10.8046 17.8954 57.6
      vertex 10.8 18 57.6
    endloop
  endfacet
  facet normal 0 0 1
    outer loop
      vertex 10.9124 18.5071 57.6
      vertex 8.82792 19.4792 57.6
      vertex 10.8724 18.4104 57.6
    endloop
  endfacet
  facet normal 0 0 1
    outer loop
      vertex 11.4929 16.9124 57.6
      vertex 10.5208 14.8279 57.6
      vertex 10.8029 14.7111 57.6
    endloop
  endfacet
  facet normal 0 0 1
    outer loop
      vertex 11.4 16.9608 57.6
      vertex 10.25 14.9689 57.6
      vertex 10.5208 14.8279 57.6
    endloop
  endfacet
  facet normal 0 0 1
    outer loop
      vertex 9.41069 20.35 57.6
      vertex 10.7319 21.1224 57.6
      vertex 10.1 21.15 57.6
    endloop
  endfacet
  facet normal -0 0 1
    outer loop
      vertex 8.71108 19.1971 57.6
      vertex 10.8724 18.4104 57.6
      vertex 8.82792 19.4792 57.6
    endloop
  endfacet
  facet normal 0 0 1
    outer loop
      vertex 11.3117 17.017 57.6
      vertex 9.99248 15.133 57.6
      vertex 10.25 14.9689 57.6
    endloop
  endfacet
  facet normal 0 0 1
    outer loop
      vertex 11.2287 17.0807 57.6
      vertex 9.75024 15.3188 57.6
      vertex 9.99248 15.133 57.6
    endloop
  endfacet
  facet normal 0 0 1
    outer loop
      vertex 11.1515 17.1515 57.6
      vertex 9.52513 15.5251 57.6
      vertex 9.75024 15.3188 57.6
    endloop
  endfacet
  facet normal 0 0 1
    outer loop
      vertex 10.1 21.15 57.6
      vertex -9.41069 20.35 57.6
      vertex 9.41069 20.35 57.6
    endloop
  endfacet
  facet normal 0 0 1
    outer loop
      vertex -8.71108 16.8029 57.6
      vertex -10.8724 17.5896 57.6
      vertex -8.82792 16.5208 57.6
    endloop
  endfacet
  facet normal 0 0 1
    outer loop
      vertex -8.82792 16.5208 57.6
      vertex -10.9124 17.4929 57.6
      vertex -8.96891 16.25 57.6
    endloop
  endfacet
  facet normal -0 0 1
    outer loop
      vertex -10.1 21.15 57.6
      vertex -9.41069 20.35 57.6
      vertex 10.1 21.15 57.6
    endloop
  endfacet
  facet normal -0 0 1
    outer loop
      vertex -10.7319 21.1224 57.6
      vertex -9.41069 20.35 57.6
      vertex -10.1 21.15 57.6
    endloop
  endfacet
  facet normal -0 0 1
    outer loop
      vertex -10.9124 17.4929 57.6
      vertex -8.82792 16.5208 57.6
      vertex -10.8724 17.5896 57.6
    endloop
  endfacet
  facet normal -0 0 1
    outer loop
      vertex -10.9608 17.4 57.6
      vertex -8.96891 16.25 57.6
      vertex -10.9124 17.4929 57.6
    endloop
  endfacet
  facet normal 0 0 1
    outer loop
      vertex -11.3117 18.983 57.6
      vertex -9.41069 20.35 57.6
      vertex -10.7319 21.1224 57.6
    endloop
  endfacet
  facet normal 0 0 1
    outer loop
      vertex -8.96891 16.25 57.6
      vertex -10.9608 17.4 57.6
      vertex -9.13297 15.9925 57.6
    endloop
  endfacet
  facet normal -0 0 1
    outer loop
      vertex -11.017 17.3117 57.6
      vertex -9.13297 15.9925 57.6
      vertex -10.9608 17.4 57.6
    endloop
  endfacet
  facet normal 0 0 1
    outer loop
      vertex -9.13297 15.9925 57.6
      vertex -11.017 17.3117 57.6
      vertex -9.31884 15.7502 57.6
    endloop
  endfacet
  facet normal -0 0 1
    outer loop
      vertex -11.0807 17.2287 57.6
      vertex -9.31884 15.7502 57.6
      vertex -11.017 17.3117 57.6
    endloop
  endfacet
  facet normal 0 0 1
    outer loop
      vertex -9.31884 15.7502 57.6
      vertex -11.0807 17.2287 57.6
      vertex -9.52513 15.5251 57.6
    endloop
  endfacet
  facet normal -0 0 1
    outer loop
      vertex -11.1515 17.1515 57.6
      vertex -9.52513 15.5251 57.6
      vertex -11.0807 17.2287 57.6
    endloop
  endfacet
  facet normal 0 0 1
    outer loop
      vertex -9.52513 15.5251 57.6
      vertex -11.1515 17.1515 57.6
      vertex -9.75024 15.3188 57.6
    endloop
  endfacet
  facet normal -0 0 1
    outer loop
      vertex -11.2287 17.0807 57.6
      vertex -9.75024 15.3188 57.6
      vertex -11.1515 17.1515 57.6
    endloop
  endfacet
  facet normal 0 0 1
    outer loop
      vertex -9.75024 15.3188 57.6
      vertex -11.2287 17.0807 57.6
      vertex -9.99248 15.133 57.6
    endloop
  endfacet
  facet normal -0 0 1
    outer loop
      vertex -11.3117 17.017 57.6
      vertex -9.99248 15.133 57.6
      vertex -11.2287 17.0807 57.6
    endloop
  endfacet
  facet normal 0 0 1
    outer loop
      vertex -9.99248 15.133 57.6
      vertex -11.3117 17.017 57.6
      vertex -10.25 14.9689 57.6
    endloop
  endfacet
  facet normal -0 0 1
    outer loop
      vertex -11.4 16.9608 57.6
      vertex -10.25 14.9689 57.6
      vertex -11.3117 17.017 57.6
    endloop
  endfacet
  facet normal 0 0 1
    outer loop
      vertex -10.25 14.9689 57.6
      vertex -11.4 16.9608 57.6
      vertex -10.5208 14.8279 57.6
    endloop
  endfacet
  facet normal -0 0 1
    outer loop
      vertex -11.4929 16.9124 57.6
      vertex -10.5208 14.8279 57.6
      vertex -11.4 16.9608 57.6
    endloop
  endfacet
  facet normal 0 0 1
    outer loop
      vertex -10.5208 14.8279 57.6
      vertex -11.4929 16.9124 57.6
      vertex -10.8029 14.7111 57.6
    endloop
  endfacet
  facet normal -0 0 1
    outer loop
      vertex -11.5896 16.8724 57.6
      vertex -10.8029 14.7111 57.6
      vertex -11.4929 16.9124 57.6
    endloop
  endfacet
  facet normal 0 0 1
    outer loop
      vertex -10.8029 14.7111 57.6
      vertex -11.5896 16.8724 57.6
      vertex -11.0941 14.6193 57.6
    endloop
  endfacet
  facet normal -0 0 1
    outer loop
      vertex -11.6894 16.8409 57.6
      vertex -11.0941 14.6193 57.6
      vertex -11.5896 16.8724 57.6
    endloop
  endfacet
  facet normal 0 0 1
    outer loop
      vertex -11.0941 14.6193 57.6
      vertex -11.6894 16.8409 57.6
      vertex -11.3922 14.5532 57.6
    endloop
  endfacet
  facet normal -0 0 1
    outer loop
      vertex -11.7916 16.8182 57.6
      vertex -11.3922 14.5532 57.6
      vertex -11.6894 16.8409 57.6
    endloop
  endfacet
  facet normal 0 0 1
    outer loop
      vertex -11.3922 14.5532 57.6
      vertex -11.7916 16.8182 57.6
      vertex -11.695 14.5133 57.6
    endloop
  endfacet
  facet normal -0 0 1
    outer loop
      vertex -11.8954 16.8046 57.6
      vertex -11.695 14.5133 57.6
      vertex -11.7916 16.8182 57.6
    endloop
  endfacet
  facet normal -0 0 1
    outer loop
      vertex -12 16.8 57.6
      vertex -11.695 14.5133 57.6
      vertex -11.8954 16.8046 57.6
    endloop
  endfacet
  facet normal 0 0 1
    outer loop
      vertex -12 16.8 57.6
      vertex -12 14.5 57.6
      vertex -11.695 14.5133 57.6
    endloop
  endfacet
  facet normal 0 0 1
    outer loop
      vertex -12.1046 16.8046 57.6
      vertex -12 14.5 57.6
      vertex -12 16.8 57.6
    endloop
  endfacet
  facet normal 0 0 1
    outer loop
      vertex -12.305 14.5133 57.6
      vertex -12.1046 16.8046 57.6
      vertex -12.2084 16.8182 57.6
    endloop
  endfacet
  facet normal 0 0 1
    outer loop
      vertex -12.1046 16.8046 57.6
      vertex -12.305 14.5133 57.6
      vertex -12 14.5 57.6
    endloop
  endfacet
  facet normal 0 0 1
    outer loop
      vertex -12.6078 14.5532 57.6
      vertex -12.2084 16.8182 57.6
      vertex -12.3106 16.8409 57.6
    endloop
  endfacet
  facet normal 0 0 1
    outer loop
      vertex -12.9059 14.6193 57.6
      vertex -12.3106 16.8409 57.6
      vertex -12.4104 16.8724 57.6
    endloop
  endfacet
  facet normal 0 0 1
    outer loop
      vertex -13.1971 14.7111 57.6
      vertex -12.4104 16.8724 57.6
      vertex -12.5071 16.9124 57.6
    endloop
  endfacet
  facet normal 0 0 1
    outer loop
      vertex -13.4792 14.8279 57.6
      vertex -12.5071 16.9124 57.6
      vertex -12.6 16.9608 57.6
    endloop
  endfacet
  facet normal 0 0 1
    outer loop
      vertex -12.2084 16.8182 57.6
      vertex -12.6078 14.5532 57.6
      vertex -12.305 14.5133 57.6
    endloop
  endfacet
  facet normal 0 0 1
    outer loop
      vertex -13.4792 14.8279 57.6
      vertex -12.6 16.9608 57.6
      vertex -12.6883 17.017 57.6
    endloop
  endfacet
  facet normal 0 0 1
    outer loop
      vertex -13.4792 14.8279 57.6
      vertex -12.6883 17.017 57.6
      vertex -12.7713 17.0807 57.6
    endloop
  endfacet
  facet normal 0 0 1
    outer loop
      vertex -13.4792 14.8279 57.6
      vertex -12.7713 17.0807 57.6
      vertex -12.8485 17.1515 57.6
    endloop
  endfacet
  facet normal 0 0 1
    outer loop
      vertex -12.3106 16.8409 57.6
      vertex -12.9059 14.6193 57.6
      vertex -12.6078 14.5532 57.6
    endloop
  endfacet
  facet normal 0 0 1
    outer loop
      vertex -13.4792 14.8279 57.6
      vertex -12.8485 17.1515 57.6
      vertex -12.9193 17.2287 57.6
    endloop
  endfacet
  facet normal 0 0 1
    outer loop
      vertex -13.4792 14.8279 57.6
      vertex -12.9193 17.2287 57.6
      vertex -12.983 17.3117 57.6
    endloop
  endfacet
  facet normal 0 0 1
    outer loop
      vertex -13.4792 14.8279 57.6
      vertex -12.983 17.3117 57.6
      vertex -13.0392 17.4 57.6
    endloop
  endfacet
  facet normal 0 0 1
    outer loop
      vertex -13.4792 14.8279 57.6
      vertex -13.0392 17.4 57.6
      vertex -13.0876 17.4929 57.6
    endloop
  endfacet
  facet normal 0 0 1
    outer loop
      vertex -13.4792 14.8279 57.6
      vertex -13.0876 17.4929 57.6
      vertex -13.1276 17.5896 57.6
    endloop
  endfacet
  facet normal 0 0 1
    outer loop
      vertex -13.4792 14.8279 57.6
      vertex -13.1276 17.5896 57.6
      vertex -13.1591 17.6894 57.6
    endloop
  endfacet
  facet normal 0 0 1
    outer loop
      vertex -13.4792 14.8279 57.6
      vertex -13.1591 17.6894 57.6
      vertex -13.1818 17.7916 57.6
    endloop
  endfacet
  facet normal 0 0 1
    outer loop
      vertex -13.4792 14.8279 57.6
      vertex -13.1818 17.7916 57.6
      vertex -13.1954 17.8954 57.6
    endloop
  endfacet
  facet normal 0 0 1
    outer loop
      vertex -12.4104 16.8724 57.6
      vertex -13.1971 14.7111 57.6
      vertex -12.9059 14.6193 57.6
    endloop
  endfacet
  facet normal 0 0 1
    outer loop
      vertex -13.4792 14.8279 57.6
      vertex -13.1954 17.8954 57.6
      vertex -13.2 18 57.6
    endloop
  endfacet
  facet normal 0 0 1
    outer loop
      vertex -12.5071 16.9124 57.6
      vertex -13.4792 14.8279 57.6
      vertex -13.1971 14.7111 57.6
    endloop
  endfacet
  facet normal -0.130641 0.99143 0
    outer loop
      vertex -12.305 -14.5133 1.6
      vertex -12.6078 -14.5532 57.6
      vertex -12.305 -14.5133 57.6
    endloop
  endfacet
  facet normal -0.130641 0.99143 0
    outer loop
      vertex -12.6078 -14.5532 57.6
      vertex -12.305 -14.5133 1.6
      vertex -12.6078 -14.5532 1.6
    endloop
  endfacet
  facet normal -0.67565 0.737222 0
    outer loop
      vertex -14.2498 -15.3188 57.6
      vertex -14.4749 -15.5251 2.51797
      vertex -14.4749 -15.5251 57.6
    endloop
  endfacet
  facet normal -0.67565 0.737222 0
    outer loop
      vertex -14.4749 -15.5251 2.51797
      vertex -14.2498 -15.3188 57.6
      vertex -14.2498 -15.3188 2.2921
    endloop
  endfacet
  facet normal 0.737238 0.675633 0
    outer loop
      vertex -9.31884 -15.7502 57.6
      vertex -9.52513 -15.5251 1.6
      vertex -9.52513 -15.5251 57.6
    endloop
  endfacet
  facet normal 0.737238 0.675633 0
    outer loop
      vertex -9.52513 -15.5251 1.6
      vertex -9.31884 -15.7502 57.6
      vertex -9.31884 -15.7502 1.6
    endloop
  endfacet
  facet normal 0.300661 0.953731 -0
    outer loop
      vertex -10.8029 -14.7111 1.6
      vertex -11.0941 -14.6193 57.6
      vertex -10.8029 -14.7111 57.6
    endloop
  endfacet
  facet normal 0.300661 0.953731 0
    outer loop
      vertex -11.0941 -14.6193 57.6
      vertex -10.8029 -14.7111 1.6
      vertex -11.0941 -14.6193 1.6
    endloop
  endfacet
  facet normal 0.999048 -0.0436305 0
    outer loop
      vertex -8.51332 -18.305 57.6
      vertex -8.5 -18 1.6
      vertex -8.5 -18 57.6
    endloop
  endfacet
  facet normal 0.999048 -0.0436305 0
    outer loop
      vertex -8.5 -18 1.6
      vertex -8.51332 -18.305 57.6
      vertex -8.51332 -18.305 1.6
    endloop
  endfacet
  facet normal 0.886983 -0.461801 0
    outer loop
      vertex -8.96891 -19.75 2.24521
      vertex -8.82792 -19.4792 57.6
      vertex -8.96891 -19.75 57.6
    endloop
  endfacet
  facet normal 0.886983 -0.461801 0
    outer loop
      vertex -8.82792 -19.4792 57.6
      vertex -8.96891 -19.75 2.24521
      vertex -8.82792 -19.4792 1.9722
    endloop
  endfacet
  facet normal -0.843311 0.537426 0
    outer loop
      vertex -15.0311 -16.25 3.07604
      vertex -14.867 -15.9925 57.6
      vertex -14.867 -15.9925 2.91143
    endloop
  endfacet
  facet normal -0.843311 0.537426 0
    outer loop
      vertex -14.867 -15.9925 57.6
      vertex -15.0311 -16.25 3.07604
      vertex -15.0311 -16.25 57.6
    endloop
  endfacet
  facet normal 0.21648 0.976287 -0
    outer loop
      vertex -11.0941 -14.6193 1.6
      vertex -11.3922 -14.5532 57.6
      vertex -11.0941 -14.6193 57.6
    endloop
  endfacet
  facet normal 0.21648 0.976287 0
    outer loop
      vertex -11.3922 -14.5532 57.6
      vertex -11.0941 -14.6193 1.6
      vertex -11.3922 -14.5532 1.6
    endloop
  endfacet
  facet normal -0.300661 0.953731 0
    outer loop
      vertex -12.9059 -14.6193 1.6
      vertex -13.1971 -14.7111 57.6
      vertex -12.9059 -14.6193 57.6
    endloop
  endfacet
  facet normal -0.300661 0.953731 0
    outer loop
      vertex -13.1971 -14.7111 57.6
      vertex -12.9059 -14.6193 1.6
      vertex -13.1971 -14.7111 1.6
    endloop
  endfacet
  facet normal 0.608602 0.793476 -0
    outer loop
      vertex -9.75024 -15.3188 1.6
      vertex -9.99248 -15.133 57.6
      vertex -9.75024 -15.3188 57.6
    endloop
  endfacet
  facet normal 0.608602 0.793476 0
    outer loop
      vertex -9.99248 -15.133 57.6
      vertex -9.75024 -15.3188 1.6
      vertex -9.99248 -15.133 1.6
    endloop
  endfacet
  facet normal -0.608507 0.793548 0
    outer loop
      vertex -14.0075 -15.133 57.6
      vertex -14.2498 -15.3188 2.2921
      vertex -14.2498 -15.3188 57.6
    endloop
  endfacet
  facet normal -0.608507 0.793548 0
    outer loop
      vertex -14.2498 -15.3188 2.2921
      vertex -14.0075 -15.133 57.6
      vertex -14.0075 -15.133 2.04905
    endloop
  endfacet
  facet normal 0.737154 -0.675725 0
    outer loop
      vertex -9.41069 -20.35 2.85
      vertex -9.31884 -20.2498 57.6
      vertex -9.41069 -20.35 57.6
    endloop
  endfacet
  facet normal 0.737154 -0.675725 0
    outer loop
      vertex -9.31884 -20.2498 57.6
      vertex -9.41069 -20.35 2.85
      vertex -9.31884 -20.2498 2.74896
    endloop
  endfacet
  facet normal 0.923891 0.382656 0
    outer loop
      vertex -8.71108 -16.8029 57.6
      vertex -8.82792 -16.5208 1.6
      vertex -8.82792 -16.5208 57.6
    endloop
  endfacet
  facet normal 0.923891 0.382656 0
    outer loop
      vertex -8.82792 -16.5208 1.6
      vertex -8.71108 -16.8029 57.6
      vertex -8.71108 -16.8029 1.6
    endloop
  endfacet
  facet normal 0.675634 0.737237 -0
    outer loop
      vertex -9.52513 -15.5251 1.6
      vertex -9.75024 -15.3188 57.6
      vertex -9.52513 -15.5251 57.6
    endloop
  endfacet
  facet normal 0.675634 0.737237 0
    outer loop
      vertex -9.75024 -15.3188 57.6
      vertex -9.52513 -15.5251 1.6
      vertex -9.75024 -15.3188 1.6
    endloop
  endfacet
  facet normal -0.21648 0.976287 0
    outer loop
      vertex -12.6078 -14.5532 1.6
      vertex -12.9059 -14.6193 57.6
      vertex -12.6078 -14.5532 57.6
    endloop
  endfacet
  facet normal -0.21648 0.976287 0
    outer loop
      vertex -12.9059 -14.6193 57.6
      vertex -12.6078 -14.5532 1.6
      vertex -12.9059 -14.6193 1.6
    endloop
  endfacet
  facet normal 0.953712 -0.300721 0
    outer loop
      vertex -8.71108 -19.1971 1.68786
      vertex -8.61926 -18.9059 1.6
      vertex -8.61926 -18.9059 57.6
    endloop
  endfacet
  facet normal 0.953712 -0.300721 0
    outer loop
      vertex -8.71108 -19.1971 1.68786
      vertex -8.61926 -18.9059 57.6
      vertex -8.71108 -19.1971 57.6
    endloop
  endfacet
  facet normal 0.953705 -0.300744 -8.59872e-05
    outer loop
      vertex -8.61926 -18.9059 1.6
      vertex -8.71108 -19.1971 1.68786
      vertex -8.68359 -19.1099 1.6
    endloop
  endfacet
  facet normal 0.976294 -0.216448 0
    outer loop
      vertex -8.61926 -18.9059 57.6
      vertex -8.55317 -18.6078 1.6
      vertex -8.55317 -18.6078 57.6
    endloop
  endfacet
  facet normal 0.976294 -0.216448 0
    outer loop
      vertex -8.55317 -18.6078 1.6
      vertex -8.61926 -18.9059 57.6
      vertex -8.61926 -18.9059 1.6
    endloop
  endfacet
  facet normal 0.793438 -0.608652 0
    outer loop
      vertex -9.31884 -20.2498 2.74896
      vertex -9.13297 -20.0075 57.6
      vertex -9.31884 -20.2498 57.6
    endloop
  endfacet
  facet normal 0.793438 -0.608652 0
    outer loop
      vertex -9.13297 -20.0075 57.6
      vertex -9.31884 -20.2498 2.74896
      vertex -9.13297 -20.0075 2.50479
    endloop
  endfacet
  facet normal -0.793548 0.608507 0
    outer loop
      vertex -14.867 -15.9925 2.91143
      vertex -14.6812 -15.7502 57.6
      vertex -14.6812 -15.7502 2.72494
    endloop
  endfacet
  facet normal -0.793548 0.608507 0
    outer loop
      vertex -14.6812 -15.7502 57.6
      vertex -14.867 -15.9925 2.91143
      vertex -14.867 -15.9925 57.6
    endloop
  endfacet
  facet normal -0.382545 0.923937 0
    outer loop
      vertex -13.1971 -14.7111 1.6
      vertex -13.4792 -14.8279 57.6
      vertex -13.1971 -14.7111 57.6
    endloop
  endfacet
  facet normal -0.382545 0.923937 0
    outer loop
      vertex -13.4792 -14.8279 57.6
      vertex -13.1971 -14.7111 1.6
      vertex -13.4792 -14.8279 1.6
    endloop
  endfacet
  facet normal 0.461827 0.88697 -0
    outer loop
      vertex -10.25 -14.9689 1.6
      vertex -10.5208 -14.8279 57.6
      vertex -10.25 -14.9689 57.6
    endloop
  endfacet
  facet normal 0.461827 0.88697 0
    outer loop
      vertex -10.5208 -14.8279 57.6
      vertex -10.25 -14.9689 1.6
      vertex -10.5208 -14.8279 1.6
    endloop
  endfacet
  facet normal 0.84337 -0.537333 0
    outer loop
      vertex -9.13297 -20.0075 2.50479
      vertex -8.96891 -19.75 57.6
      vertex -9.13297 -20.0075 57.6
    endloop
  endfacet
  facet normal 0.84337 -0.537333 0
    outer loop
      vertex -8.96891 -19.75 57.6
      vertex -9.13297 -20.0075 2.50479
      vertex -8.96891 -19.75 2.24521
    endloop
  endfacet
  facet normal 0.382545 0.923937 -0
    outer loop
      vertex -10.5208 -14.8279 1.6
      vertex -10.8029 -14.7111 57.6
      vertex -10.5208 -14.8279 57.6
    endloop
  endfacet
  facet normal 0.382545 0.923937 0
    outer loop
      vertex -10.8029 -14.7111 57.6
      vertex -10.5208 -14.8279 1.6
      vertex -10.8029 -14.7111 1.6
    endloop
  endfacet
  facet normal 0.84337 0.537333 0
    outer loop
      vertex -8.96891 -16.25 57.6
      vertex -9.13297 -15.9925 1.6
      vertex -9.13297 -15.9925 57.6
    endloop
  endfacet
  facet normal 0.84337 0.537333 0
    outer loop
      vertex -9.13297 -15.9925 1.6
      vertex -8.96891 -16.25 57.6
      vertex -8.96891 -16.25 1.6
    endloop
  endfacet
  facet normal -0.953731 0.300661 0
    outer loop
      vertex -15.3807 -17.0941 3.42685
      vertex -15.2889 -16.8029 57.6
      vertex -15.2889 -16.8029 3.33473
    endloop
  endfacet
  facet normal -0.953731 0.300661 0
    outer loop
      vertex -15.2889 -16.8029 57.6
      vertex -15.3807 -17.0941 3.42685
      vertex -15.3807 -17.0941 57.6
    endloop
  endfacet
  facet normal 0.991451 -0.13048 0
    outer loop
      vertex -8.55317 -18.6078 57.6
      vertex -8.51332 -18.305 1.6
      vertex -8.51332 -18.305 57.6
    endloop
  endfacet
  facet normal 0.991451 -0.13048 0
    outer loop
      vertex -8.51332 -18.305 1.6
      vertex -8.55317 -18.6078 57.6
      vertex -8.55317 -18.6078 1.6
    endloop
  endfacet
  facet normal -0.537426 0.843311 0
    outer loop
      vertex -13.75 -14.9689 57.6
      vertex -14.0075 -15.133 2.04905
      vertex -14.0075 -15.133 57.6
    endloop
  endfacet
  facet normal -0.537426 0.843311 0
    outer loop
      vertex -14.0075 -15.133 2.04905
      vertex -13.75 -14.9689 57.6
      vertex -13.75 -14.9689 1.79068
    endloop
  endfacet
  facet normal 0.953712 0.300721 0
    outer loop
      vertex -8.61926 -17.0941 57.6
      vertex -8.71108 -16.8029 1.6
      vertex -8.71108 -16.8029 57.6
    endloop
  endfacet
  facet normal 0.953712 0.300721 0
    outer loop
      vertex -8.71108 -16.8029 1.6
      vertex -8.61926 -17.0941 57.6
      vertex -8.61926 -17.0941 1.6
    endloop
  endfacet
  facet normal 0.886983 0.461801 0
    outer loop
      vertex -8.82792 -16.5208 57.6
      vertex -8.96891 -16.25 1.6
      vertex -8.96891 -16.25 57.6
    endloop
  endfacet
  facet normal 0.886983 0.461801 0
    outer loop
      vertex -8.96891 -16.25 1.6
      vertex -8.82792 -16.5208 57.6
      vertex -8.82792 -16.5208 1.6
    endloop
  endfacet
  facet normal 0.537397 0.84333 -0
    outer loop
      vertex -9.99248 -15.133 1.6
      vertex -10.25 -14.9689 57.6
      vertex -9.99248 -15.133 57.6
    endloop
  endfacet
  facet normal 0.537397 0.84333 0
    outer loop
      vertex -10.25 -14.9689 57.6
      vertex -9.99248 -15.133 1.6
      vertex -10.25 -14.9689 1.6
    endloop
  endfacet
  facet normal -0.976069 0.217429 0.00368376
    outer loop
      vertex -15.4408 -17.365 3.49196
      vertex -15.3807 -17.0941 3.42685
      vertex -15.4216 -17.2784 3.46784
    endloop
  endfacet
  facet normal -0.974071 0.223901 0.032455
    outer loop
      vertex -15.4468 -17.3922 3.49953
      vertex -15.3807 -17.0941 3.42685
      vertex -15.4408 -17.365 3.49196
    endloop
  endfacet
  facet normal -0.976287 0.21648 0
    outer loop
      vertex -15.3807 -17.0941 3.42685
      vertex -15.4468 -17.3922 3.49953
      vertex -15.3807 -17.0941 57.6
    endloop
  endfacet
  facet normal -0.976287 0.21648 0
    outer loop
      vertex -15.3807 -17.0941 57.6
      vertex -15.4468 -17.3922 3.49953
      vertex -15.4468 -17.3922 57.6
    endloop
  endfacet
  facet normal -0.923937 0.382545 0
    outer loop
      vertex -15.2889 -16.8029 3.33473
      vertex -15.1721 -16.5208 57.6
      vertex -15.1721 -16.5208 3.2175
    endloop
  endfacet
  facet normal -0.923937 0.382545 0
    outer loop
      vertex -15.1721 -16.5208 57.6
      vertex -15.2889 -16.8029 3.33473
      vertex -15.2889 -16.8029 57.6
    endloop
  endfacet
  facet normal 0.0435652 0.999051 -0
    outer loop
      vertex -11.695 -14.5133 1.6
      vertex -12 -14.5 57.6
      vertex -11.695 -14.5133 57.6
    endloop
  endfacet
  facet normal 0.0435652 0.999051 0
    outer loop
      vertex -12 -14.5 57.6
      vertex -11.695 -14.5133 1.6
      vertex -12 -14.5 1.6
    endloop
  endfacet
  facet normal -0.0435652 0.999051 0
    outer loop
      vertex -12 -14.5 1.6
      vertex -12.305 -14.5133 57.6
      vertex -12 -14.5 57.6
    endloop
  endfacet
  facet normal -0.0435652 0.999051 0
    outer loop
      vertex -12.305 -14.5133 57.6
      vertex -12 -14.5 1.6
      vertex -12.305 -14.5133 1.6
    endloop
  endfacet
  facet normal 0.130641 0.99143 -0
    outer loop
      vertex -11.3922 -14.5532 1.6
      vertex -11.695 -14.5133 57.6
      vertex -11.3922 -14.5532 57.6
    endloop
  endfacet
  facet normal 0.130641 0.99143 0
    outer loop
      vertex -11.695 -14.5133 57.6
      vertex -11.3922 -14.5532 1.6
      vertex -11.695 -14.5133 1.6
    endloop
  endfacet
  facet normal -0.461827 0.88697 0
    outer loop
      vertex -13.4792 -14.8279 57.6
      vertex -13.75 -14.9689 1.79068
      vertex -13.75 -14.9689 57.6
    endloop
  endfacet
  facet normal -0.461827 0.88697 0
    outer loop
      vertex -13.4792 -14.8279 1.6
      vertex -13.75 -14.9689 1.79068
      vertex -13.4792 -14.8279 57.6
    endloop
  endfacet
  facet normal -0.462078 0.886839 -0.000453581
    outer loop
      vertex -13.75 -14.9689 1.79068
      vertex -13.4792 -14.8279 1.6
      vertex -13.56 -14.87 1.6
    endloop
  endfacet
  facet normal 0.923891 -0.382656 0
    outer loop
      vertex -8.82792 -19.4792 1.9722
      vertex -8.71108 -19.1971 57.6
      vertex -8.82792 -19.4792 57.6
    endloop
  endfacet
  facet normal 0.923891 -0.382656 0
    outer loop
      vertex -8.71108 -19.1971 57.6
      vertex -8.82792 -19.4792 1.9722
      vertex -8.71108 -19.1971 1.68786
    endloop
  endfacet
  facet normal -0.88697 0.461827 0
    outer loop
      vertex -15.1721 -16.5208 3.2175
      vertex -15.0311 -16.25 57.6
      vertex -15.0311 -16.25 3.07604
    endloop
  endfacet
  facet normal -0.88697 0.461827 0
    outer loop
      vertex -15.0311 -16.25 57.6
      vertex -15.1721 -16.5208 3.2175
      vertex -15.1721 -16.5208 57.6
    endloop
  endfacet
  facet normal 0.793438 0.608652 0
    outer loop
      vertex -9.13297 -15.9925 57.6
      vertex -9.31884 -15.7502 1.6
      vertex -9.31884 -15.7502 57.6
    endloop
  endfacet
  facet normal 0.793438 0.608652 0
    outer loop
      vertex -9.31884 -15.7502 1.6
      vertex -9.13297 -15.9925 57.6
      vertex -9.13297 -15.9925 1.6
    endloop
  endfacet
  facet normal -0.99142 0.130712 0
    outer loop
      vertex -15.4586 -17.4817 3.51599
      vertex -15.4468 -17.3922 57.6
      vertex -15.4468 -17.3922 3.49953
    endloop
  endfacet
  facet normal -0.99142 0.130712 0
    outer loop
      vertex -15.4468 -17.3922 57.6
      vertex -15.4586 -17.4817 3.51599
      vertex -15.4586 -17.4817 57.6
    endloop
  endfacet
  facet normal 0.991451 0.13048 0
    outer loop
      vertex -8.51332 18.305 57.6
      vertex -8.55317 18.6078 1.6
      vertex -8.55317 18.6078 57.6
    endloop
  endfacet
  facet normal 0.991451 0.13048 0
    outer loop
      vertex -8.55317 18.6078 1.6
      vertex -8.51332 18.305 57.6
      vertex -8.51332 18.305 1.6
    endloop
  endfacet
  facet normal 0.999048 0.0436305 0
    outer loop
      vertex -8.5 18 57.6
      vertex -8.51332 18.305 1.6
      vertex -8.51332 18.305 57.6
    endloop
  endfacet
  facet normal 0.999048 0.0436305 0
    outer loop
      vertex -8.51332 18.305 1.6
      vertex -8.5 18 57.6
      vertex -8.5 18 1.6
    endloop
  endfacet
  facet normal 0.976294 0.216448 0
    outer loop
      vertex -8.55317 18.6078 57.6
      vertex -8.61926 18.9059 1.6
      vertex -8.61926 18.9059 57.6
    endloop
  endfacet
  facet normal 0.976294 0.216448 0
    outer loop
      vertex -8.61926 18.9059 1.6
      vertex -8.55317 18.6078 57.6
      vertex -8.55317 18.6078 1.6
    endloop
  endfacet
  facet normal 0.537397 -0.84333 0
    outer loop
      vertex -10.25 14.9689 1.6
      vertex -9.99248 15.133 57.6
      vertex -10.25 14.9689 57.6
    endloop
  endfacet
  facet normal 0.537397 -0.84333 0
    outer loop
      vertex -9.99248 15.133 57.6
      vertex -10.25 14.9689 1.6
      vertex -9.99248 15.133 1.6
    endloop
  endfacet
  facet normal -0.0435652 -0.999051 0
    outer loop
      vertex -12.305 14.5133 1.6
      vertex -12 14.5 57.6
      vertex -12.305 14.5133 57.6
    endloop
  endfacet
  facet normal -0.0435652 -0.999051 -0
    outer loop
      vertex -12 14.5 57.6
      vertex -12.305 14.5133 1.6
      vertex -12 14.5 1.6
    endloop
  endfacet
  facet normal 0.923891 0.382656 0
    outer loop
      vertex -8.71108 19.1971 57.6
      vertex -8.82792 19.4792 1.9722
      vertex -8.82792 19.4792 57.6
    endloop
  endfacet
  facet normal 0.923891 0.382656 0
    outer loop
      vertex -8.82792 19.4792 1.9722
      vertex -8.71108 19.1971 57.6
      vertex -8.71108 19.1971 1.68786
    endloop
  endfacet
  facet normal 0.461827 -0.88697 0
    outer loop
      vertex -10.5208 14.8279 1.6
      vertex -10.25 14.9689 57.6
      vertex -10.5208 14.8279 57.6
    endloop
  endfacet
  facet normal 0.461827 -0.88697 0
    outer loop
      vertex -10.25 14.9689 57.6
      vertex -10.5208 14.8279 1.6
      vertex -10.25 14.9689 1.6
    endloop
  endfacet
  facet normal -0.537426 -0.843311 0
    outer loop
      vertex -14.0075 15.133 2.04905
      vertex -13.75 14.9689 57.6
      vertex -14.0075 15.133 57.6
    endloop
  endfacet
  facet normal -0.537426 -0.843311 -0
    outer loop
      vertex -13.75 14.9689 57.6
      vertex -14.0075 15.133 2.04905
      vertex -13.75 14.9689 1.79068
    endloop
  endfacet
  facet normal 0.737154 0.675725 0
    outer loop
      vertex -9.31884 20.2498 57.6
      vertex -9.41069 20.35 2.85
      vertex -9.41069 20.35 57.6
    endloop
  endfacet
  facet normal 0.737154 0.675725 0
    outer loop
      vertex -9.41069 20.35 2.85
      vertex -9.31884 20.2498 57.6
      vertex -9.31884 20.2498 2.74896
    endloop
  endfacet
  facet normal -0.88697 -0.461827 -0
    outer loop
      vertex -15.0311 16.25 57.6
      vertex -15.1721 16.5208 3.2175
      vertex -15.0311 16.25 3.07604
    endloop
  endfacet
  facet normal -0.88697 -0.461827 0
    outer loop
      vertex -15.1721 16.5208 3.2175
      vertex -15.0311 16.25 57.6
      vertex -15.1721 16.5208 57.6
    endloop
  endfacet
  facet normal 0.976294 -0.216448 0
    outer loop
      vertex -8.61926 17.0941 57.6
      vertex -8.55317 17.3922 1.6
      vertex -8.55317 17.3922 57.6
    endloop
  endfacet
  facet normal 0.976294 -0.216448 0
    outer loop
      vertex -8.55317 17.3922 1.6
      vertex -8.61926 17.0941 57.6
      vertex -8.61926 17.0941 1.6
    endloop
  endfacet
  facet normal 0.84337 0.537333 0
    outer loop
      vertex -8.96891 19.75 57.6
      vertex -9.13297 20.0075 2.50479
      vertex -9.13297 20.0075 57.6
    endloop
  endfacet
  facet normal 0.84337 0.537333 0
    outer loop
      vertex -9.13297 20.0075 2.50479
      vertex -8.96891 19.75 57.6
      vertex -8.96891 19.75 2.24521
    endloop
  endfacet
  facet normal -0.923937 -0.382545 -0
    outer loop
      vertex -15.1721 16.5208 57.6
      vertex -15.2889 16.8029 3.33473
      vertex -15.1721 16.5208 3.2175
    endloop
  endfacet
  facet normal -0.923937 -0.382545 0
    outer loop
      vertex -15.2889 16.8029 3.33473
      vertex -15.1721 16.5208 57.6
      vertex -15.2889 16.8029 57.6
    endloop
  endfacet
  facet normal -0.843311 -0.537426 -0
    outer loop
      vertex -14.867 15.9925 57.6
      vertex -15.0311 16.25 3.07604
      vertex -14.867 15.9925 2.91143
    endloop
  endfacet
  facet normal -0.843311 -0.537426 0
    outer loop
      vertex -15.0311 16.25 3.07604
      vertex -14.867 15.9925 57.6
      vertex -15.0311 16.25 57.6
    endloop
  endfacet
  facet normal -0.382545 -0.923937 0
    outer loop
      vertex -13.4792 14.8279 1.6
      vertex -13.1971 14.7111 57.6
      vertex -13.4792 14.8279 57.6
    endloop
  endfacet
  facet normal -0.382545 -0.923937 -0
    outer loop
      vertex -13.1971 14.7111 57.6
      vertex -13.4792 14.8279 1.6
      vertex -13.1971 14.7111 1.6
    endloop
  endfacet
  facet normal -0.99142 -0.130712 -0
    outer loop
      vertex -15.4468 17.3922 57.6
      vertex -15.4586 17.4817 3.51599
      vertex -15.4468 17.3922 3.49953
    endloop
  endfacet
  facet normal -0.99142 -0.130712 0
    outer loop
      vertex -15.4586 17.4817 3.51599
      vertex -15.4468 17.3922 57.6
      vertex -15.4586 17.4817 57.6
    endloop
  endfacet
  facet normal 0.608602 -0.793476 0
    outer loop
      vertex -9.99248 15.133 1.6
      vertex -9.75024 15.3188 57.6
      vertex -9.99248 15.133 57.6
    endloop
  endfacet
  facet normal 0.608602 -0.793476 0
    outer loop
      vertex -9.75024 15.3188 57.6
      vertex -9.99248 15.133 1.6
      vertex -9.75024 15.3188 1.6
    endloop
  endfacet
  facet normal -0.953731 -0.300661 -0
    outer loop
      vertex -15.2889 16.8029 57.6
      vertex -15.3807 17.0941 3.42685
      vertex -15.2889 16.8029 3.33473
    endloop
  endfacet
  facet normal -0.953731 -0.300661 0
    outer loop
      vertex -15.3807 17.0941 3.42685
      vertex -15.2889 16.8029 57.6
      vertex -15.3807 17.0941 57.6
    endloop
  endfacet
  facet normal 0.130641 -0.99143 0
    outer loop
      vertex -11.695 14.5133 1.6
      vertex -11.3922 14.5532 57.6
      vertex -11.695 14.5133 57.6
    endloop
  endfacet
  facet normal 0.130641 -0.99143 0
    outer loop
      vertex -11.3922 14.5532 57.6
      vertex -11.695 14.5133 1.6
      vertex -11.3922 14.5532 1.6
    endloop
  endfacet
  facet normal 0.991451 -0.13048 0
    outer loop
      vertex -8.55317 17.3922 57.6
      vertex -8.51332 17.695 1.6
      vertex -8.51332 17.695 57.6
    endloop
  endfacet
  facet normal 0.991451 -0.13048 0
    outer loop
      vertex -8.51332 17.695 1.6
      vertex -8.55317 17.3922 57.6
      vertex -8.55317 17.3922 1.6
    endloop
  endfacet
  facet normal 0.999048 -0.0436305 0
    outer loop
      vertex -8.51332 17.695 57.6
      vertex -8.5 18 1.6
      vertex -8.5 18 57.6
    endloop
  endfacet
  facet normal 0.999048 -0.0436305 0
    outer loop
      vertex -8.5 18 1.6
      vertex -8.51332 17.695 57.6
      vertex -8.51332 17.695 1.6
    endloop
  endfacet
  facet normal 0.953712 0.300721 0
    outer loop
      vertex -8.61926 18.9059 57.6
      vertex -8.71108 19.1971 1.68786
      vertex -8.71108 19.1971 57.6
    endloop
  endfacet
  facet normal 0.953712 0.300721 -0
    outer loop
      vertex -8.61926 18.9059 1.6
      vertex -8.71108 19.1971 1.68786
      vertex -8.61926 18.9059 57.6
    endloop
  endfacet
  facet normal 0.953705 0.300744 -8.59872e-05
    outer loop
      vertex -8.71108 19.1971 1.68786
      vertex -8.61926 18.9059 1.6
      vertex -8.68359 19.1099 1.6
    endloop
  endfacet
  facet normal 0.886983 -0.461801 0
    outer loop
      vertex -8.96891 16.25 57.6
      vertex -8.82792 16.5208 1.6
      vertex -8.82792 16.5208 57.6
    endloop
  endfacet
  facet normal 0.886983 -0.461801 0
    outer loop
      vertex -8.82792 16.5208 1.6
      vertex -8.96891 16.25 57.6
      vertex -8.96891 16.25 1.6
    endloop
  endfacet
  facet normal 0.793438 -0.608652 0
    outer loop
      vertex -9.31884 15.7502 57.6
      vertex -9.13297 15.9925 1.6
      vertex -9.13297 15.9925 57.6
    endloop
  endfacet
  facet normal 0.793438 -0.608652 0
    outer loop
      vertex -9.13297 15.9925 1.6
      vertex -9.31884 15.7502 57.6
      vertex -9.31884 15.7502 1.6
    endloop
  endfacet
  facet normal 0.737238 -0.675633 0
    outer loop
      vertex -9.52513 15.5251 57.6
      vertex -9.31884 15.7502 1.6
      vertex -9.31884 15.7502 57.6
    endloop
  endfacet
  facet normal 0.737238 -0.675633 0
    outer loop
      vertex -9.31884 15.7502 1.6
      vertex -9.52513 15.5251 57.6
      vertex -9.52513 15.5251 1.6
    endloop
  endfacet
  facet normal -0.300661 -0.953731 0
    outer loop
      vertex -13.1971 14.7111 1.6
      vertex -12.9059 14.6193 57.6
      vertex -13.1971 14.7111 57.6
    endloop
  endfacet
  facet normal -0.300661 -0.953731 -0
    outer loop
      vertex -12.9059 14.6193 57.6
      vertex -13.1971 14.7111 1.6
      vertex -12.9059 14.6193 1.6
    endloop
  endfacet
  facet normal 0.21648 -0.976287 0
    outer loop
      vertex -11.3922 14.5532 1.6
      vertex -11.0941 14.6193 57.6
      vertex -11.3922 14.5532 57.6
    endloop
  endfacet
  facet normal 0.21648 -0.976287 0
    outer loop
      vertex -11.0941 14.6193 57.6
      vertex -11.3922 14.5532 1.6
      vertex -11.0941 14.6193 1.6
    endloop
  endfacet
  facet normal -0.974071 -0.223901 0.032455
    outer loop
      vertex -15.3807 17.0941 3.42685
      vertex -15.4468 17.3922 3.49953
      vertex -15.4408 17.365 3.49196
    endloop
  endfacet
  facet normal -0.976069 -0.217429 0.00368376
    outer loop
      vertex -15.3807 17.0941 3.42685
      vertex -15.4408 17.365 3.49196
      vertex -15.4216 17.2784 3.46784
    endloop
  endfacet
  facet normal -0.976287 -0.21648 0
    outer loop
      vertex -15.4468 17.3922 3.49953
      vertex -15.3807 17.0941 3.42685
      vertex -15.3807 17.0941 57.6
    endloop
  endfacet
  facet normal -0.976287 -0.21648 0
    outer loop
      vertex -15.4468 17.3922 3.49953
      vertex -15.3807 17.0941 57.6
      vertex -15.4468 17.3922 57.6
    endloop
  endfacet
  facet normal 0.953712 -0.300721 0
    outer loop
      vertex -8.71108 16.8029 57.6
      vertex -8.61926 17.0941 1.6
      vertex -8.61926 17.0941 57.6
    endloop
  endfacet
  facet normal 0.953712 -0.300721 0
    outer loop
      vertex -8.61926 17.0941 1.6
      vertex -8.71108 16.8029 57.6
      vertex -8.71108 16.8029 1.6
    endloop
  endfacet
  facet normal 0.886983 0.461801 0
    outer loop
      vertex -8.82792 19.4792 57.6
      vertex -8.96891 19.75 2.24521
      vertex -8.96891 19.75 57.6
    endloop
  endfacet
  facet normal 0.886983 0.461801 0
    outer loop
      vertex -8.96891 19.75 2.24521
      vertex -8.82792 19.4792 57.6
      vertex -8.82792 19.4792 1.9722
    endloop
  endfacet
  facet normal 0.923891 -0.382656 0
    outer loop
      vertex -8.82792 16.5208 57.6
      vertex -8.71108 16.8029 1.6
      vertex -8.71108 16.8029 57.6
    endloop
  endfacet
  facet normal 0.923891 -0.382656 0
    outer loop
      vertex -8.71108 16.8029 1.6
      vertex -8.82792 16.5208 57.6
      vertex -8.82792 16.5208 1.6
    endloop
  endfacet
  facet normal 0.793438 0.608652 0
    outer loop
      vertex -9.13297 20.0075 57.6
      vertex -9.31884 20.2498 2.74896
      vertex -9.31884 20.2498 57.6
    endloop
  endfacet
  facet normal 0.793438 0.608652 0
    outer loop
      vertex -9.31884 20.2498 2.74896
      vertex -9.13297 20.0075 57.6
      vertex -9.13297 20.0075 2.50479
    endloop
  endfacet
  facet normal -0.737222 -0.67565 -0
    outer loop
      vertex -14.4749 15.5251 57.6
      vertex -14.6812 15.7502 2.72494
      vertex -14.4749 15.5251 2.51797
    endloop
  endfacet
  facet normal -0.737222 -0.67565 0
    outer loop
      vertex -14.6812 15.7502 2.72494
      vertex -14.4749 15.5251 57.6
      vertex -14.6812 15.7502 57.6
    endloop
  endfacet
  facet normal -0.793548 -0.608507 -0
    outer loop
      vertex -14.6812 15.7502 57.6
      vertex -14.867 15.9925 2.91143
      vertex -14.6812 15.7502 2.72494
    endloop
  endfacet
  facet normal -0.793548 -0.608507 0
    outer loop
      vertex -14.867 15.9925 2.91143
      vertex -14.6812 15.7502 57.6
      vertex -14.867 15.9925 57.6
    endloop
  endfacet
  facet normal 0.300661 -0.953731 0
    outer loop
      vertex -11.0941 14.6193 1.6
      vertex -10.8029 14.7111 57.6
      vertex -11.0941 14.6193 57.6
    endloop
  endfacet
  facet normal 0.300661 -0.953731 0
    outer loop
      vertex -10.8029 14.7111 57.6
      vertex -11.0941 14.6193 1.6
      vertex -10.8029 14.7111 1.6
    endloop
  endfacet
  facet normal 0.382545 -0.923937 0
    outer loop
      vertex -10.8029 14.7111 1.6
      vertex -10.5208 14.8279 57.6
      vertex -10.8029 14.7111 57.6
    endloop
  endfacet
  facet normal 0.382545 -0.923937 0
    outer loop
      vertex -10.5208 14.8279 57.6
      vertex -10.8029 14.7111 1.6
      vertex -10.5208 14.8279 1.6
    endloop
  endfacet
  facet normal -0.608507 -0.793548 0
    outer loop
      vertex -14.2498 15.3188 2.2921
      vertex -14.0075 15.133 57.6
      vertex -14.2498 15.3188 57.6
    endloop
  endfacet
  facet normal -0.608507 -0.793548 -0
    outer loop
      vertex -14.0075 15.133 57.6
      vertex -14.2498 15.3188 2.2921
      vertex -14.0075 15.133 2.04905
    endloop
  endfacet
  facet normal 0.0435652 -0.999051 0
    outer loop
      vertex -12 14.5 1.6
      vertex -11.695 14.5133 57.6
      vertex -12 14.5 57.6
    endloop
  endfacet
  facet normal 0.0435652 -0.999051 0
    outer loop
      vertex -11.695 14.5133 57.6
      vertex -12 14.5 1.6
      vertex -11.695 14.5133 1.6
    endloop
  endfacet
  facet normal 0.84337 -0.537333 0
    outer loop
      vertex -9.13297 15.9925 57.6
      vertex -8.96891 16.25 1.6
      vertex -8.96891 16.25 57.6
    endloop
  endfacet
  facet normal 0.84337 -0.537333 0
    outer loop
      vertex -8.96891 16.25 1.6
      vertex -9.13297 15.9925 57.6
      vertex -9.13297 15.9925 1.6
    endloop
  endfacet
  facet normal -0.461827 -0.88697 0
    outer loop
      vertex -13.75 14.9689 1.79068
      vertex -13.4792 14.8279 57.6
      vertex -13.75 14.9689 57.6
    endloop
  endfacet
  facet normal -0.462078 -0.886839 -0.000453581
    outer loop
      vertex -13.4792 14.8279 1.6
      vertex -13.75 14.9689 1.79068
      vertex -13.56 14.87 1.6
    endloop
  endfacet
  facet normal -0.461827 -0.88697 0
    outer loop
      vertex -13.75 14.9689 1.79068
      vertex -13.4792 14.8279 1.6
      vertex -13.4792 14.8279 57.6
    endloop
  endfacet
  facet normal 0.675634 -0.737237 0
    outer loop
      vertex -9.75024 15.3188 1.6
      vertex -9.52513 15.5251 57.6
      vertex -9.75024 15.3188 57.6
    endloop
  endfacet
  facet normal 0.675634 -0.737237 0
    outer loop
      vertex -9.52513 15.5251 57.6
      vertex -9.75024 15.3188 1.6
      vertex -9.52513 15.5251 1.6
    endloop
  endfacet
  facet normal -0.67565 -0.737222 0
    outer loop
      vertex -14.4749 15.5251 2.51797
      vertex -14.2498 15.3188 57.6
      vertex -14.4749 15.5251 57.6
    endloop
  endfacet
  facet normal -0.67565 -0.737222 -0
    outer loop
      vertex -14.2498 15.3188 57.6
      vertex -14.4749 15.5251 2.51797
      vertex -14.2498 15.3188 2.2921
    endloop
  endfacet
  facet normal -0.130641 -0.99143 0
    outer loop
      vertex -12.6078 14.5532 1.6
      vertex -12.305 14.5133 57.6
      vertex -12.6078 14.5532 57.6
    endloop
  endfacet
  facet normal -0.130641 -0.99143 -0
    outer loop
      vertex -12.305 14.5133 57.6
      vertex -12.6078 14.5532 1.6
      vertex -12.305 14.5133 1.6
    endloop
  endfacet
  facet normal -0.21648 -0.976287 0
    outer loop
      vertex -12.9059 14.6193 1.6
      vertex -12.6078 14.5532 57.6
      vertex -12.9059 14.6193 57.6
    endloop
  endfacet
  facet normal -0.21648 -0.976287 -0
    outer loop
      vertex -12.6078 14.5532 57.6
      vertex -12.9059 14.6193 1.6
      vertex -12.6078 14.5532 1.6
    endloop
  endfacet
  facet normal 0.99142 0.130712 -0
    outer loop
      vertex 15.4586 -17.4817 3.51599
      vertex 15.4468 -17.3922 57.6
      vertex 15.4586 -17.4817 57.6
    endloop
  endfacet
  facet normal 0.99142 0.130712 0
    outer loop
      vertex 15.4468 -17.3922 57.6
      vertex 15.4586 -17.4817 3.51599
      vertex 15.4468 -17.3922 3.49953
    endloop
  endfacet
  facet normal 0.976287 0.21648 0
    outer loop
      vertex 15.4468 -17.3922 3.49953
      vertex 15.3807 -17.0941 3.42685
      vertex 15.3807 -17.0941 57.6
    endloop
  endfacet
  facet normal 0.976069 0.217429 0.00368376
    outer loop
      vertex 15.3807 -17.0941 3.42685
      vertex 15.4408 -17.365 3.49196
      vertex 15.4216 -17.2784 3.46784
    endloop
  endfacet
  facet normal 0.976287 0.21648 -0
    outer loop
      vertex 15.4468 -17.3922 3.49953
      vertex 15.3807 -17.0941 57.6
      vertex 15.4468 -17.3922 57.6
    endloop
  endfacet
  facet normal 0.974071 0.223901 0.032455
    outer loop
      vertex 15.3807 -17.0941 3.42685
      vertex 15.4468 -17.3922 3.49953
      vertex 15.4408 -17.365 3.49196
    endloop
  endfacet
  facet normal 0.843311 0.537426 -0
    outer loop
      vertex 15.0311 -16.25 3.07604
      vertex 14.867 -15.9925 57.6
      vertex 15.0311 -16.25 57.6
    endloop
  endfacet
  facet normal 0.843311 0.537426 0
    outer loop
      vertex 14.867 -15.9925 57.6
      vertex 15.0311 -16.25 3.07604
      vertex 14.867 -15.9925 2.91143
    endloop
  endfacet
  facet normal -0.976294 0.216448 0
    outer loop
      vertex 8.55317 -17.3922 1.6
      vertex 8.61926 -17.0941 57.6
      vertex 8.61926 -17.0941 1.6
    endloop
  endfacet
  facet normal -0.976294 0.216448 0
    outer loop
      vertex 8.61926 -17.0941 57.6
      vertex 8.55317 -17.3922 1.6
      vertex 8.55317 -17.3922 57.6
    endloop
  endfacet
  facet normal -0.21648 0.976287 0
    outer loop
      vertex 11.3922 -14.5532 1.6
      vertex 11.0941 -14.6193 57.6
      vertex 11.3922 -14.5532 57.6
    endloop
  endfacet
  facet normal -0.21648 0.976287 0
    outer loop
      vertex 11.0941 -14.6193 57.6
      vertex 11.3922 -14.5532 1.6
      vertex 11.0941 -14.6193 1.6
    endloop
  endfacet
  facet normal 0.608507 0.793548 -0
    outer loop
      vertex 14.2498 -15.3188 2.2921
      vertex 14.0075 -15.133 57.6
      vertex 14.2498 -15.3188 57.6
    endloop
  endfacet
  facet normal 0.608507 0.793548 0
    outer loop
      vertex 14.0075 -15.133 57.6
      vertex 14.2498 -15.3188 2.2921
      vertex 14.0075 -15.133 2.04905
    endloop
  endfacet
  facet normal -0.999048 0.0436305 0
    outer loop
      vertex 8.5 -18 1.6
      vertex 8.51332 -17.695 57.6
      vertex 8.51332 -17.695 1.6
    endloop
  endfacet
  facet normal -0.999048 0.0436305 0
    outer loop
      vertex 8.51332 -17.695 57.6
      vertex 8.5 -18 1.6
      vertex 8.5 -18 57.6
    endloop
  endfacet
  facet normal -0.537397 0.84333 0
    outer loop
      vertex 10.25 -14.9689 1.6
      vertex 9.99248 -15.133 57.6
      vertex 10.25 -14.9689 57.6
    endloop
  endfacet
  facet normal -0.537397 0.84333 0
    outer loop
      vertex 9.99248 -15.133 57.6
      vertex 10.25 -14.9689 1.6
      vertex 9.99248 -15.133 1.6
    endloop
  endfacet
  facet normal 0.130641 0.99143 -0
    outer loop
      vertex 12.6078 -14.5532 1.6
      vertex 12.305 -14.5133 57.6
      vertex 12.6078 -14.5532 57.6
    endloop
  endfacet
  facet normal 0.130641 0.99143 0
    outer loop
      vertex 12.305 -14.5133 57.6
      vertex 12.6078 -14.5532 1.6
      vertex 12.305 -14.5133 1.6
    endloop
  endfacet
  facet normal 0.0435652 0.999051 -0
    outer loop
      vertex 12.305 -14.5133 1.6
      vertex 12 -14.5 57.6
      vertex 12.305 -14.5133 57.6
    endloop
  endfacet
  facet normal 0.0435652 0.999051 0
    outer loop
      vertex 12 -14.5 57.6
      vertex 12.305 -14.5133 1.6
      vertex 12 -14.5 1.6
    endloop
  endfacet
  facet normal -0.737154 -0.675725 0
    outer loop
      vertex 9.41069 -20.35 2.85
      vertex 9.31884 -20.2498 57.6
      vertex 9.31884 -20.2498 2.74896
    endloop
  endfacet
  facet normal -0.737154 -0.675725 0
    outer loop
      vertex 9.31884 -20.2498 57.6
      vertex 9.41069 -20.35 2.85
      vertex 9.41069 -20.35 57.6
    endloop
  endfacet
  facet normal -0.461827 0.88697 0
    outer loop
      vertex 10.5208 -14.8279 1.6
      vertex 10.25 -14.9689 57.6
      vertex 10.5208 -14.8279 57.6
    endloop
  endfacet
  facet normal -0.461827 0.88697 0
    outer loop
      vertex 10.25 -14.9689 57.6
      vertex 10.5208 -14.8279 1.6
      vertex 10.25 -14.9689 1.6
    endloop
  endfacet
  facet normal 0.537426 0.843311 -0
    outer loop
      vertex 14.0075 -15.133 2.04905
      vertex 13.75 -14.9689 57.6
      vertex 14.0075 -15.133 57.6
    endloop
  endfacet
  facet normal 0.537426 0.843311 0
    outer loop
      vertex 13.75 -14.9689 57.6
      vertex 14.0075 -15.133 2.04905
      vertex 13.75 -14.9689 1.79068
    endloop
  endfacet
  facet normal -0.923891 0.382656 0
    outer loop
      vertex 8.71108 -16.8029 1.6
      vertex 8.82792 -16.5208 57.6
      vertex 8.82792 -16.5208 1.6
    endloop
  endfacet
  facet normal -0.923891 0.382656 0
    outer loop
      vertex 8.82792 -16.5208 57.6
      vertex 8.71108 -16.8029 1.6
      vertex 8.71108 -16.8029 57.6
    endloop
  endfacet
  facet normal -0.675634 0.737237 0
    outer loop
      vertex 9.75024 -15.3188 1.6
      vertex 9.52513 -15.5251 57.6
      vertex 9.75024 -15.3188 57.6
    endloop
  endfacet
  facet normal -0.675634 0.737237 0
    outer loop
      vertex 9.52513 -15.5251 57.6
      vertex 9.75024 -15.3188 1.6
      vertex 9.52513 -15.5251 1.6
    endloop
  endfacet
  facet normal 0.923937 0.382545 -0
    outer loop
      vertex 15.2889 -16.8029 3.33473
      vertex 15.1721 -16.5208 57.6
      vertex 15.2889 -16.8029 57.6
    endloop
  endfacet
  facet normal 0.923937 0.382545 0
    outer loop
      vertex 15.1721 -16.5208 57.6
      vertex 15.2889 -16.8029 3.33473
      vertex 15.1721 -16.5208 3.2175
    endloop
  endfacet
  facet normal 0.953731 0.300661 -0
    outer loop
      vertex 15.3807 -17.0941 3.42685
      vertex 15.2889 -16.8029 57.6
      vertex 15.3807 -17.0941 57.6
    endloop
  endfacet
  facet normal 0.953731 0.300661 0
    outer loop
      vertex 15.2889 -16.8029 57.6
      vertex 15.3807 -17.0941 3.42685
      vertex 15.2889 -16.8029 3.33473
    endloop
  endfacet
  facet normal 0.461827 0.88697 -0
    outer loop
      vertex 13.75 -14.9689 1.79068
      vertex 13.4792 -14.8279 57.6
      vertex 13.75 -14.9689 57.6
    endloop
  endfacet
  facet normal 0.462078 0.886839 -0.000453581
    outer loop
      vertex 13.4792 -14.8279 1.6
      vertex 13.75 -14.9689 1.79068
      vertex 13.56 -14.87 1.6
    endloop
  endfacet
  facet normal 0.461827 0.88697 0
    outer loop
      vertex 13.75 -14.9689 1.79068
      vertex 13.4792 -14.8279 1.6
      vertex 13.4792 -14.8279 57.6
    endloop
  endfacet
  facet normal -0.953712 0.300721 0
    outer loop
      vertex 8.61926 -17.0941 1.6
      vertex 8.71108 -16.8029 57.6
      vertex 8.71108 -16.8029 1.6
    endloop
  endfacet
  facet normal -0.953712 0.300721 0
    outer loop
      vertex 8.71108 -16.8029 57.6
      vertex 8.61926 -17.0941 1.6
      vertex 8.61926 -17.0941 57.6
    endloop
  endfacet
  facet normal -0.976294 -0.216448 0
    outer loop
      vertex 8.61926 -18.9059 1.6
      vertex 8.55317 -18.6078 57.6
      vertex 8.55317 -18.6078 1.6
    endloop
  endfacet
  facet normal -0.976294 -0.216448 0
    outer loop
      vertex 8.55317 -18.6078 57.6
      vertex 8.61926 -18.9059 1.6
      vertex 8.61926 -18.9059 57.6
    endloop
  endfacet
  facet normal -0.300661 0.953731 0
    outer loop
      vertex 11.0941 -14.6193 1.6
      vertex 10.8029 -14.7111 57.6
      vertex 11.0941 -14.6193 57.6
    endloop
  endfacet
  facet normal -0.300661 0.953731 0
    outer loop
      vertex 10.8029 -14.7111 57.6
      vertex 11.0941 -14.6193 1.6
      vertex 10.8029 -14.7111 1.6
    endloop
  endfacet
  facet normal -0.84337 -0.537333 0
    outer loop
      vertex 9.13297 -20.0075 2.50479
      vertex 8.96891 -19.75 57.6
      vertex 8.96891 -19.75 2.24521
    endloop
  endfacet
  facet normal -0.84337 -0.537333 0
    outer loop
      vertex 8.96891 -19.75 57.6
      vertex 9.13297 -20.0075 2.50479
      vertex 9.13297 -20.0075 57.6
    endloop
  endfacet
  facet normal -0.793438 -0.608652 0
    outer loop
      vertex 9.31884 -20.2498 2.74896
      vertex 9.13297 -20.0075 57.6
      vertex 9.13297 -20.0075 2.50479
    endloop
  endfacet
  facet normal -0.793438 -0.608652 0
    outer loop
      vertex 9.13297 -20.0075 57.6
      vertex 9.31884 -20.2498 2.74896
      vertex 9.31884 -20.2498 57.6
    endloop
  endfacet
  facet normal -0.130641 0.99143 0
    outer loop
      vertex 11.695 -14.5133 1.6
      vertex 11.3922 -14.5532 57.6
      vertex 11.695 -14.5133 57.6
    endloop
  endfacet
  facet normal -0.130641 0.99143 0
    outer loop
      vertex 11.3922 -14.5532 57.6
      vertex 11.695 -14.5133 1.6
      vertex 11.3922 -14.5532 1.6
    endloop
  endfacet
  facet normal -0.382545 0.923937 0
    outer loop
      vertex 10.8029 -14.7111 1.6
      vertex 10.5208 -14.8279 57.6
      vertex 10.8029 -14.7111 57.6
    endloop
  endfacet
  facet normal -0.382545 0.923937 0
    outer loop
      vertex 10.5208 -14.8279 57.6
      vertex 10.8029 -14.7111 1.6
      vertex 10.5208 -14.8279 1.6
    endloop
  endfacet
  facet normal 0.88697 0.461827 -0
    outer loop
      vertex 15.1721 -16.5208 3.2175
      vertex 15.0311 -16.25 57.6
      vertex 15.1721 -16.5208 57.6
    endloop
  endfacet
  facet normal 0.88697 0.461827 0
    outer loop
      vertex 15.0311 -16.25 57.6
      vertex 15.1721 -16.5208 3.2175
      vertex 15.0311 -16.25 3.07604
    endloop
  endfacet
  facet normal 0.300661 0.953731 -0
    outer loop
      vertex 13.1971 -14.7111 1.6
      vertex 12.9059 -14.6193 57.6
      vertex 13.1971 -14.7111 57.6
    endloop
  endfacet
  facet normal 0.300661 0.953731 0
    outer loop
      vertex 12.9059 -14.6193 57.6
      vertex 13.1971 -14.7111 1.6
      vertex 12.9059 -14.6193 1.6
    endloop
  endfacet
  facet normal -0.991451 -0.13048 0
    outer loop
      vertex 8.55317 -18.6078 1.6
      vertex 8.51332 -18.305 57.6
      vertex 8.51332 -18.305 1.6
    endloop
  endfacet
  facet normal -0.991451 -0.13048 0
    outer loop
      vertex 8.51332 -18.305 57.6
      vertex 8.55317 -18.6078 1.6
      vertex 8.55317 -18.6078 57.6
    endloop
  endfacet
  facet normal -0.991451 0.13048 0
    outer loop
      vertex 8.51332 -17.695 1.6
      vertex 8.55317 -17.3922 57.6
      vertex 8.55317 -17.3922 1.6
    endloop
  endfacet
  facet normal -0.991451 0.13048 0
    outer loop
      vertex 8.55317 -17.3922 57.6
      vertex 8.51332 -17.695 1.6
      vertex 8.51332 -17.695 57.6
    endloop
  endfacet
  facet normal -0.737238 0.675633 0
    outer loop
      vertex 9.31884 -15.7502 1.6
      vertex 9.52513 -15.5251 57.6
      vertex 9.52513 -15.5251 1.6
    endloop
  endfacet
  facet normal -0.737238 0.675633 0
    outer loop
      vertex 9.52513 -15.5251 57.6
      vertex 9.31884 -15.7502 1.6
      vertex 9.31884 -15.7502 57.6
    endloop
  endfacet
  facet normal 0.737222 0.67565 -0
    outer loop
      vertex 14.6812 -15.7502 2.72494
      vertex 14.4749 -15.5251 57.6
      vertex 14.6812 -15.7502 57.6
    endloop
  endfacet
  facet normal 0.737222 0.67565 0
    outer loop
      vertex 14.4749 -15.5251 57.6
      vertex 14.6812 -15.7502 2.72494
      vertex 14.4749 -15.5251 2.51797
    endloop
  endfacet
  facet normal -0.0435652 0.999051 0
    outer loop
      vertex 12 -14.5 1.6
      vertex 11.695 -14.5133 57.6
      vertex 12 -14.5 57.6
    endloop
  endfacet
  facet normal -0.0435652 0.999051 0
    outer loop
      vertex 11.695 -14.5133 57.6
      vertex 12 -14.5 1.6
      vertex 11.695 -14.5133 1.6
    endloop
  endfacet
  facet normal -0.886983 -0.461801 0
    outer loop
      vertex 8.96891 -19.75 2.24521
      vertex 8.82792 -19.4792 57.6
      vertex 8.82792 -19.4792 1.9722
    endloop
  endfacet
  facet normal -0.886983 -0.461801 0
    outer loop
      vertex 8.82792 -19.4792 57.6
      vertex 8.96891 -19.75 2.24521
      vertex 8.96891 -19.75 57.6
    endloop
  endfacet
  facet normal -0.608602 0.793476 0
    outer loop
      vertex 9.99248 -15.133 1.6
      vertex 9.75024 -15.3188 57.6
      vertex 9.99248 -15.133 57.6
    endloop
  endfacet
  facet normal -0.608602 0.793476 0
    outer loop
      vertex 9.75024 -15.3188 57.6
      vertex 9.99248 -15.133 1.6
      vertex 9.75024 -15.3188 1.6
    endloop
  endfacet
  facet normal 0.382545 0.923937 -0
    outer loop
      vertex 13.4792 -14.8279 1.6
      vertex 13.1971 -14.7111 57.6
      vertex 13.4792 -14.8279 57.6
    endloop
  endfacet
  facet normal 0.382545 0.923937 0
    outer loop
      vertex 13.1971 -14.7111 57.6
      vertex 13.4792 -14.8279 1.6
      vertex 13.1971 -14.7111 1.6
    endloop
  endfacet
  facet normal 0.67565 0.737222 -0
    outer loop
      vertex 14.4749 -15.5251 2.51797
      vertex 14.2498 -15.3188 57.6
      vertex 14.4749 -15.5251 57.6
    endloop
  endfacet
  facet normal 0.67565 0.737222 0
    outer loop
      vertex 14.2498 -15.3188 57.6
      vertex 14.4749 -15.5251 2.51797
      vertex 14.2498 -15.3188 2.2921
    endloop
  endfacet
  facet normal -0.886983 0.461801 0
    outer loop
      vertex 8.82792 -16.5208 1.6
      vertex 8.96891 -16.25 57.6
      vertex 8.96891 -16.25 1.6
    endloop
  endfacet
  facet normal -0.886983 0.461801 0
    outer loop
      vertex 8.96891 -16.25 57.6
      vertex 8.82792 -16.5208 1.6
      vertex 8.82792 -16.5208 57.6
    endloop
  endfacet
  facet normal -0.953705 -0.300744 -8.59872e-05
    outer loop
      vertex 8.71108 -19.1971 1.68786
      vertex 8.61926 -18.9059 1.6
      vertex 8.68359 -19.1099 1.6
    endloop
  endfacet
  facet normal -0.953712 -0.300721 0
    outer loop
      vertex 8.61926 -18.9059 1.6
      vertex 8.71108 -19.1971 1.68786
      vertex 8.61926 -18.9059 57.6
    endloop
  endfacet
  facet normal -0.953712 -0.300721 0
    outer loop
      vertex 8.61926 -18.9059 57.6
      vertex 8.71108 -19.1971 1.68786
      vertex 8.71108 -19.1971 57.6
    endloop
  endfacet
  facet normal -0.999048 -0.0436305 0
    outer loop
      vertex 8.51332 -18.305 1.6
      vertex 8.5 -18 57.6
      vertex 8.5 -18 1.6
    endloop
  endfacet
  facet normal -0.999048 -0.0436305 0
    outer loop
      vertex 8.5 -18 57.6
      vertex 8.51332 -18.305 1.6
      vertex 8.51332 -18.305 57.6
    endloop
  endfacet
  facet normal -0.923891 -0.382656 0
    outer loop
      vertex 8.82792 -19.4792 1.9722
      vertex 8.71108 -19.1971 57.6
      vertex 8.71108 -19.1971 1.68786
    endloop
  endfacet
  facet normal -0.923891 -0.382656 0
    outer loop
      vertex 8.71108 -19.1971 57.6
      vertex 8.82792 -19.4792 1.9722
      vertex 8.82792 -19.4792 57.6
    endloop
  endfacet
  facet normal -0.793438 0.608652 0
    outer loop
      vertex 9.13297 -15.9925 1.6
      vertex 9.31884 -15.7502 57.6
      vertex 9.31884 -15.7502 1.6
    endloop
  endfacet
  facet normal -0.793438 0.608652 0
    outer loop
      vertex 9.31884 -15.7502 57.6
      vertex 9.13297 -15.9925 1.6
      vertex 9.13297 -15.9925 57.6
    endloop
  endfacet
  facet normal 0.21648 0.976287 -0
    outer loop
      vertex 12.9059 -14.6193 1.6
      vertex 12.6078 -14.5532 57.6
      vertex 12.9059 -14.6193 57.6
    endloop
  endfacet
  facet normal 0.21648 0.976287 0
    outer loop
      vertex 12.6078 -14.5532 57.6
      vertex 12.9059 -14.6193 1.6
      vertex 12.6078 -14.5532 1.6
    endloop
  endfacet
  facet normal -0.84337 0.537333 0
    outer loop
      vertex 8.96891 -16.25 1.6
      vertex 9.13297 -15.9925 57.6
      vertex 9.13297 -15.9925 1.6
    endloop
  endfacet
  facet normal -0.84337 0.537333 0
    outer loop
      vertex 9.13297 -15.9925 57.6
      vertex 8.96891 -16.25 1.6
      vertex 8.96891 -16.25 57.6
    endloop
  endfacet
  facet normal 0.793548 0.608507 -0
    outer loop
      vertex 14.867 -15.9925 2.91143
      vertex 14.6812 -15.7502 57.6
      vertex 14.867 -15.9925 57.6
    endloop
  endfacet
  facet normal 0.793548 0.608507 0
    outer loop
      vertex 14.6812 -15.7502 57.6
      vertex 14.867 -15.9925 2.91143
      vertex 14.6812 -15.7502 2.72494
    endloop
  endfacet
  facet normal -0.300661 -0.953731 0
    outer loop
      vertex 10.8029 14.7111 1.6
      vertex 11.0941 14.6193 57.6
      vertex 10.8029 14.7111 57.6
    endloop
  endfacet
  facet normal -0.300661 -0.953731 -0
    outer loop
      vertex 11.0941 14.6193 57.6
      vertex 10.8029 14.7111 1.6
      vertex 11.0941 14.6193 1.6
    endloop
  endfacet
  facet normal -0.923891 -0.382656 0
    outer loop
      vertex 8.82792 16.5208 1.6
      vertex 8.71108 16.8029 57.6
      vertex 8.71108 16.8029 1.6
    endloop
  endfacet
  facet normal -0.923891 -0.382656 0
    outer loop
      vertex 8.71108 16.8029 57.6
      vertex 8.82792 16.5208 1.6
      vertex 8.82792 16.5208 57.6
    endloop
  endfacet
  facet normal -0.382545 -0.923937 0
    outer loop
      vertex 10.5208 14.8279 1.6
      vertex 10.8029 14.7111 57.6
      vertex 10.5208 14.8279 57.6
    endloop
  endfacet
  facet normal -0.382545 -0.923937 -0
    outer loop
      vertex 10.8029 14.7111 57.6
      vertex 10.5208 14.8279 1.6
      vertex 10.8029 14.7111 1.6
    endloop
  endfacet
  facet normal 0.21648 -0.976287 0
    outer loop
      vertex 12.6078 14.5532 1.6
      vertex 12.9059 14.6193 57.6
      vertex 12.6078 14.5532 57.6
    endloop
  endfacet
  facet normal 0.21648 -0.976287 0
    outer loop
      vertex 12.9059 14.6193 57.6
      vertex 12.6078 14.5532 1.6
      vertex 12.9059 14.6193 1.6
    endloop
  endfacet
  facet normal 0.537426 -0.843311 0
    outer loop
      vertex 13.75 14.9689 57.6
      vertex 14.0075 15.133 2.04905
      vertex 14.0075 15.133 57.6
    endloop
  endfacet
  facet normal 0.537426 -0.843311 0
    outer loop
      vertex 14.0075 15.133 2.04905
      vertex 13.75 14.9689 57.6
      vertex 13.75 14.9689 1.79068
    endloop
  endfacet
  facet normal 0.843311 -0.537426 0
    outer loop
      vertex 14.867 15.9925 57.6
      vertex 15.0311 16.25 3.07604
      vertex 15.0311 16.25 57.6
    endloop
  endfacet
  facet normal 0.843311 -0.537426 0
    outer loop
      vertex 15.0311 16.25 3.07604
      vertex 14.867 15.9925 57.6
      vertex 14.867 15.9925 2.91143
    endloop
  endfacet
  facet normal 0.793548 -0.608507 0
    outer loop
      vertex 14.6812 15.7502 57.6
      vertex 14.867 15.9925 2.91143
      vertex 14.867 15.9925 57.6
    endloop
  endfacet
  facet normal 0.793548 -0.608507 0
    outer loop
      vertex 14.867 15.9925 2.91143
      vertex 14.6812 15.7502 57.6
      vertex 14.6812 15.7502 2.72494
    endloop
  endfacet
  facet normal -0.976294 0.216448 0
    outer loop
      vertex 8.55317 18.6078 1.6
      vertex 8.61926 18.9059 57.6
      vertex 8.61926 18.9059 1.6
    endloop
  endfacet
  facet normal -0.976294 0.216448 0
    outer loop
      vertex 8.61926 18.9059 57.6
      vertex 8.55317 18.6078 1.6
      vertex 8.55317 18.6078 57.6
    endloop
  endfacet
  facet normal 0.461827 -0.88697 0
    outer loop
      vertex 13.4792 14.8279 57.6
      vertex 13.75 14.9689 1.79068
      vertex 13.75 14.9689 57.6
    endloop
  endfacet
  facet normal 0.461827 -0.88697 0
    outer loop
      vertex 13.4792 14.8279 1.6
      vertex 13.75 14.9689 1.79068
      vertex 13.4792 14.8279 57.6
    endloop
  endfacet
  facet normal 0.462078 -0.886839 -0.000453581
    outer loop
      vertex 13.75 14.9689 1.79068
      vertex 13.4792 14.8279 1.6
      vertex 13.56 14.87 1.6
    endloop
  endfacet
  facet normal 0.99142 -0.130712 0
    outer loop
      vertex 15.4468 17.3922 57.6
      vertex 15.4586 17.4817 3.51599
      vertex 15.4586 17.4817 57.6
    endloop
  endfacet
  facet normal 0.99142 -0.130712 0
    outer loop
      vertex 15.4586 17.4817 3.51599
      vertex 15.4468 17.3922 57.6
      vertex 15.4468 17.3922 3.49953
    endloop
  endfacet
  facet normal -0.0435652 -0.999051 0
    outer loop
      vertex 11.695 14.5133 1.6
      vertex 12 14.5 57.6
      vertex 11.695 14.5133 57.6
    endloop
  endfacet
  facet normal -0.0435652 -0.999051 -0
    outer loop
      vertex 12 14.5 57.6
      vertex 11.695 14.5133 1.6
      vertex 12 14.5 1.6
    endloop
  endfacet
  facet normal 0.67565 -0.737222 0
    outer loop
      vertex 14.2498 15.3188 57.6
      vertex 14.4749 15.5251 2.51797
      vertex 14.4749 15.5251 57.6
    endloop
  endfacet
  facet normal 0.67565 -0.737222 0
    outer loop
      vertex 14.4749 15.5251 2.51797
      vertex 14.2498 15.3188 57.6
      vertex 14.2498 15.3188 2.2921
    endloop
  endfacet
  facet normal -0.953712 -0.300721 0
    outer loop
      vertex 8.71108 16.8029 1.6
      vertex 8.61926 17.0941 57.6
      vertex 8.61926 17.0941 1.6
    endloop
  endfacet
  facet normal -0.953712 -0.300721 0
    outer loop
      vertex 8.61926 17.0941 57.6
      vertex 8.71108 16.8029 1.6
      vertex 8.71108 16.8029 57.6
    endloop
  endfacet
  facet normal 0.976287 -0.21648 0
    outer loop
      vertex 15.3807 17.0941 57.6
      vertex 15.4468 17.3922 3.49953
      vertex 15.4468 17.3922 57.6
    endloop
  endfacet
  facet normal 0.976287 -0.21648 0
    outer loop
      vertex 15.3807 17.0941 3.42685
      vertex 15.4468 17.3922 3.49953
      vertex 15.3807 17.0941 57.6
    endloop
  endfacet
  facet normal 0.974071 -0.223901 0.032455
    outer loop
      vertex 15.4468 17.3922 3.49953
      vertex 15.3807 17.0941 3.42685
      vertex 15.4408 17.365 3.49196
    endloop
  endfacet
  facet normal 0.976069 -0.217429 0.00368376
    outer loop
      vertex 15.4408 17.365 3.49196
      vertex 15.3807 17.0941 3.42685
      vertex 15.4216 17.2784 3.46784
    endloop
  endfacet
  facet normal 0.923937 -0.382545 0
    outer loop
      vertex 15.1721 16.5208 57.6
      vertex 15.2889 16.8029 3.33473
      vertex 15.2889 16.8029 57.6
    endloop
  endfacet
  facet normal 0.923937 -0.382545 0
    outer loop
      vertex 15.2889 16.8029 3.33473
      vertex 15.1721 16.5208 57.6
      vertex 15.1721 16.5208 3.2175
    endloop
  endfacet
  facet normal -0.793438 0.608652 0
    outer loop
      vertex 9.13297 20.0075 57.6
      vertex 9.31884 20.2498 2.74896
      vertex 9.13297 20.0075 2.50479
    endloop
  endfacet
  facet normal -0.793438 0.608652 0
    outer loop
      vertex 9.31884 20.2498 2.74896
      vertex 9.13297 20.0075 57.6
      vertex 9.31884 20.2498 57.6
    endloop
  endfacet
  facet normal -0.21648 -0.976287 0
    outer loop
      vertex 11.0941 14.6193 1.6
      vertex 11.3922 14.5532 57.6
      vertex 11.0941 14.6193 57.6
    endloop
  endfacet
  facet normal -0.21648 -0.976287 -0
    outer loop
      vertex 11.3922 14.5532 57.6
      vertex 11.0941 14.6193 1.6
      vertex 11.3922 14.5532 1.6
    endloop
  endfacet
  facet normal -0.461827 -0.88697 0
    outer loop
      vertex 10.25 14.9689 1.6
      vertex 10.5208 14.8279 57.6
      vertex 10.25 14.9689 57.6
    endloop
  endfacet
  facet normal -0.461827 -0.88697 -0
    outer loop
      vertex 10.5208 14.8279 57.6
      vertex 10.25 14.9689 1.6
      vertex 10.5208 14.8279 1.6
    endloop
  endfacet
  facet normal 0.130641 -0.99143 0
    outer loop
      vertex 12.305 14.5133 1.6
      vertex 12.6078 14.5532 57.6
      vertex 12.305 14.5133 57.6
    endloop
  endfacet
  facet normal 0.130641 -0.99143 0
    outer loop
      vertex 12.6078 14.5532 57.6
      vertex 12.305 14.5133 1.6
      vertex 12.6078 14.5532 1.6
    endloop
  endfacet
  facet normal -0.608602 -0.793476 0
    outer loop
      vertex 9.75024 15.3188 1.6
      vertex 9.99248 15.133 57.6
      vertex 9.75024 15.3188 57.6
    endloop
  endfacet
  facet normal -0.608602 -0.793476 -0
    outer loop
      vertex 9.99248 15.133 57.6
      vertex 9.75024 15.3188 1.6
      vertex 9.99248 15.133 1.6
    endloop
  endfacet
  facet normal 0.88697 -0.461827 0
    outer loop
      vertex 15.0311 16.25 57.6
      vertex 15.1721 16.5208 3.2175
      vertex 15.1721 16.5208 57.6
    endloop
  endfacet
  facet normal 0.88697 -0.461827 0
    outer loop
      vertex 15.1721 16.5208 3.2175
      vertex 15.0311 16.25 57.6
      vertex 15.0311 16.25 3.07604
    endloop
  endfacet
  facet normal 0.953731 -0.300661 0
    outer loop
      vertex 15.2889 16.8029 57.6
      vertex 15.3807 17.0941 3.42685
      vertex 15.3807 17.0941 57.6
    endloop
  endfacet
  facet normal 0.953731 -0.300661 0
    outer loop
      vertex 15.3807 17.0941 3.42685
      vertex 15.2889 16.8029 57.6
      vertex 15.2889 16.8029 3.33473
    endloop
  endfacet
  facet normal -0.886983 0.461801 0
    outer loop
      vertex 8.82792 19.4792 57.6
      vertex 8.96891 19.75 2.24521
      vertex 8.82792 19.4792 1.9722
    endloop
  endfacet
  facet normal -0.886983 0.461801 0
    outer loop
      vertex 8.96891 19.75 2.24521
      vertex 8.82792 19.4792 57.6
      vertex 8.96891 19.75 57.6
    endloop
  endfacet
  facet normal -0.886983 -0.461801 0
    outer loop
      vertex 8.96891 16.25 1.6
      vertex 8.82792 16.5208 57.6
      vertex 8.82792 16.5208 1.6
    endloop
  endfacet
  facet normal -0.886983 -0.461801 0
    outer loop
      vertex 8.82792 16.5208 57.6
      vertex 8.96891 16.25 1.6
      vertex 8.96891 16.25 57.6
    endloop
  endfacet
  facet normal -0.130641 -0.99143 0
    outer loop
      vertex 11.3922 14.5532 1.6
      vertex 11.695 14.5133 57.6
      vertex 11.3922 14.5532 57.6
    endloop
  endfacet
  facet normal -0.130641 -0.99143 -0
    outer loop
      vertex 11.695 14.5133 57.6
      vertex 11.3922 14.5532 1.6
      vertex 11.695 14.5133 1.6
    endloop
  endfacet
  facet normal -0.737238 -0.675633 0
    outer loop
      vertex 9.52513 15.5251 1.6
      vertex 9.31884 15.7502 57.6
      vertex 9.31884 15.7502 1.6
    endloop
  endfacet
  facet normal -0.737238 -0.675633 0
    outer loop
      vertex 9.31884 15.7502 57.6
      vertex 9.52513 15.5251 1.6
      vertex 9.52513 15.5251 57.6
    endloop
  endfacet
  facet normal -0.999048 -0.0436305 0
    outer loop
      vertex 8.51332 17.695 1.6
      vertex 8.5 18 57.6
      vertex 8.5 18 1.6
    endloop
  endfacet
  facet normal -0.999048 -0.0436305 0
    outer loop
      vertex 8.5 18 57.6
      vertex 8.51332 17.695 1.6
      vertex 8.51332 17.695 57.6
    endloop
  endfacet
  facet normal -0.737154 0.675725 0
    outer loop
      vertex 9.31884 20.2498 57.6
      vertex 9.41069 20.35 2.85
      vertex 9.31884 20.2498 2.74896
    endloop
  endfacet
  facet normal -0.737154 0.675725 0
    outer loop
      vertex 9.41069 20.35 2.85
      vertex 9.31884 20.2498 57.6
      vertex 9.41069 20.35 57.6
    endloop
  endfacet
  facet normal 0.382545 -0.923937 0
    outer loop
      vertex 13.1971 14.7111 1.6
      vertex 13.4792 14.8279 57.6
      vertex 13.1971 14.7111 57.6
    endloop
  endfacet
  facet normal 0.382545 -0.923937 0
    outer loop
      vertex 13.4792 14.8279 57.6
      vertex 13.1971 14.7111 1.6
      vertex 13.4792 14.8279 1.6
    endloop
  endfacet
  facet normal -0.923891 0.382656 0
    outer loop
      vertex 8.71108 19.1971 57.6
      vertex 8.82792 19.4792 1.9722
      vertex 8.71108 19.1971 1.68786
    endloop
  endfacet
  facet normal -0.923891 0.382656 0
    outer loop
      vertex 8.82792 19.4792 1.9722
      vertex 8.71108 19.1971 57.6
      vertex 8.82792 19.4792 57.6
    endloop
  endfacet
  facet normal -0.793438 -0.608652 0
    outer loop
      vertex 9.31884 15.7502 1.6
      vertex 9.13297 15.9925 57.6
      vertex 9.13297 15.9925 1.6
    endloop
  endfacet
  facet normal -0.793438 -0.608652 0
    outer loop
      vertex 9.13297 15.9925 57.6
      vertex 9.31884 15.7502 1.6
      vertex 9.31884 15.7502 57.6
    endloop
  endfacet
  facet normal -0.675634 -0.737237 0
    outer loop
      vertex 9.52513 15.5251 1.6
      vertex 9.75024 15.3188 57.6
      vertex 9.52513 15.5251 57.6
    endloop
  endfacet
  facet normal -0.675634 -0.737237 -0
    outer loop
      vertex 9.75024 15.3188 57.6
      vertex 9.52513 15.5251 1.6
      vertex 9.75024 15.3188 1.6
    endloop
  endfacet
  facet normal 0.0435652 -0.999051 0
    outer loop
      vertex 12 14.5 1.6
      vertex 12.305 14.5133 57.6
      vertex 12 14.5 57.6
    endloop
  endfacet
  facet normal 0.0435652 -0.999051 0
    outer loop
      vertex 12.305 14.5133 57.6
      vertex 12 14.5 1.6
      vertex 12.305 14.5133 1.6
    endloop
  endfacet
  facet normal -0.976294 -0.216448 0
    outer loop
      vertex 8.61926 17.0941 1.6
      vertex 8.55317 17.3922 57.6
      vertex 8.55317 17.3922 1.6
    endloop
  endfacet
  facet normal -0.976294 -0.216448 0
    outer loop
      vertex 8.55317 17.3922 57.6
      vertex 8.61926 17.0941 1.6
      vertex 8.61926 17.0941 57.6
    endloop
  endfacet
  facet normal -0.84337 0.537333 0
    outer loop
      vertex 8.96891 19.75 57.6
      vertex 9.13297 20.0075 2.50479
      vertex 8.96891 19.75 2.24521
    endloop
  endfacet
  facet normal -0.84337 0.537333 0
    outer loop
      vertex 9.13297 20.0075 2.50479
      vertex 8.96891 19.75 57.6
      vertex 9.13297 20.0075 57.6
    endloop
  endfacet
  facet normal -0.991451 -0.13048 0
    outer loop
      vertex 8.55317 17.3922 1.6
      vertex 8.51332 17.695 57.6
      vertex 8.51332 17.695 1.6
    endloop
  endfacet
  facet normal -0.991451 -0.13048 0
    outer loop
      vertex 8.51332 17.695 57.6
      vertex 8.55317 17.3922 1.6
      vertex 8.55317 17.3922 57.6
    endloop
  endfacet
  facet normal -0.991451 0.13048 0
    outer loop
      vertex 8.51332 18.305 1.6
      vertex 8.55317 18.6078 57.6
      vertex 8.55317 18.6078 1.6
    endloop
  endfacet
  facet normal -0.991451 0.13048 0
    outer loop
      vertex 8.55317 18.6078 57.6
      vertex 8.51332 18.305 1.6
      vertex 8.51332 18.305 57.6
    endloop
  endfacet
  facet normal 0.608507 -0.793548 0
    outer loop
      vertex 14.0075 15.133 57.6
      vertex 14.2498 15.3188 2.2921
      vertex 14.2498 15.3188 57.6
    endloop
  endfacet
  facet normal 0.608507 -0.793548 0
    outer loop
      vertex 14.2498 15.3188 2.2921
      vertex 14.0075 15.133 57.6
      vertex 14.0075 15.133 2.04905
    endloop
  endfacet
  facet normal 0.300661 -0.953731 0
    outer loop
      vertex 12.9059 14.6193 1.6
      vertex 13.1971 14.7111 57.6
      vertex 12.9059 14.6193 57.6
    endloop
  endfacet
  facet normal 0.300661 -0.953731 0
    outer loop
      vertex 13.1971 14.7111 57.6
      vertex 12.9059 14.6193 1.6
      vertex 13.1971 14.7111 1.6
    endloop
  endfacet
  facet normal -0.84337 -0.537333 0
    outer loop
      vertex 9.13297 15.9925 1.6
      vertex 8.96891 16.25 57.6
      vertex 8.96891 16.25 1.6
    endloop
  endfacet
  facet normal -0.84337 -0.537333 0
    outer loop
      vertex 8.96891 16.25 57.6
      vertex 9.13297 15.9925 1.6
      vertex 9.13297 15.9925 57.6
    endloop
  endfacet
  facet normal -0.999048 0.0436305 0
    outer loop
      vertex 8.5 18 1.6
      vertex 8.51332 18.305 57.6
      vertex 8.51332 18.305 1.6
    endloop
  endfacet
  facet normal -0.999048 0.0436305 0
    outer loop
      vertex 8.51332 18.305 57.6
      vertex 8.5 18 1.6
      vertex 8.5 18 57.6
    endloop
  endfacet
  facet normal 0.737222 -0.67565 0
    outer loop
      vertex 14.4749 15.5251 57.6
      vertex 14.6812 15.7502 2.72494
      vertex 14.6812 15.7502 57.6
    endloop
  endfacet
  facet normal 0.737222 -0.67565 0
    outer loop
      vertex 14.6812 15.7502 2.72494
      vertex 14.4749 15.5251 57.6
      vertex 14.4749 15.5251 2.51797
    endloop
  endfacet
  facet normal -0.953705 0.300744 -8.59872e-05
    outer loop
      vertex 8.61926 18.9059 1.6
      vertex 8.71108 19.1971 1.68786
      vertex 8.68359 19.1099 1.6
    endloop
  endfacet
  facet normal -0.953712 0.300721 0
    outer loop
      vertex 8.61926 18.9059 57.6
      vertex 8.71108 19.1971 1.68786
      vertex 8.61926 18.9059 1.6
    endloop
  endfacet
  facet normal -0.953712 0.300721 0
    outer loop
      vertex 8.71108 19.1971 1.68786
      vertex 8.61926 18.9059 57.6
      vertex 8.71108 19.1971 57.6
    endloop
  endfacet
  facet normal -0.537397 -0.84333 0
    outer loop
      vertex 9.99248 15.133 1.6
      vertex 10.25 14.9689 57.6
      vertex 9.99248 15.133 57.6
    endloop
  endfacet
  facet normal -0.537397 -0.84333 -0
    outer loop
      vertex 10.25 14.9689 57.6
      vertex 9.99248 15.133 1.6
      vertex 10.25 14.9689 1.6
    endloop
  endfacet
  facet normal 0.300723 -0.953712 0
    outer loop
      vertex 11.9764 -20.903 55.6
      vertex 12.5796 -20.7128 57.6
      vertex 11.9764 -20.903 57.6
    endloop
  endfacet
  facet normal 0.300723 -0.953712 0
    outer loop
      vertex 12.5796 -20.7128 57.6
      vertex 11.9764 -20.903 55.6
      vertex 12.5796 -20.7128 55.6
    endloop
  endfacet
  facet normal -0.675603 0.737266 0
    outer loop
      vertex -14.7602 19.4538 55.6
      vertex -15.2265 19.0265 57.6
      vertex -14.7602 19.4538 57.6
    endloop
  endfacet
  facet normal -0.675603 0.737266 0
    outer loop
      vertex -15.2265 19.0265 57.6
      vertex -14.7602 19.4538 55.6
      vertex -15.2265 19.0265 55.6
    endloop
  endfacet
  facet normal -0.300723 0.953712 0
    outer loop
      vertex -11.9764 20.903 55.6
      vertex -12.5796 20.7128 57.6
      vertex -11.9764 20.903 57.6
    endloop
  endfacet
  facet normal -0.300723 0.953712 0
    outer loop
      vertex -12.5796 20.7128 57.6
      vertex -11.9764 20.903 55.6
      vertex -12.5796 20.7128 55.6
    endloop
  endfacet
  facet normal -0.608816 -0.793311 0
    outer loop
      vertex -14.7602 -19.4538 55.6
      vertex -14.2584 -19.8389 57.6
      vertex -14.7602 -19.4538 57.6
    endloop
  endfacet
  facet normal -0.608816 -0.793311 -0
    outer loop
      vertex -14.2584 -19.8389 57.6
      vertex -14.7602 -19.4538 55.6
      vertex -14.2584 -19.8389 55.6
    endloop
  endfacet
  facet normal 0.130455 0.991454 -0
    outer loop
      vertex 11.3589 21.0399 55.6
      vertex 10.7319 21.1224 57.6
      vertex 11.3589 21.0399 57.6
    endloop
  endfacet
  facet normal 0.130455 0.991454 0
    outer loop
      vertex 10.7319 21.1224 57.6
      vertex 11.3589 21.0399 55.6
      vertex 10.7319 21.1224 55.6
    endloop
  endfacet
  facet normal -0.675603 -0.737266 0
    outer loop
      vertex -15.2265 -19.0265 55.6
      vertex -14.7602 -19.4538 57.6
      vertex -15.2265 -19.0265 57.6
    endloop
  endfacet
  facet normal -0.675603 -0.737266 -0
    outer loop
      vertex -14.7602 -19.4538 57.6
      vertex -15.2265 -19.0265 55.6
      vertex -14.7602 -19.4538 55.6
    endloop
  endfacet
  facet normal 0.130455 -0.991454 0
    outer loop
      vertex 10.7319 -21.1224 55.6
      vertex 11.3589 -21.0399 57.6
      vertex 10.7319 -21.1224 57.6
    endloop
  endfacet
  facet normal 0.130455 -0.991454 0
    outer loop
      vertex 11.3589 -21.0399 57.6
      vertex 10.7319 -21.1224 55.6
      vertex 11.3589 -21.0399 55.6
    endloop
  endfacet
  facet normal 0.461701 0.887036 -0
    outer loop
      vertex 13.725 20.1787 55.6
      vertex 13.164 20.4707 57.6
      vertex 13.725 20.1787 57.6
    endloop
  endfacet
  facet normal 0.461701 0.887036 0
    outer loop
      vertex 13.164 20.4707 57.6
      vertex 13.725 20.1787 55.6
      vertex 13.164 20.4707 55.6
    endloop
  endfacet
  facet normal -0.461701 -0.887036 0
    outer loop
      vertex -13.725 -20.1787 55.6
      vertex -13.164 -20.4707 57.6
      vertex -13.725 -20.1787 57.6
    endloop
  endfacet
  facet normal -0.461701 -0.887036 -0
    outer loop
      vertex -13.164 -20.4707 57.6
      vertex -13.725 -20.1787 55.6
      vertex -13.164 -20.4707 55.6
    endloop
  endfacet
  facet normal -0.0436362 -0.999047 0
    outer loop
      vertex -10.7319 -21.1224 55.6
      vertex -10.1 -21.15 57.6
      vertex -10.7319 -21.1224 57.6
    endloop
  endfacet
  facet normal -0.0436362 -0.999047 -0
    outer loop
      vertex -10.1 -21.15 57.6
      vertex -10.7319 -21.1224 55.6
      vertex -10.1 -21.15 55.6
    endloop
  endfacet
  facet normal -0.608816 0.793311 0
    outer loop
      vertex -14.2584 19.8389 55.6
      vertex -14.7602 19.4538 57.6
      vertex -14.2584 19.8389 57.6
    endloop
  endfacet
  facet normal -0.608816 0.793311 0
    outer loop
      vertex -14.7602 19.4538 57.6
      vertex -14.2584 19.8389 55.6
      vertex -14.7602 19.4538 55.6
    endloop
  endfacet
  facet normal 0.675603 -0.737266 0
    outer loop
      vertex 14.7602 -19.4538 55.6
      vertex 15.2265 -19.0265 57.6
      vertex 14.7602 -19.4538 57.6
    endloop
  endfacet
  facet normal 0.675603 -0.737266 0
    outer loop
      vertex 15.2265 -19.0265 57.6
      vertex 14.7602 -19.4538 55.6
      vertex 15.2265 -19.0265 55.6
    endloop
  endfacet
  facet normal -0.461701 0.887036 0
    outer loop
      vertex -13.164 20.4707 55.6
      vertex -13.725 20.1787 57.6
      vertex -13.164 20.4707 57.6
    endloop
  endfacet
  facet normal -0.461701 0.887036 0
    outer loop
      vertex -13.725 20.1787 57.6
      vertex -13.164 20.4707 55.6
      vertex -13.725 20.1787 55.6
    endloop
  endfacet
  facet normal -0.537285 -0.843401 0
    outer loop
      vertex -14.2584 -19.8389 55.6
      vertex -13.725 -20.1787 57.6
      vertex -14.2584 -19.8389 57.6
    endloop
  endfacet
  facet normal -0.537285 -0.843401 -0
    outer loop
      vertex -13.725 -20.1787 57.6
      vertex -14.2584 -19.8389 55.6
      vertex -13.725 -20.1787 55.6
    endloop
  endfacet
  facet normal -0.382729 0.923861 0
    outer loop
      vertex -12.5796 20.7128 55.6
      vertex -13.164 20.4707 57.6
      vertex -12.5796 20.7128 57.6
    endloop
  endfacet
  facet normal -0.382729 0.923861 0
    outer loop
      vertex -13.164 20.4707 57.6
      vertex -12.5796 20.7128 55.6
      vertex -13.164 20.4707 55.6
    endloop
  endfacet
  facet normal 0.537285 -0.843401 0
    outer loop
      vertex 13.725 -20.1787 55.6
      vertex 14.2584 -19.8389 57.6
      vertex 13.725 -20.1787 57.6
    endloop
  endfacet
  facet normal 0.537285 -0.843401 0
    outer loop
      vertex 14.2584 -19.8389 57.6
      vertex 13.725 -20.1787 55.6
      vertex 14.2584 -19.8389 55.6
    endloop
  endfacet
  facet normal -0.300723 -0.953712 0
    outer loop
      vertex -12.5796 -20.7128 55.6
      vertex -11.9764 -20.903 57.6
      vertex -12.5796 -20.7128 57.6
    endloop
  endfacet
  facet normal -0.300723 -0.953712 -0
    outer loop
      vertex -11.9764 -20.903 57.6
      vertex -12.5796 -20.7128 55.6
      vertex -11.9764 -20.903 55.6
    endloop
  endfacet
  facet normal 0.537285 0.843401 -0
    outer loop
      vertex 14.2584 19.8389 55.6
      vertex 13.725 20.1787 57.6
      vertex 14.2584 19.8389 57.6
    endloop
  endfacet
  facet normal 0.537285 0.843401 0
    outer loop
      vertex 13.725 20.1787 57.6
      vertex 14.2584 19.8389 55.6
      vertex 13.725 20.1787 55.6
    endloop
  endfacet
  facet normal 0.461701 -0.887036 0
    outer loop
      vertex 13.164 -20.4707 55.6
      vertex 13.725 -20.1787 57.6
      vertex 13.164 -20.4707 57.6
    endloop
  endfacet
  facet normal 0.461701 -0.887036 0
    outer loop
      vertex 13.725 -20.1787 57.6
      vertex 13.164 -20.4707 55.6
      vertex 13.725 -20.1787 55.6
    endloop
  endfacet
  facet normal -0.130455 0.991454 0
    outer loop
      vertex -10.7319 21.1224 55.6
      vertex -11.3589 21.0399 57.6
      vertex -10.7319 21.1224 57.6
    endloop
  endfacet
  facet normal -0.130455 0.991454 0
    outer loop
      vertex -11.3589 21.0399 57.6
      vertex -10.7319 21.1224 55.6
      vertex -11.3589 21.0399 55.6
    endloop
  endfacet
  facet normal 0.300723 0.953712 -0
    outer loop
      vertex 12.5796 20.7128 55.6
      vertex 11.9764 20.903 57.6
      vertex 12.5796 20.7128 57.6
    endloop
  endfacet
  facet normal 0.300723 0.953712 0
    outer loop
      vertex 11.9764 20.903 57.6
      vertex 12.5796 20.7128 55.6
      vertex 11.9764 20.903 55.6
    endloop
  endfacet
  facet normal 0.737266 -0.675603 0
    outer loop
      vertex 15.2265 -19.0265 57.6
      vertex 15.6538 -18.5602 55.6
      vertex 15.6538 -18.5602 57.6
    endloop
  endfacet
  facet normal 0.737266 -0.675603 0
    outer loop
      vertex 15.6538 -18.5602 55.6
      vertex 15.2265 -19.0265 57.6
      vertex 15.2265 -19.0265 55.6
    endloop
  endfacet
  facet normal 0.382729 0.923861 -0
    outer loop
      vertex 13.164 20.4707 55.6
      vertex 12.5796 20.7128 57.6
      vertex 13.164 20.4707 57.6
    endloop
  endfacet
  facet normal 0.382729 0.923861 0
    outer loop
      vertex 12.5796 20.7128 57.6
      vertex 13.164 20.4707 55.6
      vertex 12.5796 20.7128 55.6
    endloop
  endfacet
  facet normal 0.216445 -0.976295 0
    outer loop
      vertex 11.3589 -21.0399 55.6
      vertex 11.9764 -20.903 57.6
      vertex 11.3589 -21.0399 57.6
    endloop
  endfacet
  facet normal 0.216445 -0.976295 0
    outer loop
      vertex 11.9764 -20.903 57.6
      vertex 11.3589 -21.0399 55.6
      vertex 11.9764 -20.903 55.6
    endloop
  endfacet
  facet normal -0.130455 -0.991454 0
    outer loop
      vertex -11.3589 -21.0399 55.6
      vertex -10.7319 -21.1224 57.6
      vertex -11.3589 -21.0399 57.6
    endloop
  endfacet
  facet normal -0.130455 -0.991454 -0
    outer loop
      vertex -10.7319 -21.1224 57.6
      vertex -11.3589 -21.0399 55.6
      vertex -10.7319 -21.1224 55.6
    endloop
  endfacet
  facet normal -0.216445 -0.976295 0
    outer loop
      vertex -11.9764 -20.903 55.6
      vertex -11.3589 -21.0399 57.6
      vertex -11.9764 -20.903 57.6
    endloop
  endfacet
  facet normal -0.216445 -0.976295 -0
    outer loop
      vertex -11.3589 -21.0399 57.6
      vertex -11.9764 -20.903 55.6
      vertex -11.3589 -21.0399 55.6
    endloop
  endfacet
  facet normal 0.0436362 0.999047 -0
    outer loop
      vertex 10.7319 21.1224 55.6
      vertex 10.1 21.15 57.6
      vertex 10.7319 21.1224 57.6
    endloop
  endfacet
  facet normal 0.0436362 0.999047 0
    outer loop
      vertex 10.1 21.15 57.6
      vertex 10.7319 21.1224 55.6
      vertex 10.1 21.15 55.6
    endloop
  endfacet
  facet normal -0.0436362 0.999047 0
    outer loop
      vertex -10.1 21.15 55.6
      vertex -10.7319 21.1224 57.6
      vertex -10.1 21.15 57.6
    endloop
  endfacet
  facet normal -0.0436362 0.999047 0
    outer loop
      vertex -10.7319 21.1224 57.6
      vertex -10.1 21.15 55.6
      vertex -10.7319 21.1224 55.6
    endloop
  endfacet
  facet normal 0.608816 0.793311 -0
    outer loop
      vertex 14.7602 19.4538 55.6
      vertex 14.2584 19.8389 57.6
      vertex 14.7602 19.4538 57.6
    endloop
  endfacet
  facet normal 0.608816 0.793311 0
    outer loop
      vertex 14.2584 19.8389 57.6
      vertex 14.7602 19.4538 55.6
      vertex 14.2584 19.8389 55.6
    endloop
  endfacet
  facet normal 0.0436362 -0.999047 0
    outer loop
      vertex 10.1 -21.15 55.6
      vertex 10.7319 -21.1224 57.6
      vertex 10.1 -21.15 57.6
    endloop
  endfacet
  facet normal 0.0436362 -0.999047 0
    outer loop
      vertex 10.7319 -21.1224 57.6
      vertex 10.1 -21.15 55.6
      vertex 10.7319 -21.1224 55.6
    endloop
  endfacet
  facet normal -0.382729 -0.923861 0
    outer loop
      vertex -13.164 -20.4707 55.6
      vertex -12.5796 -20.7128 57.6
      vertex -13.164 -20.4707 57.6
    endloop
  endfacet
  facet normal -0.382729 -0.923861 -0
    outer loop
      vertex -12.5796 -20.7128 57.6
      vertex -13.164 -20.4707 55.6
      vertex -12.5796 -20.7128 55.6
    endloop
  endfacet
  facet normal 0.675603 0.737266 -0
    outer loop
      vertex 15.2265 19.0265 55.6
      vertex 14.7602 19.4538 57.6
      vertex 15.2265 19.0265 57.6
    endloop
  endfacet
  facet normal 0.675603 0.737266 0
    outer loop
      vertex 14.7602 19.4538 57.6
      vertex 15.2265 19.0265 55.6
      vertex 14.7602 19.4538 55.6
    endloop
  endfacet
  facet normal 0.216445 0.976295 -0
    outer loop
      vertex 11.9764 20.903 55.6
      vertex 11.3589 21.0399 57.6
      vertex 11.9764 20.903 57.6
    endloop
  endfacet
  facet normal 0.216445 0.976295 0
    outer loop
      vertex 11.3589 21.0399 57.6
      vertex 11.9764 20.903 55.6
      vertex 11.3589 21.0399 55.6
    endloop
  endfacet
  facet normal 0.608816 -0.793311 0
    outer loop
      vertex 14.2584 -19.8389 55.6
      vertex 14.7602 -19.4538 57.6
      vertex 14.2584 -19.8389 57.6
    endloop
  endfacet
  facet normal 0.608816 -0.793311 0
    outer loop
      vertex 14.7602 -19.4538 57.6
      vertex 14.2584 -19.8389 55.6
      vertex 14.7602 -19.4538 55.6
    endloop
  endfacet
  facet normal -0.537285 0.843401 0
    outer loop
      vertex -13.725 20.1787 55.6
      vertex -14.2584 19.8389 57.6
      vertex -13.725 20.1787 57.6
    endloop
  endfacet
  facet normal -0.537285 0.843401 0
    outer loop
      vertex -14.2584 19.8389 57.6
      vertex -13.725 20.1787 55.6
      vertex -14.2584 19.8389 55.6
    endloop
  endfacet
  facet normal -0.737266 -0.675603 0
    outer loop
      vertex -15.2265 -19.0265 55.6
      vertex -15.6538 -18.5602 57.6
      vertex -15.6538 -18.5602 55.6
    endloop
  endfacet
  facet normal -0.737266 -0.675603 0
    outer loop
      vertex -15.6538 -18.5602 57.6
      vertex -15.2265 -19.0265 55.6
      vertex -15.2265 -19.0265 57.6
    endloop
  endfacet
  facet normal 0.737266 0.675603 0
    outer loop
      vertex 15.6538 18.5602 57.6
      vertex 15.2265 19.0265 55.6
      vertex 15.2265 19.0265 57.6
    endloop
  endfacet
  facet normal 0.737266 0.675603 0
    outer loop
      vertex 15.2265 19.0265 55.6
      vertex 15.6538 18.5602 57.6
      vertex 15.6538 18.5602 55.6
    endloop
  endfacet
  facet normal -0.737266 0.675603 0
    outer loop
      vertex -15.6538 18.5602 55.6
      vertex -15.2265 19.0265 57.6
      vertex -15.2265 19.0265 55.6
    endloop
  endfacet
  facet normal -0.737266 0.675603 0
    outer loop
      vertex -15.2265 19.0265 57.6
      vertex -15.6538 18.5602 55.6
      vertex -15.6538 18.5602 57.6
    endloop
  endfacet
  facet normal 0.382729 -0.923861 0
    outer loop
      vertex 12.5796 -20.7128 55.6
      vertex 13.164 -20.4707 57.6
      vertex 12.5796 -20.7128 57.6
    endloop
  endfacet
  facet normal 0.382729 -0.923861 0
    outer loop
      vertex 13.164 -20.4707 57.6
      vertex 12.5796 -20.7128 55.6
      vertex 13.164 -20.4707 55.6
    endloop
  endfacet
  facet normal -0.216445 0.976295 0
    outer loop
      vertex -11.3589 21.0399 55.6
      vertex -11.9764 20.903 57.6
      vertex -11.3589 21.0399 57.6
    endloop
  endfacet
  facet normal -0.216445 0.976295 0
    outer loop
      vertex -11.9764 20.903 57.6
      vertex -11.3589 21.0399 55.6
      vertex -11.9764 20.903 55.6
    endloop
  endfacet
  facet normal 0.521611 -0.47794 -0.70675
    outer loop
      vertex 16.7646 -19.4922 0.4
      vertex 15.969 -19.769 0
      vertex 16.4582 -19.2351 0
    endloop
  endfacet
  facet normal 0.130567 -0.991439 0
    outer loop
      vertex 10.8582 -22.5669 0.4
      vertex 11.6107 -22.4678 55.6
      vertex 10.8582 -22.5669 55.6
    endloop
  endfacet
  facet normal 0.130567 -0.991439 0
    outer loop
      vertex 11.6107 -22.4678 55.6
      vertex 10.8582 -22.5669 0.4
      vertex 11.6107 -22.4678 0.4
    endloop
  endfacet
  facet normal -0.653534 -0.270659 -0.70685
    outer loop
      vertex -17.9849 -17.5768 0.4
      vertex -18.2753 -16.8756 0.4
      vertex -17.6223 -17.4077 0
    endloop
  endfacet
  facet normal 0.030854 0.706753 -0.706787
    outer loop
      vertex 10.8234 22.1684 0
      vertex 10.1 22.6 0.4
      vertex 10.8582 22.5669 0.4
    endloop
  endfacet
  facet normal 0.521611 -0.477988 -0.706717
    outer loop
      vertex 16.2518 -20.0518 0.4
      vertex 15.969 -19.769 0
      vertex 16.7646 -19.4922 0.4
    endloop
  endfacet
  facet normal 0.707107 0 -0.707107
    outer loop
      vertex 18.8 -13.9 0.4
      vertex 18.4 13.9 0
      vertex 18.8 13.9 0.4
    endloop
  endfacet
  facet normal 0.707107 0 -0.707107
    outer loop
      vertex 18.4 13.9 0
      vertex 18.8 -13.9 0.4
      vertex 18.4 -13.9 0
    endloop
  endfacet
  facet normal -0.596683 -0.380072 -0.706764
    outer loop
      vertex -16.899 -18.6607 0
      vertex -17.6344 -18.25 0.4
      vertex -17.288 -18.05 0
    endloop
  endfacet
  facet normal 0.0436145 -0.999048 0
    outer loop
      vertex 10.1 -22.6 0.4
      vertex 10.8582 -22.5669 55.6
      vertex 10.1 -22.6 55.6
    endloop
  endfacet
  facet normal 0.0436145 -0.999048 0
    outer loop
      vertex 10.8582 -22.5669 55.6
      vertex 10.1 -22.6 0.4
      vertex 10.8582 -22.5669 0.4
    endloop
  endfacet
  facet normal 0.430672 0.561272 -0.706749
    outer loop
      vertex 15.4351 20.2582 0
      vertex 15.0901 21.0266 0.4
      vertex 15.6922 20.5646 0.4
    endloop
  endfacet
  facet normal -0.53731 0.843385 0
    outer loop
      vertex -14.45 21.4344 0.4
      vertex -15.0901 21.0266 55.6
      vertex -14.45 21.4344 55.6
    endloop
  endfacet
  facet normal -0.53731 0.843385 0
    outer loop
      vertex -15.0901 21.0266 55.6
      vertex -14.45 21.4344 0.4
      vertex -15.0901 21.0266 0.4
    endloop
  endfacet
  facet normal 0.382631 0.923901 -0
    outer loop
      vertex 13.7768 21.7849 0.4
      vertex 13.0756 22.0753 55.6
      vertex 13.7768 21.7849 55.6
    endloop
  endfacet
  facet normal 0.382631 0.923901 0
    outer loop
      vertex 13.0756 22.0753 55.6
      vertex 13.7768 21.7849 0.4
      vertex 13.0756 22.0753 0.4
    endloop
  endfacet
  facet normal 0.53731 0.843385 -0
    outer loop
      vertex 15.0901 21.0266 0.4
      vertex 14.45 21.4344 55.6
      vertex 15.0901 21.0266 55.6
    endloop
  endfacet
  facet normal 0.53731 0.843385 0
    outer loop
      vertex 14.45 21.4344 55.6
      vertex 15.0901 21.0266 0.4
      vertex 14.45 21.4344 0.4
    endloop
  endfacet
  facet normal 0.212801 -0.67475 -0.706702
    outer loop
      vertex 12.3517 -22.3035 0.4
      vertex 12.2482 -21.9172 0
      vertex 12.9388 -21.6994 0
    endloop
  endfacet
  facet normal -0.991439 -0.130567 0
    outer loop
      vertex -18.6678 -15.4107 0.4
      vertex -18.7669 -14.6582 55.6
      vertex -18.7669 -14.6582 0.4
    endloop
  endfacet
  facet normal -0.991439 -0.130567 0
    outer loop
      vertex -18.7669 -14.6582 55.6
      vertex -18.6678 -15.4107 0.4
      vertex -18.6678 -15.4107 55.6
    endloop
  endfacet
  facet normal -0.561246 -0.430705 -0.70675
    outer loop
      vertex -16.7646 -19.4922 0.4
      vertex -16.899 -18.6607 0
      vertex -16.4582 -19.2351 0
    endloop
  endfacet
  facet normal -0.737264 -0.675605 0
    outer loop
      vertex -16.2518 -20.0518 0.4
      vertex -16.7646 -19.4922 55.6
      vertex -16.7646 -19.4922 0.4
    endloop
  endfacet
  facet normal -0.737264 -0.675605 0
    outer loop
      vertex -16.7646 -19.4922 55.6
      vertex -16.2518 -20.0518 0.4
      vertex -16.2518 -20.0518 55.6
    endloop
  endfacet
  facet normal 0.43073 0.561278 -0.70671
    outer loop
      vertex 15.4351 20.2582 0
      vertex 14.8607 20.699 0
      vertex 15.0901 21.0266 0.4
    endloop
  endfacet
  facet normal 0.6907 0.153147 -0.706738
    outer loop
      vertex 18.6678 15.4107 0.4
      vertex 18.2739 15.3413 0
      vertex 18.5035 16.1517 0.4
    endloop
  endfacet
  facet normal -0.212801 -0.67475 -0.706702
    outer loop
      vertex -12.3517 -22.3035 0.4
      vertex -12.9388 -21.6994 0
      vertex -12.2482 -21.9172 0
    endloop
  endfacet
  facet normal 0.674697 -0.212689 -0.706786
    outer loop
      vertex 18.2753 -16.8756 0.4
      vertex 17.8994 -16.7388 0
      vertex 18.5035 -16.1517 0.4
    endloop
  endfacet
  facet normal -0.47794 -0.521611 -0.70675
    outer loop
      vertex -15.6922 -20.5646 0.4
      vertex -15.969 -19.769 0
      vertex -15.4351 -20.2582 0
    endloop
  endfacet
  facet normal 0.477988 0.521611 -0.706717
    outer loop
      vertex 15.969 19.769 0
      vertex 15.6922 20.5646 0.4
      vertex 16.2518 20.0518 0.4
    endloop
  endfacet
  facet normal -0.596697 -0.380149 -0.70671
    outer loop
      vertex -17.2266 -18.8901 0.4
      vertex -17.6344 -18.25 0.4
      vertex -16.899 -18.6607 0
    endloop
  endfacet
  facet normal 0.608755 -0.793358 0
    outer loop
      vertex 15.0901 -21.0266 0.4
      vertex 15.6922 -20.5646 55.6
      vertex 15.0901 -21.0266 55.6
    endloop
  endfacet
  facet normal 0.608755 -0.793358 0
    outer loop
      vertex 15.6922 -20.5646 55.6
      vertex 15.0901 -21.0266 0.4
      vertex 15.6922 -20.5646 0.4
    endloop
  endfacet
  facet normal -0.0436145 -0.999048 0
    outer loop
      vertex -10.8582 -22.5669 0.4
      vertex -10.1 -22.6 55.6
      vertex -10.8582 -22.5669 55.6
    endloop
  endfacet
  facet normal -0.0436145 -0.999048 -0
    outer loop
      vertex -10.1 -22.6 55.6
      vertex -10.8582 -22.5669 0.4
      vertex -10.1 -22.6 0.4
    endloop
  endfacet
  facet normal 0.653534 -0.270659 -0.70685
    outer loop
      vertex 17.9849 -17.5768 0.4
      vertex 17.6223 -17.4077 0
      vertex 18.2753 -16.8756 0.4
    endloop
  endfacet
  facet normal -0.561303 -0.430696 -0.706711
    outer loop
      vertex -16.7646 -19.4922 0.4
      vertex -17.2266 -18.8901 0.4
      vertex -16.899 -18.6607 0
    endloop
  endfacet
  facet normal 0.270723 -0.653506 -0.706851
    outer loop
      vertex 13.7768 -21.7849 0.4
      vertex 12.9388 -21.6994 0
      vertex 13.6077 -21.4223 0
    endloop
  endfacet
  facet normal -0.53731 -0.843385 0
    outer loop
      vertex -15.0901 -21.0266 0.4
      vertex -14.45 -21.4344 55.6
      vertex -15.0901 -21.0266 55.6
    endloop
  endfacet
  facet normal -0.53731 -0.843385 -0
    outer loop
      vertex -14.45 -21.4344 55.6
      vertex -15.0901 -21.0266 0.4
      vertex -14.45 -21.4344 0.4
    endloop
  endfacet
  facet normal 0.21647 0.976289 -0
    outer loop
      vertex 12.3517 22.3035 0.4
      vertex 11.6107 22.4678 55.6
      vertex 12.3517 22.3035 55.6
    endloop
  endfacet
  facet normal 0.21647 0.976289 0
    outer loop
      vertex 11.6107 22.4678 55.6
      vertex 12.3517 22.3035 0.4
      vertex 11.6107 22.4678 0.4
    endloop
  endfacet
  facet normal 0.737264 -0.675605 0
    outer loop
      vertex 16.2518 -20.0518 55.6
      vertex 16.7646 -19.4922 0.4
      vertex 16.7646 -19.4922 55.6
    endloop
  endfacet
  facet normal 0.737264 -0.675605 0
    outer loop
      vertex 16.7646 -19.4922 0.4
      vertex 16.2518 -20.0518 55.6
      vertex 16.2518 -20.0518 0.4
    endloop
  endfacet
  facet normal -0.326663 -0.627418 -0.706851
    outer loop
      vertex -13.7768 -21.7849 0.4
      vertex -14.45 -21.4344 0.4
      vertex -13.6077 -21.4223 0
    endloop
  endfacet
  facet normal -0.380149 -0.596697 -0.70671
    outer loop
      vertex -14.45 -21.4344 0.4
      vertex -15.0901 -21.0266 0.4
      vertex -14.8607 -20.699 0
    endloop
  endfacet
  facet normal -0.270683 -0.653592 -0.706787
    outer loop
      vertex -13.0756 -22.0753 0.4
      vertex -13.7768 -21.7849 0.4
      vertex -12.9388 -21.6994 0
    endloop
  endfacet
  facet normal 0.976289 0.21647 0
    outer loop
      vertex 18.6678 15.4107 55.6
      vertex 18.5035 16.1517 0.4
      vertex 18.5035 16.1517 55.6
    endloop
  endfacet
  facet normal 0.976289 0.21647 0
    outer loop
      vertex 18.5035 16.1517 0.4
      vertex 18.6678 15.4107 55.6
      vertex 18.6678 15.4107 0.4
    endloop
  endfacet
  facet normal 0.382631 -0.923901 0
    outer loop
      vertex 13.0756 -22.0753 0.4
      vertex 13.7768 -21.7849 55.6
      vertex 13.0756 -22.0753 55.6
    endloop
  endfacet
  facet normal 0.382631 -0.923901 0
    outer loop
      vertex 13.7768 -21.7849 55.6
      vertex 13.0756 -22.0753 0.4
      vertex 13.7768 -21.7849 0.4
    endloop
  endfacet
  facet normal 0.706752 -0.0308728 -0.706788
    outer loop
      vertex 18.7669 -14.6582 0.4
      vertex 18.3684 -14.6234 0
      vertex 18.4 -13.9 0
    endloop
  endfacet
  facet normal 0.627418 0.326663 -0.706851
    outer loop
      vertex 17.9849 17.5768 0.4
      vertex 17.6223 17.4077 0
      vertex 17.6344 18.25 0.4
    endloop
  endfacet
  facet normal -0.70677 0.0308548 -0.70677
    outer loop
      vertex -18.4 13.9 0
      vertex -18.8 13.9 0.4
      vertex -18.7669 14.6582 0.4
    endloop
  endfacet
  facet normal 1 -0 0
    outer loop
      vertex 18.8 -13.9 55.6
      vertex 18.8 13.9 0.4
      vertex 18.8 13.9 55.6
    endloop
  endfacet
  facet normal 1 0 0
    outer loop
      vertex 18.8 13.9 0.4
      vertex 18.8 -13.9 55.6
      vertex 18.8 -13.9 0.4
    endloop
  endfacet
  facet normal -0.67475 -0.212801 -0.706702
    outer loop
      vertex -17.8994 -16.7388 0
      vertex -18.5035 -16.1517 0.4
      vertex -18.1172 -16.0482 0
    endloop
  endfacet
  facet normal 0.886982 -0.461805 0
    outer loop
      vertex 17.6344 -18.25 55.6
      vertex 17.9849 -17.5768 0.4
      vertex 17.9849 -17.5768 55.6
    endloop
  endfacet
  facet normal 0.886982 -0.461805 0
    outer loop
      vertex 17.9849 -17.5768 0.4
      vertex 17.6344 -18.25 55.6
      vertex 17.6344 -18.25 0.4
    endloop
  endfacet
  facet normal 0.690742 -0.153118 -0.706704
    outer loop
      vertex 18.5035 -16.1517 0.4
      vertex 18.1172 -16.0482 0
      vertex 18.2739 -15.3413 0
    endloop
  endfacet
  facet normal 0.461805 -0.886982 0
    outer loop
      vertex 13.7768 -21.7849 0.4
      vertex 14.45 -21.4344 55.6
      vertex 13.7768 -21.7849 55.6
    endloop
  endfacet
  facet normal 0.461805 -0.886982 0
    outer loop
      vertex 14.45 -21.4344 55.6
      vertex 13.7768 -21.7849 0.4
      vertex 14.45 -21.4344 0.4
    endloop
  endfacet
  facet normal -0.999048 0.0436145 0
    outer loop
      vertex -18.8 13.9 0.4
      vertex -18.7669 14.6582 55.6
      vertex -18.7669 14.6582 0.4
    endloop
  endfacet
  facet normal -0.999048 0.0436145 0
    outer loop
      vertex -18.7669 14.6582 55.6
      vertex -18.8 13.9 0.4
      vertex -18.8 13.9 55.6
    endloop
  endfacet
  facet normal -0.030854 -0.706753 -0.706787
    outer loop
      vertex -10.1 -22.6 0.4
      vertex -10.8582 -22.5669 0.4
      vertex -10.8234 -22.1684 0
    endloop
  endfacet
  facet normal 0.653567 -0.270748 -0.706785
    outer loop
      vertex 18.2753 -16.8756 0.4
      vertex 17.6223 -17.4077 0
      vertex 17.8994 -16.7388 0
    endloop
  endfacet
  facet normal -0.886982 0.461805 0
    outer loop
      vertex -17.9849 17.5768 0.4
      vertex -17.6344 18.25 55.6
      vertex -17.6344 18.25 0.4
    endloop
  endfacet
  facet normal -0.886982 0.461805 0
    outer loop
      vertex -17.6344 18.25 55.6
      vertex -17.9849 17.5768 0.4
      vertex -17.9849 17.5768 55.6
    endloop
  endfacet
  facet normal 0.47794 -0.521611 -0.70675
    outer loop
      vertex 15.6922 -20.5646 0.4
      vertex 15.4351 -20.2582 0
      vertex 15.969 -19.769 0
    endloop
  endfacet
  facet normal 0.300652 -0.953734 0
    outer loop
      vertex 12.3517 -22.3035 0.4
      vertex 13.0756 -22.0753 55.6
      vertex 12.3517 -22.3035 55.6
    endloop
  endfacet
  facet normal 0.300652 -0.953734 0
    outer loop
      vertex 13.0756 -22.0753 55.6
      vertex 12.3517 -22.3035 0.4
      vertex 13.0756 -22.0753 0.4
    endloop
  endfacet
  facet normal 0.270683 0.653592 -0.706787
    outer loop
      vertex 13.7768 21.7849 0.4
      vertex 12.9388 21.6994 0
      vertex 13.0756 22.0753 0.4
    endloop
  endfacet
  facet normal -0.0923307 -0.70142 -0.706743
    outer loop
      vertex -10.8234 -22.1684 0
      vertex -11.6107 -22.4678 0.4
      vertex -11.5413 -22.0739 0
    endloop
  endfacet
  facet normal 0.675605 0.737264 -0
    outer loop
      vertex 16.2518 20.0518 0.4
      vertex 15.6922 20.5646 55.6
      vertex 16.2518 20.0518 55.6
    endloop
  endfacet
  facet normal 0.675605 0.737264 0
    outer loop
      vertex 15.6922 20.5646 55.6
      vertex 16.2518 20.0518 0.4
      vertex 15.6922 20.5646 0.4
    endloop
  endfacet
  facet normal -0.380072 -0.596683 -0.706764
    outer loop
      vertex -14.45 -21.4344 0.4
      vertex -14.8607 -20.699 0
      vertex -14.25 -21.088 0
    endloop
  endfacet
  facet normal 0.300652 0.953734 -0
    outer loop
      vertex 13.0756 22.0753 0.4
      vertex 12.3517 22.3035 55.6
      vertex 13.0756 22.0753 55.6
    endloop
  endfacet
  facet normal 0.300652 0.953734 0
    outer loop
      vertex 12.3517 22.3035 55.6
      vertex 13.0756 22.0753 0.4
      vertex 12.3517 22.3035 0.4
    endloop
  endfacet
  facet normal -0.430672 -0.561272 -0.706749
    outer loop
      vertex -15.0901 -21.0266 0.4
      vertex -15.6922 -20.5646 0.4
      vertex -15.4351 -20.2582 0
    endloop
  endfacet
  facet normal -0.0923672 -0.701376 -0.706782
    outer loop
      vertex -10.8582 -22.5669 0.4
      vertex -11.6107 -22.4678 0.4
      vertex -10.8234 -22.1684 0
    endloop
  endfacet
  facet normal -0.843385 0.53731 0
    outer loop
      vertex -17.6344 18.25 0.4
      vertex -17.2266 18.8901 55.6
      vertex -17.2266 18.8901 0.4
    endloop
  endfacet
  facet normal -0.843385 0.53731 0
    outer loop
      vertex -17.2266 18.8901 55.6
      vertex -17.6344 18.25 0.4
      vertex -17.6344 18.25 55.6
    endloop
  endfacet
  facet normal -0.477988 -0.521611 -0.706717
    outer loop
      vertex -15.6922 -20.5646 0.4
      vertex -16.2518 -20.0518 0.4
      vertex -15.969 -19.769 0
    endloop
  endfacet
  facet normal 0.70677 -0.0308548 -0.70677
    outer loop
      vertex 18.7669 -14.6582 0.4
      vertex 18.4 -13.9 0
      vertex 18.8 -13.9 0.4
    endloop
  endfacet
  facet normal -0.43073 0.561278 -0.70671
    outer loop
      vertex -14.8607 20.699 0
      vertex -15.4351 20.2582 0
      vertex -15.0901 21.0266 0.4
    endloop
  endfacet
  facet normal 0.608755 0.793358 -0
    outer loop
      vertex 15.6922 20.5646 0.4
      vertex 15.0901 21.0266 55.6
      vertex 15.6922 20.5646 55.6
    endloop
  endfacet
  facet normal 0.608755 0.793358 0
    outer loop
      vertex 15.0901 21.0266 55.6
      vertex 15.6922 20.5646 0.4
      vertex 15.0901 21.0266 0.4
    endloop
  endfacet
  facet normal 0.326663 0.627418 -0.706851
    outer loop
      vertex 14.45 21.4344 0.4
      vertex 13.6077 21.4223 0
      vertex 13.7768 21.7849 0.4
    endloop
  endfacet
  facet normal 0.130567 0.991439 -0
    outer loop
      vertex 11.6107 22.4678 0.4
      vertex 10.8582 22.5669 55.6
      vertex 11.6107 22.4678 55.6
    endloop
  endfacet
  facet normal 0.130567 0.991439 0
    outer loop
      vertex 10.8582 22.5669 55.6
      vertex 11.6107 22.4678 0.4
      vertex 10.8582 22.5669 0.4
    endloop
  endfacet
  facet normal -0.130567 -0.991439 0
    outer loop
      vertex -11.6107 -22.4678 0.4
      vertex -10.8582 -22.5669 55.6
      vertex -11.6107 -22.4678 55.6
    endloop
  endfacet
  facet normal -0.130567 -0.991439 -0
    outer loop
      vertex -10.8582 -22.5669 55.6
      vertex -11.6107 -22.4678 0.4
      vertex -10.8582 -22.5669 0.4
    endloop
  endfacet
  facet normal 0.70677 0.0308548 -0.70677
    outer loop
      vertex 18.8 13.9 0.4
      vertex 18.4 13.9 0
      vertex 18.7669 14.6582 0.4
    endloop
  endfacet
  facet normal -0.300652 -0.953734 0
    outer loop
      vertex -13.0756 -22.0753 0.4
      vertex -12.3517 -22.3035 55.6
      vertex -13.0756 -22.0753 55.6
    endloop
  endfacet
  facet normal -0.300652 -0.953734 -0
    outer loop
      vertex -12.3517 -22.3035 55.6
      vertex -13.0756 -22.0753 0.4
      vertex -12.3517 -22.3035 0.4
    endloop
  endfacet
  facet normal 0.030854 -0.706753 -0.706787
    outer loop
      vertex 10.8582 -22.5669 0.4
      vertex 10.1 -22.6 0.4
      vertex 10.8234 -22.1684 0
    endloop
  endfacet
  facet normal 0.706752 0.0308728 -0.706788
    outer loop
      vertex 18.4 13.9 0
      vertex 18.3684 14.6234 0
      vertex 18.7669 14.6582 0.4
    endloop
  endfacet
  facet normal 0.0923672 0.701376 -0.706782
    outer loop
      vertex 11.6107 22.4678 0.4
      vertex 10.8234 22.1684 0
      vertex 10.8582 22.5669 0.4
    endloop
  endfacet
  facet normal -0.153147 -0.6907 -0.706738
    outer loop
      vertex -11.6107 -22.4678 0.4
      vertex -12.3517 -22.3035 0.4
      vertex -11.5413 -22.0739 0
    endloop
  endfacet
  facet normal -0.627542 0.326619 -0.706761
    outer loop
      vertex -17.6223 17.4077 0
      vertex -17.6344 18.25 0.4
      vertex -17.288 18.05 0
    endloop
  endfacet
  facet normal -0.326619 0.627542 -0.706761
    outer loop
      vertex -14.25 21.088 0
      vertex -14.45 21.4344 0.4
      vertex -13.6077 21.4223 0
    endloop
  endfacet
  facet normal 0.270723 0.653506 -0.706851
    outer loop
      vertex 13.6077 21.4223 0
      vertex 12.9388 21.6994 0
      vertex 13.7768 21.7849 0.4
    endloop
  endfacet
  facet normal -0.153147 0.6907 -0.706738
    outer loop
      vertex -11.5413 22.0739 0
      vertex -12.3517 22.3035 0.4
      vertex -11.6107 22.4678 0.4
    endloop
  endfacet
  facet normal -0.300652 0.953734 0
    outer loop
      vertex -12.3517 22.3035 0.4
      vertex -13.0756 22.0753 55.6
      vertex -12.3517 22.3035 55.6
    endloop
  endfacet
  facet normal -0.300652 0.953734 0
    outer loop
      vertex -13.0756 22.0753 55.6
      vertex -12.3517 22.3035 0.4
      vertex -13.0756 22.0753 0.4
    endloop
  endfacet
  facet normal -0.0923672 0.701376 -0.706782
    outer loop
      vertex -10.8234 22.1684 0
      vertex -11.6107 22.4678 0.4
      vertex -10.8582 22.5669 0.4
    endloop
  endfacet
  facet normal -0.030854 0.706753 -0.706787
    outer loop
      vertex -10.8234 22.1684 0
      vertex -10.8582 22.5669 0.4
      vertex -10.1 22.6 0.4
    endloop
  endfacet
  facet normal 0.326663 -0.627418 -0.706851
    outer loop
      vertex 13.7768 -21.7849 0.4
      vertex 13.6077 -21.4223 0
      vertex 14.45 -21.4344 0.4
    endloop
  endfacet
  facet normal -0.737264 0.675605 0
    outer loop
      vertex -16.7646 19.4922 0.4
      vertex -16.2518 20.0518 55.6
      vertex -16.2518 20.0518 0.4
    endloop
  endfacet
  facet normal -0.737264 0.675605 0
    outer loop
      vertex -16.2518 20.0518 55.6
      vertex -16.7646 19.4922 0.4
      vertex -16.7646 19.4922 55.6
    endloop
  endfacet
  facet normal 0.923901 0.382631 0
    outer loop
      vertex 18.2753 16.8756 55.6
      vertex 17.9849 17.5768 0.4
      vertex 17.9849 17.5768 55.6
    endloop
  endfacet
  facet normal 0.923901 0.382631 0
    outer loop
      vertex 17.9849 17.5768 0.4
      vertex 18.2753 16.8756 55.6
      vertex 18.2753 16.8756 0.4
    endloop
  endfacet
  facet normal -1 0 0
    outer loop
      vertex -18.8 -13.9 0.4
      vertex -18.8 13.9 55.6
      vertex -18.8 13.9 0.4
    endloop
  endfacet
  facet normal -1 -0 0
    outer loop
      vertex -18.8 13.9 55.6
      vertex -18.8 -13.9 0.4
      vertex -18.8 -13.9 55.6
    endloop
  endfacet
  facet normal 0 -1 0
    outer loop
      vertex -10.1 -22.6 0.4
      vertex 10.1 -22.6 55.6
      vertex -10.1 -22.6 55.6
    endloop
  endfacet
  facet normal 0 -1 -0
    outer loop
      vertex 10.1 -22.6 55.6
      vertex -10.1 -22.6 0.4
      vertex 10.1 -22.6 0.4
    endloop
  endfacet
  facet normal -0.270683 0.653592 -0.706787
    outer loop
      vertex -12.9388 21.6994 0
      vertex -13.7768 21.7849 0.4
      vertex -13.0756 22.0753 0.4
    endloop
  endfacet
  facet normal -0.690742 0.153118 -0.706704
    outer loop
      vertex -18.2739 15.3413 0
      vertex -18.5035 16.1517 0.4
      vertex -18.1172 16.0482 0
    endloop
  endfacet
  facet normal 0 -0.707107 -0.707107
    outer loop
      vertex -10.1 -22.2 0
      vertex 10.1 -22.6 0.4
      vertex -10.1 -22.6 0.4
    endloop
  endfacet
  facet normal 0 -0.707107 -0.707107
    outer loop
      vertex 10.1 -22.6 0.4
      vertex -10.1 -22.2 0
      vertex 10.1 -22.2 0
    endloop
  endfacet
  facet normal 0.991439 0.130567 0
    outer loop
      vertex 18.7669 14.6582 55.6
      vertex 18.6678 15.4107 0.4
      vertex 18.6678 15.4107 55.6
    endloop
  endfacet
  facet normal 0.991439 0.130567 0
    outer loop
      vertex 18.6678 15.4107 0.4
      vertex 18.7669 14.6582 55.6
      vertex 18.7669 14.6582 0.4
    endloop
  endfacet
  facet normal -0.21647 0.976289 0
    outer loop
      vertex -11.6107 22.4678 0.4
      vertex -12.3517 22.3035 55.6
      vertex -11.6107 22.4678 55.6
    endloop
  endfacet
  facet normal -0.21647 0.976289 0
    outer loop
      vertex -12.3517 22.3035 55.6
      vertex -11.6107 22.4678 0.4
      vertex -12.3517 22.3035 0.4
    endloop
  endfacet
  facet normal 0.675605 -0.737264 0
    outer loop
      vertex 15.6922 -20.5646 0.4
      vertex 16.2518 -20.0518 55.6
      vertex 15.6922 -20.5646 55.6
    endloop
  endfacet
  facet normal 0.675605 -0.737264 0
    outer loop
      vertex 16.2518 -20.0518 55.6
      vertex 15.6922 -20.5646 0.4
      vertex 16.2518 -20.0518 0.4
    endloop
  endfacet
  facet normal 0.999048 -0.0436145 0
    outer loop
      vertex 18.7669 -14.6582 55.6
      vertex 18.8 -13.9 0.4
      vertex 18.8 -13.9 55.6
    endloop
  endfacet
  facet normal 0.999048 -0.0436145 0
    outer loop
      vertex 18.8 -13.9 0.4
      vertex 18.7669 -14.6582 55.6
      vertex 18.7669 -14.6582 0.4
    endloop
  endfacet
  facet normal 0.596683 -0.380072 -0.706764
    outer loop
      vertex 17.6344 -18.25 0.4
      vertex 16.899 -18.6607 0
      vertex 17.288 -18.05 0
    endloop
  endfacet
  facet normal 0.270683 -0.653592 -0.706787
    outer loop
      vertex 13.0756 -22.0753 0.4
      vertex 12.9388 -21.6994 0
      vertex 13.7768 -21.7849 0.4
    endloop
  endfacet
  facet normal -0.0308735 -0.70677 -0.70677
    outer loop
      vertex -10.1 -22.6 0.4
      vertex -10.8234 -22.1684 0
      vertex -10.1 -22.2 0
    endloop
  endfacet
  facet normal -0.596697 0.380149 -0.70671
    outer loop
      vertex -16.899 18.6607 0
      vertex -17.6344 18.25 0.4
      vertex -17.2266 18.8901 0.4
    endloop
  endfacet
  facet normal -0.212689 -0.674697 -0.706786
    outer loop
      vertex -12.3517 -22.3035 0.4
      vertex -13.0756 -22.0753 0.4
      vertex -12.9388 -21.6994 0
    endloop
  endfacet
  facet normal -0.706752 0.0308728 -0.706788
    outer loop
      vertex -18.4 13.9 0
      vertex -18.7669 14.6582 0.4
      vertex -18.3684 14.6234 0
    endloop
  endfacet
  facet normal -0.382631 -0.923901 0
    outer loop
      vertex -13.7768 -21.7849 0.4
      vertex -13.0756 -22.0753 55.6
      vertex -13.7768 -21.7849 55.6
    endloop
  endfacet
  facet normal -0.382631 -0.923901 -0
    outer loop
      vertex -13.0756 -22.0753 55.6
      vertex -13.7768 -21.7849 0.4
      vertex -13.0756 -22.0753 0.4
    endloop
  endfacet
  facet normal -0.326619 -0.627542 -0.706761
    outer loop
      vertex -13.6077 -21.4223 0
      vertex -14.45 -21.4344 0.4
      vertex -14.25 -21.088 0
    endloop
  endfacet
  facet normal 0.70138 0.0923255 -0.706783
    outer loop
      vertex 18.3684 14.6234 0
      vertex 18.2739 15.3413 0
      vertex 18.7669 14.6582 0.4
    endloop
  endfacet
  facet normal -0.130567 0.991439 0
    outer loop
      vertex -10.8582 22.5669 0.4
      vertex -11.6107 22.4678 55.6
      vertex -10.8582 22.5669 55.6
    endloop
  endfacet
  facet normal -0.130567 0.991439 0
    outer loop
      vertex -11.6107 22.4678 55.6
      vertex -10.8582 22.5669 0.4
      vertex -11.6107 22.4678 0.4
    endloop
  endfacet
  facet normal -0.608755 -0.793358 0
    outer loop
      vertex -15.6922 -20.5646 0.4
      vertex -15.0901 -21.0266 55.6
      vertex -15.6922 -20.5646 55.6
    endloop
  endfacet
  facet normal -0.608755 -0.793358 -0
    outer loop
      vertex -15.0901 -21.0266 55.6
      vertex -15.6922 -20.5646 0.4
      vertex -15.0901 -21.0266 0.4
    endloop
  endfacet
  facet normal -0.707107 0 -0.707107
    outer loop
      vertex -18.4 -13.9 0
      vertex -18.8 13.9 0.4
      vertex -18.4 13.9 0
    endloop
  endfacet
  facet normal -0.707107 -0 -0.707107
    outer loop
      vertex -18.8 13.9 0.4
      vertex -18.4 -13.9 0
      vertex -18.8 -13.9 0.4
    endloop
  endfacet
  facet normal 0.0436145 0.999048 -0
    outer loop
      vertex 10.8582 22.5669 0.4
      vertex 10.1 22.6 55.6
      vertex 10.8582 22.5669 55.6
    endloop
  endfacet
  facet normal 0.0436145 0.999048 0
    outer loop
      vertex 10.1 22.6 55.6
      vertex 10.8582 22.5669 0.4
      vertex 10.1 22.6 0.4
    endloop
  endfacet
  facet normal 0 1 -0
    outer loop
      vertex 10.1 22.6 0.4
      vertex -10.1 22.6 55.6
      vertex 10.1 22.6 55.6
    endloop
  endfacet
  facet normal 0 1 0
    outer loop
      vertex -10.1 22.6 55.6
      vertex 10.1 22.6 0.4
      vertex -10.1 22.6 0.4
    endloop
  endfacet
  facet normal -0.886982 -0.461805 0
    outer loop
      vertex -17.6344 -18.25 0.4
      vertex -17.9849 -17.5768 55.6
      vertex -17.9849 -17.5768 0.4
    endloop
  endfacet
  facet normal -0.886982 -0.461805 0
    outer loop
      vertex -17.9849 -17.5768 55.6
      vertex -17.6344 -18.25 0.4
      vertex -17.6344 -18.25 55.6
    endloop
  endfacet
  facet normal 0.653534 0.270659 -0.70685
    outer loop
      vertex 18.2753 16.8756 0.4
      vertex 17.6223 17.4077 0
      vertex 17.9849 17.5768 0.4
    endloop
  endfacet
  facet normal -0.701414 0.0923722 -0.706744
    outer loop
      vertex -18.2739 15.3413 0
      vertex -18.7669 14.6582 0.4
      vertex -18.6678 15.4107 0.4
    endloop
  endfacet
  facet normal 0.53731 -0.843385 0
    outer loop
      vertex 14.45 -21.4344 0.4
      vertex 15.0901 -21.0266 55.6
      vertex 14.45 -21.4344 55.6
    endloop
  endfacet
  facet normal 0.53731 -0.843385 0
    outer loop
      vertex 15.0901 -21.0266 55.6
      vertex 14.45 -21.4344 0.4
      vertex 15.0901 -21.0266 0.4
    endloop
  endfacet
  facet normal 0.380149 -0.596697 -0.70671
    outer loop
      vertex 15.0901 -21.0266 0.4
      vertex 14.45 -21.4344 0.4
      vertex 14.8607 -20.699 0
    endloop
  endfacet
  facet normal 0.953734 0.300652 0
    outer loop
      vertex 18.5035 16.1517 55.6
      vertex 18.2753 16.8756 0.4
      vertex 18.2753 16.8756 55.6
    endloop
  endfacet
  facet normal 0.953734 0.300652 0
    outer loop
      vertex 18.2753 16.8756 0.4
      vertex 18.5035 16.1517 55.6
      vertex 18.5035 16.1517 0.4
    endloop
  endfacet
  facet normal 0.690742 0.153118 -0.706704
    outer loop
      vertex 18.2739 15.3413 0
      vertex 18.1172 16.0482 0
      vertex 18.5035 16.1517 0.4
    endloop
  endfacet
  facet normal 0.561303 0.430696 -0.706711
    outer loop
      vertex 16.899 18.6607 0
      vertex 16.7646 19.4922 0.4
      vertex 17.2266 18.8901 0.4
    endloop
  endfacet
  facet normal -0.690742 -0.153118 -0.706704
    outer loop
      vertex -18.1172 -16.0482 0
      vertex -18.5035 -16.1517 0.4
      vertex -18.2739 -15.3413 0
    endloop
  endfacet
  facet normal 0.6907 -0.153147 -0.706738
    outer loop
      vertex 18.5035 -16.1517 0.4
      vertex 18.2739 -15.3413 0
      vertex 18.6678 -15.4107 0.4
    endloop
  endfacet
  facet normal 0.430672 -0.561272 -0.706749
    outer loop
      vertex 15.6922 -20.5646 0.4
      vertex 15.0901 -21.0266 0.4
      vertex 15.4351 -20.2582 0
    endloop
  endfacet
  facet normal 0.701414 0.0923722 -0.706744
    outer loop
      vertex 18.7669 14.6582 0.4
      vertex 18.2739 15.3413 0
      vertex 18.6678 15.4107 0.4
    endloop
  endfacet
  facet normal 0.0308735 0.70677 -0.70677
    outer loop
      vertex 10.8234 22.1684 0
      vertex 10.1 22.2 0
      vertex 10.1 22.6 0.4
    endloop
  endfacet
  facet normal 0.991439 -0.130567 0
    outer loop
      vertex 18.6678 -15.4107 55.6
      vertex 18.7669 -14.6582 0.4
      vertex 18.7669 -14.6582 55.6
    endloop
  endfacet
  facet normal 0.991439 -0.130567 0
    outer loop
      vertex 18.7669 -14.6582 0.4
      vertex 18.6678 -15.4107 55.6
      vertex 18.6678 -15.4107 0.4
    endloop
  endfacet
  facet normal 0.953734 -0.300652 0
    outer loop
      vertex 18.2753 -16.8756 55.6
      vertex 18.5035 -16.1517 0.4
      vertex 18.5035 -16.1517 55.6
    endloop
  endfacet
  facet normal 0.953734 -0.300652 0
    outer loop
      vertex 18.5035 -16.1517 0.4
      vertex 18.2753 -16.8756 55.6
      vertex 18.2753 -16.8756 0.4
    endloop
  endfacet
  facet normal -0.0308735 0.70677 -0.70677
    outer loop
      vertex -10.1 22.2 0
      vertex -10.8234 22.1684 0
      vertex -10.1 22.6 0.4
    endloop
  endfacet
  facet normal -0.521611 -0.47794 -0.70675
    outer loop
      vertex -15.969 -19.769 0
      vertex -16.7646 -19.4922 0.4
      vertex -16.4582 -19.2351 0
    endloop
  endfacet
  facet normal 0.212689 -0.674697 -0.706786
    outer loop
      vertex 13.0756 -22.0753 0.4
      vertex 12.3517 -22.3035 0.4
      vertex 12.9388 -21.6994 0
    endloop
  endfacet
  facet normal 0.999048 0.0436145 0
    outer loop
      vertex 18.8 13.9 55.6
      vertex 18.7669 14.6582 0.4
      vertex 18.7669 14.6582 55.6
    endloop
  endfacet
  facet normal 0.999048 0.0436145 0
    outer loop
      vertex 18.7669 14.6582 0.4
      vertex 18.8 13.9 55.6
      vertex 18.8 13.9 0.4
    endloop
  endfacet
  facet normal -0.0923307 0.70142 -0.706743
    outer loop
      vertex -11.5413 22.0739 0
      vertex -11.6107 22.4678 0.4
      vertex -10.8234 22.1684 0
    endloop
  endfacet
  facet normal 0.477988 -0.521611 -0.706717
    outer loop
      vertex 16.2518 -20.0518 0.4
      vertex 15.6922 -20.5646 0.4
      vertex 15.969 -19.769 0
    endloop
  endfacet
  facet normal -0.976289 0.21647 0
    outer loop
      vertex -18.6678 15.4107 0.4
      vertex -18.5035 16.1517 55.6
      vertex -18.5035 16.1517 0.4
    endloop
  endfacet
  facet normal -0.976289 0.21647 0
    outer loop
      vertex -18.5035 16.1517 55.6
      vertex -18.6678 15.4107 0.4
      vertex -18.6678 15.4107 55.6
    endloop
  endfacet
  facet normal 0.521611 0.477988 -0.706717
    outer loop
      vertex 16.7646 19.4922 0.4
      vertex 15.969 19.769 0
      vertex 16.2518 20.0518 0.4
    endloop
  endfacet
  facet normal 0.653567 0.270748 -0.706785
    outer loop
      vertex 17.8994 16.7388 0
      vertex 17.6223 17.4077 0
      vertex 18.2753 16.8756 0.4
    endloop
  endfacet
  facet normal 0.521611 0.47794 -0.70675
    outer loop
      vertex 16.4582 19.2351 0
      vertex 15.969 19.769 0
      vertex 16.7646 19.4922 0.4
    endloop
  endfacet
  facet normal -0.953734 -0.300652 0
    outer loop
      vertex -18.2753 -16.8756 0.4
      vertex -18.5035 -16.1517 55.6
      vertex -18.5035 -16.1517 0.4
    endloop
  endfacet
  facet normal -0.953734 -0.300652 0
    outer loop
      vertex -18.5035 -16.1517 55.6
      vertex -18.2753 -16.8756 0.4
      vertex -18.2753 -16.8756 55.6
    endloop
  endfacet
  facet normal 0.701414 -0.0923722 -0.706744
    outer loop
      vertex 18.6678 -15.4107 0.4
      vertex 18.2739 -15.3413 0
      vertex 18.7669 -14.6582 0.4
    endloop
  endfacet
  facet normal 0.153118 -0.690742 -0.706704
    outer loop
      vertex 12.3517 -22.3035 0.4
      vertex 11.5413 -22.0739 0
      vertex 12.2482 -21.9172 0
    endloop
  endfacet
  facet normal 0.380072 0.596683 -0.706764
    outer loop
      vertex 14.8607 20.699 0
      vertex 14.25 21.088 0
      vertex 14.45 21.4344 0.4
    endloop
  endfacet
  facet normal -0.326663 0.627418 -0.706851
    outer loop
      vertex -13.6077 21.4223 0
      vertex -14.45 21.4344 0.4
      vertex -13.7768 21.7849 0.4
    endloop
  endfacet
  facet normal -0.0436145 0.999048 0
    outer loop
      vertex -10.1 22.6 0.4
      vertex -10.8582 22.5669 55.6
      vertex -10.1 22.6 55.6
    endloop
  endfacet
  facet normal -0.0436145 0.999048 0
    outer loop
      vertex -10.8582 22.5669 55.6
      vertex -10.1 22.6 0.4
      vertex -10.8582 22.5669 0.4
    endloop
  endfacet
  facet normal 0.737264 0.675605 0
    outer loop
      vertex 16.7646 19.4922 55.6
      vertex 16.2518 20.0518 0.4
      vertex 16.2518 20.0518 55.6
    endloop
  endfacet
  facet normal 0.737264 0.675605 0
    outer loop
      vertex 16.2518 20.0518 0.4
      vertex 16.7646 19.4922 55.6
      vertex 16.7646 19.4922 0.4
    endloop
  endfacet
  facet normal 0.793358 0.608755 0
    outer loop
      vertex 17.2266 18.8901 55.6
      vertex 16.7646 19.4922 0.4
      vertex 16.7646 19.4922 55.6
    endloop
  endfacet
  facet normal 0.793358 0.608755 0
    outer loop
      vertex 16.7646 19.4922 0.4
      vertex 17.2266 18.8901 55.6
      vertex 17.2266 18.8901 0.4
    endloop
  endfacet
  facet normal 0.561246 0.430705 -0.70675
    outer loop
      vertex 16.899 18.6607 0
      vertex 16.4582 19.2351 0
      vertex 16.7646 19.4922 0.4
    endloop
  endfacet
  facet normal 0.843385 0.53731 0
    outer loop
      vertex 17.6344 18.25 55.6
      vertex 17.2266 18.8901 0.4
      vertex 17.2266 18.8901 55.6
    endloop
  endfacet
  facet normal 0.843385 0.53731 0
    outer loop
      vertex 17.2266 18.8901 0.4
      vertex 17.6344 18.25 55.6
      vertex 17.6344 18.25 0.4
    endloop
  endfacet
  facet normal 0.380149 0.596697 -0.70671
    outer loop
      vertex 14.8607 20.699 0
      vertex 14.45 21.4344 0.4
      vertex 15.0901 21.0266 0.4
    endloop
  endfacet
  facet normal 0.70138 -0.0923255 -0.706783
    outer loop
      vertex 18.7669 -14.6582 0.4
      vertex 18.2739 -15.3413 0
      vertex 18.3684 -14.6234 0
    endloop
  endfacet
  facet normal -0.521611 -0.477988 -0.706717
    outer loop
      vertex -16.2518 -20.0518 0.4
      vertex -16.7646 -19.4922 0.4
      vertex -15.969 -19.769 0
    endloop
  endfacet
  facet normal 0.47794 0.521611 -0.70675
    outer loop
      vertex 15.969 19.769 0
      vertex 15.4351 20.2582 0
      vertex 15.6922 20.5646 0.4
    endloop
  endfacet
  facet normal -0.153118 -0.690742 -0.706704
    outer loop
      vertex -11.5413 -22.0739 0
      vertex -12.3517 -22.3035 0.4
      vertex -12.2482 -21.9172 0
    endloop
  endfacet
  facet normal -0.43073 -0.561278 -0.70671
    outer loop
      vertex -15.0901 -21.0266 0.4
      vertex -15.4351 -20.2582 0
      vertex -14.8607 -20.699 0
    endloop
  endfacet
  facet normal -0.461805 -0.886982 0
    outer loop
      vertex -14.45 -21.4344 0.4
      vertex -13.7768 -21.7849 55.6
      vertex -14.45 -21.4344 55.6
    endloop
  endfacet
  facet normal -0.461805 -0.886982 -0
    outer loop
      vertex -13.7768 -21.7849 55.6
      vertex -14.45 -21.4344 0.4
      vertex -13.7768 -21.7849 0.4
    endloop
  endfacet
  facet normal 0.67475 -0.212801 -0.706702
    outer loop
      vertex 18.5035 -16.1517 0.4
      vertex 17.8994 -16.7388 0
      vertex 18.1172 -16.0482 0
    endloop
  endfacet
  facet normal -0.270723 -0.653506 -0.706851
    outer loop
      vertex -12.9388 -21.6994 0
      vertex -13.7768 -21.7849 0.4
      vertex -13.6077 -21.4223 0
    endloop
  endfacet
  facet normal -0.380072 0.596683 -0.706764
    outer loop
      vertex -14.25 21.088 0
      vertex -14.8607 20.699 0
      vertex -14.45 21.4344 0.4
    endloop
  endfacet
  facet normal 0.561246 -0.430705 -0.70675
    outer loop
      vertex 16.7646 -19.4922 0.4
      vertex 16.4582 -19.2351 0
      vertex 16.899 -18.6607 0
    endloop
  endfacet
  facet normal 0.561303 -0.430696 -0.706711
    outer loop
      vertex 17.2266 -18.8901 0.4
      vertex 16.7646 -19.4922 0.4
      vertex 16.899 -18.6607 0
    endloop
  endfacet
  facet normal -0.675605 -0.737264 0
    outer loop
      vertex -16.2518 -20.0518 0.4
      vertex -15.6922 -20.5646 55.6
      vertex -16.2518 -20.0518 55.6
    endloop
  endfacet
  facet normal -0.675605 -0.737264 -0
    outer loop
      vertex -15.6922 -20.5646 55.6
      vertex -16.2518 -20.0518 0.4
      vertex -15.6922 -20.5646 0.4
    endloop
  endfacet
  facet normal -0.627418 -0.326663 -0.706851
    outer loop
      vertex -17.6344 -18.25 0.4
      vertex -17.9849 -17.5768 0.4
      vertex -17.6223 -17.4077 0
    endloop
  endfacet
  facet normal -0.627542 -0.326619 -0.706761
    outer loop
      vertex -17.288 -18.05 0
      vertex -17.6344 -18.25 0.4
      vertex -17.6223 -17.4077 0
    endloop
  endfacet
  facet normal -0.653534 0.270659 -0.70685
    outer loop
      vertex -17.6223 17.4077 0
      vertex -18.2753 16.8756 0.4
      vertex -17.9849 17.5768 0.4
    endloop
  endfacet
  facet normal -0.70138 -0.0923255 -0.706783
    outer loop
      vertex -18.2739 -15.3413 0
      vertex -18.7669 -14.6582 0.4
      vertex -18.3684 -14.6234 0
    endloop
  endfacet
  facet normal 0.153118 0.690742 -0.706704
    outer loop
      vertex 12.2482 21.9172 0
      vertex 11.5413 22.0739 0
      vertex 12.3517 22.3035 0.4
    endloop
  endfacet
  facet normal 0.153147 0.6907 -0.706738
    outer loop
      vertex 12.3517 22.3035 0.4
      vertex 11.5413 22.0739 0
      vertex 11.6107 22.4678 0.4
    endloop
  endfacet
  facet normal -0.430672 0.561272 -0.706749
    outer loop
      vertex -15.4351 20.2582 0
      vertex -15.6922 20.5646 0.4
      vertex -15.0901 21.0266 0.4
    endloop
  endfacet
  facet normal 0.976289 -0.21647 0
    outer loop
      vertex 18.5035 -16.1517 55.6
      vertex 18.6678 -15.4107 0.4
      vertex 18.6678 -15.4107 55.6
    endloop
  endfacet
  facet normal 0.976289 -0.21647 0
    outer loop
      vertex 18.6678 -15.4107 0.4
      vertex 18.5035 -16.1517 55.6
      vertex 18.5035 -16.1517 0.4
    endloop
  endfacet
  facet normal -0.461805 0.886982 0
    outer loop
      vertex -13.7768 21.7849 0.4
      vertex -14.45 21.4344 55.6
      vertex -13.7768 21.7849 55.6
    endloop
  endfacet
  facet normal -0.461805 0.886982 0
    outer loop
      vertex -14.45 21.4344 55.6
      vertex -13.7768 21.7849 0.4
      vertex -14.45 21.4344 0.4
    endloop
  endfacet
  facet normal -0.674697 -0.212689 -0.706786
    outer loop
      vertex -18.2753 -16.8756 0.4
      vertex -18.5035 -16.1517 0.4
      vertex -17.8994 -16.7388 0
    endloop
  endfacet
  facet normal 0.596697 0.380149 -0.70671
    outer loop
      vertex 17.6344 18.25 0.4
      vertex 16.899 18.6607 0
      vertex 17.2266 18.8901 0.4
    endloop
  endfacet
  facet normal 0.596683 0.380072 -0.706764
    outer loop
      vertex 17.288 18.05 0
      vertex 16.899 18.6607 0
      vertex 17.6344 18.25 0.4
    endloop
  endfacet
  facet normal 0.627418 -0.326663 -0.706851
    outer loop
      vertex 17.6344 -18.25 0.4
      vertex 17.6223 -17.4077 0
      vertex 17.9849 -17.5768 0.4
    endloop
  endfacet
  facet normal 0.627542 0.326619 -0.706761
    outer loop
      vertex 17.6223 17.4077 0
      vertex 17.288 18.05 0
      vertex 17.6344 18.25 0.4
    endloop
  endfacet
  facet normal 0.43073 -0.561278 -0.70671
    outer loop
      vertex 15.0901 -21.0266 0.4
      vertex 14.8607 -20.699 0
      vertex 15.4351 -20.2582 0
    endloop
  endfacet
  facet normal 0.627542 -0.326619 -0.706761
    outer loop
      vertex 17.6344 -18.25 0.4
      vertex 17.288 -18.05 0
      vertex 17.6223 -17.4077 0
    endloop
  endfacet
  facet normal -0.477988 0.521611 -0.706717
    outer loop
      vertex -15.969 19.769 0
      vertex -16.2518 20.0518 0.4
      vertex -15.6922 20.5646 0.4
    endloop
  endfacet
  facet normal 0.596697 -0.380149 -0.70671
    outer loop
      vertex 17.2266 -18.8901 0.4
      vertex 16.899 -18.6607 0
      vertex 17.6344 -18.25 0.4
    endloop
  endfacet
  facet normal -0.653567 -0.270748 -0.706785
    outer loop
      vertex -17.6223 -17.4077 0
      vertex -18.2753 -16.8756 0.4
      vertex -17.8994 -16.7388 0
    endloop
  endfacet
  facet normal -0.674697 0.212689 -0.706786
    outer loop
      vertex -17.8994 16.7388 0
      vertex -18.5035 16.1517 0.4
      vertex -18.2753 16.8756 0.4
    endloop
  endfacet
  facet normal -0.270723 0.653506 -0.706851
    outer loop
      vertex -13.6077 21.4223 0
      vertex -13.7768 21.7849 0.4
      vertex -12.9388 21.6994 0
    endloop
  endfacet
  facet normal -0.706752 -0.0308728 -0.706788
    outer loop
      vertex -18.3684 -14.6234 0
      vertex -18.7669 -14.6582 0.4
      vertex -18.4 -13.9 0
    endloop
  endfacet
  facet normal -0.70677 -0.0308548 -0.70677
    outer loop
      vertex -18.7669 -14.6582 0.4
      vertex -18.8 -13.9 0.4
      vertex -18.4 -13.9 0
    endloop
  endfacet
  facet normal 0.793358 -0.608755 0
    outer loop
      vertex 16.7646 -19.4922 55.6
      vertex 17.2266 -18.8901 0.4
      vertex 17.2266 -18.8901 55.6
    endloop
  endfacet
  facet normal 0.793358 -0.608755 0
    outer loop
      vertex 17.2266 -18.8901 0.4
      vertex 16.7646 -19.4922 55.6
      vertex 16.7646 -19.4922 0.4
    endloop
  endfacet
  facet normal -0.6907 -0.153147 -0.706738
    outer loop
      vertex -18.5035 -16.1517 0.4
      vertex -18.6678 -15.4107 0.4
      vertex -18.2739 -15.3413 0
    endloop
  endfacet
  facet normal 0.0923307 0.70142 -0.706743
    outer loop
      vertex 11.5413 22.0739 0
      vertex 10.8234 22.1684 0
      vertex 11.6107 22.4678 0.4
    endloop
  endfacet
  facet normal -0.521611 0.47794 -0.70675
    outer loop
      vertex -16.4582 19.2351 0
      vertex -16.7646 19.4922 0.4
      vertex -15.969 19.769 0
    endloop
  endfacet
  facet normal 0.326619 0.627542 -0.706761
    outer loop
      vertex 14.25 21.088 0
      vertex 13.6077 21.4223 0
      vertex 14.45 21.4344 0.4
    endloop
  endfacet
  facet normal 0 0.707107 -0.707107
    outer loop
      vertex 10.1 22.2 0
      vertex -10.1 22.6 0.4
      vertex 10.1 22.6 0.4
    endloop
  endfacet
  facet normal 0 0.707107 -0.707107
    outer loop
      vertex -10.1 22.6 0.4
      vertex 10.1 22.2 0
      vertex -10.1 22.2 0
    endloop
  endfacet
  facet normal -0.991439 0.130567 0
    outer loop
      vertex -18.7669 14.6582 0.4
      vertex -18.6678 15.4107 55.6
      vertex -18.6678 15.4107 0.4
    endloop
  endfacet
  facet normal -0.991439 0.130567 0
    outer loop
      vertex -18.6678 15.4107 55.6
      vertex -18.7669 14.6582 0.4
      vertex -18.7669 14.6582 55.6
    endloop
  endfacet
  facet normal 0.212689 0.674697 -0.706786
    outer loop
      vertex 12.9388 21.6994 0
      vertex 12.3517 22.3035 0.4
      vertex 13.0756 22.0753 0.4
    endloop
  endfacet
  facet normal 0.212801 0.67475 -0.706702
    outer loop
      vertex 12.9388 21.6994 0
      vertex 12.2482 21.9172 0
      vertex 12.3517 22.3035 0.4
    endloop
  endfacet
  facet normal -0.953734 0.300652 0
    outer loop
      vertex -18.5035 16.1517 0.4
      vertex -18.2753 16.8756 55.6
      vertex -18.2753 16.8756 0.4
    endloop
  endfacet
  facet normal -0.953734 0.300652 0
    outer loop
      vertex -18.2753 16.8756 55.6
      vertex -18.5035 16.1517 0.4
      vertex -18.5035 16.1517 55.6
    endloop
  endfacet
  facet normal -0.675605 0.737264 0
    outer loop
      vertex -15.6922 20.5646 0.4
      vertex -16.2518 20.0518 55.6
      vertex -15.6922 20.5646 55.6
    endloop
  endfacet
  facet normal -0.675605 0.737264 0
    outer loop
      vertex -16.2518 20.0518 55.6
      vertex -15.6922 20.5646 0.4
      vertex -16.2518 20.0518 0.4
    endloop
  endfacet
  facet normal -0.67475 0.212801 -0.706702
    outer loop
      vertex -18.1172 16.0482 0
      vertex -18.5035 16.1517 0.4
      vertex -17.8994 16.7388 0
    endloop
  endfacet
  facet normal 0.886982 0.461805 0
    outer loop
      vertex 17.9849 17.5768 55.6
      vertex 17.6344 18.25 0.4
      vertex 17.6344 18.25 55.6
    endloop
  endfacet
  facet normal 0.886982 0.461805 0
    outer loop
      vertex 17.6344 18.25 0.4
      vertex 17.9849 17.5768 55.6
      vertex 17.9849 17.5768 0.4
    endloop
  endfacet
  facet normal 0 0 1
    outer loop
      vertex 17.35 13.9 55.6
      vertex 18.8 13.9 55.6
      vertex 18.7669 14.6582 55.6
    endloop
  endfacet
  facet normal 0 0 1
    outer loop
      vertex 18.8 13.9 55.6
      vertex 17.35 13.9 55.6
      vertex 18.8 -13.9 55.6
    endloop
  endfacet
  facet normal 0 0 1
    outer loop
      vertex 17.3224 14.5319 55.6
      vertex 18.7669 14.6582 55.6
      vertex 18.6678 15.4107 55.6
    endloop
  endfacet
  facet normal 0 0 1
    outer loop
      vertex 17.35 -13.9 55.6
      vertex 18.8 -13.9 55.6
      vertex 17.35 13.9 55.6
    endloop
  endfacet
  facet normal 0 0 1
    outer loop
      vertex 17.2399 15.1589 55.6
      vertex 18.6678 15.4107 55.6
      vertex 18.5035 16.1517 55.6
    endloop
  endfacet
  facet normal 0 0 1
    outer loop
      vertex 18.8 -13.9 55.6
      vertex 17.35 -13.9 55.6
      vertex 18.7669 -14.6582 55.6
    endloop
  endfacet
  facet normal 0 0 1
    outer loop
      vertex 17.103 15.7764 55.6
      vertex 18.5035 16.1517 55.6
      vertex 18.2753 16.8756 55.6
    endloop
  endfacet
  facet normal -0 0 1
    outer loop
      vertex 17.3224 -14.5319 55.6
      vertex 18.7669 -14.6582 55.6
      vertex 17.35 -13.9 55.6
    endloop
  endfacet
  facet normal 0 0 1
    outer loop
      vertex 16.9128 16.3796 55.6
      vertex 18.2753 16.8756 55.6
      vertex 17.9849 17.5768 55.6
    endloop
  endfacet
  facet normal 0 0 1
    outer loop
      vertex 18.7669 -14.6582 55.6
      vertex 17.3224 -14.5319 55.6
      vertex 18.6678 -15.4107 55.6
    endloop
  endfacet
  facet normal 0 0 1
    outer loop
      vertex 16.6707 16.964 55.6
      vertex 17.9849 17.5768 55.6
      vertex 17.6344 18.25 55.6
    endloop
  endfacet
  facet normal -0 0 1
    outer loop
      vertex 17.2399 -15.1589 55.6
      vertex 18.6678 -15.4107 55.6
      vertex 17.3224 -14.5319 55.6
    endloop
  endfacet
  facet normal 0 0 1
    outer loop
      vertex 18.6678 -15.4107 55.6
      vertex 17.2399 -15.1589 55.6
      vertex 18.5035 -16.1517 55.6
    endloop
  endfacet
  facet normal 0 0 1
    outer loop
      vertex 18.7669 14.6582 55.6
      vertex 17.3224 14.5319 55.6
      vertex 17.35 13.9 55.6
    endloop
  endfacet
  facet normal 0 0 1
    outer loop
      vertex 18.6678 15.4107 55.6
      vertex 17.2399 15.1589 55.6
      vertex 17.3224 14.5319 55.6
    endloop
  endfacet
  facet normal 0 0 1
    outer loop
      vertex 16.3787 17.525 55.6
      vertex 17.6344 18.25 55.6
      vertex 17.2266 18.8901 55.6
    endloop
  endfacet
  facet normal 0 0 1
    outer loop
      vertex 18.5035 16.1517 55.6
      vertex 17.103 15.7764 55.6
      vertex 17.2399 15.1589 55.6
    endloop
  endfacet
  facet normal 0 0 1
    outer loop
      vertex 18.2753 16.8756 55.6
      vertex 16.9128 16.3796 55.6
      vertex 17.103 15.7764 55.6
    endloop
  endfacet
  facet normal 0 0 1
    outer loop
      vertex 16.0388 18.0584 55.6
      vertex 17.2266 18.8901 55.6
      vertex 16.7646 19.4922 55.6
    endloop
  endfacet
  facet normal 0 0 1
    outer loop
      vertex 17.9849 17.5768 55.6
      vertex 16.6707 16.964 55.6
      vertex 16.9128 16.3796 55.6
    endloop
  endfacet
  facet normal 0 0 1
    outer loop
      vertex 17.6344 18.25 55.6
      vertex 16.3787 17.525 55.6
      vertex 16.6707 16.964 55.6
    endloop
  endfacet
  facet normal 0 0 1
    outer loop
      vertex 15.6538 18.5602 55.6
      vertex 16.7646 19.4922 55.6
      vertex 16.2518 20.0518 55.6
    endloop
  endfacet
  facet normal 0 0 1
    outer loop
      vertex 17.2266 18.8901 55.6
      vertex 16.0388 18.0584 55.6
      vertex 16.3787 17.525 55.6
    endloop
  endfacet
  facet normal 0 0 1
    outer loop
      vertex 15.2265 19.0265 55.6
      vertex 16.2518 20.0518 55.6
      vertex 15.6922 20.5646 55.6
    endloop
  endfacet
  facet normal 0 0 1
    outer loop
      vertex 16.7646 19.4922 55.6
      vertex 15.6538 18.5602 55.6
      vertex 16.0388 18.0584 55.6
    endloop
  endfacet
  facet normal 0 0 1
    outer loop
      vertex 16.2518 20.0518 55.6
      vertex 15.2265 19.0265 55.6
      vertex 15.6538 18.5602 55.6
    endloop
  endfacet
  facet normal 0 0 1
    outer loop
      vertex 14.7602 19.4538 55.6
      vertex 15.6922 20.5646 55.6
      vertex 15.0901 21.0266 55.6
    endloop
  endfacet
  facet normal 0 0 1
    outer loop
      vertex 15.6922 20.5646 55.6
      vertex 14.7602 19.4538 55.6
      vertex 15.2265 19.0265 55.6
    endloop
  endfacet
  facet normal 0 0 1
    outer loop
      vertex 14.2584 19.8389 55.6
      vertex 15.0901 21.0266 55.6
      vertex 14.45 21.4344 55.6
    endloop
  endfacet
  facet normal 0 0 1
    outer loop
      vertex 15.0901 21.0266 55.6
      vertex 14.2584 19.8389 55.6
      vertex 14.7602 19.4538 55.6
    endloop
  endfacet
  facet normal 0 0 1
    outer loop
      vertex 13.725 20.1787 55.6
      vertex 14.45 21.4344 55.6
      vertex 13.7768 21.7849 55.6
    endloop
  endfacet
  facet normal 0 0 1
    outer loop
      vertex 14.45 21.4344 55.6
      vertex 13.725 20.1787 55.6
      vertex 14.2584 19.8389 55.6
    endloop
  endfacet
  facet normal 0 0 1
    outer loop
      vertex 13.7768 21.7849 55.6
      vertex 13.164 20.4707 55.6
      vertex 13.725 20.1787 55.6
    endloop
  endfacet
  facet normal 0 0 1
    outer loop
      vertex 13.0756 22.0753 55.6
      vertex 13.164 20.4707 55.6
      vertex 13.7768 21.7849 55.6
    endloop
  endfacet
  facet normal 0 0 1
    outer loop
      vertex 13.0756 22.0753 55.6
      vertex 12.5796 20.7128 55.6
      vertex 13.164 20.4707 55.6
    endloop
  endfacet
  facet normal 0 0 1
    outer loop
      vertex 12.3517 22.3035 55.6
      vertex 12.5796 20.7128 55.6
      vertex 13.0756 22.0753 55.6
    endloop
  endfacet
  facet normal 0 0 1
    outer loop
      vertex 12.3517 22.3035 55.6
      vertex 11.9764 20.903 55.6
      vertex 12.5796 20.7128 55.6
    endloop
  endfacet
  facet normal 0 0 1
    outer loop
      vertex 11.6107 22.4678 55.6
      vertex 11.9764 20.903 55.6
      vertex 12.3517 22.3035 55.6
    endloop
  endfacet
  facet normal 0 0 1
    outer loop
      vertex 11.6107 22.4678 55.6
      vertex 11.3589 21.0399 55.6
      vertex 11.9764 20.903 55.6
    endloop
  endfacet
  facet normal 0 0 1
    outer loop
      vertex 10.8582 22.5669 55.6
      vertex 11.3589 21.0399 55.6
      vertex 11.6107 22.4678 55.6
    endloop
  endfacet
  facet normal 0 0 1
    outer loop
      vertex 10.8582 22.5669 55.6
      vertex 10.7319 21.1224 55.6
      vertex 11.3589 21.0399 55.6
    endloop
  endfacet
  facet normal 0 0 1
    outer loop
      vertex 10.1 22.6 55.6
      vertex 10.7319 21.1224 55.6
      vertex 10.8582 22.5669 55.6
    endloop
  endfacet
  facet normal 0 0 1
    outer loop
      vertex 10.1 22.6 55.6
      vertex 10.1 21.15 55.6
      vertex 10.7319 21.1224 55.6
    endloop
  endfacet
  facet normal -0 0 1
    outer loop
      vertex -10.1 22.6 55.6
      vertex 10.1 21.15 55.6
      vertex 10.1 22.6 55.6
    endloop
  endfacet
  facet normal 0 0 1
    outer loop
      vertex -10.1 22.6 55.6
      vertex -10.1 21.15 55.6
      vertex 10.1 21.15 55.6
    endloop
  endfacet
  facet normal 0 0 1
    outer loop
      vertex -10.1 22.6 55.6
      vertex -10.7319 21.1224 55.6
      vertex -10.1 21.15 55.6
    endloop
  endfacet
  facet normal -0 0 1
    outer loop
      vertex -10.8582 22.5669 55.6
      vertex -10.7319 21.1224 55.6
      vertex -10.1 22.6 55.6
    endloop
  endfacet
  facet normal 0 0 1
    outer loop
      vertex -10.8582 22.5669 55.6
      vertex -11.3589 21.0399 55.6
      vertex -10.7319 21.1224 55.6
    endloop
  endfacet
  facet normal -0 0 1
    outer loop
      vertex -11.6107 22.4678 55.6
      vertex -11.3589 21.0399 55.6
      vertex -10.8582 22.5669 55.6
    endloop
  endfacet
  facet normal 0 0 1
    outer loop
      vertex -11.6107 22.4678 55.6
      vertex -11.9764 20.903 55.6
      vertex -11.3589 21.0399 55.6
    endloop
  endfacet
  facet normal -0 0 1
    outer loop
      vertex -12.3517 22.3035 55.6
      vertex -11.9764 20.903 55.6
      vertex -11.6107 22.4678 55.6
    endloop
  endfacet
  facet normal 0 0 1
    outer loop
      vertex -12.3517 22.3035 55.6
      vertex -12.5796 20.7128 55.6
      vertex -11.9764 20.903 55.6
    endloop
  endfacet
  facet normal -0 0 1
    outer loop
      vertex -13.0756 22.0753 55.6
      vertex -12.5796 20.7128 55.6
      vertex -12.3517 22.3035 55.6
    endloop
  endfacet
  facet normal 0 0 1
    outer loop
      vertex -13.0756 22.0753 55.6
      vertex -13.164 20.4707 55.6
      vertex -12.5796 20.7128 55.6
    endloop
  endfacet
  facet normal -0 0 1
    outer loop
      vertex -13.7768 21.7849 55.6
      vertex -13.164 20.4707 55.6
      vertex -13.0756 22.0753 55.6
    endloop
  endfacet
  facet normal 0 0 1
    outer loop
      vertex -13.164 20.4707 55.6
      vertex -13.7768 21.7849 55.6
      vertex -13.725 20.1787 55.6
    endloop
  endfacet
  facet normal -0 0 1
    outer loop
      vertex -14.45 21.4344 55.6
      vertex -13.725 20.1787 55.6
      vertex -13.7768 21.7849 55.6
    endloop
  endfacet
  facet normal 0 0 1
    outer loop
      vertex -13.725 20.1787 55.6
      vertex -14.45 21.4344 55.6
      vertex -14.2584 19.8389 55.6
    endloop
  endfacet
  facet normal -0 0 1
    outer loop
      vertex -15.0901 21.0266 55.6
      vertex -14.2584 19.8389 55.6
      vertex -14.45 21.4344 55.6
    endloop
  endfacet
  facet normal 0 0 1
    outer loop
      vertex -14.2584 19.8389 55.6
      vertex -15.0901 21.0266 55.6
      vertex -14.7602 19.4538 55.6
    endloop
  endfacet
  facet normal -0 0 1
    outer loop
      vertex -15.6922 20.5646 55.6
      vertex -14.7602 19.4538 55.6
      vertex -15.0901 21.0266 55.6
    endloop
  endfacet
  facet normal 0 0 1
    outer loop
      vertex -14.7602 19.4538 55.6
      vertex -15.6922 20.5646 55.6
      vertex -15.2265 19.0265 55.6
    endloop
  endfacet
  facet normal -0 0 1
    outer loop
      vertex -16.2518 20.0518 55.6
      vertex -15.2265 19.0265 55.6
      vertex -15.6922 20.5646 55.6
    endloop
  endfacet
  facet normal 0 0 1
    outer loop
      vertex -15.2265 19.0265 55.6
      vertex -16.2518 20.0518 55.6
      vertex -15.6538 18.5602 55.6
    endloop
  endfacet
  facet normal -0 0 1
    outer loop
      vertex -16.7646 19.4922 55.6
      vertex -15.6538 18.5602 55.6
      vertex -16.2518 20.0518 55.6
    endloop
  endfacet
  facet normal 0 0 1
    outer loop
      vertex -15.6538 18.5602 55.6
      vertex -16.7646 19.4922 55.6
      vertex -16.0388 18.0584 55.6
    endloop
  endfacet
  facet normal -0 0 1
    outer loop
      vertex -17.2266 18.8901 55.6
      vertex -16.0388 18.0584 55.6
      vertex -16.7646 19.4922 55.6
    endloop
  endfacet
  facet normal 0 0 1
    outer loop
      vertex -16.0388 18.0584 55.6
      vertex -17.2266 18.8901 55.6
      vertex -16.3787 17.525 55.6
    endloop
  endfacet
  facet normal -0 0 1
    outer loop
      vertex -17.6344 18.25 55.6
      vertex -16.3787 17.525 55.6
      vertex -17.2266 18.8901 55.6
    endloop
  endfacet
  facet normal 0 0 1
    outer loop
      vertex -16.3787 17.525 55.6
      vertex -17.6344 18.25 55.6
      vertex -16.6707 16.964 55.6
    endloop
  endfacet
  facet normal -0 0 1
    outer loop
      vertex -17.9849 17.5768 55.6
      vertex -16.6707 16.964 55.6
      vertex -17.6344 18.25 55.6
    endloop
  endfacet
  facet normal 0 0 1
    outer loop
      vertex -16.6707 16.964 55.6
      vertex -17.9849 17.5768 55.6
      vertex -16.9128 16.3796 55.6
    endloop
  endfacet
  facet normal -0 0 1
    outer loop
      vertex -18.2753 16.8756 55.6
      vertex -16.9128 16.3796 55.6
      vertex -17.9849 17.5768 55.6
    endloop
  endfacet
  facet normal 0 0 1
    outer loop
      vertex -16.9128 16.3796 55.6
      vertex -18.2753 16.8756 55.6
      vertex -17.103 15.7764 55.6
    endloop
  endfacet
  facet normal 0 0 1
    outer loop
      vertex -17.103 15.7764 55.6
      vertex -18.5035 16.1517 55.6
      vertex -17.2399 15.1589 55.6
    endloop
  endfacet
  facet normal -0 0 1
    outer loop
      vertex -18.5035 16.1517 55.6
      vertex -17.103 15.7764 55.6
      vertex -18.2753 16.8756 55.6
    endloop
  endfacet
  facet normal -0 0 1
    outer loop
      vertex 17.103 -15.7764 55.6
      vertex 18.5035 -16.1517 55.6
      vertex 17.2399 -15.1589 55.6
    endloop
  endfacet
  facet normal 0 0 1
    outer loop
      vertex 18.5035 -16.1517 55.6
      vertex 17.103 -15.7764 55.6
      vertex 18.2753 -16.8756 55.6
    endloop
  endfacet
  facet normal -0 0 1
    outer loop
      vertex 16.9128 -16.3796 55.6
      vertex 18.2753 -16.8756 55.6
      vertex 17.103 -15.7764 55.6
    endloop
  endfacet
  facet normal 0 0 1
    outer loop
      vertex 18.2753 -16.8756 55.6
      vertex 16.9128 -16.3796 55.6
      vertex 17.9849 -17.5768 55.6
    endloop
  endfacet
  facet normal -0 0 1
    outer loop
      vertex 16.6707 -16.964 55.6
      vertex 17.9849 -17.5768 55.6
      vertex 16.9128 -16.3796 55.6
    endloop
  endfacet
  facet normal 0 0 1
    outer loop
      vertex 17.9849 -17.5768 55.6
      vertex 16.6707 -16.964 55.6
      vertex 17.6344 -18.25 55.6
    endloop
  endfacet
  facet normal -0 0 1
    outer loop
      vertex 16.3787 -17.525 55.6
      vertex 17.6344 -18.25 55.6
      vertex 16.6707 -16.964 55.6
    endloop
  endfacet
  facet normal 0 0 1
    outer loop
      vertex 17.6344 -18.25 55.6
      vertex 16.3787 -17.525 55.6
      vertex 17.2266 -18.8901 55.6
    endloop
  endfacet
  facet normal -0 0 1
    outer loop
      vertex 16.0388 -18.0584 55.6
      vertex 17.2266 -18.8901 55.6
      vertex 16.3787 -17.525 55.6
    endloop
  endfacet
  facet normal 0 0 1
    outer loop
      vertex 17.2266 -18.8901 55.6
      vertex 16.0388 -18.0584 55.6
      vertex 16.7646 -19.4922 55.6
    endloop
  endfacet
  facet normal -0 0 1
    outer loop
      vertex 15.6538 -18.5602 55.6
      vertex 16.7646 -19.4922 55.6
      vertex 16.0388 -18.0584 55.6
    endloop
  endfacet
  facet normal 0 0 1
    outer loop
      vertex 16.7646 -19.4922 55.6
      vertex 15.6538 -18.5602 55.6
      vertex 16.2518 -20.0518 55.6
    endloop
  endfacet
  facet normal -0 0 1
    outer loop
      vertex 15.2265 -19.0265 55.6
      vertex 16.2518 -20.0518 55.6
      vertex 15.6538 -18.5602 55.6
    endloop
  endfacet
  facet normal 0 0 1
    outer loop
      vertex 16.2518 -20.0518 55.6
      vertex 15.2265 -19.0265 55.6
      vertex 15.6922 -20.5646 55.6
    endloop
  endfacet
  facet normal -0 0 1
    outer loop
      vertex 14.7602 -19.4538 55.6
      vertex 15.6922 -20.5646 55.6
      vertex 15.2265 -19.0265 55.6
    endloop
  endfacet
  facet normal 0 0 1
    outer loop
      vertex 15.6922 -20.5646 55.6
      vertex 14.7602 -19.4538 55.6
      vertex 15.0901 -21.0266 55.6
    endloop
  endfacet
  facet normal -0 0 1
    outer loop
      vertex 14.2584 -19.8389 55.6
      vertex 15.0901 -21.0266 55.6
      vertex 14.7602 -19.4538 55.6
    endloop
  endfacet
  facet normal 0 0 1
    outer loop
      vertex 15.0901 -21.0266 55.6
      vertex 14.2584 -19.8389 55.6
      vertex 14.45 -21.4344 55.6
    endloop
  endfacet
  facet normal -0 0 1
    outer loop
      vertex 13.725 -20.1787 55.6
      vertex 14.45 -21.4344 55.6
      vertex 14.2584 -19.8389 55.6
    endloop
  endfacet
  facet normal 0 0 1
    outer loop
      vertex 14.45 -21.4344 55.6
      vertex 13.725 -20.1787 55.6
      vertex 13.7768 -21.7849 55.6
    endloop
  endfacet
  facet normal -0 0 1
    outer loop
      vertex 13.164 -20.4707 55.6
      vertex 13.7768 -21.7849 55.6
      vertex 13.725 -20.1787 55.6
    endloop
  endfacet
  facet normal 0 0 1
    outer loop
      vertex 13.164 -20.4707 55.6
      vertex 13.0756 -22.0753 55.6
      vertex 13.7768 -21.7849 55.6
    endloop
  endfacet
  facet normal -0 0 1
    outer loop
      vertex 12.5796 -20.7128 55.6
      vertex 13.0756 -22.0753 55.6
      vertex 13.164 -20.4707 55.6
    endloop
  endfacet
  facet normal 0 0 1
    outer loop
      vertex 12.5796 -20.7128 55.6
      vertex 12.3517 -22.3035 55.6
      vertex 13.0756 -22.0753 55.6
    endloop
  endfacet
  facet normal -0 0 1
    outer loop
      vertex 11.9764 -20.903 55.6
      vertex 12.3517 -22.3035 55.6
      vertex 12.5796 -20.7128 55.6
    endloop
  endfacet
  facet normal 0 0 1
    outer loop
      vertex 11.9764 -20.903 55.6
      vertex 11.6107 -22.4678 55.6
      vertex 12.3517 -22.3035 55.6
    endloop
  endfacet
  facet normal -0 0 1
    outer loop
      vertex 11.3589 -21.0399 55.6
      vertex 11.6107 -22.4678 55.6
      vertex 11.9764 -20.903 55.6
    endloop
  endfacet
  facet normal 0 0 1
    outer loop
      vertex 11.3589 -21.0399 55.6
      vertex 10.8582 -22.5669 55.6
      vertex 11.6107 -22.4678 55.6
    endloop
  endfacet
  facet normal -0 0 1
    outer loop
      vertex 10.7319 -21.1224 55.6
      vertex 10.8582 -22.5669 55.6
      vertex 11.3589 -21.0399 55.6
    endloop
  endfacet
  facet normal -0 0 1
    outer loop
      vertex 10.1 -21.15 55.6
      vertex 10.8582 -22.5669 55.6
      vertex 10.7319 -21.1224 55.6
    endloop
  endfacet
  facet normal 0 0 1
    outer loop
      vertex 10.1 -21.15 55.6
      vertex 10.1 -22.6 55.6
      vertex 10.8582 -22.5669 55.6
    endloop
  endfacet
  facet normal -0 0 1
    outer loop
      vertex -10.1 -21.15 55.6
      vertex 10.1 -22.6 55.6
      vertex 10.1 -21.15 55.6
    endloop
  endfacet
  facet normal 0 0 1
    outer loop
      vertex -10.1 -21.15 55.6
      vertex -10.1 -22.6 55.6
      vertex 10.1 -22.6 55.6
    endloop
  endfacet
  facet normal 0 0 1
    outer loop
      vertex -10.7319 -21.1224 55.6
      vertex -10.1 -22.6 55.6
      vertex -10.1 -21.15 55.6
    endloop
  endfacet
  facet normal 0 0 1
    outer loop
      vertex -10.7319 -21.1224 55.6
      vertex -10.8582 -22.5669 55.6
      vertex -10.1 -22.6 55.6
    endloop
  endfacet
  facet normal 0 0 1
    outer loop
      vertex -11.3589 -21.0399 55.6
      vertex -10.8582 -22.5669 55.6
      vertex -10.7319 -21.1224 55.6
    endloop
  endfacet
  facet normal 0 0 1
    outer loop
      vertex -11.3589 -21.0399 55.6
      vertex -11.6107 -22.4678 55.6
      vertex -10.8582 -22.5669 55.6
    endloop
  endfacet
  facet normal 0 0 1
    outer loop
      vertex -11.9764 -20.903 55.6
      vertex -11.6107 -22.4678 55.6
      vertex -11.3589 -21.0399 55.6
    endloop
  endfacet
  facet normal 0 0 1
    outer loop
      vertex -11.9764 -20.903 55.6
      vertex -12.3517 -22.3035 55.6
      vertex -11.6107 -22.4678 55.6
    endloop
  endfacet
  facet normal 0 0 1
    outer loop
      vertex -12.5796 -20.7128 55.6
      vertex -12.3517 -22.3035 55.6
      vertex -11.9764 -20.903 55.6
    endloop
  endfacet
  facet normal 0 0 1
    outer loop
      vertex -12.5796 -20.7128 55.6
      vertex -13.0756 -22.0753 55.6
      vertex -12.3517 -22.3035 55.6
    endloop
  endfacet
  facet normal 0 0 1
    outer loop
      vertex -13.164 -20.4707 55.6
      vertex -13.0756 -22.0753 55.6
      vertex -12.5796 -20.7128 55.6
    endloop
  endfacet
  facet normal 0 0 1
    outer loop
      vertex -13.7768 -21.7849 55.6
      vertex -13.164 -20.4707 55.6
      vertex -13.725 -20.1787 55.6
    endloop
  endfacet
  facet normal 0 0 1
    outer loop
      vertex -13.164 -20.4707 55.6
      vertex -13.7768 -21.7849 55.6
      vertex -13.0756 -22.0753 55.6
    endloop
  endfacet
  facet normal 0 0 1
    outer loop
      vertex -14.45 -21.4344 55.6
      vertex -13.725 -20.1787 55.6
      vertex -14.2584 -19.8389 55.6
    endloop
  endfacet
  facet normal 0 0 1
    outer loop
      vertex -13.725 -20.1787 55.6
      vertex -14.45 -21.4344 55.6
      vertex -13.7768 -21.7849 55.6
    endloop
  endfacet
  facet normal 0 0 1
    outer loop
      vertex -15.0901 -21.0266 55.6
      vertex -14.2584 -19.8389 55.6
      vertex -14.7602 -19.4538 55.6
    endloop
  endfacet
  facet normal 0 0 1
    outer loop
      vertex -14.2584 -19.8389 55.6
      vertex -15.0901 -21.0266 55.6
      vertex -14.45 -21.4344 55.6
    endloop
  endfacet
  facet normal 0 0 1
    outer loop
      vertex -15.6922 -20.5646 55.6
      vertex -14.7602 -19.4538 55.6
      vertex -15.2265 -19.0265 55.6
    endloop
  endfacet
  facet normal 0 0 1
    outer loop
      vertex -16.2518 -20.0518 55.6
      vertex -15.2265 -19.0265 55.6
      vertex -15.6538 -18.5602 55.6
    endloop
  endfacet
  facet normal 0 0 1
    outer loop
      vertex -14.7602 -19.4538 55.6
      vertex -15.6922 -20.5646 55.6
      vertex -15.0901 -21.0266 55.6
    endloop
  endfacet
  facet normal 0 0 1
    outer loop
      vertex -16.7646 -19.4922 55.6
      vertex -15.6538 -18.5602 55.6
      vertex -16.0388 -18.0584 55.6
    endloop
  endfacet
  facet normal 0 0 1
    outer loop
      vertex -15.2265 -19.0265 55.6
      vertex -16.2518 -20.0518 55.6
      vertex -15.6922 -20.5646 55.6
    endloop
  endfacet
  facet normal 0 0 1
    outer loop
      vertex -17.2266 -18.8901 55.6
      vertex -16.0388 -18.0584 55.6
      vertex -16.3787 -17.525 55.6
    endloop
  endfacet
  facet normal 0 0 1
    outer loop
      vertex -17.6344 -18.25 55.6
      vertex -16.3787 -17.525 55.6
      vertex -16.6707 -16.964 55.6
    endloop
  endfacet
  facet normal 0 0 1
    outer loop
      vertex -15.6538 -18.5602 55.6
      vertex -16.7646 -19.4922 55.6
      vertex -16.2518 -20.0518 55.6
    endloop
  endfacet
  facet normal 0 0 1
    outer loop
      vertex -17.9849 -17.5768 55.6
      vertex -16.6707 -16.964 55.6
      vertex -16.9128 -16.3796 55.6
    endloop
  endfacet
  facet normal 0 0 1
    outer loop
      vertex -18.2753 -16.8756 55.6
      vertex -16.9128 -16.3796 55.6
      vertex -17.103 -15.7764 55.6
    endloop
  endfacet
  facet normal 0 0 1
    outer loop
      vertex -16.0388 -18.0584 55.6
      vertex -17.2266 -18.8901 55.6
      vertex -16.7646 -19.4922 55.6
    endloop
  endfacet
  facet normal 0 0 1
    outer loop
      vertex -18.5035 -16.1517 55.6
      vertex -17.103 -15.7764 55.6
      vertex -17.2399 -15.1589 55.6
    endloop
  endfacet
  facet normal 0 0 1
    outer loop
      vertex -18.6678 -15.4107 55.6
      vertex -17.2399 -15.1589 55.6
      vertex -17.3224 -14.5319 55.6
    endloop
  endfacet
  facet normal 0 0 1
    outer loop
      vertex -18.7669 -14.6582 55.6
      vertex -17.3224 -14.5319 55.6
      vertex -17.35 -13.9 55.6
    endloop
  endfacet
  facet normal 0 0 1
    outer loop
      vertex -16.3787 -17.525 55.6
      vertex -17.6344 -18.25 55.6
      vertex -17.2266 -18.8901 55.6
    endloop
  endfacet
  facet normal 0 0 1
    outer loop
      vertex -17.35 13.9 55.6
      vertex -18.8 13.9 55.6
      vertex -17.35 -13.9 55.6
    endloop
  endfacet
  facet normal -0 0 1
    outer loop
      vertex -18.6678 15.4107 55.6
      vertex -17.2399 15.1589 55.6
      vertex -18.5035 16.1517 55.6
    endloop
  endfacet
  facet normal 0 0 1
    outer loop
      vertex -18.8 -13.9 55.6
      vertex -17.35 -13.9 55.6
      vertex -18.8 13.9 55.6
    endloop
  endfacet
  facet normal 0 0 1
    outer loop
      vertex -17.2399 15.1589 55.6
      vertex -18.6678 15.4107 55.6
      vertex -17.3224 14.5319 55.6
    endloop
  endfacet
  facet normal 0 -0 1
    outer loop
      vertex -18.7669 -14.6582 55.6
      vertex -17.35 -13.9 55.6
      vertex -18.8 -13.9 55.6
    endloop
  endfacet
  facet normal -0 0 1
    outer loop
      vertex -18.7669 14.6582 55.6
      vertex -17.3224 14.5319 55.6
      vertex -18.6678 15.4107 55.6
    endloop
  endfacet
  facet normal 0 0 1
    outer loop
      vertex -16.6707 -16.964 55.6
      vertex -17.9849 -17.5768 55.6
      vertex -17.6344 -18.25 55.6
    endloop
  endfacet
  facet normal 0 0 1
    outer loop
      vertex -17.3224 14.5319 55.6
      vertex -18.7669 14.6582 55.6
      vertex -17.35 13.9 55.6
    endloop
  endfacet
  facet normal 0 0 1
    outer loop
      vertex -16.9128 -16.3796 55.6
      vertex -18.2753 -16.8756 55.6
      vertex -17.9849 -17.5768 55.6
    endloop
  endfacet
  facet normal 0 0 1
    outer loop
      vertex -17.35 13.9 55.6
      vertex -18.7669 14.6582 55.6
      vertex -18.8 13.9 55.6
    endloop
  endfacet
  facet normal 0 0 1
    outer loop
      vertex -17.103 -15.7764 55.6
      vertex -18.5035 -16.1517 55.6
      vertex -18.2753 -16.8756 55.6
    endloop
  endfacet
  facet normal 0 0 1
    outer loop
      vertex -17.2399 -15.1589 55.6
      vertex -18.6678 -15.4107 55.6
      vertex -18.5035 -16.1517 55.6
    endloop
  endfacet
  facet normal 0 0 1
    outer loop
      vertex -17.3224 -14.5319 55.6
      vertex -18.7669 -14.6582 55.6
      vertex -18.6678 -15.4107 55.6
    endloop
  endfacet
  facet normal 0.0308735 -0.70677 -0.70677
    outer loop
      vertex 10.8234 -22.1684 0
      vertex 10.1 -22.6 0.4
      vertex 10.1 -22.2 0
    endloop
  endfacet
  facet normal 0.0923672 -0.701376 -0.706782
    outer loop
      vertex 10.8582 -22.5669 0.4
      vertex 10.8234 -22.1684 0
      vertex 11.6107 -22.4678 0.4
    endloop
  endfacet
  facet normal 0.326619 -0.627542 -0.706761
    outer loop
      vertex 14.45 -21.4344 0.4
      vertex 13.6077 -21.4223 0
      vertex 14.25 -21.088 0
    endloop
  endfacet
  facet normal -0.21647 -0.976289 0
    outer loop
      vertex -12.3517 -22.3035 0.4
      vertex -11.6107 -22.4678 55.6
      vertex -12.3517 -22.3035 55.6
    endloop
  endfacet
  facet normal -0.21647 -0.976289 -0
    outer loop
      vertex -11.6107 -22.4678 55.6
      vertex -12.3517 -22.3035 0.4
      vertex -11.6107 -22.4678 0.4
    endloop
  endfacet
  facet normal -0.843385 -0.53731 0
    outer loop
      vertex -17.2266 -18.8901 0.4
      vertex -17.6344 -18.25 55.6
      vertex -17.6344 -18.25 0.4
    endloop
  endfacet
  facet normal -0.843385 -0.53731 0
    outer loop
      vertex -17.6344 -18.25 55.6
      vertex -17.2266 -18.8901 0.4
      vertex -17.2266 -18.8901 55.6
    endloop
  endfacet
  facet normal -0.793358 -0.608755 0
    outer loop
      vertex -16.7646 -19.4922 0.4
      vertex -17.2266 -18.8901 55.6
      vertex -17.2266 -18.8901 0.4
    endloop
  endfacet
  facet normal -0.793358 -0.608755 0
    outer loop
      vertex -17.2266 -18.8901 55.6
      vertex -16.7646 -19.4922 0.4
      vertex -16.7646 -19.4922 55.6
    endloop
  endfacet
  facet normal 0.843385 -0.53731 0
    outer loop
      vertex 17.2266 -18.8901 55.6
      vertex 17.6344 -18.25 0.4
      vertex 17.6344 -18.25 55.6
    endloop
  endfacet
  facet normal 0.843385 -0.53731 0
    outer loop
      vertex 17.6344 -18.25 0.4
      vertex 17.2266 -18.8901 55.6
      vertex 17.2266 -18.8901 0.4
    endloop
  endfacet
  facet normal 0.923901 -0.382631 0
    outer loop
      vertex 17.9849 -17.5768 55.6
      vertex 18.2753 -16.8756 0.4
      vertex 18.2753 -16.8756 55.6
    endloop
  endfacet
  facet normal 0.923901 -0.382631 0
    outer loop
      vertex 18.2753 -16.8756 0.4
      vertex 17.9849 -17.5768 55.6
      vertex 17.9849 -17.5768 0.4
    endloop
  endfacet
  facet normal -0.47794 0.521611 -0.70675
    outer loop
      vertex -15.4351 20.2582 0
      vertex -15.969 19.769 0
      vertex -15.6922 20.5646 0.4
    endloop
  endfacet
  facet normal 0.380072 -0.596683 -0.706764
    outer loop
      vertex 14.45 -21.4344 0.4
      vertex 14.25 -21.088 0
      vertex 14.8607 -20.699 0
    endloop
  endfacet
  facet normal 0.461805 0.886982 -0
    outer loop
      vertex 14.45 21.4344 0.4
      vertex 13.7768 21.7849 55.6
      vertex 14.45 21.4344 55.6
    endloop
  endfacet
  facet normal 0.461805 0.886982 0
    outer loop
      vertex 13.7768 21.7849 55.6
      vertex 14.45 21.4344 0.4
      vertex 13.7768 21.7849 0.4
    endloop
  endfacet
  facet normal 0.674697 0.212689 -0.706786
    outer loop
      vertex 18.5035 16.1517 0.4
      vertex 17.8994 16.7388 0
      vertex 18.2753 16.8756 0.4
    endloop
  endfacet
  facet normal 0.67475 0.212801 -0.706702
    outer loop
      vertex 18.1172 16.0482 0
      vertex 17.8994 16.7388 0
      vertex 18.5035 16.1517 0.4
    endloop
  endfacet
  facet normal -0.212689 0.674697 -0.706786
    outer loop
      vertex -12.9388 21.6994 0
      vertex -13.0756 22.0753 0.4
      vertex -12.3517 22.3035 0.4
    endloop
  endfacet
  facet normal -0.999048 -0.0436145 0
    outer loop
      vertex -18.7669 -14.6582 0.4
      vertex -18.8 -13.9 55.6
      vertex -18.8 -13.9 0.4
    endloop
  endfacet
  facet normal -0.999048 -0.0436145 0
    outer loop
      vertex -18.8 -13.9 55.6
      vertex -18.7669 -14.6582 0.4
      vertex -18.7669 -14.6582 55.6
    endloop
  endfacet
  facet normal 0.0923307 -0.70142 -0.706743
    outer loop
      vertex 11.6107 -22.4678 0.4
      vertex 10.8234 -22.1684 0
      vertex 11.5413 -22.0739 0
    endloop
  endfacet
  facet normal -0.380149 0.596697 -0.70671
    outer loop
      vertex -14.8607 20.699 0
      vertex -15.0901 21.0266 0.4
      vertex -14.45 21.4344 0.4
    endloop
  endfacet
  facet normal -0.701414 -0.0923722 -0.706744
    outer loop
      vertex -18.6678 -15.4107 0.4
      vertex -18.7669 -14.6582 0.4
      vertex -18.2739 -15.3413 0
    endloop
  endfacet
  facet normal 0.21647 -0.976289 0
    outer loop
      vertex 11.6107 -22.4678 0.4
      vertex 12.3517 -22.3035 55.6
      vertex 11.6107 -22.4678 55.6
    endloop
  endfacet
  facet normal 0.21647 -0.976289 0
    outer loop
      vertex 12.3517 -22.3035 55.6
      vertex 11.6107 -22.4678 0.4
      vertex 12.3517 -22.3035 0.4
    endloop
  endfacet
  facet normal 0.153147 -0.6907 -0.706738
    outer loop
      vertex 11.6107 -22.4678 0.4
      vertex 11.5413 -22.0739 0
      vertex 12.3517 -22.3035 0.4
    endloop
  endfacet
  facet normal -0.976289 -0.21647 0
    outer loop
      vertex -18.5035 -16.1517 0.4
      vertex -18.6678 -15.4107 55.6
      vertex -18.6678 -15.4107 0.4
    endloop
  endfacet
  facet normal -0.976289 -0.21647 0
    outer loop
      vertex -18.6678 -15.4107 55.6
      vertex -18.5035 -16.1517 0.4
      vertex -18.5035 -16.1517 55.6
    endloop
  endfacet
  facet normal -0.212801 0.67475 -0.706702
    outer loop
      vertex -12.2482 21.9172 0
      vertex -12.9388 21.6994 0
      vertex -12.3517 22.3035 0.4
    endloop
  endfacet
  facet normal -0.153118 0.690742 -0.706704
    outer loop
      vertex -12.2482 21.9172 0
      vertex -12.3517 22.3035 0.4
      vertex -11.5413 22.0739 0
    endloop
  endfacet
  facet normal -0.596683 0.380072 -0.706764
    outer loop
      vertex -17.288 18.05 0
      vertex -17.6344 18.25 0.4
      vertex -16.899 18.6607 0
    endloop
  endfacet
  facet normal -0.923901 0.382631 0
    outer loop
      vertex -18.2753 16.8756 0.4
      vertex -17.9849 17.5768 55.6
      vertex -17.9849 17.5768 0.4
    endloop
  endfacet
  facet normal -0.923901 0.382631 0
    outer loop
      vertex -17.9849 17.5768 55.6
      vertex -18.2753 16.8756 0.4
      vertex -18.2753 16.8756 55.6
    endloop
  endfacet
  facet normal -0.608755 0.793358 0
    outer loop
      vertex -15.0901 21.0266 0.4
      vertex -15.6922 20.5646 55.6
      vertex -15.0901 21.0266 55.6
    endloop
  endfacet
  facet normal -0.608755 0.793358 0
    outer loop
      vertex -15.6922 20.5646 55.6
      vertex -15.0901 21.0266 0.4
      vertex -15.6922 20.5646 0.4
    endloop
  endfacet
  facet normal -0.561246 0.430705 -0.70675
    outer loop
      vertex -16.4582 19.2351 0
      vertex -16.899 18.6607 0
      vertex -16.7646 19.4922 0.4
    endloop
  endfacet
  facet normal -0.923901 -0.382631 0
    outer loop
      vertex -17.9849 -17.5768 0.4
      vertex -18.2753 -16.8756 55.6
      vertex -18.2753 -16.8756 0.4
    endloop
  endfacet
  facet normal -0.923901 -0.382631 0
    outer loop
      vertex -18.2753 -16.8756 55.6
      vertex -17.9849 -17.5768 0.4
      vertex -17.9849 -17.5768 55.6
    endloop
  endfacet
  facet normal -0.382631 0.923901 0
    outer loop
      vertex -13.0756 22.0753 0.4
      vertex -13.7768 21.7849 55.6
      vertex -13.0756 22.0753 55.6
    endloop
  endfacet
  facet normal -0.382631 0.923901 0
    outer loop
      vertex -13.7768 21.7849 55.6
      vertex -13.0756 22.0753 0.4
      vertex -13.7768 21.7849 0.4
    endloop
  endfacet
  facet normal -0.627418 0.326663 -0.706851
    outer loop
      vertex -17.6223 17.4077 0
      vertex -17.9849 17.5768 0.4
      vertex -17.6344 18.25 0.4
    endloop
  endfacet
  facet normal -0.653567 0.270748 -0.706785
    outer loop
      vertex -17.8994 16.7388 0
      vertex -18.2753 16.8756 0.4
      vertex -17.6223 17.4077 0
    endloop
  endfacet
  facet normal -0.6907 0.153147 -0.706738
    outer loop
      vertex -18.2739 15.3413 0
      vertex -18.6678 15.4107 0.4
      vertex -18.5035 16.1517 0.4
    endloop
  endfacet
  facet normal -0.70138 0.0923255 -0.706783
    outer loop
      vertex -18.3684 14.6234 0
      vertex -18.7669 14.6582 0.4
      vertex -18.2739 15.3413 0
    endloop
  endfacet
  facet normal 0 0 -1
    outer loop
      vertex -10.116 -16.6808 0
      vertex 10.116 -16.6808 0
      vertex -10.0081 -16.85 0
    endloop
  endfacet
  facet normal 0 0 -1
    outer loop
      vertex 10.6808 16.116 0
      vertex -9.70875 17.7995 0
      vertex -9.7 18 0
    endloop
  endfacet
  facet normal 0 0 -1
    outer loop
      vertex 10.116 -16.6808 0
      vertex -10.116 -16.6808 0
      vertex 10.2381 -16.5216 0
    endloop
  endfacet
  facet normal 0 0 -1
    outer loop
      vertex 10.6808 16.116 0
      vertex -9.73494 17.6006 0
      vertex -9.70875 17.7995 0
    endloop
  endfacet
  facet normal 0 0 -1
    outer loop
      vertex -10.2381 -16.5216 0
      vertex 10.2381 -16.5216 0
      vertex -10.116 -16.6808 0
    endloop
  endfacet
  facet normal 0 0 -1
    outer loop
      vertex 10.6808 16.116 0
      vertex -9.77837 17.4047 0
      vertex -9.73494 17.6006 0
    endloop
  endfacet
  facet normal 0 0 -1
    outer loop
      vertex 10.2381 -16.5216 0
      vertex -10.2381 -16.5216 0
      vertex 10.3737 -16.3737 0
    endloop
  endfacet
  facet normal 0 0 -1
    outer loop
      vertex 10.6808 16.116 0
      vertex -9.83871 17.2134 0
      vertex -9.77837 17.4047 0
    endloop
  endfacet
  facet normal 0 0 -1
    outer loop
      vertex -10.3737 -16.3737 0
      vertex 10.3737 -16.3737 0
      vertex -10.2381 -16.5216 0
    endloop
  endfacet
  facet normal 0 0 -1
    outer loop
      vertex 10.6808 16.116 0
      vertex -9.91549 17.028 0
      vertex -9.83871 17.2134 0
    endloop
  endfacet
  facet normal 0 0 -1
    outer loop
      vertex 10.3737 -16.3737 0
      vertex -10.3737 -16.3737 0
      vertex 10.5216 -16.2381 0
    endloop
  endfacet
  facet normal 0 0 -1
    outer loop
      vertex 10.6808 16.116 0
      vertex -10.0081 16.85 0
      vertex -9.91549 17.028 0
    endloop
  endfacet
  facet normal 0 0 -1
    outer loop
      vertex -10.5216 -16.2381 0
      vertex 10.5216 -16.2381 0
      vertex -10.3737 -16.3737 0
    endloop
  endfacet
  facet normal 0 0 -1
    outer loop
      vertex 10.6808 16.116 0
      vertex -10.116 16.6808 0
      vertex -10.0081 16.85 0
    endloop
  endfacet
  facet normal 0 0 -1
    outer loop
      vertex 10.5216 -16.2381 0
      vertex -10.5216 -16.2381 0
      vertex 10.6808 -16.116 0
    endloop
  endfacet
  facet normal 0 0 -1
    outer loop
      vertex 10.6808 16.116 0
      vertex -10.2381 16.5216 0
      vertex -10.116 16.6808 0
    endloop
  endfacet
  facet normal 0 0 -1
    outer loop
      vertex -10.6808 -16.116 0
      vertex 10.6808 -16.116 0
      vertex -10.5216 -16.2381 0
    endloop
  endfacet
  facet normal 0 0 -1
    outer loop
      vertex 10.6808 16.116 0
      vertex -10.3737 16.3737 0
      vertex -10.2381 16.5216 0
    endloop
  endfacet
  facet normal 0 0 -1
    outer loop
      vertex 10.6808 -16.116 0
      vertex -10.6808 -16.116 0
      vertex 10.6808 16.116 0
    endloop
  endfacet
  facet normal 0 0 -1
    outer loop
      vertex 10.6808 16.116 0
      vertex -10.5216 16.2381 0
      vertex -10.3737 16.3737 0
    endloop
  endfacet
  facet normal 0 0 -1
    outer loop
      vertex -10.6808 16.116 0
      vertex 10.6808 16.116 0
      vertex -10.6808 -16.116 0
    endloop
  endfacet
  facet normal 0 0 -1
    outer loop
      vertex 10.6808 16.116 0
      vertex -10.6808 16.116 0
      vertex -10.5216 16.2381 0
    endloop
  endfacet
  facet normal 0 0 -1
    outer loop
      vertex -10.85 -16.0081 0
      vertex -10.6808 16.116 0
      vertex -10.6808 -16.116 0
    endloop
  endfacet
  facet normal 0 0 -1
    outer loop
      vertex -10.85 -16.0081 0
      vertex -10.85 16.0081 0
      vertex -10.6808 16.116 0
    endloop
  endfacet
  facet normal 0 0 -1
    outer loop
      vertex -11.028 -15.9155 0
      vertex -10.85 16.0081 0
      vertex -10.85 -16.0081 0
    endloop
  endfacet
  facet normal 0 0 -1
    outer loop
      vertex -11.028 -15.9155 0
      vertex -11.028 15.9155 0
      vertex -10.85 16.0081 0
    endloop
  endfacet
  facet normal 0 0 -1
    outer loop
      vertex -11.2134 -15.8387 0
      vertex -11.028 15.9155 0
      vertex -11.028 -15.9155 0
    endloop
  endfacet
  facet normal 0 0 -1
    outer loop
      vertex -11.2134 -15.8387 0
      vertex -11.2134 15.8387 0
      vertex -11.028 15.9155 0
    endloop
  endfacet
  facet normal 0 0 -1
    outer loop
      vertex -11.4047 -15.7784 0
      vertex -11.2134 15.8387 0
      vertex -11.2134 -15.8387 0
    endloop
  endfacet
  facet normal 0 0 -1
    outer loop
      vertex -11.4047 -15.7784 0
      vertex -11.4047 15.7784 0
      vertex -11.2134 15.8387 0
    endloop
  endfacet
  facet normal 0 0 -1
    outer loop
      vertex -11.6006 -15.7349 0
      vertex -11.4047 15.7784 0
      vertex -11.4047 -15.7784 0
    endloop
  endfacet
  facet normal 0 0 -1
    outer loop
      vertex -11.6006 -15.7349 0
      vertex -11.6006 15.7349 0
      vertex -11.4047 15.7784 0
    endloop
  endfacet
  facet normal 0 0 -1
    outer loop
      vertex -11.7995 -15.7088 0
      vertex -11.6006 15.7349 0
      vertex -11.6006 -15.7349 0
    endloop
  endfacet
  facet normal 0 0 -1
    outer loop
      vertex -11.7995 -15.7088 0
      vertex -11.7995 15.7088 0
      vertex -11.6006 15.7349 0
    endloop
  endfacet
  facet normal 0 0 -1
    outer loop
      vertex -18.4 -13.9 0
      vertex -11.7995 -15.7088 0
      vertex -12 -15.7 0
    endloop
  endfacet
  facet normal 0 0 -1
    outer loop
      vertex -11.7995 -15.7088 0
      vertex -18.4 -13.9 0
      vertex -11.7995 15.7088 0
    endloop
  endfacet
  facet normal 0 0 -1
    outer loop
      vertex -18.4 -13.9 0
      vertex -12 -15.7 0
      vertex -12.2005 -15.7088 0
    endloop
  endfacet
  facet normal 0 0 -1
    outer loop
      vertex -18.4 13.9 0
      vertex -11.7995 15.7088 0
      vertex -18.4 -13.9 0
    endloop
  endfacet
  facet normal 0 0 -1
    outer loop
      vertex -18.4 -13.9 0
      vertex -12.2005 -15.7088 0
      vertex -12.3994 -15.7349 0
    endloop
  endfacet
  facet normal 0 0 -1
    outer loop
      vertex -11.7995 15.7088 0
      vertex -18.4 13.9 0
      vertex -12 15.7 0
    endloop
  endfacet
  facet normal 0 0 -1
    outer loop
      vertex -18.4 -13.9 0
      vertex -12.3994 -15.7349 0
      vertex -12.5953 -15.7784 0
    endloop
  endfacet
  facet normal -0 0 -1
    outer loop
      vertex -12 15.7 0
      vertex -18.4 13.9 0
      vertex -12.2005 15.7088 0
    endloop
  endfacet
  facet normal 0 0 -1
    outer loop
      vertex -18.4 -13.9 0
      vertex -12.5953 -15.7784 0
      vertex -12.7866 -15.8387 0
    endloop
  endfacet
  facet normal -0 0 -1
    outer loop
      vertex -12.2005 15.7088 0
      vertex -18.4 13.9 0
      vertex -12.3994 15.7349 0
    endloop
  endfacet
  facet normal 0 0 -1
    outer loop
      vertex -18.4 -13.9 0
      vertex -12.7866 -15.8387 0
      vertex -12.972 -15.9155 0
    endloop
  endfacet
  facet normal -0 0 -1
    outer loop
      vertex -12.3994 15.7349 0
      vertex -18.4 13.9 0
      vertex -12.5953 15.7784 0
    endloop
  endfacet
  facet normal 0 0 -1
    outer loop
      vertex -18.4 -13.9 0
      vertex -12.972 -15.9155 0
      vertex -13.15 -16.0081 0
    endloop
  endfacet
  facet normal -0 0 -1
    outer loop
      vertex -12.5953 15.7784 0
      vertex -18.4 13.9 0
      vertex -12.7866 15.8387 0
    endloop
  endfacet
  facet normal 0 0 -1
    outer loop
      vertex -18.4 -13.9 0
      vertex -13.15 -16.0081 0
      vertex -13.3192 -16.116 0
    endloop
  endfacet
  facet normal -0 0 -1
    outer loop
      vertex -12.7866 15.8387 0
      vertex -18.4 13.9 0
      vertex -12.972 15.9155 0
    endloop
  endfacet
  facet normal 0 0 -1
    outer loop
      vertex -18.4 -13.9 0
      vertex -13.3192 -16.116 0
      vertex -13.4784 -16.2381 0
    endloop
  endfacet
  facet normal -0 0 -1
    outer loop
      vertex -12.972 15.9155 0
      vertex -18.4 13.9 0
      vertex -13.15 16.0081 0
    endloop
  endfacet
  facet normal 0 0 -1
    outer loop
      vertex -18.3684 -14.6234 0
      vertex -13.4784 -16.2381 0
      vertex -13.6263 -16.3737 0
    endloop
  endfacet
  facet normal -0 0 -1
    outer loop
      vertex -13.15 16.0081 0
      vertex -18.4 13.9 0
      vertex -13.3192 16.116 0
    endloop
  endfacet
  facet normal 0 0 -1
    outer loop
      vertex -18.3684 -14.6234 0
      vertex -13.6263 -16.3737 0
      vertex -13.7619 -16.5216 0
    endloop
  endfacet
  facet normal -0 0 -1
    outer loop
      vertex -13.3192 16.116 0
      vertex -18.4 13.9 0
      vertex -13.4784 16.2381 0
    endloop
  endfacet
  facet normal 0 0 -1
    outer loop
      vertex -18.2739 -15.3413 0
      vertex -13.7619 -16.5216 0
      vertex -13.884 -16.6808 0
    endloop
  endfacet
  facet normal 0 -0 -1
    outer loop
      vertex -18.3684 14.6234 0
      vertex -13.4784 16.2381 0
      vertex -18.4 13.9 0
    endloop
  endfacet
  facet normal 0 0 -1
    outer loop
      vertex -18.1172 -16.0482 0
      vertex -13.884 -16.6808 0
      vertex -13.9919 -16.85 0
    endloop
  endfacet
  facet normal -0 0 -1
    outer loop
      vertex -13.4784 16.2381 0
      vertex -18.3684 14.6234 0
      vertex -13.6263 16.3737 0
    endloop
  endfacet
  facet normal 0 0 -1
    outer loop
      vertex -17.8994 -16.7388 0
      vertex -13.9919 -16.85 0
      vertex -14.0845 -17.028 0
    endloop
  endfacet
  facet normal -0 0 -1
    outer loop
      vertex -13.6263 16.3737 0
      vertex -18.3684 14.6234 0
      vertex -13.7619 16.5216 0
    endloop
  endfacet
  facet normal 0 0 -1
    outer loop
      vertex -17.6223 -17.4077 0
      vertex -14.0845 -17.028 0
      vertex -14.1613 -17.2134 0
    endloop
  endfacet
  facet normal 0 -0 -1
    outer loop
      vertex -18.2739 15.3413 0
      vertex -13.7619 16.5216 0
      vertex -18.3684 14.6234 0
    endloop
  endfacet
  facet normal 0 0 -1
    outer loop
      vertex -17.6223 -17.4077 0
      vertex -14.1613 -17.2134 0
      vertex -14.2216 -17.4047 0
    endloop
  endfacet
  facet normal -0 0 -1
    outer loop
      vertex -13.7619 16.5216 0
      vertex -18.2739 15.3413 0
      vertex -13.884 16.6808 0
    endloop
  endfacet
  facet normal 0 0 -1
    outer loop
      vertex -17.288 -18.05 0
      vertex -14.2216 -17.4047 0
      vertex -14.2651 -17.6006 0
    endloop
  endfacet
  facet normal 0 -0 -1
    outer loop
      vertex -18.1172 16.0482 0
      vertex -13.884 16.6808 0
      vertex -18.2739 15.3413 0
    endloop
  endfacet
  facet normal 0 0 -1
    outer loop
      vertex -17.288 -18.05 0
      vertex -14.2651 -17.6006 0
      vertex -14.2912 -17.7995 0
    endloop
  endfacet
  facet normal -0 0 -1
    outer loop
      vertex -13.884 16.6808 0
      vertex -18.1172 16.0482 0
      vertex -13.9919 16.85 0
    endloop
  endfacet
  facet normal 0 0 -1
    outer loop
      vertex -16.899 -18.6607 0
      vertex -14.2912 -17.7995 0
      vertex -14.3 -18 0
    endloop
  endfacet
  facet normal 0 -0 -1
    outer loop
      vertex -17.8994 16.7388 0
      vertex -13.9919 16.85 0
      vertex -18.1172 16.0482 0
    endloop
  endfacet
  facet normal -0 0 -1
    outer loop
      vertex 17.8994 -16.7388 0
      vertex 13.9919 -16.85 0
      vertex 18.1172 -16.0482 0
    endloop
  endfacet
  facet normal 0 0 -1
    outer loop
      vertex 18.4 13.9 0
      vertex 14.2912 17.7995 0
      vertex 14.3 18 0
    endloop
  endfacet
  facet normal 0 0 -1
    outer loop
      vertex 13.884 -16.6808 0
      vertex 18.1172 -16.0482 0
      vertex 13.9919 -16.85 0
    endloop
  endfacet
  facet normal 0 0 -1
    outer loop
      vertex 18.4 13.9 0
      vertex 14.2651 17.6006 0
      vertex 14.2912 17.7995 0
    endloop
  endfacet
  facet normal -0 0 -1
    outer loop
      vertex 18.1172 -16.0482 0
      vertex 13.884 -16.6808 0
      vertex 18.2739 -15.3413 0
    endloop
  endfacet
  facet normal 0 0 -1
    outer loop
      vertex 18.4 13.9 0
      vertex 14.2216 17.4047 0
      vertex 14.2651 17.6006 0
    endloop
  endfacet
  facet normal 0 0 -1
    outer loop
      vertex 13.7619 -16.5216 0
      vertex 18.2739 -15.3413 0
      vertex 13.884 -16.6808 0
    endloop
  endfacet
  facet normal 0 0 -1
    outer loop
      vertex 18.4 13.9 0
      vertex 14.1613 17.2134 0
      vertex 14.2216 17.4047 0
    endloop
  endfacet
  facet normal -0 0 -1
    outer loop
      vertex 18.2739 -15.3413 0
      vertex 13.7619 -16.5216 0
      vertex 18.3684 -14.6234 0
    endloop
  endfacet
  facet normal 0 0 -1
    outer loop
      vertex 18.4 13.9 0
      vertex 14.0845 17.028 0
      vertex 14.1613 17.2134 0
    endloop
  endfacet
  facet normal 0 0 -1
    outer loop
      vertex 13.6263 -16.3737 0
      vertex 18.3684 -14.6234 0
      vertex 13.7619 -16.5216 0
    endloop
  endfacet
  facet normal 0 0 -1
    outer loop
      vertex 18.4 13.9 0
      vertex 13.9919 16.85 0
      vertex 14.0845 17.028 0
    endloop
  endfacet
  facet normal 0 0 -1
    outer loop
      vertex 13.4784 -16.2381 0
      vertex 18.3684 -14.6234 0
      vertex 13.6263 -16.3737 0
    endloop
  endfacet
  facet normal 0 0 -1
    outer loop
      vertex 18.4 13.9 0
      vertex 13.884 16.6808 0
      vertex 13.9919 16.85 0
    endloop
  endfacet
  facet normal -0 0 -1
    outer loop
      vertex 18.3684 -14.6234 0
      vertex 13.4784 -16.2381 0
      vertex 18.4 -13.9 0
    endloop
  endfacet
  facet normal 0 0 -1
    outer loop
      vertex 18.4 13.9 0
      vertex 13.7619 16.5216 0
      vertex 13.884 16.6808 0
    endloop
  endfacet
  facet normal 0 0 -1
    outer loop
      vertex 13.3192 -16.116 0
      vertex 18.4 -13.9 0
      vertex 13.4784 -16.2381 0
    endloop
  endfacet
  facet normal 0 0 -1
    outer loop
      vertex 18.4 13.9 0
      vertex 13.6263 16.3737 0
      vertex 13.7619 16.5216 0
    endloop
  endfacet
  facet normal 0 0 -1
    outer loop
      vertex 13.15 -16.0081 0
      vertex 18.4 -13.9 0
      vertex 13.3192 -16.116 0
    endloop
  endfacet
  facet normal 0 0 -1
    outer loop
      vertex 18.4 13.9 0
      vertex 13.4784 16.2381 0
      vertex 13.6263 16.3737 0
    endloop
  endfacet
  facet normal 0 0 -1
    outer loop
      vertex 12.972 -15.9155 0
      vertex 18.4 -13.9 0
      vertex 13.15 -16.0081 0
    endloop
  endfacet
  facet normal 0 0 -1
    outer loop
      vertex 18.4 13.9 0
      vertex 13.3192 16.116 0
      vertex 13.4784 16.2381 0
    endloop
  endfacet
  facet normal 0 0 -1
    outer loop
      vertex 12.7866 -15.8387 0
      vertex 18.4 -13.9 0
      vertex 12.972 -15.9155 0
    endloop
  endfacet
  facet normal 0 0 -1
    outer loop
      vertex 18.4 13.9 0
      vertex 13.15 16.0081 0
      vertex 13.3192 16.116 0
    endloop
  endfacet
  facet normal 0 0 -1
    outer loop
      vertex 12.5953 -15.7784 0
      vertex 18.4 -13.9 0
      vertex 12.7866 -15.8387 0
    endloop
  endfacet
  facet normal 0 0 -1
    outer loop
      vertex 18.4 13.9 0
      vertex 12.972 15.9155 0
      vertex 13.15 16.0081 0
    endloop
  endfacet
  facet normal 0 0 -1
    outer loop
      vertex 12.3994 -15.7349 0
      vertex 18.4 -13.9 0
      vertex 12.5953 -15.7784 0
    endloop
  endfacet
  facet normal 0 0 -1
    outer loop
      vertex 18.4 13.9 0
      vertex 12.7866 15.8387 0
      vertex 12.972 15.9155 0
    endloop
  endfacet
  facet normal 0 0 -1
    outer loop
      vertex 12.2005 -15.7088 0
      vertex 18.4 -13.9 0
      vertex 12.3994 -15.7349 0
    endloop
  endfacet
  facet normal 0 0 -1
    outer loop
      vertex 18.4 13.9 0
      vertex 12.5953 15.7784 0
      vertex 12.7866 15.8387 0
    endloop
  endfacet
  facet normal 0 0 -1
    outer loop
      vertex 12 -15.7 0
      vertex 18.4 -13.9 0
      vertex 12.2005 -15.7088 0
    endloop
  endfacet
  facet normal 0 0 -1
    outer loop
      vertex 18.4 13.9 0
      vertex 12.3994 15.7349 0
      vertex 12.5953 15.7784 0
    endloop
  endfacet
  facet normal 0 0 -1
    outer loop
      vertex 11.7995 -15.7088 0
      vertex 18.4 -13.9 0
      vertex 12 -15.7 0
    endloop
  endfacet
  facet normal 0 0 -1
    outer loop
      vertex 18.4 13.9 0
      vertex 12.2005 15.7088 0
      vertex 12.3994 15.7349 0
    endloop
  endfacet
  facet normal -0 0 -1
    outer loop
      vertex 18.4 -13.9 0
      vertex 11.7995 -15.7088 0
      vertex 18.4 13.9 0
    endloop
  endfacet
  facet normal 0 0 -1
    outer loop
      vertex 18.4 13.9 0
      vertex 12 15.7 0
      vertex 12.2005 15.7088 0
    endloop
  endfacet
  facet normal 0 0 -1
    outer loop
      vertex 11.7995 15.7088 0
      vertex 18.4 13.9 0
      vertex 11.7995 -15.7088 0
    endloop
  endfacet
  facet normal 0 0 -1
    outer loop
      vertex 18.4 13.9 0
      vertex 11.7995 15.7088 0
      vertex 12 15.7 0
    endloop
  endfacet
  facet normal 0 0 -1
    outer loop
      vertex 11.6006 -15.7349 0
      vertex 11.7995 15.7088 0
      vertex 11.7995 -15.7088 0
    endloop
  endfacet
  facet normal 0 0 -1
    outer loop
      vertex 11.6006 -15.7349 0
      vertex 11.6006 15.7349 0
      vertex 11.7995 15.7088 0
    endloop
  endfacet
  facet normal 0 0 -1
    outer loop
      vertex 11.4047 -15.7784 0
      vertex 11.6006 15.7349 0
      vertex 11.6006 -15.7349 0
    endloop
  endfacet
  facet normal 0 0 -1
    outer loop
      vertex 11.4047 -15.7784 0
      vertex 11.4047 15.7784 0
      vertex 11.6006 15.7349 0
    endloop
  endfacet
  facet normal 0 0 -1
    outer loop
      vertex 11.2134 -15.8387 0
      vertex 11.4047 15.7784 0
      vertex 11.4047 -15.7784 0
    endloop
  endfacet
  facet normal 0 0 -1
    outer loop
      vertex 11.2134 -15.8387 0
      vertex 11.2134 15.8387 0
      vertex 11.4047 15.7784 0
    endloop
  endfacet
  facet normal 0 0 -1
    outer loop
      vertex 11.028 -15.9155 0
      vertex 11.2134 15.8387 0
      vertex 11.2134 -15.8387 0
    endloop
  endfacet
  facet normal 0 0 -1
    outer loop
      vertex 11.028 -15.9155 0
      vertex 11.028 15.9155 0
      vertex 11.2134 15.8387 0
    endloop
  endfacet
  facet normal 0 0 -1
    outer loop
      vertex 10.85 -16.0081 0
      vertex 11.028 15.9155 0
      vertex 11.028 -15.9155 0
    endloop
  endfacet
  facet normal 0 0 -1
    outer loop
      vertex 10.85 -16.0081 0
      vertex 10.85 16.0081 0
      vertex 11.028 15.9155 0
    endloop
  endfacet
  facet normal 0 0 -1
    outer loop
      vertex 10.6808 -16.116 0
      vertex 10.85 16.0081 0
      vertex 10.85 -16.0081 0
    endloop
  endfacet
  facet normal 0 0 -1
    outer loop
      vertex 10.6808 -16.116 0
      vertex 10.6808 16.116 0
      vertex 10.85 16.0081 0
    endloop
  endfacet
  facet normal 0 0 -1
    outer loop
      vertex 9.91549 -17.028 0
      vertex -9.91549 -17.028 0
      vertex 10.0081 -16.85 0
    endloop
  endfacet
  facet normal 0 0 -1
    outer loop
      vertex -10.0081 -16.85 0
      vertex 10.0081 -16.85 0
      vertex -9.91549 -17.028 0
    endloop
  endfacet
  facet normal 0 0 -1
    outer loop
      vertex -9.91549 -17.028 0
      vertex 9.91549 -17.028 0
      vertex -9.83871 -17.2134 0
    endloop
  endfacet
  facet normal 0 0 -1
    outer loop
      vertex 10.0081 -16.85 0
      vertex -10.0081 -16.85 0
      vertex 10.116 -16.6808 0
    endloop
  endfacet
  facet normal 0 0 -1
    outer loop
      vertex 9.83871 -17.2134 0
      vertex -9.83871 -17.2134 0
      vertex 9.91549 -17.028 0
    endloop
  endfacet
  facet normal 0 0 -1
    outer loop
      vertex 10.6808 16.116 0
      vertex -9.7 18 0
      vertex 10.5216 16.2381 0
    endloop
  endfacet
  facet normal 0 0 -1
    outer loop
      vertex -9.83871 -17.2134 0
      vertex 9.83871 -17.2134 0
      vertex -9.77837 -17.4047 0
    endloop
  endfacet
  facet normal 0 0 -1
    outer loop
      vertex 10.5216 16.2381 0
      vertex -9.7 18 0
      vertex 10.3737 16.3737 0
    endloop
  endfacet
  facet normal 0 0 -1
    outer loop
      vertex 9.77837 -17.4047 0
      vertex -9.77837 -17.4047 0
      vertex 9.83871 -17.2134 0
    endloop
  endfacet
  facet normal 0 0 -1
    outer loop
      vertex 10.3737 16.3737 0
      vertex -9.7 18 0
      vertex 10.2381 16.5216 0
    endloop
  endfacet
  facet normal 0 0 -1
    outer loop
      vertex -9.77837 -17.4047 0
      vertex 9.77837 -17.4047 0
      vertex -9.73494 -17.6006 0
    endloop
  endfacet
  facet normal 0 0 -1
    outer loop
      vertex 10.2381 16.5216 0
      vertex -9.7 18 0
      vertex 10.116 16.6808 0
    endloop
  endfacet
  facet normal 0 0 -1
    outer loop
      vertex 9.73494 -17.6006 0
      vertex -9.73494 -17.6006 0
      vertex 9.77837 -17.4047 0
    endloop
  endfacet
  facet normal 0 0 -1
    outer loop
      vertex 10.116 16.6808 0
      vertex -9.7 18 0
      vertex 10.0081 16.85 0
    endloop
  endfacet
  facet normal 0 0 -1
    outer loop
      vertex -9.73494 -17.6006 0
      vertex 9.73494 -17.6006 0
      vertex -9.70875 -17.7995 0
    endloop
  endfacet
  facet normal 0 0 -1
    outer loop
      vertex 10.0081 16.85 0
      vertex -9.7 18 0
      vertex 9.91549 17.028 0
    endloop
  endfacet
  facet normal 0 0 -1
    outer loop
      vertex 9.70875 -17.7995 0
      vertex -9.70875 -17.7995 0
      vertex 9.73494 -17.6006 0
    endloop
  endfacet
  facet normal 0 0 -1
    outer loop
      vertex 9.91549 17.028 0
      vertex -9.7 18 0
      vertex 9.83871 17.2134 0
    endloop
  endfacet
  facet normal 0 0 -1
    outer loop
      vertex -9.70875 -17.7995 0
      vertex 9.70875 -17.7995 0
      vertex -9.7 -18 0
    endloop
  endfacet
  facet normal 0 0 -1
    outer loop
      vertex 9.83871 17.2134 0
      vertex -9.7 18 0
      vertex 9.77837 17.4047 0
    endloop
  endfacet
  facet normal 0 0 -1
    outer loop
      vertex -9.7 -18 0
      vertex 9.70875 -17.7995 0
      vertex 9.7 -18 0
    endloop
  endfacet
  facet normal 0 0 -1
    outer loop
      vertex 9.77837 17.4047 0
      vertex -9.7 18 0
      vertex 9.73494 17.6006 0
    endloop
  endfacet
  facet normal 0 0 -1
    outer loop
      vertex 14.0845 -17.028 0
      vertex 17.6223 -17.4077 0
      vertex 14.1613 -17.2134 0
    endloop
  endfacet
  facet normal 0 0 -1
    outer loop
      vertex 17.6223 -17.4077 0
      vertex 14.0845 -17.028 0
      vertex 17.8994 -16.7388 0
    endloop
  endfacet
  facet normal 0 0 -1
    outer loop
      vertex 14.1613 -17.2134 0
      vertex 17.6223 -17.4077 0
      vertex 14.2216 -17.4047 0
    endloop
  endfacet
  facet normal 0 0 -1
    outer loop
      vertex 13.9919 -16.85 0
      vertex 17.8994 -16.7388 0
      vertex 14.0845 -17.028 0
    endloop
  endfacet
  facet normal 0 0 -1
    outer loop
      vertex 17.288 -18.05 0
      vertex 14.2216 -17.4047 0
      vertex 17.6223 -17.4077 0
    endloop
  endfacet
  facet normal 0 0 -1
    outer loop
      vertex 18.4 13.9 0
      vertex 14.3 18 0
      vertex 18.3684 14.6234 0
    endloop
  endfacet
  facet normal 0 0 -1
    outer loop
      vertex 14.2216 -17.4047 0
      vertex 17.288 -18.05 0
      vertex 14.2651 -17.6006 0
    endloop
  endfacet
  facet normal 0 0 -1
    outer loop
      vertex 18.3684 14.6234 0
      vertex 14.3 18 0
      vertex 18.2739 15.3413 0
    endloop
  endfacet
  facet normal 0 0 -1
    outer loop
      vertex 14.2651 -17.6006 0
      vertex 17.288 -18.05 0
      vertex 14.2912 -17.7995 0
    endloop
  endfacet
  facet normal 0 0 -1
    outer loop
      vertex 18.2739 15.3413 0
      vertex 14.3 18 0
      vertex 18.1172 16.0482 0
    endloop
  endfacet
  facet normal 0 0 -1
    outer loop
      vertex 16.899 -18.6607 0
      vertex 14.2912 -17.7995 0
      vertex 17.288 -18.05 0
    endloop
  endfacet
  facet normal 0 0 -1
    outer loop
      vertex 18.1172 16.0482 0
      vertex 14.3 18 0
      vertex 17.8994 16.7388 0
    endloop
  endfacet
  facet normal 0 0 -1
    outer loop
      vertex 14.2912 -17.7995 0
      vertex 16.899 -18.6607 0
      vertex 14.3 -18 0
    endloop
  endfacet
  facet normal 0 0 -1
    outer loop
      vertex 17.8994 16.7388 0
      vertex 14.3 18 0
      vertex 17.6223 17.4077 0
    endloop
  endfacet
  facet normal 0 0 -1
    outer loop
      vertex 14.3 -18 0
      vertex 16.899 -18.6607 0
      vertex 16.4582 -19.2351 0
    endloop
  endfacet
  facet normal 0 0 -1
    outer loop
      vertex 17.6223 17.4077 0
      vertex 14.3 18 0
      vertex 17.288 18.05 0
    endloop
  endfacet
  facet normal 0 0 -1
    outer loop
      vertex 14.2651 -18.3994 0
      vertex 16.4582 -19.2351 0
      vertex 15.969 -19.769 0
    endloop
  endfacet
  facet normal -0 0 -1
    outer loop
      vertex 17.288 18.05 0
      vertex 14.3 18 0
      vertex 16.899 18.6607 0
    endloop
  endfacet
  facet normal 0 0 -1
    outer loop
      vertex 14.0845 -18.972 0
      vertex 15.969 -19.769 0
      vertex 15.4351 -20.2582 0
    endloop
  endfacet
  facet normal -0 0 -1
    outer loop
      vertex 16.899 18.6607 0
      vertex 14.3 18 0
      vertex 16.4582 19.2351 0
    endloop
  endfacet
  facet normal 0 0 -1
    outer loop
      vertex 13.884 -19.3192 0
      vertex 15.4351 -20.2582 0
      vertex 14.8607 -20.699 0
    endloop
  endfacet
  facet normal 0 0 -1
    outer loop
      vertex 14.2912 18.2005 0
      vertex 16.4582 19.2351 0
      vertex 14.3 18 0
    endloop
  endfacet
  facet normal 0 0 -1
    outer loop
      vertex 14.2651 18.3994 0
      vertex 16.4582 19.2351 0
      vertex 14.2912 18.2005 0
    endloop
  endfacet
  facet normal 0 0 -1
    outer loop
      vertex 16.4582 -19.2351 0
      vertex 14.2912 -18.2005 0
      vertex 14.3 -18 0
    endloop
  endfacet
  facet normal 0 0 -1
    outer loop
      vertex 16.4582 -19.2351 0
      vertex 14.2651 -18.3994 0
      vertex 14.2912 -18.2005 0
    endloop
  endfacet
  facet normal 0 0 -1
    outer loop
      vertex 13.6263 -19.6263 0
      vertex 14.8607 -20.699 0
      vertex 14.25 -21.088 0
    endloop
  endfacet
  facet normal 0 0 -1
    outer loop
      vertex 15.969 -19.769 0
      vertex 14.2216 -18.5953 0
      vertex 14.2651 -18.3994 0
    endloop
  endfacet
  facet normal 0 0 -1
    outer loop
      vertex 15.969 -19.769 0
      vertex 14.1613 -18.7866 0
      vertex 14.2216 -18.5953 0
    endloop
  endfacet
  facet normal 0 0 -1
    outer loop
      vertex 15.969 -19.769 0
      vertex 14.0845 -18.972 0
      vertex 14.1613 -18.7866 0
    endloop
  endfacet
  facet normal 0 0 -1
    outer loop
      vertex 15.4351 -20.2582 0
      vertex 13.9919 -19.15 0
      vertex 14.0845 -18.972 0
    endloop
  endfacet
  facet normal 0 0 -1
    outer loop
      vertex 15.4351 -20.2582 0
      vertex 13.884 -19.3192 0
      vertex 13.9919 -19.15 0
    endloop
  endfacet
  facet normal 0 0 -1
    outer loop
      vertex 14.8607 -20.699 0
      vertex 13.7619 -19.4784 0
      vertex 13.884 -19.3192 0
    endloop
  endfacet
  facet normal 0 0 -1
    outer loop
      vertex 14.8607 -20.699 0
      vertex 13.6263 -19.6263 0
      vertex 13.7619 -19.4784 0
    endloop
  endfacet
  facet normal 0 0 -1
    outer loop
      vertex 13.15 -19.9919 0
      vertex 14.25 -21.088 0
      vertex 13.6077 -21.4223 0
    endloop
  endfacet
  facet normal 0 0 -1
    outer loop
      vertex 14.25 -21.088 0
      vertex 13.4784 -19.7619 0
      vertex 13.6263 -19.6263 0
    endloop
  endfacet
  facet normal 0 0 -1
    outer loop
      vertex 14.25 -21.088 0
      vertex 13.3192 -19.884 0
      vertex 13.4784 -19.7619 0
    endloop
  endfacet
  facet normal 0 0 -1
    outer loop
      vertex 14.25 -21.088 0
      vertex 13.15 -19.9919 0
      vertex 13.3192 -19.884 0
    endloop
  endfacet
  facet normal 0 0 -1
    outer loop
      vertex 13.6077 -21.4223 0
      vertex 12.972 -20.0845 0
      vertex 13.15 -19.9919 0
    endloop
  endfacet
  facet normal 0 0 -1
    outer loop
      vertex 12.7866 -20.1613 0
      vertex 13.6077 -21.4223 0
      vertex 12.9388 -21.6994 0
    endloop
  endfacet
  facet normal 0 0 -1
    outer loop
      vertex 13.6077 -21.4223 0
      vertex 12.7866 -20.1613 0
      vertex 12.972 -20.0845 0
    endloop
  endfacet
  facet normal 0 0 -1
    outer loop
      vertex 12.9388 -21.6994 0
      vertex 12.5953 -20.2216 0
      vertex 12.7866 -20.1613 0
    endloop
  endfacet
  facet normal 0 0 -1
    outer loop
      vertex 12.9388 -21.6994 0
      vertex 12.3994 -20.2651 0
      vertex 12.5953 -20.2216 0
    endloop
  endfacet
  facet normal 0 0 -1
    outer loop
      vertex 12.2005 -20.2912 0
      vertex 12.9388 -21.6994 0
      vertex 12.2482 -21.9172 0
    endloop
  endfacet
  facet normal 0 0 -1
    outer loop
      vertex 12.9388 -21.6994 0
      vertex 12.2005 -20.2912 0
      vertex 12.3994 -20.2651 0
    endloop
  endfacet
  facet normal 0 0 -1
    outer loop
      vertex 12.2482 -21.9172 0
      vertex 12 -20.3 0
      vertex 12.2005 -20.2912 0
    endloop
  endfacet
  facet normal 0 0 -1
    outer loop
      vertex 12.2482 -21.9172 0
      vertex 11.7995 -20.2912 0
      vertex 12 -20.3 0
    endloop
  endfacet
  facet normal 0 0 -1
    outer loop
      vertex 11.5413 -22.0739 0
      vertex 11.7995 -20.2912 0
      vertex 12.2482 -21.9172 0
    endloop
  endfacet
  facet normal -0 0 -1
    outer loop
      vertex 11.7995 -20.2912 0
      vertex 11.5413 -22.0739 0
      vertex 11.6006 -20.2651 0
    endloop
  endfacet
  facet normal 0 0 -1
    outer loop
      vertex 11.5413 -22.0739 0
      vertex 11.4047 -20.2216 0
      vertex 11.6006 -20.2651 0
    endloop
  endfacet
  facet normal 0 0 -1
    outer loop
      vertex 10.8234 -22.1684 0
      vertex 11.4047 -20.2216 0
      vertex 11.5413 -22.0739 0
    endloop
  endfacet
  facet normal -0 0 -1
    outer loop
      vertex 11.4047 -20.2216 0
      vertex 10.8234 -22.1684 0
      vertex 11.2134 -20.1613 0
    endloop
  endfacet
  facet normal -0 0 -1
    outer loop
      vertex 11.2134 -20.1613 0
      vertex 10.8234 -22.1684 0
      vertex 11.028 -20.0845 0
    endloop
  endfacet
  facet normal 0 0 -1
    outer loop
      vertex 10.1 -22.2 0
      vertex 11.028 -20.0845 0
      vertex 10.8234 -22.1684 0
    endloop
  endfacet
  facet normal -0 0 -1
    outer loop
      vertex 11.028 -20.0845 0
      vertex 10.1 -22.2 0
      vertex 10.85 -19.9919 0
    endloop
  endfacet
  facet normal -0 0 -1
    outer loop
      vertex 10.85 -19.9919 0
      vertex 10.1 -22.2 0
      vertex 10.6808 -19.884 0
    endloop
  endfacet
  facet normal -0 0 -1
    outer loop
      vertex 10.6808 -19.884 0
      vertex 10.1 -22.2 0
      vertex 10.5216 -19.7619 0
    endloop
  endfacet
  facet normal -0 0 -1
    outer loop
      vertex 10.5216 -19.7619 0
      vertex 10.1 -22.2 0
      vertex 10.3737 -19.6263 0
    endloop
  endfacet
  facet normal -0 0 -1
    outer loop
      vertex 10.3737 -19.6263 0
      vertex 10.1 -22.2 0
      vertex 10.2381 -19.4784 0
    endloop
  endfacet
  facet normal -0 0 -1
    outer loop
      vertex 10.2381 -19.4784 0
      vertex 10.1 -22.2 0
      vertex 10.116 -19.3192 0
    endloop
  endfacet
  facet normal 0 0 -1
    outer loop
      vertex 10.1 -22.2 0
      vertex 10.0081 -19.15 0
      vertex 10.116 -19.3192 0
    endloop
  endfacet
  facet normal 0 0 -1
    outer loop
      vertex 10.1 -22.2 0
      vertex 9.91549 -18.972 0
      vertex 10.0081 -19.15 0
    endloop
  endfacet
  facet normal 0 0 -1
    outer loop
      vertex 10.1 -22.2 0
      vertex 9.83871 -18.7866 0
      vertex 9.91549 -18.972 0
    endloop
  endfacet
  facet normal 0 0 -1
    outer loop
      vertex 10.1 -22.2 0
      vertex 9.77837 -18.5953 0
      vertex 9.83871 -18.7866 0
    endloop
  endfacet
  facet normal 0 0 -1
    outer loop
      vertex -9.77837 -18.5953 0
      vertex 9.77837 -18.5953 0
      vertex 10.1 -22.2 0
    endloop
  endfacet
  facet normal 0 0 -1
    outer loop
      vertex 9.77837 -18.5953 0
      vertex -9.77837 -18.5953 0
      vertex 9.73494 -18.3994 0
    endloop
  endfacet
  facet normal 0 0 -1
    outer loop
      vertex 9.73494 17.6006 0
      vertex -9.7 18 0
      vertex 9.70875 17.7995 0
    endloop
  endfacet
  facet normal 0 0 -1
    outer loop
      vertex 9.70875 -18.2005 0
      vertex -9.7 -18 0
      vertex 9.7 -18 0
    endloop
  endfacet
  facet normal 0 -0 -1
    outer loop
      vertex -9.73494 -18.3994 0
      vertex 9.73494 -18.3994 0
      vertex -9.77837 -18.5953 0
    endloop
  endfacet
  facet normal 0 0 -1
    outer loop
      vertex 9.70875 -18.2005 0
      vertex -9.70875 -18.2005 0
      vertex -9.7 -18 0
    endloop
  endfacet
  facet normal -0 0 -1
    outer loop
      vertex 9.70875 -18.2005 0
      vertex -9.73494 -18.3994 0
      vertex -9.70875 -18.2005 0
    endloop
  endfacet
  facet normal 0 0 -1
    outer loop
      vertex 9.73494 -18.3994 0
      vertex -9.73494 -18.3994 0
      vertex 9.70875 -18.2005 0
    endloop
  endfacet
  facet normal 0 0 -1
    outer loop
      vertex -10.1 -22.2 0
      vertex -9.77837 -18.5953 0
      vertex 10.1 -22.2 0
    endloop
  endfacet
  facet normal 0 0 -1
    outer loop
      vertex -9.77837 -18.5953 0
      vertex -10.1 -22.2 0
      vertex -9.83871 -18.7866 0
    endloop
  endfacet
  facet normal 0 0 -1
    outer loop
      vertex -9.83871 -18.7866 0
      vertex -10.1 -22.2 0
      vertex -9.91549 -18.972 0
    endloop
  endfacet
  facet normal 0 0 -1
    outer loop
      vertex -9.91549 -18.972 0
      vertex -10.1 -22.2 0
      vertex -10.0081 -19.15 0
    endloop
  endfacet
  facet normal 0 0 -1
    outer loop
      vertex -10.1 -22.2 0
      vertex -10.116 -19.3192 0
      vertex -10.0081 -19.15 0
    endloop
  endfacet
  facet normal 0 0 -1
    outer loop
      vertex -10.1 -22.2 0
      vertex -10.2381 -19.4784 0
      vertex -10.116 -19.3192 0
    endloop
  endfacet
  facet normal 0 0 -1
    outer loop
      vertex -10.1 -22.2 0
      vertex -10.3737 -19.6263 0
      vertex -10.2381 -19.4784 0
    endloop
  endfacet
  facet normal 0 0 -1
    outer loop
      vertex -10.1 -22.2 0
      vertex -10.5216 -19.7619 0
      vertex -10.3737 -19.6263 0
    endloop
  endfacet
  facet normal 0 0 -1
    outer loop
      vertex -10.1 -22.2 0
      vertex -10.6808 -19.884 0
      vertex -10.5216 -19.7619 0
    endloop
  endfacet
  facet normal 0 0 -1
    outer loop
      vertex -11.028 -20.0845 0
      vertex -10.1 -22.2 0
      vertex -10.8234 -22.1684 0
    endloop
  endfacet
  facet normal 0 0 -1
    outer loop
      vertex -10.1 -22.2 0
      vertex -10.85 -19.9919 0
      vertex -10.6808 -19.884 0
    endloop
  endfacet
  facet normal 0 0 -1
    outer loop
      vertex -10.1 -22.2 0
      vertex -11.028 -20.0845 0
      vertex -10.85 -19.9919 0
    endloop
  endfacet
  facet normal 0 0 -1
    outer loop
      vertex -10.8234 -22.1684 0
      vertex -11.2134 -20.1613 0
      vertex -11.028 -20.0845 0
    endloop
  endfacet
  facet normal 0 0 -1
    outer loop
      vertex -10.8234 -22.1684 0
      vertex -11.4047 -20.2216 0
      vertex -11.2134 -20.1613 0
    endloop
  endfacet
  facet normal 0 0 -1
    outer loop
      vertex -11.5413 -22.0739 0
      vertex -11.4047 -20.2216 0
      vertex -10.8234 -22.1684 0
    endloop
  endfacet
  facet normal 0 0 -1
    outer loop
      vertex -11.5413 -22.0739 0
      vertex -11.6006 -20.2651 0
      vertex -11.4047 -20.2216 0
    endloop
  endfacet
  facet normal 0 0 -1
    outer loop
      vertex -11.5413 -22.0739 0
      vertex -11.7995 -20.2912 0
      vertex -11.6006 -20.2651 0
    endloop
  endfacet
  facet normal 0 0 -1
    outer loop
      vertex -12.2482 -21.9172 0
      vertex -11.7995 -20.2912 0
      vertex -11.5413 -22.0739 0
    endloop
  endfacet
  facet normal 0 0 -1
    outer loop
      vertex -11.7995 -20.2912 0
      vertex -12.2482 -21.9172 0
      vertex -12 -20.3 0
    endloop
  endfacet
  facet normal -0 0 -1
    outer loop
      vertex -12 -20.3 0
      vertex -12.2482 -21.9172 0
      vertex -12.2005 -20.2912 0
    endloop
  endfacet
  facet normal 0 0 -1
    outer loop
      vertex -12.9388 -21.6994 0
      vertex -12.2005 -20.2912 0
      vertex -12.2482 -21.9172 0
    endloop
  endfacet
  facet normal -0 0 -1
    outer loop
      vertex -12.2005 -20.2912 0
      vertex -12.9388 -21.6994 0
      vertex -12.3994 -20.2651 0
    endloop
  endfacet
  facet normal -0 0 -1
    outer loop
      vertex -12.3994 -20.2651 0
      vertex -12.9388 -21.6994 0
      vertex -12.5953 -20.2216 0
    endloop
  endfacet
  facet normal -0 0 -1
    outer loop
      vertex -12.5953 -20.2216 0
      vertex -12.9388 -21.6994 0
      vertex -12.7866 -20.1613 0
    endloop
  endfacet
  facet normal 0 0 -1
    outer loop
      vertex -13.6077 -21.4223 0
      vertex -12.7866 -20.1613 0
      vertex -12.9388 -21.6994 0
    endloop
  endfacet
  facet normal -0 0 -1
    outer loop
      vertex -12.7866 -20.1613 0
      vertex -13.6077 -21.4223 0
      vertex -12.972 -20.0845 0
    endloop
  endfacet
  facet normal -0 0 -1
    outer loop
      vertex -12.972 -20.0845 0
      vertex -13.6077 -21.4223 0
      vertex -13.15 -19.9919 0
    endloop
  endfacet
  facet normal 0 0 -1
    outer loop
      vertex -14.25 -21.088 0
      vertex -13.15 -19.9919 0
      vertex -13.6077 -21.4223 0
    endloop
  endfacet
  facet normal -0 0 -1
    outer loop
      vertex -13.15 -19.9919 0
      vertex -14.25 -21.088 0
      vertex -13.3192 -19.884 0
    endloop
  endfacet
  facet normal -0 0 -1
    outer loop
      vertex -13.3192 -19.884 0
      vertex -14.25 -21.088 0
      vertex -13.4784 -19.7619 0
    endloop
  endfacet
  facet normal -0 0 -1
    outer loop
      vertex -13.4784 -19.7619 0
      vertex -14.25 -21.088 0
      vertex -13.6263 -19.6263 0
    endloop
  endfacet
  facet normal 0 0 -1
    outer loop
      vertex -14.8607 -20.699 0
      vertex -13.6263 -19.6263 0
      vertex -14.25 -21.088 0
    endloop
  endfacet
  facet normal -0 0 -1
    outer loop
      vertex -13.6263 -19.6263 0
      vertex -14.8607 -20.699 0
      vertex -13.7619 -19.4784 0
    endloop
  endfacet
  facet normal -0 0 -1
    outer loop
      vertex -13.7619 -19.4784 0
      vertex -14.8607 -20.699 0
      vertex -13.884 -19.3192 0
    endloop
  endfacet
  facet normal 0 0 -1
    outer loop
      vertex -15.4351 -20.2582 0
      vertex -13.884 -19.3192 0
      vertex -14.8607 -20.699 0
    endloop
  endfacet
  facet normal -0 0 -1
    outer loop
      vertex -13.884 -19.3192 0
      vertex -15.4351 -20.2582 0
      vertex -13.9919 -19.15 0
    endloop
  endfacet
  facet normal -0 0 -1
    outer loop
      vertex -13.9919 -19.15 0
      vertex -15.4351 -20.2582 0
      vertex -14.0845 -18.972 0
    endloop
  endfacet
  facet normal 0 0 -1
    outer loop
      vertex -15.969 -19.769 0
      vertex -14.0845 -18.972 0
      vertex -15.4351 -20.2582 0
    endloop
  endfacet
  facet normal -0 0 -1
    outer loop
      vertex -14.0845 -18.972 0
      vertex -15.969 -19.769 0
      vertex -14.1613 -18.7866 0
    endloop
  endfacet
  facet normal -0 0 -1
    outer loop
      vertex -14.1613 -18.7866 0
      vertex -15.969 -19.769 0
      vertex -14.2216 -18.5953 0
    endloop
  endfacet
  facet normal 0 0 -1
    outer loop
      vertex -16.4582 -19.2351 0
      vertex -14.2651 -18.3994 0
      vertex -15.969 -19.769 0
    endloop
  endfacet
  facet normal -0 0 -1
    outer loop
      vertex -14.2216 -18.5953 0
      vertex -15.969 -19.769 0
      vertex -14.2651 -18.3994 0
    endloop
  endfacet
  facet normal -0 0 -1
    outer loop
      vertex 16.4582 19.2351 0
      vertex 14.2651 18.3994 0
      vertex 15.969 19.769 0
    endloop
  endfacet
  facet normal 0 0 -1
    outer loop
      vertex 14.2216 18.5953 0
      vertex 15.969 19.769 0
      vertex 14.2651 18.3994 0
    endloop
  endfacet
  facet normal 0 0 -1
    outer loop
      vertex 14.1613 18.7866 0
      vertex 15.969 19.769 0
      vertex 14.2216 18.5953 0
    endloop
  endfacet
  facet normal 0 0 -1
    outer loop
      vertex 14.0845 18.972 0
      vertex 15.969 19.769 0
      vertex 14.1613 18.7866 0
    endloop
  endfacet
  facet normal -0 0 -1
    outer loop
      vertex 15.969 19.769 0
      vertex 14.0845 18.972 0
      vertex 15.4351 20.2582 0
    endloop
  endfacet
  facet normal 0 0 -1
    outer loop
      vertex 13.9919 19.15 0
      vertex 15.4351 20.2582 0
      vertex 14.0845 18.972 0
    endloop
  endfacet
  facet normal 0 0 -1
    outer loop
      vertex 13.884 19.3192 0
      vertex 15.4351 20.2582 0
      vertex 13.9919 19.15 0
    endloop
  endfacet
  facet normal -0 0 -1
    outer loop
      vertex 15.4351 20.2582 0
      vertex 13.884 19.3192 0
      vertex 14.8607 20.699 0
    endloop
  endfacet
  facet normal 0 0 -1
    outer loop
      vertex 13.7619 19.4784 0
      vertex 14.8607 20.699 0
      vertex 13.884 19.3192 0
    endloop
  endfacet
  facet normal 0 0 -1
    outer loop
      vertex 13.6263 19.6263 0
      vertex 14.8607 20.699 0
      vertex 13.7619 19.4784 0
    endloop
  endfacet
  facet normal -0 0 -1
    outer loop
      vertex 14.8607 20.699 0
      vertex 13.6263 19.6263 0
      vertex 14.25 21.088 0
    endloop
  endfacet
  facet normal 0 0 -1
    outer loop
      vertex 13.4784 19.7619 0
      vertex 14.25 21.088 0
      vertex 13.6263 19.6263 0
    endloop
  endfacet
  facet normal 0 0 -1
    outer loop
      vertex 13.3192 19.884 0
      vertex 14.25 21.088 0
      vertex 13.4784 19.7619 0
    endloop
  endfacet
  facet normal 0 0 -1
    outer loop
      vertex 13.15 19.9919 0
      vertex 14.25 21.088 0
      vertex 13.3192 19.884 0
    endloop
  endfacet
  facet normal -0 0 -1
    outer loop
      vertex 14.25 21.088 0
      vertex 13.15 19.9919 0
      vertex 13.6077 21.4223 0
    endloop
  endfacet
  facet normal 0 0 -1
    outer loop
      vertex 12.972 20.0845 0
      vertex 13.6077 21.4223 0
      vertex 13.15 19.9919 0
    endloop
  endfacet
  facet normal 0 0 -1
    outer loop
      vertex 12.7866 20.1613 0
      vertex 13.6077 21.4223 0
      vertex 12.972 20.0845 0
    endloop
  endfacet
  facet normal -0 0 -1
    outer loop
      vertex 13.6077 21.4223 0
      vertex 12.7866 20.1613 0
      vertex 12.9388 21.6994 0
    endloop
  endfacet
  facet normal 0 0 -1
    outer loop
      vertex 12.5953 20.2216 0
      vertex 12.9388 21.6994 0
      vertex 12.7866 20.1613 0
    endloop
  endfacet
  facet normal 0 0 -1
    outer loop
      vertex 12.3994 20.2651 0
      vertex 12.9388 21.6994 0
      vertex 12.5953 20.2216 0
    endloop
  endfacet
  facet normal 0 0 -1
    outer loop
      vertex 12.2005 20.2912 0
      vertex 12.9388 21.6994 0
      vertex 12.3994 20.2651 0
    endloop
  endfacet
  facet normal -0 0 -1
    outer loop
      vertex 12.9388 21.6994 0
      vertex 12.2005 20.2912 0
      vertex 12.2482 21.9172 0
    endloop
  endfacet
  facet normal 0 0 -1
    outer loop
      vertex 12 20.3 0
      vertex 12.2482 21.9172 0
      vertex 12.2005 20.2912 0
    endloop
  endfacet
  facet normal 0 0 -1
    outer loop
      vertex 11.7995 20.2912 0
      vertex 12.2482 21.9172 0
      vertex 12 20.3 0
    endloop
  endfacet
  facet normal 0 0 -1
    outer loop
      vertex 11.5413 22.0739 0
      vertex 11.7995 20.2912 0
      vertex 11.6006 20.2651 0
    endloop
  endfacet
  facet normal 0 0 -1
    outer loop
      vertex 11.7995 20.2912 0
      vertex 11.5413 22.0739 0
      vertex 12.2482 21.9172 0
    endloop
  endfacet
  facet normal 0 0 -1
    outer loop
      vertex 11.4047 20.2216 0
      vertex 11.5413 22.0739 0
      vertex 11.6006 20.2651 0
    endloop
  endfacet
  facet normal 0 0 -1
    outer loop
      vertex 10.8234 22.1684 0
      vertex 11.4047 20.2216 0
      vertex 11.2134 20.1613 0
    endloop
  endfacet
  facet normal 0 0 -1
    outer loop
      vertex 10.8234 22.1684 0
      vertex 11.2134 20.1613 0
      vertex 11.028 20.0845 0
    endloop
  endfacet
  facet normal 0 0 -1
    outer loop
      vertex 10.1 22.2 0
      vertex 11.028 20.0845 0
      vertex 10.85 19.9919 0
    endloop
  endfacet
  facet normal 0 0 -1
    outer loop
      vertex 11.4047 20.2216 0
      vertex 10.8234 22.1684 0
      vertex 11.5413 22.0739 0
    endloop
  endfacet
  facet normal 0 0 -1
    outer loop
      vertex 10.1 22.2 0
      vertex 10.85 19.9919 0
      vertex 10.6808 19.884 0
    endloop
  endfacet
  facet normal 0 0 -1
    outer loop
      vertex 10.1 22.2 0
      vertex 10.6808 19.884 0
      vertex 10.5216 19.7619 0
    endloop
  endfacet
  facet normal 0 0 -1
    outer loop
      vertex 10.1 22.2 0
      vertex 10.5216 19.7619 0
      vertex 10.3737 19.6263 0
    endloop
  endfacet
  facet normal 0 0 -1
    outer loop
      vertex 10.1 22.2 0
      vertex 10.3737 19.6263 0
      vertex 10.2381 19.4784 0
    endloop
  endfacet
  facet normal 0 0 -1
    outer loop
      vertex 10.1 22.2 0
      vertex 10.2381 19.4784 0
      vertex 10.116 19.3192 0
    endloop
  endfacet
  facet normal 0 0 -1
    outer loop
      vertex 11.028 20.0845 0
      vertex 10.1 22.2 0
      vertex 10.8234 22.1684 0
    endloop
  endfacet
  facet normal 0 0 -1
    outer loop
      vertex 10.0081 19.15 0
      vertex 10.1 22.2 0
      vertex 10.116 19.3192 0
    endloop
  endfacet
  facet normal 0 0 -1
    outer loop
      vertex 9.91549 18.972 0
      vertex 10.1 22.2 0
      vertex 10.0081 19.15 0
    endloop
  endfacet
  facet normal 0 0 -1
    outer loop
      vertex 9.83871 18.7866 0
      vertex 10.1 22.2 0
      vertex 9.91549 18.972 0
    endloop
  endfacet
  facet normal 0 0 -1
    outer loop
      vertex 9.77837 18.5953 0
      vertex 10.1 22.2 0
      vertex 9.83871 18.7866 0
    endloop
  endfacet
  facet normal 0 0 -1
    outer loop
      vertex -9.77837 18.5953 0
      vertex 9.77837 18.5953 0
      vertex 9.73494 18.3994 0
    endloop
  endfacet
  facet normal 0 0 -1
    outer loop
      vertex -9.73494 18.3994 0
      vertex 9.73494 18.3994 0
      vertex 9.70875 18.2005 0
    endloop
  endfacet
  facet normal 0 0 -1
    outer loop
      vertex 9.70875 17.7995 0
      vertex -9.7 18 0
      vertex 9.7 18 0
    endloop
  endfacet
  facet normal 0 0 -1
    outer loop
      vertex 9.7 18 0
      vertex -9.7 18 0
      vertex 9.70875 18.2005 0
    endloop
  endfacet
  facet normal 0 0 -1
    outer loop
      vertex -9.70875 18.2005 0
      vertex 9.70875 18.2005 0
      vertex -9.7 18 0
    endloop
  endfacet
  facet normal 0 0 -1
    outer loop
      vertex -9.73494 18.3994 0
      vertex 9.70875 18.2005 0
      vertex -9.70875 18.2005 0
    endloop
  endfacet
  facet normal 0 0 -1
    outer loop
      vertex 9.73494 18.3994 0
      vertex -9.73494 18.3994 0
      vertex -9.77837 18.5953 0
    endloop
  endfacet
  facet normal 0 0 -1
    outer loop
      vertex 9.77837 18.5953 0
      vertex -9.77837 18.5953 0
      vertex 10.1 22.2 0
    endloop
  endfacet
  facet normal 0 0 -1
    outer loop
      vertex -10.1 22.2 0
      vertex -9.77837 18.5953 0
      vertex -9.83871 18.7866 0
    endloop
  endfacet
  facet normal 0 0 -1
    outer loop
      vertex -10.1 22.2 0
      vertex -9.83871 18.7866 0
      vertex -9.91549 18.972 0
    endloop
  endfacet
  facet normal 0 0 -1
    outer loop
      vertex -10.1 22.2 0
      vertex -9.91549 18.972 0
      vertex -10.0081 19.15 0
    endloop
  endfacet
  facet normal 0 0 -1
    outer loop
      vertex -9.77837 18.5953 0
      vertex -10.1 22.2 0
      vertex 10.1 22.2 0
    endloop
  endfacet
  facet normal 0 0 -1
    outer loop
      vertex -10.116 19.3192 0
      vertex -10.1 22.2 0
      vertex -10.0081 19.15 0
    endloop
  endfacet
  facet normal 0 0 -1
    outer loop
      vertex -10.2381 19.4784 0
      vertex -10.1 22.2 0
      vertex -10.116 19.3192 0
    endloop
  endfacet
  facet normal 0 0 -1
    outer loop
      vertex -10.3737 19.6263 0
      vertex -10.1 22.2 0
      vertex -10.2381 19.4784 0
    endloop
  endfacet
  facet normal 0 0 -1
    outer loop
      vertex -10.5216 19.7619 0
      vertex -10.1 22.2 0
      vertex -10.3737 19.6263 0
    endloop
  endfacet
  facet normal 0 0 -1
    outer loop
      vertex -10.6808 19.884 0
      vertex -10.1 22.2 0
      vertex -10.5216 19.7619 0
    endloop
  endfacet
  facet normal 0 0 -1
    outer loop
      vertex -10.85 19.9919 0
      vertex -10.1 22.2 0
      vertex -10.6808 19.884 0
    endloop
  endfacet
  facet normal 0 0 -1
    outer loop
      vertex -11.028 20.0845 0
      vertex -10.1 22.2 0
      vertex -10.85 19.9919 0
    endloop
  endfacet
  facet normal 0 0 -1
    outer loop
      vertex -10.1 22.2 0
      vertex -11.028 20.0845 0
      vertex -10.8234 22.1684 0
    endloop
  endfacet
  facet normal 0 0 -1
    outer loop
      vertex -11.2134 20.1613 0
      vertex -10.8234 22.1684 0
      vertex -11.028 20.0845 0
    endloop
  endfacet
  facet normal 0 0 -1
    outer loop
      vertex -11.4047 20.2216 0
      vertex -10.8234 22.1684 0
      vertex -11.2134 20.1613 0
    endloop
  endfacet
  facet normal 0 0 -1
    outer loop
      vertex -11.4047 20.2216 0
      vertex -11.5413 22.0739 0
      vertex -10.8234 22.1684 0
    endloop
  endfacet
  facet normal 0 0 -1
    outer loop
      vertex -11.6006 20.2651 0
      vertex -11.5413 22.0739 0
      vertex -11.4047 20.2216 0
    endloop
  endfacet
  facet normal 0 0 -1
    outer loop
      vertex -11.7995 20.2912 0
      vertex -11.5413 22.0739 0
      vertex -11.6006 20.2651 0
    endloop
  endfacet
  facet normal 0 0 -1
    outer loop
      vertex -12.2482 21.9172 0
      vertex -11.7995 20.2912 0
      vertex -12 20.3 0
    endloop
  endfacet
  facet normal 0 0 -1
    outer loop
      vertex -12.2482 21.9172 0
      vertex -12 20.3 0
      vertex -12.2005 20.2912 0
    endloop
  endfacet
  facet normal 0 0 -1
    outer loop
      vertex -11.7995 20.2912 0
      vertex -12.2482 21.9172 0
      vertex -11.5413 22.0739 0
    endloop
  endfacet
  facet normal 0 0 -1
    outer loop
      vertex -12.9388 21.6994 0
      vertex -12.2005 20.2912 0
      vertex -12.3994 20.2651 0
    endloop
  endfacet
  facet normal 0 0 -1
    outer loop
      vertex -12.9388 21.6994 0
      vertex -12.3994 20.2651 0
      vertex -12.5953 20.2216 0
    endloop
  endfacet
  facet normal 0 0 -1
    outer loop
      vertex -12.9388 21.6994 0
      vertex -12.5953 20.2216 0
      vertex -12.7866 20.1613 0
    endloop
  endfacet
  facet normal 0 0 -1
    outer loop
      vertex -12.2005 20.2912 0
      vertex -12.9388 21.6994 0
      vertex -12.2482 21.9172 0
    endloop
  endfacet
  facet normal 0 0 -1
    outer loop
      vertex -13.6077 21.4223 0
      vertex -12.7866 20.1613 0
      vertex -12.972 20.0845 0
    endloop
  endfacet
  facet normal 0 0 -1
    outer loop
      vertex -13.6077 21.4223 0
      vertex -12.972 20.0845 0
      vertex -13.15 19.9919 0
    endloop
  endfacet
  facet normal 0 0 -1
    outer loop
      vertex -14.25 21.088 0
      vertex -13.15 19.9919 0
      vertex -13.3192 19.884 0
    endloop
  endfacet
  facet normal 0 0 -1
    outer loop
      vertex -14.25 21.088 0
      vertex -13.3192 19.884 0
      vertex -13.4784 19.7619 0
    endloop
  endfacet
  facet normal 0 0 -1
    outer loop
      vertex -12.7866 20.1613 0
      vertex -13.6077 21.4223 0
      vertex -12.9388 21.6994 0
    endloop
  endfacet
  facet normal 0 0 -1
    outer loop
      vertex -14.25 21.088 0
      vertex -13.4784 19.7619 0
      vertex -13.6263 19.6263 0
    endloop
  endfacet
  facet normal 0 0 -1
    outer loop
      vertex -14.8607 20.699 0
      vertex -13.6263 19.6263 0
      vertex -13.7619 19.4784 0
    endloop
  endfacet
  facet normal 0 0 -1
    outer loop
      vertex -14.8607 20.699 0
      vertex -13.7619 19.4784 0
      vertex -13.884 19.3192 0
    endloop
  endfacet
  facet normal 0 0 -1
    outer loop
      vertex -15.4351 20.2582 0
      vertex -13.884 19.3192 0
      vertex -13.9919 19.15 0
    endloop
  endfacet
  facet normal 0 0 -1
    outer loop
      vertex -15.4351 20.2582 0
      vertex -13.9919 19.15 0
      vertex -14.0845 18.972 0
    endloop
  endfacet
  facet normal 0 0 -1
    outer loop
      vertex -15.969 19.769 0
      vertex -14.0845 18.972 0
      vertex -14.1613 18.7866 0
    endloop
  endfacet
  facet normal 0 0 -1
    outer loop
      vertex -15.969 19.769 0
      vertex -14.1613 18.7866 0
      vertex -14.2216 18.5953 0
    endloop
  endfacet
  facet normal 0 0 -1
    outer loop
      vertex -13.15 19.9919 0
      vertex -14.25 21.088 0
      vertex -13.6077 21.4223 0
    endloop
  endfacet
  facet normal 0 0 -1
    outer loop
      vertex -15.969 19.769 0
      vertex -14.2216 18.5953 0
      vertex -14.2651 18.3994 0
    endloop
  endfacet
  facet normal 0 0 -1
    outer loop
      vertex -16.4582 19.2351 0
      vertex -14.2651 18.3994 0
      vertex -14.2912 18.2005 0
    endloop
  endfacet
  facet normal 0 0 -1
    outer loop
      vertex -16.4582 19.2351 0
      vertex -14.2912 18.2005 0
      vertex -14.3 18 0
    endloop
  endfacet
  facet normal 0 0 -1
    outer loop
      vertex -13.6263 19.6263 0
      vertex -14.8607 20.699 0
      vertex -14.25 21.088 0
    endloop
  endfacet
  facet normal -0 0 -1
    outer loop
      vertex -13.9919 16.85 0
      vertex -17.8994 16.7388 0
      vertex -14.0845 17.028 0
    endloop
  endfacet
  facet normal -0 0 -1
    outer loop
      vertex -14.2651 -18.3994 0
      vertex -16.4582 -19.2351 0
      vertex -14.2912 -18.2005 0
    endloop
  endfacet
  facet normal 0 -0 -1
    outer loop
      vertex -17.6223 17.4077 0
      vertex -14.0845 17.028 0
      vertex -17.8994 16.7388 0
    endloop
  endfacet
  facet normal -0 0 -1
    outer loop
      vertex -14.2912 -18.2005 0
      vertex -16.4582 -19.2351 0
      vertex -14.3 -18 0
    endloop
  endfacet
  facet normal 0 0 -1
    outer loop
      vertex -14.0845 17.028 0
      vertex -17.6223 17.4077 0
      vertex -14.1613 17.2134 0
    endloop
  endfacet
  facet normal 0 0 -1
    outer loop
      vertex -16.899 -18.6607 0
      vertex -14.3 -18 0
      vertex -16.4582 -19.2351 0
    endloop
  endfacet
  facet normal 0 0 -1
    outer loop
      vertex -13.884 19.3192 0
      vertex -15.4351 20.2582 0
      vertex -14.8607 20.699 0
    endloop
  endfacet
  facet normal 0 0 -1
    outer loop
      vertex -14.2912 -17.7995 0
      vertex -16.899 -18.6607 0
      vertex -17.288 -18.05 0
    endloop
  endfacet
  facet normal 0 0 -1
    outer loop
      vertex -14.0845 18.972 0
      vertex -15.969 19.769 0
      vertex -15.4351 20.2582 0
    endloop
  endfacet
  facet normal 0 0 -1
    outer loop
      vertex -14.2216 -17.4047 0
      vertex -17.288 -18.05 0
      vertex -17.6223 -17.4077 0
    endloop
  endfacet
  facet normal 0 0 -1
    outer loop
      vertex -14.2651 18.3994 0
      vertex -16.4582 19.2351 0
      vertex -15.969 19.769 0
    endloop
  endfacet
  facet normal -0 0 -1
    outer loop
      vertex -14.0845 -17.028 0
      vertex -17.6223 -17.4077 0
      vertex -17.8994 -16.7388 0
    endloop
  endfacet
  facet normal 0 0 -1
    outer loop
      vertex -14.3 18 0
      vertex -16.899 18.6607 0
      vertex -16.4582 19.2351 0
    endloop
  endfacet
  facet normal 0 0 -1
    outer loop
      vertex -13.9919 -16.85 0
      vertex -17.8994 -16.7388 0
      vertex -18.1172 -16.0482 0
    endloop
  endfacet
  facet normal 0 0 -1
    outer loop
      vertex -14.2912 17.7995 0
      vertex -16.899 18.6607 0
      vertex -14.3 18 0
    endloop
  endfacet
  facet normal 0 0 -1
    outer loop
      vertex -13.884 -16.6808 0
      vertex -18.1172 -16.0482 0
      vertex -18.2739 -15.3413 0
    endloop
  endfacet
  facet normal 0 -0 -1
    outer loop
      vertex -16.899 18.6607 0
      vertex -14.2912 17.7995 0
      vertex -17.288 18.05 0
    endloop
  endfacet
  facet normal 0 0 -1
    outer loop
      vertex -13.7619 -16.5216 0
      vertex -18.2739 -15.3413 0
      vertex -18.3684 -14.6234 0
    endloop
  endfacet
  facet normal 0 0 -1
    outer loop
      vertex -14.2651 17.6006 0
      vertex -17.288 18.05 0
      vertex -14.2912 17.7995 0
    endloop
  endfacet
  facet normal 0 0 -1
    outer loop
      vertex -13.4784 -16.2381 0
      vertex -18.3684 -14.6234 0
      vertex -18.4 -13.9 0
    endloop
  endfacet
  facet normal 0 0 -1
    outer loop
      vertex -14.2216 17.4047 0
      vertex -17.288 18.05 0
      vertex -14.2651 17.6006 0
    endloop
  endfacet
  facet normal 0 -0 -1
    outer loop
      vertex -17.288 18.05 0
      vertex -14.2216 17.4047 0
      vertex -17.6223 17.4077 0
    endloop
  endfacet
  facet normal 0 0 -1
    outer loop
      vertex -14.1613 17.2134 0
      vertex -17.6223 17.4077 0
      vertex -14.2216 17.4047 0
    endloop
  endfacet
  facet normal -0.521611 0.477988 -0.706717
    outer loop
      vertex -15.969 19.769 0
      vertex -16.7646 19.4922 0.4
      vertex -16.2518 20.0518 0.4
    endloop
  endfacet
  facet normal -0.561303 0.430696 -0.706711
    outer loop
      vertex -16.899 18.6607 0
      vertex -17.2266 18.8901 0.4
      vertex -16.7646 19.4922 0.4
    endloop
  endfacet
  facet normal -0.793358 0.608755 0
    outer loop
      vertex -17.2266 18.8901 0.4
      vertex -16.7646 19.4922 55.6
      vertex -16.7646 19.4922 0.4
    endloop
  endfacet
  facet normal -0.793358 0.608755 0
    outer loop
      vertex -16.7646 19.4922 55.6
      vertex -17.2266 18.8901 0.4
      vertex -17.2266 18.8901 55.6
    endloop
  endfacet
  facet normal 0.793387 -0.608717 0
    outer loop
      vertex 15.6538 -18.5602 57.6
      vertex 16.0388 -18.0584 55.6
      vertex 16.0388 -18.0584 57.6
    endloop
  endfacet
  facet normal 0.793387 -0.608717 0
    outer loop
      vertex 16.0388 -18.0584 55.6
      vertex 15.6538 -18.5602 57.6
      vertex 15.6538 -18.5602 55.6
    endloop
  endfacet
  facet normal 0.843329 -0.537397 0
    outer loop
      vertex 16.0388 -18.0584 57.6
      vertex 16.3787 -17.525 55.6
      vertex 16.3787 -17.525 57.6
    endloop
  endfacet
  facet normal 0.843329 -0.537397 0
    outer loop
      vertex 16.3787 -17.525 55.6
      vertex 16.0388 -18.0584 57.6
      vertex 16.0388 -18.0584 55.6
    endloop
  endfacet
  facet normal 0.887036 -0.461701 0
    outer loop
      vertex 16.3787 -17.525 57.6
      vertex 16.6707 -16.964 55.6
      vertex 16.6707 -16.964 57.6
    endloop
  endfacet
  facet normal 0.887036 -0.461701 0
    outer loop
      vertex 16.6707 -16.964 55.6
      vertex 16.3787 -17.525 57.6
      vertex 16.3787 -17.525 55.6
    endloop
  endfacet
  facet normal 0.923861 -0.382729 0
    outer loop
      vertex 16.6707 -16.964 57.6
      vertex 16.9128 -16.3796 55.6
      vertex 16.9128 -16.3796 57.6
    endloop
  endfacet
  facet normal 0.923861 -0.382729 0
    outer loop
      vertex 16.9128 -16.3796 55.6
      vertex 16.6707 -16.964 57.6
      vertex 16.6707 -16.964 55.6
    endloop
  endfacet
  facet normal 0.953712 -0.300723 0
    outer loop
      vertex 16.9128 -16.3796 57.6
      vertex 17.103 -15.7764 55.6
      vertex 17.103 -15.7764 57.6
    endloop
  endfacet
  facet normal 0.953712 -0.300723 0
    outer loop
      vertex 17.103 -15.7764 55.6
      vertex 16.9128 -16.3796 57.6
      vertex 16.9128 -16.3796 55.6
    endloop
  endfacet
  facet normal 0.976295 -0.216445 0
    outer loop
      vertex 17.103 -15.7764 57.6
      vertex 17.2399 -15.1589 55.6
      vertex 17.2399 -15.1589 57.6
    endloop
  endfacet
  facet normal 0.976295 -0.216445 0
    outer loop
      vertex 17.2399 -15.1589 55.6
      vertex 17.103 -15.7764 57.6
      vertex 17.103 -15.7764 55.6
    endloop
  endfacet
  facet normal 0.991454 -0.130455 0
    outer loop
      vertex 17.2399 -15.1589 57.6
      vertex 17.3224 -14.5319 55.6
      vertex 17.3224 -14.5319 57.6
    endloop
  endfacet
  facet normal 0.991454 -0.130455 0
    outer loop
      vertex 17.3224 -14.5319 55.6
      vertex 17.2399 -15.1589 57.6
      vertex 17.2399 -15.1589 55.6
    endloop
  endfacet
  facet normal 0.999047 -0.0436362 0
    outer loop
      vertex 17.3224 -14.5319 57.6
      vertex 17.35 -13.9 55.6
      vertex 17.35 -13.9 57.6
    endloop
  endfacet
  facet normal 0.999047 -0.0436362 0
    outer loop
      vertex 17.35 -13.9 55.6
      vertex 17.3224 -14.5319 57.6
      vertex 17.3224 -14.5319 55.6
    endloop
  endfacet
  facet normal 1 -0 0
    outer loop
      vertex 17.35 -13.9 57.6
      vertex 17.35 13.9 55.6
      vertex 17.35 13.9 57.6
    endloop
  endfacet
  facet normal 1 0 0
    outer loop
      vertex 17.35 13.9 55.6
      vertex 17.35 -13.9 57.6
      vertex 17.35 -13.9 55.6
    endloop
  endfacet
  facet normal 0.999047 0.0436362 0
    outer loop
      vertex 17.35 13.9 57.6
      vertex 17.3224 14.5319 55.6
      vertex 17.3224 14.5319 57.6
    endloop
  endfacet
  facet normal 0.999047 0.0436362 0
    outer loop
      vertex 17.3224 14.5319 55.6
      vertex 17.35 13.9 57.6
      vertex 17.35 13.9 55.6
    endloop
  endfacet
  facet normal 0.991454 0.130455 0
    outer loop
      vertex 17.3224 14.5319 57.6
      vertex 17.2399 15.1589 55.6
      vertex 17.2399 15.1589 57.6
    endloop
  endfacet
  facet normal 0.991454 0.130455 0
    outer loop
      vertex 17.2399 15.1589 55.6
      vertex 17.3224 14.5319 57.6
      vertex 17.3224 14.5319 55.6
    endloop
  endfacet
  facet normal 0.976295 0.216445 0
    outer loop
      vertex 17.2399 15.1589 57.6
      vertex 17.103 15.7764 55.6
      vertex 17.103 15.7764 57.6
    endloop
  endfacet
  facet normal 0.976295 0.216445 0
    outer loop
      vertex 17.103 15.7764 55.6
      vertex 17.2399 15.1589 57.6
      vertex 17.2399 15.1589 55.6
    endloop
  endfacet
  facet normal 0.953712 0.300723 0
    outer loop
      vertex 17.103 15.7764 57.6
      vertex 16.9128 16.3796 55.6
      vertex 16.9128 16.3796 57.6
    endloop
  endfacet
  facet normal 0.953712 0.300723 0
    outer loop
      vertex 16.9128 16.3796 55.6
      vertex 17.103 15.7764 57.6
      vertex 17.103 15.7764 55.6
    endloop
  endfacet
  facet normal 0.923861 0.382729 0
    outer loop
      vertex 16.9128 16.3796 57.6
      vertex 16.6707 16.964 55.6
      vertex 16.6707 16.964 57.6
    endloop
  endfacet
  facet normal 0.923861 0.382729 0
    outer loop
      vertex 16.6707 16.964 55.6
      vertex 16.9128 16.3796 57.6
      vertex 16.9128 16.3796 55.6
    endloop
  endfacet
  facet normal 0.887036 0.461701 0
    outer loop
      vertex 16.6707 16.964 57.6
      vertex 16.3787 17.525 55.6
      vertex 16.3787 17.525 57.6
    endloop
  endfacet
  facet normal 0.887036 0.461701 0
    outer loop
      vertex 16.3787 17.525 55.6
      vertex 16.6707 16.964 57.6
      vertex 16.6707 16.964 55.6
    endloop
  endfacet
  facet normal 0.843329 0.537397 0
    outer loop
      vertex 16.3787 17.525 57.6
      vertex 16.0388 18.0584 55.6
      vertex 16.0388 18.0584 57.6
    endloop
  endfacet
  facet normal 0.843329 0.537397 0
    outer loop
      vertex 16.0388 18.0584 55.6
      vertex 16.3787 17.525 57.6
      vertex 16.3787 17.525 55.6
    endloop
  endfacet
  facet normal 0.793387 0.608717 0
    outer loop
      vertex 16.0388 18.0584 57.6
      vertex 15.6538 18.5602 55.6
      vertex 15.6538 18.5602 57.6
    endloop
  endfacet
  facet normal 0.793387 0.608717 0
    outer loop
      vertex 15.6538 18.5602 55.6
      vertex 16.0388 18.0584 57.6
      vertex 16.0388 18.0584 55.6
    endloop
  endfacet
  facet normal 0 1 -0
    outer loop
      vertex 10.1 21.15 55.6
      vertex -10.1 21.15 57.6
      vertex 10.1 21.15 57.6
    endloop
  endfacet
  facet normal 0 1 0
    outer loop
      vertex -10.1 21.15 57.6
      vertex 10.1 21.15 55.6
      vertex -10.1 21.15 55.6
    endloop
  endfacet
  facet normal -0.793387 0.608717 0
    outer loop
      vertex -16.0388 18.0584 55.6
      vertex -15.6538 18.5602 57.6
      vertex -15.6538 18.5602 55.6
    endloop
  endfacet
  facet normal -0.793387 0.608717 0
    outer loop
      vertex -15.6538 18.5602 57.6
      vertex -16.0388 18.0584 55.6
      vertex -16.0388 18.0584 57.6
    endloop
  endfacet
  facet normal -0.843329 0.537397 0
    outer loop
      vertex -16.3787 17.525 55.6
      vertex -16.0388 18.0584 57.6
      vertex -16.0388 18.0584 55.6
    endloop
  endfacet
  facet normal -0.843329 0.537397 0
    outer loop
      vertex -16.0388 18.0584 57.6
      vertex -16.3787 17.525 55.6
      vertex -16.3787 17.525 57.6
    endloop
  endfacet
  facet normal -0.887036 0.461701 0
    outer loop
      vertex -16.6707 16.964 55.6
      vertex -16.3787 17.525 57.6
      vertex -16.3787 17.525 55.6
    endloop
  endfacet
  facet normal -0.887036 0.461701 0
    outer loop
      vertex -16.3787 17.525 57.6
      vertex -16.6707 16.964 55.6
      vertex -16.6707 16.964 57.6
    endloop
  endfacet
  facet normal -0.923861 0.382729 0
    outer loop
      vertex -16.9128 16.3796 55.6
      vertex -16.6707 16.964 57.6
      vertex -16.6707 16.964 55.6
    endloop
  endfacet
  facet normal -0.923861 0.382729 0
    outer loop
      vertex -16.6707 16.964 57.6
      vertex -16.9128 16.3796 55.6
      vertex -16.9128 16.3796 57.6
    endloop
  endfacet
  facet normal -0.953712 0.300723 0
    outer loop
      vertex -17.103 15.7764 55.6
      vertex -16.9128 16.3796 57.6
      vertex -16.9128 16.3796 55.6
    endloop
  endfacet
  facet normal -0.953712 0.300723 0
    outer loop
      vertex -16.9128 16.3796 57.6
      vertex -17.103 15.7764 55.6
      vertex -17.103 15.7764 57.6
    endloop
  endfacet
  facet normal -0.976295 0.216445 0
    outer loop
      vertex -17.2399 15.1589 55.6
      vertex -17.103 15.7764 57.6
      vertex -17.103 15.7764 55.6
    endloop
  endfacet
  facet normal -0.976295 0.216445 0
    outer loop
      vertex -17.103 15.7764 57.6
      vertex -17.2399 15.1589 55.6
      vertex -17.2399 15.1589 57.6
    endloop
  endfacet
  facet normal -0.991454 0.130455 0
    outer loop
      vertex -17.3224 14.5319 55.6
      vertex -17.2399 15.1589 57.6
      vertex -17.2399 15.1589 55.6
    endloop
  endfacet
  facet normal -0.991454 0.130455 0
    outer loop
      vertex -17.2399 15.1589 57.6
      vertex -17.3224 14.5319 55.6
      vertex -17.3224 14.5319 57.6
    endloop
  endfacet
  facet normal -0.999047 0.0436362 0
    outer loop
      vertex -17.35 13.9 55.6
      vertex -17.3224 14.5319 57.6
      vertex -17.3224 14.5319 55.6
    endloop
  endfacet
  facet normal -0.999047 0.0436362 0
    outer loop
      vertex -17.3224 14.5319 57.6
      vertex -17.35 13.9 55.6
      vertex -17.35 13.9 57.6
    endloop
  endfacet
  facet normal -1 0 0
    outer loop
      vertex -17.35 -13.9 55.6
      vertex -17.35 13.9 57.6
      vertex -17.35 13.9 55.6
    endloop
  endfacet
  facet normal -1 -0 0
    outer loop
      vertex -17.35 13.9 57.6
      vertex -17.35 -13.9 55.6
      vertex -17.35 -13.9 57.6
    endloop
  endfacet
  facet normal -0.999047 -0.0436362 0
    outer loop
      vertex -17.3224 -14.5319 55.6
      vertex -17.35 -13.9 57.6
      vertex -17.35 -13.9 55.6
    endloop
  endfacet
  facet normal -0.999047 -0.0436362 0
    outer loop
      vertex -17.35 -13.9 57.6
      vertex -17.3224 -14.5319 55.6
      vertex -17.3224 -14.5319 57.6
    endloop
  endfacet
  facet normal -0.991454 -0.130455 0
    outer loop
      vertex -17.2399 -15.1589 55.6
      vertex -17.3224 -14.5319 57.6
      vertex -17.3224 -14.5319 55.6
    endloop
  endfacet
  facet normal -0.991454 -0.130455 0
    outer loop
      vertex -17.3224 -14.5319 57.6
      vertex -17.2399 -15.1589 55.6
      vertex -17.2399 -15.1589 57.6
    endloop
  endfacet
  facet normal -0.976295 -0.216445 0
    outer loop
      vertex -17.103 -15.7764 55.6
      vertex -17.2399 -15.1589 57.6
      vertex -17.2399 -15.1589 55.6
    endloop
  endfacet
  facet normal -0.976295 -0.216445 0
    outer loop
      vertex -17.2399 -15.1589 57.6
      vertex -17.103 -15.7764 55.6
      vertex -17.103 -15.7764 57.6
    endloop
  endfacet
  facet normal -0.953712 -0.300723 0
    outer loop
      vertex -16.9128 -16.3796 55.6
      vertex -17.103 -15.7764 57.6
      vertex -17.103 -15.7764 55.6
    endloop
  endfacet
  facet normal -0.953712 -0.300723 0
    outer loop
      vertex -17.103 -15.7764 57.6
      vertex -16.9128 -16.3796 55.6
      vertex -16.9128 -16.3796 57.6
    endloop
  endfacet
  facet normal -0.923861 -0.382729 0
    outer loop
      vertex -16.6707 -16.964 55.6
      vertex -16.9128 -16.3796 57.6
      vertex -16.9128 -16.3796 55.6
    endloop
  endfacet
  facet normal -0.923861 -0.382729 0
    outer loop
      vertex -16.9128 -16.3796 57.6
      vertex -16.6707 -16.964 55.6
      vertex -16.6707 -16.964 57.6
    endloop
  endfacet
  facet normal -0.887036 -0.461701 0
    outer loop
      vertex -16.3787 -17.525 55.6
      vertex -16.6707 -16.964 57.6
      vertex -16.6707 -16.964 55.6
    endloop
  endfacet
  facet normal -0.887036 -0.461701 0
    outer loop
      vertex -16.6707 -16.964 57.6
      vertex -16.3787 -17.525 55.6
      vertex -16.3787 -17.525 57.6
    endloop
  endfacet
  facet normal -0.843329 -0.537397 0
    outer loop
      vertex -16.0388 -18.0584 55.6
      vertex -16.3787 -17.525 57.6
      vertex -16.3787 -17.525 55.6
    endloop
  endfacet
  facet normal -0.843329 -0.537397 0
    outer loop
      vertex -16.3787 -17.525 57.6
      vertex -16.0388 -18.0584 55.6
      vertex -16.0388 -18.0584 57.6
    endloop
  endfacet
  facet normal -0.793387 -0.608717 0
    outer loop
      vertex -15.6538 -18.5602 55.6
      vertex -16.0388 -18.0584 57.6
      vertex -16.0388 -18.0584 55.6
    endloop
  endfacet
  facet normal -0.793387 -0.608717 0
    outer loop
      vertex -16.0388 -18.0584 57.6
      vertex -15.6538 -18.5602 55.6
      vertex -15.6538 -18.5602 57.6
    endloop
  endfacet
  facet normal 0 -1 0
    outer loop
      vertex -10.1 -21.15 55.6
      vertex 10.1 -21.15 57.6
      vertex -10.1 -21.15 57.6
    endloop
  endfacet
  facet normal 0 -1 -0
    outer loop
      vertex 10.1 -21.15 57.6
      vertex -10.1 -21.15 55.6
      vertex 10.1 -21.15 55.6
    endloop
  endfacet
  facet normal 0.84333 0.537396 0
    outer loop
      vertex -15.4586 -17.4817 57.6
      vertex -15.6859 -17.125 3.73806
      vertex -15.6859 -17.125 57.6
    endloop
  endfacet
  facet normal 0.84333 0.537396 0
    outer loop
      vertex -15.6859 -17.125 3.73806
      vertex -15.4586 -17.4817 57.6
      vertex -15.4586 -17.4817 3.51599
    endloop
  endfacet
  facet normal 0.887022 0.461728 0
    outer loop
      vertex -15.6859 -17.125 57.6
      vertex -15.9457 -16.6259 3.99368
      vertex -15.9457 -16.6259 57.6
    endloop
  endfacet
  facet normal 0.886886 0.461987 3.07462e-06
    outer loop
      vertex -15.9457 -16.6259 3.99368
      vertex -15.6859 -17.125 57.6
      vertex -15.8062 -16.8937 3.85377
    endloop
  endfacet
  facet normal 0.887225 0.461336 -4.87585e-07
    outer loop
      vertex -15.8062 -16.8937 3.85377
      vertex -15.6859 -17.125 57.6
      vertex -15.7203 -17.0589 3.77112
    endloop
  endfacet
  facet normal 0.887063 0.461648 0
    outer loop
      vertex -15.7203 -17.0589 3.77112
      vertex -15.6859 -17.125 57.6
      vertex -15.6859 -17.125 3.73806
    endloop
  endfacet
  facet normal 0.923911 0.382608 0
    outer loop
      vertex -15.9457 -16.6259 57.6
      vertex -16.161 -16.106 4.20973
      vertex -16.161 -16.106 57.6
    endloop
  endfacet
  facet normal 0.923911 0.382608 0
    outer loop
      vertex -16.161 -16.106 4.20973
      vertex -15.9457 -16.6259 57.6
      vertex -15.9457 -16.6259 3.99368
    endloop
  endfacet
  facet normal 0.953712 0.300723 0
    outer loop
      vertex -16.161 -16.106 57.6
      vertex -16.3302 -15.5694 4.37949
      vertex -16.3302 -15.5694 57.6
    endloop
  endfacet
  facet normal 0.953712 0.300723 0
    outer loop
      vertex -16.3302 -15.5694 4.37949
      vertex -16.161 -16.106 57.6
      vertex -16.161 -16.106 4.20973
    endloop
  endfacet
  facet normal 0.976296 0.216441 0
    outer loop
      vertex -16.3302 -15.5694 57.6
      vertex -16.452 -15.02 4.50168
      vertex -16.452 -15.02 57.6
    endloop
  endfacet
  facet normal 0.976296 0.216441 0
    outer loop
      vertex -16.452 -15.02 4.50168
      vertex -16.3302 -15.5694 57.6
      vertex -16.3302 -15.5694 4.37949
    endloop
  endfacet
  facet normal 0.991433 0.130615 0
    outer loop
      vertex -16.452 -15.02 57.6
      vertex -16.5255 -14.4621 4.57538
      vertex -16.5255 -14.4621 57.6
    endloop
  endfacet
  facet normal 0.991433 0.130615 0
    outer loop
      vertex -16.5255 -14.4621 4.57538
      vertex -16.452 -15.02 57.6
      vertex -16.452 -15.02 4.50168
    endloop
  endfacet
  facet normal 0.999051 0.0435452 0
    outer loop
      vertex -16.5255 -14.4621 57.6
      vertex -16.55 -13.9 4.6
      vertex -16.55 -13.9 57.6
    endloop
  endfacet
  facet normal 0.999051 0.0435452 0
    outer loop
      vertex -16.55 -13.9 4.6
      vertex -16.5255 -14.4621 57.6
      vertex -16.5255 -14.4621 4.57538
    endloop
  endfacet
  facet normal 1 -0 0
    outer loop
      vertex -16.55 -13.9 57.6
      vertex -16.55 13.9 4.6
      vertex -16.55 13.9 57.6
    endloop
  endfacet
  facet normal 1 0 0
    outer loop
      vertex -16.55 13.9 4.6
      vertex -16.55 -13.9 57.6
      vertex -16.55 -13.9 4.6
    endloop
  endfacet
  facet normal 0.999051 -0.0435452 0
    outer loop
      vertex -16.55 13.9 4.6
      vertex -16.5255 14.4621 57.6
      vertex -16.55 13.9 57.6
    endloop
  endfacet
  facet normal 0.999051 -0.0435452 0
    outer loop
      vertex -16.5255 14.4621 57.6
      vertex -16.55 13.9 4.6
      vertex -16.5255 14.4621 4.57538
    endloop
  endfacet
  facet normal 0.991433 -0.130615 0
    outer loop
      vertex -16.5255 14.4621 4.57538
      vertex -16.452 15.02 57.6
      vertex -16.5255 14.4621 57.6
    endloop
  endfacet
  facet normal 0.991433 -0.130615 0
    outer loop
      vertex -16.452 15.02 57.6
      vertex -16.5255 14.4621 4.57538
      vertex -16.452 15.02 4.50168
    endloop
  endfacet
  facet normal 0.976296 -0.216441 0
    outer loop
      vertex -16.452 15.02 4.50168
      vertex -16.3302 15.5694 57.6
      vertex -16.452 15.02 57.6
    endloop
  endfacet
  facet normal 0.976296 -0.216441 0
    outer loop
      vertex -16.3302 15.5694 57.6
      vertex -16.452 15.02 4.50168
      vertex -16.3302 15.5694 4.37949
    endloop
  endfacet
  facet normal 0.953712 -0.300723 0
    outer loop
      vertex -16.3302 15.5694 4.37949
      vertex -16.161 16.106 57.6
      vertex -16.3302 15.5694 57.6
    endloop
  endfacet
  facet normal 0.953712 -0.300723 0
    outer loop
      vertex -16.161 16.106 57.6
      vertex -16.3302 15.5694 4.37949
      vertex -16.161 16.106 4.20973
    endloop
  endfacet
  facet normal 0.923911 -0.382608 0
    outer loop
      vertex -16.161 16.106 4.20973
      vertex -15.9457 16.6259 57.6
      vertex -16.161 16.106 57.6
    endloop
  endfacet
  facet normal 0.923911 -0.382608 0
    outer loop
      vertex -15.9457 16.6259 57.6
      vertex -16.161 16.106 4.20973
      vertex -15.9457 16.6259 3.99368
    endloop
  endfacet
  facet normal 0.887063 -0.461648 0
    outer loop
      vertex -15.6859 17.125 57.6
      vertex -15.7203 17.0589 3.77112
      vertex -15.6859 17.125 3.73806
    endloop
  endfacet
  facet normal 0.887225 -0.461336 -4.87585e-07
    outer loop
      vertex -15.6859 17.125 57.6
      vertex -15.8062 16.8937 3.85377
      vertex -15.7203 17.0589 3.77112
    endloop
  endfacet
  facet normal 0.887022 -0.461728 0
    outer loop
      vertex -15.9457 16.6259 3.99368
      vertex -15.6859 17.125 57.6
      vertex -15.9457 16.6259 57.6
    endloop
  endfacet
  facet normal 0.886886 -0.461987 3.07462e-06
    outer loop
      vertex -15.6859 17.125 57.6
      vertex -15.9457 16.6259 3.99368
      vertex -15.8062 16.8937 3.85377
    endloop
  endfacet
  facet normal 0.84333 -0.537396 0
    outer loop
      vertex -15.6859 17.125 3.73806
      vertex -15.4586 17.4817 57.6
      vertex -15.6859 17.125 57.6
    endloop
  endfacet
  facet normal 0.84333 -0.537396 0
    outer loop
      vertex -15.4586 17.4817 57.6
      vertex -15.6859 17.125 3.73806
      vertex -15.4586 17.4817 3.51599
    endloop
  endfacet
  facet normal 0 -1 0
    outer loop
      vertex -9.41069 20.35 2.85
      vertex 9.41069 20.35 57.6
      vertex -9.41069 20.35 57.6
    endloop
  endfacet
  facet normal 0 -1 -0
    outer loop
      vertex 9.41069 20.35 57.6
      vertex -9.41069 20.35 2.85
      vertex 9.41069 20.35 2.85
    endloop
  endfacet
  facet normal -0.84333 -0.537396 0
    outer loop
      vertex 15.6859 17.125 3.73806
      vertex 15.4586 17.4817 57.6
      vertex 15.4586 17.4817 3.51599
    endloop
  endfacet
  facet normal -0.84333 -0.537396 0
    outer loop
      vertex 15.4586 17.4817 57.6
      vertex 15.6859 17.125 3.73806
      vertex 15.6859 17.125 57.6
    endloop
  endfacet
  facet normal -0.887063 -0.461648 0
    outer loop
      vertex 15.7203 17.0589 3.77112
      vertex 15.6859 17.125 57.6
      vertex 15.6859 17.125 3.73806
    endloop
  endfacet
  facet normal -0.887225 -0.461336 -4.87585e-07
    outer loop
      vertex 15.8062 16.8937 3.85377
      vertex 15.6859 17.125 57.6
      vertex 15.7203 17.0589 3.77112
    endloop
  endfacet
  facet normal -0.886886 -0.461987 3.07462e-06
    outer loop
      vertex 15.9457 16.6259 3.99368
      vertex 15.6859 17.125 57.6
      vertex 15.8062 16.8937 3.85377
    endloop
  endfacet
  facet normal -0.887022 -0.461728 0
    outer loop
      vertex 15.6859 17.125 57.6
      vertex 15.9457 16.6259 3.99368
      vertex 15.9457 16.6259 57.6
    endloop
  endfacet
  facet normal -0.923911 -0.382608 0
    outer loop
      vertex 16.161 16.106 4.20973
      vertex 15.9457 16.6259 57.6
      vertex 15.9457 16.6259 3.99368
    endloop
  endfacet
  facet normal -0.923911 -0.382608 0
    outer loop
      vertex 15.9457 16.6259 57.6
      vertex 16.161 16.106 4.20973
      vertex 16.161 16.106 57.6
    endloop
  endfacet
  facet normal -0.953712 -0.300723 0
    outer loop
      vertex 16.3302 15.5694 4.37949
      vertex 16.161 16.106 57.6
      vertex 16.161 16.106 4.20973
    endloop
  endfacet
  facet normal -0.953712 -0.300723 0
    outer loop
      vertex 16.161 16.106 57.6
      vertex 16.3302 15.5694 4.37949
      vertex 16.3302 15.5694 57.6
    endloop
  endfacet
  facet normal -0.976296 -0.216441 0
    outer loop
      vertex 16.452 15.02 4.50168
      vertex 16.3302 15.5694 57.6
      vertex 16.3302 15.5694 4.37949
    endloop
  endfacet
  facet normal -0.976296 -0.216441 0
    outer loop
      vertex 16.3302 15.5694 57.6
      vertex 16.452 15.02 4.50168
      vertex 16.452 15.02 57.6
    endloop
  endfacet
  facet normal -0.991433 -0.130615 0
    outer loop
      vertex 16.5255 14.4621 4.57538
      vertex 16.452 15.02 57.6
      vertex 16.452 15.02 4.50168
    endloop
  endfacet
  facet normal -0.991433 -0.130615 0
    outer loop
      vertex 16.452 15.02 57.6
      vertex 16.5255 14.4621 4.57538
      vertex 16.5255 14.4621 57.6
    endloop
  endfacet
  facet normal -0.999051 -0.0435452 0
    outer loop
      vertex 16.55 13.9 4.6
      vertex 16.5255 14.4621 57.6
      vertex 16.5255 14.4621 4.57538
    endloop
  endfacet
  facet normal -0.999051 -0.0435452 0
    outer loop
      vertex 16.5255 14.4621 57.6
      vertex 16.55 13.9 4.6
      vertex 16.55 13.9 57.6
    endloop
  endfacet
  facet normal -1 0 0
    outer loop
      vertex 16.55 -13.9 4.6
      vertex 16.55 13.9 57.6
      vertex 16.55 13.9 4.6
    endloop
  endfacet
  facet normal -1 -0 0
    outer loop
      vertex 16.55 13.9 57.6
      vertex 16.55 -13.9 4.6
      vertex 16.55 -13.9 57.6
    endloop
  endfacet
  facet normal -0.999051 0.0435452 0
    outer loop
      vertex 16.5255 -14.4621 57.6
      vertex 16.55 -13.9 4.6
      vertex 16.5255 -14.4621 4.57538
    endloop
  endfacet
  facet normal -0.999051 0.0435452 0
    outer loop
      vertex 16.55 -13.9 4.6
      vertex 16.5255 -14.4621 57.6
      vertex 16.55 -13.9 57.6
    endloop
  endfacet
  facet normal -0.991433 0.130615 0
    outer loop
      vertex 16.452 -15.02 57.6
      vertex 16.5255 -14.4621 4.57538
      vertex 16.452 -15.02 4.50168
    endloop
  endfacet
  facet normal -0.991433 0.130615 0
    outer loop
      vertex 16.5255 -14.4621 4.57538
      vertex 16.452 -15.02 57.6
      vertex 16.5255 -14.4621 57.6
    endloop
  endfacet
  facet normal -0.976296 0.216441 0
    outer loop
      vertex 16.3302 -15.5694 57.6
      vertex 16.452 -15.02 4.50168
      vertex 16.3302 -15.5694 4.37949
    endloop
  endfacet
  facet normal -0.976296 0.216441 0
    outer loop
      vertex 16.452 -15.02 4.50168
      vertex 16.3302 -15.5694 57.6
      vertex 16.452 -15.02 57.6
    endloop
  endfacet
  facet normal -0.953712 0.300723 0
    outer loop
      vertex 16.161 -16.106 57.6
      vertex 16.3302 -15.5694 4.37949
      vertex 16.161 -16.106 4.20973
    endloop
  endfacet
  facet normal -0.953712 0.300723 0
    outer loop
      vertex 16.3302 -15.5694 4.37949
      vertex 16.161 -16.106 57.6
      vertex 16.3302 -15.5694 57.6
    endloop
  endfacet
  facet normal -0.923911 0.382608 0
    outer loop
      vertex 15.9457 -16.6259 57.6
      vertex 16.161 -16.106 4.20973
      vertex 15.9457 -16.6259 3.99368
    endloop
  endfacet
  facet normal -0.923911 0.382608 0
    outer loop
      vertex 16.161 -16.106 4.20973
      vertex 15.9457 -16.6259 57.6
      vertex 16.161 -16.106 57.6
    endloop
  endfacet
  facet normal -0.886886 0.461987 3.07462e-06
    outer loop
      vertex 15.6859 -17.125 57.6
      vertex 15.9457 -16.6259 3.99368
      vertex 15.8062 -16.8937 3.85377
    endloop
  endfacet
  facet normal -0.887225 0.461336 -4.87585e-07
    outer loop
      vertex 15.6859 -17.125 57.6
      vertex 15.8062 -16.8937 3.85377
      vertex 15.7203 -17.0589 3.77112
    endloop
  endfacet
  facet normal -0.887063 0.461648 0
    outer loop
      vertex 15.6859 -17.125 57.6
      vertex 15.7203 -17.0589 3.77112
      vertex 15.6859 -17.125 3.73806
    endloop
  endfacet
  facet normal -0.887022 0.461728 0
    outer loop
      vertex 15.9457 -16.6259 3.99368
      vertex 15.6859 -17.125 57.6
      vertex 15.9457 -16.6259 57.6
    endloop
  endfacet
  facet normal -0.84333 0.537396 0
    outer loop
      vertex 15.4586 -17.4817 57.6
      vertex 15.6859 -17.125 3.73806
      vertex 15.4586 -17.4817 3.51599
    endloop
  endfacet
  facet normal -0.84333 0.537396 0
    outer loop
      vertex 15.6859 -17.125 3.73806
      vertex 15.4586 -17.4817 57.6
      vertex 15.6859 -17.125 57.6
    endloop
  endfacet
  facet normal 0 1 -0
    outer loop
      vertex 9.41069 -20.35 2.85
      vertex -9.41069 -20.35 57.6
      vertex 9.41069 -20.35 57.6
    endloop
  endfacet
  facet normal 0 1 0
    outer loop
      vertex -9.41069 -20.35 57.6
      vertex 9.41069 -20.35 2.85
      vertex -9.41069 -20.35 2.85
    endloop
  endfacet
  facet normal 0 0 1
    outer loop
      vertex 9.13297 15.9925 1.6
      vertex -9.13297 15.9925 1.6
      vertex 9.31884 15.7502 1.6
    endloop
  endfacet
  facet normal 0 0 1
    outer loop
      vertex 9.75024 -15.3188 1.6
      vertex -8.51332 -17.695 1.6
      vertex -8.5 -18 1.6
    endloop
  endfacet
  facet normal 0 0 1
    outer loop
      vertex -9.31884 15.7502 1.6
      vertex 9.31884 15.7502 1.6
      vertex -9.13297 15.9925 1.6
    endloop
  endfacet
  facet normal 0 0 1
    outer loop
      vertex 9.75024 -15.3188 1.6
      vertex -8.55317 -17.3922 1.6
      vertex -8.51332 -17.695 1.6
    endloop
  endfacet
  facet normal 0 0 1
    outer loop
      vertex 9.31884 15.7502 1.6
      vertex -9.31884 15.7502 1.6
      vertex 9.52513 15.5251 1.6
    endloop
  endfacet
  facet normal 0 0 1
    outer loop
      vertex 9.75024 -15.3188 1.6
      vertex -8.61926 -17.0941 1.6
      vertex -8.55317 -17.3922 1.6
    endloop
  endfacet
  facet normal 0 0 1
    outer loop
      vertex -9.52513 15.5251 1.6
      vertex 9.52513 15.5251 1.6
      vertex -9.31884 15.7502 1.6
    endloop
  endfacet
  facet normal 0 0 1
    outer loop
      vertex 9.75024 -15.3188 1.6
      vertex -8.71108 -16.8029 1.6
      vertex -8.61926 -17.0941 1.6
    endloop
  endfacet
  facet normal 0 0 1
    outer loop
      vertex 9.52513 15.5251 1.6
      vertex -9.52513 15.5251 1.6
      vertex 9.75024 15.3188 1.6
    endloop
  endfacet
  facet normal 0 0 1
    outer loop
      vertex 9.75024 -15.3188 1.6
      vertex -8.82792 -16.5208 1.6
      vertex -8.71108 -16.8029 1.6
    endloop
  endfacet
  facet normal 0 0 1
    outer loop
      vertex -9.75024 15.3188 1.6
      vertex 9.75024 15.3188 1.6
      vertex -9.52513 15.5251 1.6
    endloop
  endfacet
  facet normal 0 0 1
    outer loop
      vertex 9.75024 -15.3188 1.6
      vertex -8.96891 -16.25 1.6
      vertex -8.82792 -16.5208 1.6
    endloop
  endfacet
  facet normal 0 0 1
    outer loop
      vertex 9.75024 15.3188 1.6
      vertex -9.75024 15.3188 1.6
      vertex 9.99248 15.133 1.6
    endloop
  endfacet
  facet normal 0 0 1
    outer loop
      vertex 9.75024 -15.3188 1.6
      vertex -9.13297 -15.9925 1.6
      vertex -8.96891 -16.25 1.6
    endloop
  endfacet
  facet normal 0 0 1
    outer loop
      vertex -9.99248 15.133 1.6
      vertex 9.99248 15.133 1.6
      vertex -9.75024 15.3188 1.6
    endloop
  endfacet
  facet normal 0 0 1
    outer loop
      vertex 9.75024 -15.3188 1.6
      vertex -9.31884 -15.7502 1.6
      vertex -9.13297 -15.9925 1.6
    endloop
  endfacet
  facet normal 0 0 1
    outer loop
      vertex 9.99248 15.133 1.6
      vertex -9.99248 15.133 1.6
      vertex 9.99248 -15.133 1.6
    endloop
  endfacet
  facet normal 0 0 1
    outer loop
      vertex 9.75024 -15.3188 1.6
      vertex -9.52513 -15.5251 1.6
      vertex -9.31884 -15.7502 1.6
    endloop
  endfacet
  facet normal 0 0 1
    outer loop
      vertex -9.99248 -15.133 1.6
      vertex 9.99248 -15.133 1.6
      vertex -9.99248 15.133 1.6
    endloop
  endfacet
  facet normal 0 0 1
    outer loop
      vertex 9.75024 -15.3188 1.6
      vertex -9.75024 -15.3188 1.6
      vertex -9.52513 -15.5251 1.6
    endloop
  endfacet
  facet normal 0 0 1
    outer loop
      vertex 9.99248 -15.133 1.6
      vertex -9.99248 -15.133 1.6
      vertex 9.75024 -15.3188 1.6
    endloop
  endfacet
  facet normal 0 0 1
    outer loop
      vertex 9.75024 -15.3188 1.6
      vertex -9.99248 -15.133 1.6
      vertex -9.75024 -15.3188 1.6
    endloop
  endfacet
  facet normal -0 0 1
    outer loop
      vertex -10.25 14.9689 1.6
      vertex -9.99248 -15.133 1.6
      vertex -9.99248 15.133 1.6
    endloop
  endfacet
  facet normal 0 0 1
    outer loop
      vertex -10.25 14.9689 1.6
      vertex -10.25 -14.9689 1.6
      vertex -9.99248 -15.133 1.6
    endloop
  endfacet
  facet normal -0 0 1
    outer loop
      vertex -10.5208 14.8279 1.6
      vertex -10.25 -14.9689 1.6
      vertex -10.25 14.9689 1.6
    endloop
  endfacet
  facet normal 0 0 1
    outer loop
      vertex -10.5208 14.8279 1.6
      vertex -10.5208 -14.8279 1.6
      vertex -10.25 -14.9689 1.6
    endloop
  endfacet
  facet normal -0 0 1
    outer loop
      vertex -10.8029 14.7111 1.6
      vertex -10.5208 -14.8279 1.6
      vertex -10.5208 14.8279 1.6
    endloop
  endfacet
  facet normal 0 0 1
    outer loop
      vertex -10.8029 14.7111 1.6
      vertex -10.8029 -14.7111 1.6
      vertex -10.5208 -14.8279 1.6
    endloop
  endfacet
  facet normal -0 0 1
    outer loop
      vertex -11.0941 14.6193 1.6
      vertex -10.8029 -14.7111 1.6
      vertex -10.8029 14.7111 1.6
    endloop
  endfacet
  facet normal 0 0 1
    outer loop
      vertex -11.0941 14.6193 1.6
      vertex -11.0941 -14.6193 1.6
      vertex -10.8029 -14.7111 1.6
    endloop
  endfacet
  facet normal -0 0 1
    outer loop
      vertex -11.3922 14.5532 1.6
      vertex -11.0941 -14.6193 1.6
      vertex -11.0941 14.6193 1.6
    endloop
  endfacet
  facet normal 0 0 1
    outer loop
      vertex -11.3922 14.5532 1.6
      vertex -11.3922 -14.5532 1.6
      vertex -11.0941 -14.6193 1.6
    endloop
  endfacet
  facet normal -0 0 1
    outer loop
      vertex -11.695 14.5133 1.6
      vertex -11.3922 -14.5532 1.6
      vertex -11.3922 14.5532 1.6
    endloop
  endfacet
  facet normal 0 0 1
    outer loop
      vertex -11.695 14.5133 1.6
      vertex -11.695 -14.5133 1.6
      vertex -11.3922 -14.5532 1.6
    endloop
  endfacet
  facet normal -0 0 1
    outer loop
      vertex -12 14.5 1.6
      vertex -11.695 -14.5133 1.6
      vertex -11.695 14.5133 1.6
    endloop
  endfacet
  facet normal 0 0 1
    outer loop
      vertex -12 14.5 1.6
      vertex -12 -14.5 1.6
      vertex -11.695 -14.5133 1.6
    endloop
  endfacet
  facet normal 0 0 1
    outer loop
      vertex -12.305 14.5133 1.6
      vertex -12 -14.5 1.6
      vertex -12 14.5 1.6
    endloop
  endfacet
  facet normal 0 0 1
    outer loop
      vertex -12.305 14.5133 1.6
      vertex -12.305 -14.5133 1.6
      vertex -12 -14.5 1.6
    endloop
  endfacet
  facet normal 0 0 1
    outer loop
      vertex -12.6078 14.5532 1.6
      vertex -12.305 -14.5133 1.6
      vertex -12.305 14.5133 1.6
    endloop
  endfacet
  facet normal 0 0 1
    outer loop
      vertex -12.6078 14.5532 1.6
      vertex -12.6078 -14.5532 1.6
      vertex -12.305 -14.5133 1.6
    endloop
  endfacet
  facet normal 0 0 1
    outer loop
      vertex -12.9059 14.6193 1.6
      vertex -12.6078 -14.5532 1.6
      vertex -12.6078 14.5532 1.6
    endloop
  endfacet
  facet normal 0 0 1
    outer loop
      vertex -12.9059 14.6193 1.6
      vertex -12.9059 -14.6193 1.6
      vertex -12.6078 -14.5532 1.6
    endloop
  endfacet
  facet normal 0 0 1
    outer loop
      vertex -13.1971 14.7111 1.6
      vertex -12.9059 -14.6193 1.6
      vertex -12.9059 14.6193 1.6
    endloop
  endfacet
  facet normal 0 0 1
    outer loop
      vertex -13.1971 14.7111 1.6
      vertex -13.1971 -14.7111 1.6
      vertex -12.9059 -14.6193 1.6
    endloop
  endfacet
  facet normal 0 0 1
    outer loop
      vertex -13.4792 14.8279 1.6
      vertex -13.1971 -14.7111 1.6
      vertex -13.1971 14.7111 1.6
    endloop
  endfacet
  facet normal 0 0 1
    outer loop
      vertex -13.4792 14.8279 1.6
      vertex -13.4792 -14.8279 1.6
      vertex -13.1971 -14.7111 1.6
    endloop
  endfacet
  facet normal 0 0 1
    outer loop
      vertex -13.56 14.87 1.6
      vertex -13.4792 -14.8279 1.6
      vertex -13.4792 14.8279 1.6
    endloop
  endfacet
  facet normal 0 0 1
    outer loop
      vertex -13.4792 -14.8279 1.6
      vertex -13.56 14.87 1.6
      vertex -13.56 -14.87 1.6
    endloop
  endfacet
  facet normal 0 0 1
    outer loop
      vertex 8.55317 -17.3922 1.6
      vertex -8.5 -18 1.6
      vertex 8.51332 -17.695 1.6
    endloop
  endfacet
  facet normal 0 0 1
    outer loop
      vertex 8.51332 18.305 1.6
      vertex -8.5 18 1.6
      vertex 8.5 18 1.6
    endloop
  endfacet
  facet normal 0 0 1
    outer loop
      vertex -8.51332 18.305 1.6
      vertex 8.51332 18.305 1.6
      vertex 8.55317 18.6078 1.6
    endloop
  endfacet
  facet normal 0 0 1
    outer loop
      vertex -8.55317 18.6078 1.6
      vertex 8.55317 18.6078 1.6
      vertex 8.61926 18.9059 1.6
    endloop
  endfacet
  facet normal 0 0 1
    outer loop
      vertex -8.61926 18.9059 1.6
      vertex 8.61926 18.9059 1.6
      vertex 8.68359 19.1099 1.6
    endloop
  endfacet
  facet normal 0 0 1
    outer loop
      vertex 8.51332 18.305 1.6
      vertex -8.51332 18.305 1.6
      vertex -8.5 18 1.6
    endloop
  endfacet
  facet normal 0 0 1
    outer loop
      vertex 8.55317 18.6078 1.6
      vertex -8.55317 18.6078 1.6
      vertex -8.51332 18.305 1.6
    endloop
  endfacet
  facet normal 0 0 1
    outer loop
      vertex 8.61926 18.9059 1.6
      vertex -8.61926 18.9059 1.6
      vertex -8.55317 18.6078 1.6
    endloop
  endfacet
  facet normal 0 -0 1
    outer loop
      vertex -8.61926 18.9059 1.6
      vertex 8.68359 19.1099 1.6
      vertex -8.68359 19.1099 1.6
    endloop
  endfacet
  facet normal -0 0 1
    outer loop
      vertex 13.4792 14.8279 1.6
      vertex 13.56 -14.87 1.6
      vertex 13.56 14.87 1.6
    endloop
  endfacet
  facet normal 0 0 1
    outer loop
      vertex 13.4792 14.8279 1.6
      vertex 13.4792 -14.8279 1.6
      vertex 13.56 -14.87 1.6
    endloop
  endfacet
  facet normal -0 0 1
    outer loop
      vertex 13.1971 14.7111 1.6
      vertex 13.4792 -14.8279 1.6
      vertex 13.4792 14.8279 1.6
    endloop
  endfacet
  facet normal 0 0 1
    outer loop
      vertex 13.1971 14.7111 1.6
      vertex 13.1971 -14.7111 1.6
      vertex 13.4792 -14.8279 1.6
    endloop
  endfacet
  facet normal -0 0 1
    outer loop
      vertex 12.9059 14.6193 1.6
      vertex 13.1971 -14.7111 1.6
      vertex 13.1971 14.7111 1.6
    endloop
  endfacet
  facet normal 0 0 1
    outer loop
      vertex 12.9059 14.6193 1.6
      vertex 12.9059 -14.6193 1.6
      vertex 13.1971 -14.7111 1.6
    endloop
  endfacet
  facet normal -0 0 1
    outer loop
      vertex 12.6078 14.5532 1.6
      vertex 12.9059 -14.6193 1.6
      vertex 12.9059 14.6193 1.6
    endloop
  endfacet
  facet normal 0 0 1
    outer loop
      vertex 12.6078 14.5532 1.6
      vertex 12.6078 -14.5532 1.6
      vertex 12.9059 -14.6193 1.6
    endloop
  endfacet
  facet normal -0 0 1
    outer loop
      vertex 12.305 14.5133 1.6
      vertex 12.6078 -14.5532 1.6
      vertex 12.6078 14.5532 1.6
    endloop
  endfacet
  facet normal 0 0 1
    outer loop
      vertex 12.305 14.5133 1.6
      vertex 12.305 -14.5133 1.6
      vertex 12.6078 -14.5532 1.6
    endloop
  endfacet
  facet normal -0 0 1
    outer loop
      vertex 12 14.5 1.6
      vertex 12.305 -14.5133 1.6
      vertex 12.305 14.5133 1.6
    endloop
  endfacet
  facet normal 0 0 1
    outer loop
      vertex 12 14.5 1.6
      vertex 12 -14.5 1.6
      vertex 12.305 -14.5133 1.6
    endloop
  endfacet
  facet normal 0 0 1
    outer loop
      vertex 11.695 14.5133 1.6
      vertex 12 -14.5 1.6
      vertex 12 14.5 1.6
    endloop
  endfacet
  facet normal 0 0 1
    outer loop
      vertex 11.695 14.5133 1.6
      vertex 11.695 -14.5133 1.6
      vertex 12 -14.5 1.6
    endloop
  endfacet
  facet normal 0 0 1
    outer loop
      vertex 11.3922 14.5532 1.6
      vertex 11.695 -14.5133 1.6
      vertex 11.695 14.5133 1.6
    endloop
  endfacet
  facet normal 0 0 1
    outer loop
      vertex 11.3922 14.5532 1.6
      vertex 11.3922 -14.5532 1.6
      vertex 11.695 -14.5133 1.6
    endloop
  endfacet
  facet normal 0 0 1
    outer loop
      vertex 11.0941 14.6193 1.6
      vertex 11.3922 -14.5532 1.6
      vertex 11.3922 14.5532 1.6
    endloop
  endfacet
  facet normal 0 0 1
    outer loop
      vertex 11.0941 14.6193 1.6
      vertex 11.0941 -14.6193 1.6
      vertex 11.3922 -14.5532 1.6
    endloop
  endfacet
  facet normal 0 0 1
    outer loop
      vertex 10.8029 14.7111 1.6
      vertex 11.0941 -14.6193 1.6
      vertex 11.0941 14.6193 1.6
    endloop
  endfacet
  facet normal 0 0 1
    outer loop
      vertex 10.8029 14.7111 1.6
      vertex 10.8029 -14.7111 1.6
      vertex 11.0941 -14.6193 1.6
    endloop
  endfacet
  facet normal 0 0 1
    outer loop
      vertex 10.5208 14.8279 1.6
      vertex 10.8029 -14.7111 1.6
      vertex 10.8029 14.7111 1.6
    endloop
  endfacet
  facet normal 0 0 1
    outer loop
      vertex 10.5208 14.8279 1.6
      vertex 10.5208 -14.8279 1.6
      vertex 10.8029 -14.7111 1.6
    endloop
  endfacet
  facet normal 0 0 1
    outer loop
      vertex 10.25 14.9689 1.6
      vertex 10.5208 -14.8279 1.6
      vertex 10.5208 14.8279 1.6
    endloop
  endfacet
  facet normal 0 0 1
    outer loop
      vertex 10.25 14.9689 1.6
      vertex 10.25 -14.9689 1.6
      vertex 10.5208 -14.8279 1.6
    endloop
  endfacet
  facet normal 0 0 1
    outer loop
      vertex 9.99248 15.133 1.6
      vertex 10.25 -14.9689 1.6
      vertex 10.25 14.9689 1.6
    endloop
  endfacet
  facet normal 0 0 1
    outer loop
      vertex 9.99248 15.133 1.6
      vertex 9.99248 -15.133 1.6
      vertex 10.25 -14.9689 1.6
    endloop
  endfacet
  facet normal 0 0 1
    outer loop
      vertex -8.96891 16.25 1.6
      vertex 8.96891 16.25 1.6
      vertex -8.82792 16.5208 1.6
    endloop
  endfacet
  facet normal 0 0 1
    outer loop
      vertex 8.96891 16.25 1.6
      vertex -8.96891 16.25 1.6
      vertex 9.13297 15.9925 1.6
    endloop
  endfacet
  facet normal 0 0 1
    outer loop
      vertex -8.82792 16.5208 1.6
      vertex 8.82792 16.5208 1.6
      vertex -8.71108 16.8029 1.6
    endloop
  endfacet
  facet normal 0 0 1
    outer loop
      vertex 8.82792 16.5208 1.6
      vertex -8.82792 16.5208 1.6
      vertex 8.96891 16.25 1.6
    endloop
  endfacet
  facet normal 0 0 1
    outer loop
      vertex 8.71108 16.8029 1.6
      vertex -8.71108 16.8029 1.6
      vertex 8.82792 16.5208 1.6
    endloop
  endfacet
  facet normal 0 0 1
    outer loop
      vertex -9.13297 15.9925 1.6
      vertex 9.13297 15.9925 1.6
      vertex -8.96891 16.25 1.6
    endloop
  endfacet
  facet normal 0 0 1
    outer loop
      vertex -8.71108 16.8029 1.6
      vertex 8.71108 16.8029 1.6
      vertex -8.61926 17.0941 1.6
    endloop
  endfacet
  facet normal 0 0 1
    outer loop
      vertex 9.75024 -15.3188 1.6
      vertex -8.5 -18 1.6
      vertex 9.52513 -15.5251 1.6
    endloop
  endfacet
  facet normal 0 0 1
    outer loop
      vertex 8.61926 17.0941 1.6
      vertex -8.61926 17.0941 1.6
      vertex 8.71108 16.8029 1.6
    endloop
  endfacet
  facet normal 0 0 1
    outer loop
      vertex 9.52513 -15.5251 1.6
      vertex -8.5 -18 1.6
      vertex 9.31884 -15.7502 1.6
    endloop
  endfacet
  facet normal 0 0 1
    outer loop
      vertex -8.61926 17.0941 1.6
      vertex 8.61926 17.0941 1.6
      vertex -8.55317 17.3922 1.6
    endloop
  endfacet
  facet normal 0 0 1
    outer loop
      vertex 9.31884 -15.7502 1.6
      vertex -8.5 -18 1.6
      vertex 9.13297 -15.9925 1.6
    endloop
  endfacet
  facet normal 0 0 1
    outer loop
      vertex 8.55317 17.3922 1.6
      vertex -8.55317 17.3922 1.6
      vertex 8.61926 17.0941 1.6
    endloop
  endfacet
  facet normal 0 0 1
    outer loop
      vertex 9.13297 -15.9925 1.6
      vertex -8.5 -18 1.6
      vertex 8.96891 -16.25 1.6
    endloop
  endfacet
  facet normal 0 0 1
    outer loop
      vertex -8.55317 17.3922 1.6
      vertex 8.55317 17.3922 1.6
      vertex -8.51332 17.695 1.6
    endloop
  endfacet
  facet normal 0 0 1
    outer loop
      vertex 8.96891 -16.25 1.6
      vertex -8.5 -18 1.6
      vertex 8.82792 -16.5208 1.6
    endloop
  endfacet
  facet normal 0 0 1
    outer loop
      vertex 8.51332 17.695 1.6
      vertex -8.51332 17.695 1.6
      vertex 8.55317 17.3922 1.6
    endloop
  endfacet
  facet normal 0 0 1
    outer loop
      vertex 8.82792 -16.5208 1.6
      vertex -8.5 -18 1.6
      vertex 8.71108 -16.8029 1.6
    endloop
  endfacet
  facet normal 0 0 1
    outer loop
      vertex -8.51332 17.695 1.6
      vertex 8.51332 17.695 1.6
      vertex -8.5 18 1.6
    endloop
  endfacet
  facet normal 0 0 1
    outer loop
      vertex 8.71108 -16.8029 1.6
      vertex -8.5 -18 1.6
      vertex 8.61926 -17.0941 1.6
    endloop
  endfacet
  facet normal -0 0 1
    outer loop
      vertex -8.5 18 1.6
      vertex 8.51332 17.695 1.6
      vertex 8.5 18 1.6
    endloop
  endfacet
  facet normal 0 0 1
    outer loop
      vertex 8.61926 -17.0941 1.6
      vertex -8.5 -18 1.6
      vertex 8.55317 -17.3922 1.6
    endloop
  endfacet
  facet normal 0 0 1
    outer loop
      vertex 8.51332 -17.695 1.6
      vertex -8.5 -18 1.6
      vertex 8.5 -18 1.6
    endloop
  endfacet
  facet normal 0 0 1
    outer loop
      vertex 8.5 -18 1.6
      vertex -8.5 -18 1.6
      vertex 8.51332 -18.305 1.6
    endloop
  endfacet
  facet normal 0 0 1
    outer loop
      vertex -8.51332 -18.305 1.6
      vertex 8.51332 -18.305 1.6
      vertex -8.5 -18 1.6
    endloop
  endfacet
  facet normal 0 0 1
    outer loop
      vertex 8.51332 -18.305 1.6
      vertex -8.51332 -18.305 1.6
      vertex 8.55317 -18.6078 1.6
    endloop
  endfacet
  facet normal 0 0 1
    outer loop
      vertex -8.55317 -18.6078 1.6
      vertex 8.55317 -18.6078 1.6
      vertex -8.51332 -18.305 1.6
    endloop
  endfacet
  facet normal 0 0 1
    outer loop
      vertex 8.55317 -18.6078 1.6
      vertex -8.55317 -18.6078 1.6
      vertex 8.61926 -18.9059 1.6
    endloop
  endfacet
  facet normal 0 0 1
    outer loop
      vertex -8.61926 -18.9059 1.6
      vertex 8.61926 -18.9059 1.6
      vertex -8.55317 -18.6078 1.6
    endloop
  endfacet
  facet normal 0 0 1
    outer loop
      vertex 8.61926 -18.9059 1.6
      vertex -8.61926 -18.9059 1.6
      vertex 8.68359 -19.1099 1.6
    endloop
  endfacet
  facet normal 0 0 1
    outer loop
      vertex 8.68359 -19.1099 1.6
      vertex -8.61926 -18.9059 1.6
      vertex -8.68359 -19.1099 1.6
    endloop
  endfacet
  facet normal 0.708246 0.000161242 0.705966
    outer loop
      vertex -15.8062 16.8937 3.85377
      vertex -15.3807 17.0941 3.42685
      vertex -15.4216 17.2784 3.46784
    endloop
  endfacet
  facet normal 0.70829 -2.8792e-05 0.705921
    outer loop
      vertex -15.8062 16.8937 3.85377
      vertex -15.2889 16.8029 3.33473
      vertex -15.3807 17.0941 3.42685
    endloop
  endfacet
  facet normal 0.70828 -0.00014304 0.705931
    outer loop
      vertex -15.9457 16.6259 3.99368
      vertex -15.2889 16.8029 3.33473
      vertex -15.8062 16.8937 3.85377
    endloop
  endfacet
  facet normal 0.708276 -0.000107297 0.705936
    outer loop
      vertex -15.9457 16.6259 3.99368
      vertex -15.1721 16.5208 3.2175
      vertex -15.2889 16.8029 3.33473
    endloop
  endfacet
  facet normal 0.708286 4.10871e-05 0.705926
    outer loop
      vertex -16.161 16.106 4.20973
      vertex -15.1721 16.5208 3.2175
      vertex -15.9457 16.6259 3.99368
    endloop
  endfacet
  facet normal 0.708288 3.16657e-05 0.705924
    outer loop
      vertex -15.1721 16.5208 3.2175
      vertex -16.161 16.106 4.20973
      vertex -15.0311 16.25 3.07604
    endloop
  endfacet
  facet normal 0.708283 0.00010253 0.705928
    outer loop
      vertex -16.161 16.106 4.20973
      vertex -14.867 15.9925 2.91143
      vertex -15.0311 16.25 3.07604
    endloop
  endfacet
  facet normal 0.708279 -2.88877e-06 0.705933
    outer loop
      vertex -16.3302 15.5694 4.37949
      vertex -14.867 15.9925 2.91143
      vertex -16.161 16.106 4.20973
    endloop
  endfacet
  facet normal 0.708303 -0.000173761 0.705908
    outer loop
      vertex -14.867 15.9925 2.91143
      vertex -16.3302 15.5694 4.37949
      vertex -14.6812 15.7502 2.72494
    endloop
  endfacet
  facet normal 0.708295 -2.62581e-05 0.705916
    outer loop
      vertex -16.452 15.02 4.50168
      vertex -14.6812 15.7502 2.72494
      vertex -16.3302 15.5694 4.37949
    endloop
  endfacet
  facet normal 0.708279 5.01076e-05 0.705932
    outer loop
      vertex -14.6812 15.7502 2.72494
      vertex -16.452 15.02 4.50168
      vertex -14.4749 15.5251 2.51797
    endloop
  endfacet
  facet normal 0.708293 -5.98796e-05 0.705918
    outer loop
      vertex -16.5255 14.4621 4.57538
      vertex -14.4749 15.5251 2.51797
      vertex -16.452 15.02 4.50168
    endloop
  endfacet
  facet normal 0.708291 -4.90612e-05 0.705921
    outer loop
      vertex -14.4749 15.5251 2.51797
      vertex -16.5255 14.4621 4.57538
      vertex -14.2498 15.3188 2.2921
    endloop
  endfacet
  facet normal 0.708272 4.90237e-05 0.705939
    outer loop
      vertex -16.55 13.9 4.6
      vertex -14.2498 15.3188 2.2921
      vertex -16.5255 14.4621 4.57538
    endloop
  endfacet
  facet normal 0.708248 0.000128678 0.705964
    outer loop
      vertex -14.2498 15.3188 2.2921
      vertex -16.55 13.9 4.6
      vertex -14.0075 15.133 2.04905
    endloop
  endfacet
  facet normal 0.708287 -3.46851e-05 0.705924
    outer loop
      vertex -14.0075 15.133 2.04905
      vertex -16.55 13.9 4.6
      vertex -13.75 14.9689 1.79068
    endloop
  endfacet
  facet normal 0.708318 -0.000195881 0.705894
    outer loop
      vertex -13.75 14.9689 1.79068
      vertex -16.55 13.9 4.6
      vertex -13.56 14.87 1.6
    endloop
  endfacet
  facet normal 0.708286 -0 0.705925
    outer loop
      vertex -16.55 -13.9 4.6
      vertex -13.56 14.87 1.6
      vertex -16.55 13.9 4.6
    endloop
  endfacet
  facet normal 0.708272 -4.90237e-05 0.705939
    outer loop
      vertex -14.2498 -15.3188 2.2921
      vertex -16.55 -13.9 4.6
      vertex -16.5255 -14.4621 4.57538
    endloop
  endfacet
  facet normal 0.708286 0 0.705925
    outer loop
      vertex -16.55 -13.9 4.6
      vertex -13.56 -14.87 1.6
      vertex -13.56 14.87 1.6
    endloop
  endfacet
  facet normal 0.708318 0.000195881 0.705894
    outer loop
      vertex -16.55 -13.9 4.6
      vertex -13.75 -14.9689 1.79068
      vertex -13.56 -14.87 1.6
    endloop
  endfacet
  facet normal 0.708293 5.98796e-05 0.705918
    outer loop
      vertex -14.4749 -15.5251 2.51797
      vertex -16.5255 -14.4621 4.57538
      vertex -16.452 -15.02 4.50168
    endloop
  endfacet
  facet normal 0.708287 3.46851e-05 0.705924
    outer loop
      vertex -16.55 -13.9 4.6
      vertex -14.0075 -15.133 2.04905
      vertex -13.75 -14.9689 1.79068
    endloop
  endfacet
  facet normal 0.708248 -0.000128678 0.705964
    outer loop
      vertex -16.55 -13.9 4.6
      vertex -14.2498 -15.3188 2.2921
      vertex -14.0075 -15.133 2.04905
    endloop
  endfacet
  facet normal 0.708291 4.90612e-05 0.705921
    outer loop
      vertex -16.5255 -14.4621 4.57538
      vertex -14.4749 -15.5251 2.51797
      vertex -14.2498 -15.3188 2.2921
    endloop
  endfacet
  facet normal 0.708295 2.62581e-05 0.705916
    outer loop
      vertex -14.6812 -15.7502 2.72494
      vertex -16.452 -15.02 4.50168
      vertex -16.3302 -15.5694 4.37949
    endloop
  endfacet
  facet normal 0.708279 -5.01076e-05 0.705932
    outer loop
      vertex -16.452 -15.02 4.50168
      vertex -14.6812 -15.7502 2.72494
      vertex -14.4749 -15.5251 2.51797
    endloop
  endfacet
  facet normal 0.708303 0.000173761 0.705908
    outer loop
      vertex -16.3302 -15.5694 4.37949
      vertex -14.867 -15.9925 2.91143
      vertex -14.6812 -15.7502 2.72494
    endloop
  endfacet
  facet normal 0.708279 2.88877e-06 0.705933
    outer loop
      vertex -16.161 -16.106 4.20973
      vertex -14.867 -15.9925 2.91143
      vertex -16.3302 -15.5694 4.37949
    endloop
  endfacet
  facet normal 0.708283 -0.00010253 0.705928
    outer loop
      vertex -16.161 -16.106 4.20973
      vertex -15.0311 -16.25 3.07604
      vertex -14.867 -15.9925 2.91143
    endloop
  endfacet
  facet normal 0.708288 -3.16657e-05 0.705924
    outer loop
      vertex -16.161 -16.106 4.20973
      vertex -15.1721 -16.5208 3.2175
      vertex -15.0311 -16.25 3.07604
    endloop
  endfacet
  facet normal 0.708286 -4.10871e-05 0.705926
    outer loop
      vertex -15.9457 -16.6259 3.99368
      vertex -15.1721 -16.5208 3.2175
      vertex -16.161 -16.106 4.20973
    endloop
  endfacet
  facet normal 0.708276 0.000107297 0.705936
    outer loop
      vertex -15.9457 -16.6259 3.99368
      vertex -15.2889 -16.8029 3.33473
      vertex -15.1721 -16.5208 3.2175
    endloop
  endfacet
  facet normal 0.70828 0.00014304 0.705931
    outer loop
      vertex -15.8062 -16.8937 3.85377
      vertex -15.2889 -16.8029 3.33473
      vertex -15.9457 -16.6259 3.99368
    endloop
  endfacet
  facet normal 0.70829 2.8792e-05 0.705921
    outer loop
      vertex -15.8062 -16.8937 3.85377
      vertex -15.3807 -17.0941 3.42685
      vertex -15.2889 -16.8029 3.33473
    endloop
  endfacet
  facet normal 0.708246 -0.000161242 0.705966
    outer loop
      vertex -15.3807 -17.0941 3.42685
      vertex -15.8062 -16.8937 3.85377
      vertex -15.4216 -17.2784 3.46784
    endloop
  endfacet
  facet normal 0.723384 0.0314982 0.689727
    outer loop
      vertex -15.6859 -17.125 3.73806
      vertex -15.4408 -17.365 3.49196
      vertex -15.7203 -17.0589 3.77112
    endloop
  endfacet
  facet normal 0.723708 0.0322118 0.689354
    outer loop
      vertex -15.6859 -17.125 3.73806
      vertex -15.4468 -17.3922 3.49953
      vertex -15.4408 -17.365 3.49196
    endloop
  endfacet
  facet normal 0.723331 0.0314918 0.689783
    outer loop
      vertex -15.4468 -17.3922 3.49953
      vertex -15.6859 -17.125 3.73806
      vertex -15.4586 -17.4817 3.51599
    endloop
  endfacet
  facet normal -0.708246 0.000161242 0.705966
    outer loop
      vertex 15.3807 17.0941 3.42685
      vertex 15.8062 16.8937 3.85377
      vertex 15.4216 17.2784 3.46784
    endloop
  endfacet
  facet normal -0.70829 -2.8792e-05 0.705921
    outer loop
      vertex 15.2889 16.8029 3.33473
      vertex 15.8062 16.8937 3.85377
      vertex 15.3807 17.0941 3.42685
    endloop
  endfacet
  facet normal -0.70828 -0.00014304 0.705931
    outer loop
      vertex 15.2889 16.8029 3.33473
      vertex 15.9457 16.6259 3.99368
      vertex 15.8062 16.8937 3.85377
    endloop
  endfacet
  facet normal -0.708276 -0.000107297 0.705936
    outer loop
      vertex 15.1721 16.5208 3.2175
      vertex 15.9457 16.6259 3.99368
      vertex 15.2889 16.8029 3.33473
    endloop
  endfacet
  facet normal -0.708288 3.16657e-05 0.705924
    outer loop
      vertex 16.161 16.106 4.20973
      vertex 15.1721 16.5208 3.2175
      vertex 15.0311 16.25 3.07604
    endloop
  endfacet
  facet normal -0.708286 4.10871e-05 0.705926
    outer loop
      vertex 15.1721 16.5208 3.2175
      vertex 16.161 16.106 4.20973
      vertex 15.9457 16.6259 3.99368
    endloop
  endfacet
  facet normal -0.708283 0.00010253 0.705928
    outer loop
      vertex 14.867 15.9925 2.91143
      vertex 16.161 16.106 4.20973
      vertex 15.0311 16.25 3.07604
    endloop
  endfacet
  facet normal -0.708303 -0.000173761 0.705908
    outer loop
      vertex 16.3302 15.5694 4.37949
      vertex 14.867 15.9925 2.91143
      vertex 14.6812 15.7502 2.72494
    endloop
  endfacet
  facet normal -0.708279 -2.88877e-06 0.705933
    outer loop
      vertex 14.867 15.9925 2.91143
      vertex 16.3302 15.5694 4.37949
      vertex 16.161 16.106 4.20973
    endloop
  endfacet
  facet normal -0.708279 5.01076e-05 0.705932
    outer loop
      vertex 16.452 15.02 4.50168
      vertex 14.6812 15.7502 2.72494
      vertex 14.4749 15.5251 2.51797
    endloop
  endfacet
  facet normal -0.708291 -4.90612e-05 0.705921
    outer loop
      vertex 16.5255 14.4621 4.57538
      vertex 14.4749 15.5251 2.51797
      vertex 14.2498 15.3188 2.2921
    endloop
  endfacet
  facet normal -0.708248 0.000128678 0.705964
    outer loop
      vertex 16.55 13.9 4.6
      vertex 14.2498 15.3188 2.2921
      vertex 14.0075 15.133 2.04905
    endloop
  endfacet
  facet normal -0.708295 -2.62581e-05 0.705916
    outer loop
      vertex 14.6812 15.7502 2.72494
      vertex 16.452 15.02 4.50168
      vertex 16.3302 15.5694 4.37949
    endloop
  endfacet
  facet normal -0.708287 -3.46851e-05 0.705924
    outer loop
      vertex 16.55 13.9 4.6
      vertex 14.0075 15.133 2.04905
      vertex 13.75 14.9689 1.79068
    endloop
  endfacet
  facet normal -0.708318 -0.000195881 0.705894
    outer loop
      vertex 16.55 13.9 4.6
      vertex 13.75 14.9689 1.79068
      vertex 13.56 14.87 1.6
    endloop
  endfacet
  facet normal -0.708293 -5.98796e-05 0.705918
    outer loop
      vertex 14.4749 15.5251 2.51797
      vertex 16.5255 14.4621 4.57538
      vertex 16.452 15.02 4.50168
    endloop
  endfacet
  facet normal -0.708272 4.90237e-05 0.705939
    outer loop
      vertex 14.2498 15.3188 2.2921
      vertex 16.55 13.9 4.6
      vertex 16.5255 14.4621 4.57538
    endloop
  endfacet
  facet normal -0.708286 0 0.705925
    outer loop
      vertex 13.56 14.87 1.6
      vertex 16.55 -13.9 4.6
      vertex 16.55 13.9 4.6
    endloop
  endfacet
  facet normal -0.708286 0 0.705925
    outer loop
      vertex 13.56 -14.87 1.6
      vertex 16.55 -13.9 4.6
      vertex 13.56 14.87 1.6
    endloop
  endfacet
  facet normal -0.708318 0.000195881 0.705894
    outer loop
      vertex 13.75 -14.9689 1.79068
      vertex 16.55 -13.9 4.6
      vertex 13.56 -14.87 1.6
    endloop
  endfacet
  facet normal -0.708287 3.46851e-05 0.705924
    outer loop
      vertex 14.0075 -15.133 2.04905
      vertex 16.55 -13.9 4.6
      vertex 13.75 -14.9689 1.79068
    endloop
  endfacet
  facet normal -0.708248 -0.000128678 0.705964
    outer loop
      vertex 14.2498 -15.3188 2.2921
      vertex 16.55 -13.9 4.6
      vertex 14.0075 -15.133 2.04905
    endloop
  endfacet
  facet normal -0.708272 -4.90237e-05 0.705939
    outer loop
      vertex 16.55 -13.9 4.6
      vertex 14.2498 -15.3188 2.2921
      vertex 16.5255 -14.4621 4.57538
    endloop
  endfacet
  facet normal -0.708291 4.90612e-05 0.705921
    outer loop
      vertex 14.4749 -15.5251 2.51797
      vertex 16.5255 -14.4621 4.57538
      vertex 14.2498 -15.3188 2.2921
    endloop
  endfacet
  facet normal -0.708293 5.98796e-05 0.705918
    outer loop
      vertex 16.5255 -14.4621 4.57538
      vertex 14.4749 -15.5251 2.51797
      vertex 16.452 -15.02 4.50168
    endloop
  endfacet
  facet normal -0.708279 -5.01076e-05 0.705932
    outer loop
      vertex 14.6812 -15.7502 2.72494
      vertex 16.452 -15.02 4.50168
      vertex 14.4749 -15.5251 2.51797
    endloop
  endfacet
  facet normal -0.708295 2.62581e-05 0.705916
    outer loop
      vertex 16.452 -15.02 4.50168
      vertex 14.6812 -15.7502 2.72494
      vertex 16.3302 -15.5694 4.37949
    endloop
  endfacet
  facet normal -0.708303 0.000173761 0.705908
    outer loop
      vertex 14.867 -15.9925 2.91143
      vertex 16.3302 -15.5694 4.37949
      vertex 14.6812 -15.7502 2.72494
    endloop
  endfacet
  facet normal -0.708279 2.88877e-06 0.705933
    outer loop
      vertex 14.867 -15.9925 2.91143
      vertex 16.161 -16.106 4.20973
      vertex 16.3302 -15.5694 4.37949
    endloop
  endfacet
  facet normal -0.708283 -0.00010253 0.705928
    outer loop
      vertex 15.0311 -16.25 3.07604
      vertex 16.161 -16.106 4.20973
      vertex 14.867 -15.9925 2.91143
    endloop
  endfacet
  facet normal -0.708288 -3.16657e-05 0.705924
    outer loop
      vertex 15.1721 -16.5208 3.2175
      vertex 16.161 -16.106 4.20973
      vertex 15.0311 -16.25 3.07604
    endloop
  endfacet
  facet normal -0.708286 -4.10871e-05 0.705926
    outer loop
      vertex 15.1721 -16.5208 3.2175
      vertex 15.9457 -16.6259 3.99368
      vertex 16.161 -16.106 4.20973
    endloop
  endfacet
  facet normal -0.708276 0.000107297 0.705936
    outer loop
      vertex 15.2889 -16.8029 3.33473
      vertex 15.9457 -16.6259 3.99368
      vertex 15.1721 -16.5208 3.2175
    endloop
  endfacet
  facet normal -0.70828 0.00014304 0.705931
    outer loop
      vertex 15.2889 -16.8029 3.33473
      vertex 15.8062 -16.8937 3.85377
      vertex 15.9457 -16.6259 3.99368
    endloop
  endfacet
  facet normal -0.70829 2.8792e-05 0.705921
    outer loop
      vertex 15.3807 -17.0941 3.42685
      vertex 15.8062 -16.8937 3.85377
      vertex 15.2889 -16.8029 3.33473
    endloop
  endfacet
  facet normal -0.708246 -0.000161242 0.705966
    outer loop
      vertex 15.8062 -16.8937 3.85377
      vertex 15.3807 -17.0941 3.42685
      vertex 15.4216 -17.2784 3.46784
    endloop
  endfacet
  facet normal -0.723474 -0.0316747 0.689624
    outer loop
      vertex 15.4216 17.2784 3.46784
      vertex 15.7203 17.0589 3.77112
      vertex 15.4408 17.365 3.49196
    endloop
  endfacet
  facet normal -0.723206 -0.0308695 0.689942
    outer loop
      vertex 15.7203 17.0589 3.77112
      vertex 15.4216 17.2784 3.46784
      vertex 15.8062 16.8937 3.85377
    endloop
  endfacet
  facet normal 0.723474 -0.0316747 0.689624
    outer loop
      vertex -15.7203 17.0589 3.77112
      vertex -15.4216 17.2784 3.46784
      vertex -15.4408 17.365 3.49196
    endloop
  endfacet
  facet normal 0.723206 -0.0308695 0.689942
    outer loop
      vertex -15.4216 17.2784 3.46784
      vertex -15.7203 17.0589 3.77112
      vertex -15.8062 16.8937 3.85377
    endloop
  endfacet
  facet normal -0.723384 0.0314982 0.689727
    outer loop
      vertex 15.4408 -17.365 3.49196
      vertex 15.6859 -17.125 3.73806
      vertex 15.7203 -17.0589 3.77112
    endloop
  endfacet
  facet normal -0.723708 0.0322118 0.689354
    outer loop
      vertex 15.4468 -17.3922 3.49953
      vertex 15.6859 -17.125 3.73806
      vertex 15.4408 -17.365 3.49196
    endloop
  endfacet
  facet normal -0.723331 0.0314918 0.689783
    outer loop
      vertex 15.6859 -17.125 3.73806
      vertex 15.4468 -17.3922 3.49953
      vertex 15.4586 -17.4817 3.51599
    endloop
  endfacet
  facet normal -0.723206 0.0308695 0.689942
    outer loop
      vertex 15.4216 -17.2784 3.46784
      vertex 15.7203 -17.0589 3.77112
      vertex 15.8062 -16.8937 3.85377
    endloop
  endfacet
  facet normal -0.723474 0.0316747 0.689624
    outer loop
      vertex 15.7203 -17.0589 3.77112
      vertex 15.4216 -17.2784 3.46784
      vertex 15.4408 -17.365 3.49196
    endloop
  endfacet
  facet normal 0.723331 -0.0314918 0.689783
    outer loop
      vertex -15.6859 17.125 3.73806
      vertex -15.4468 17.3922 3.49953
      vertex -15.4586 17.4817 3.51599
    endloop
  endfacet
  facet normal 0.723708 -0.0322118 0.689354
    outer loop
      vertex -15.6859 17.125 3.73806
      vertex -15.4408 17.365 3.49196
      vertex -15.4468 17.3922 3.49953
    endloop
  endfacet
  facet normal 0.723384 -0.0314982 0.689727
    outer loop
      vertex -15.4408 17.365 3.49196
      vertex -15.6859 17.125 3.73806
      vertex -15.7203 17.0589 3.77112
    endloop
  endfacet
  facet normal -0.723331 -0.0314918 0.689783
    outer loop
      vertex 15.4468 17.3922 3.49953
      vertex 15.6859 17.125 3.73806
      vertex 15.4586 17.4817 3.51599
    endloop
  endfacet
  facet normal -0.723708 -0.0322118 0.689354
    outer loop
      vertex 15.4408 17.365 3.49196
      vertex 15.6859 17.125 3.73806
      vertex 15.4468 17.3922 3.49953
    endloop
  endfacet
  facet normal -0.723384 -0.0314982 0.689727
    outer loop
      vertex 15.6859 17.125 3.73806
      vertex 15.4408 17.365 3.49196
      vertex 15.7203 17.0589 3.77112
    endloop
  endfacet
  facet normal 0.723206 0.0308695 0.689942
    outer loop
      vertex -15.7203 -17.0589 3.77112
      vertex -15.4216 -17.2784 3.46784
      vertex -15.8062 -16.8937 3.85377
    endloop
  endfacet
  facet normal 0.723474 0.0316747 0.689624
    outer loop
      vertex -15.4216 -17.2784 3.46784
      vertex -15.7203 -17.0589 3.77112
      vertex -15.4408 -17.365 3.49196
    endloop
  endfacet
  facet normal 0 0.710052 0.704149
    outer loop
      vertex 9.31884 -20.2498 2.74896
      vertex -9.41069 -20.35 2.85
      vertex 9.41069 -20.35 2.85
    endloop
  endfacet
  facet normal 0 0.710052 0.704149
    outer loop
      vertex 9.31884 -20.2498 2.74896
      vertex -9.31884 -20.2498 2.74896
      vertex -9.41069 -20.35 2.85
    endloop
  endfacet
  facet normal 0 0.70982 0.704383
    outer loop
      vertex 9.13297 -20.0075 2.50479
      vertex -9.31884 -20.2498 2.74896
      vertex 9.31884 -20.2498 2.74896
    endloop
  endfacet
  facet normal 0 0.70982 0.704383
    outer loop
      vertex 9.13297 -20.0075 2.50479
      vertex -9.13297 -20.0075 2.50479
      vertex -9.31884 -20.2498 2.74896
    endloop
  endfacet
  facet normal 0 0.709945 0.704257
    outer loop
      vertex 8.96891 -19.75 2.24521
      vertex -9.13297 -20.0075 2.50479
      vertex 9.13297 -20.0075 2.50479
    endloop
  endfacet
  facet normal 0 0.709945 0.704257
    outer loop
      vertex 8.96891 -19.75 2.24521
      vertex -8.96891 -19.75 2.24521
      vertex -9.13297 -20.0075 2.50479
    endloop
  endfacet
  facet normal 0 0.709975 0.704227
    outer loop
      vertex 8.82792 -19.4792 1.9722
      vertex -8.96891 -19.75 2.24521
      vertex 8.96891 -19.75 2.24521
    endloop
  endfacet
  facet normal 0 0.709975 0.704227
    outer loop
      vertex 8.82792 -19.4792 1.9722
      vertex -8.82792 -19.4792 1.9722
      vertex -8.96891 -19.75 2.24521
    endloop
  endfacet
  facet normal 0 0.709898 0.704305
    outer loop
      vertex 8.71108 -19.1971 1.68786
      vertex -8.82792 -19.4792 1.9722
      vertex 8.82792 -19.4792 1.9722
    endloop
  endfacet
  facet normal 0 0.709898 0.704305
    outer loop
      vertex 8.71108 -19.1971 1.68786
      vertex -8.71108 -19.1971 1.68786
      vertex -8.82792 -19.4792 1.9722
    endloop
  endfacet
  facet normal 0 0.709768 0.704436
    outer loop
      vertex 8.68359 -19.1099 1.6
      vertex -8.71108 -19.1971 1.68786
      vertex 8.71108 -19.1971 1.68786
    endloop
  endfacet
  facet normal 0 0.709768 0.704436
    outer loop
      vertex -8.71108 -19.1971 1.68786
      vertex 8.68359 -19.1099 1.6
      vertex -8.68359 -19.1099 1.6
    endloop
  endfacet
  facet normal 0 -0.710052 0.704149
    outer loop
      vertex -9.31884 20.2498 2.74896
      vertex 9.41069 20.35 2.85
      vertex -9.41069 20.35 2.85
    endloop
  endfacet
  facet normal 0 -0.710052 0.704149
    outer loop
      vertex -9.31884 20.2498 2.74896
      vertex 9.31884 20.2498 2.74896
      vertex 9.41069 20.35 2.85
    endloop
  endfacet
  facet normal 0 -0.70982 0.704383
    outer loop
      vertex -9.13297 20.0075 2.50479
      vertex 9.31884 20.2498 2.74896
      vertex -9.31884 20.2498 2.74896
    endloop
  endfacet
  facet normal 0 -0.70982 0.704383
    outer loop
      vertex -9.13297 20.0075 2.50479
      vertex 9.13297 20.0075 2.50479
      vertex 9.31884 20.2498 2.74896
    endloop
  endfacet
  facet normal 0 -0.709945 0.704257
    outer loop
      vertex -8.96891 19.75 2.24521
      vertex 9.13297 20.0075 2.50479
      vertex -9.13297 20.0075 2.50479
    endloop
  endfacet
  facet normal 0 -0.709945 0.704257
    outer loop
      vertex -8.96891 19.75 2.24521
      vertex 8.96891 19.75 2.24521
      vertex 9.13297 20.0075 2.50479
    endloop
  endfacet
  facet normal 0 -0.709975 0.704227
    outer loop
      vertex -8.82792 19.4792 1.9722
      vertex 8.96891 19.75 2.24521
      vertex -8.96891 19.75 2.24521
    endloop
  endfacet
  facet normal 0 -0.709975 0.704227
    outer loop
      vertex -8.82792 19.4792 1.9722
      vertex 8.82792 19.4792 1.9722
      vertex 8.96891 19.75 2.24521
    endloop
  endfacet
  facet normal 0 -0.709898 0.704305
    outer loop
      vertex -8.71108 19.1971 1.68786
      vertex 8.82792 19.4792 1.9722
      vertex -8.82792 19.4792 1.9722
    endloop
  endfacet
  facet normal 0 -0.709898 0.704305
    outer loop
      vertex -8.71108 19.1971 1.68786
      vertex 8.71108 19.1971 1.68786
      vertex 8.82792 19.4792 1.9722
    endloop
  endfacet
  facet normal 0 -0.709768 0.704436
    outer loop
      vertex -8.68359 19.1099 1.6
      vertex 8.71108 19.1971 1.68786
      vertex -8.71108 19.1971 1.68786
    endloop
  endfacet
  facet normal 0 -0.709768 0.704436
    outer loop
      vertex 8.71108 19.1971 1.68786
      vertex -8.68359 19.1099 1.6
      vertex 8.68359 19.1099 1.6
    endloop
  endfacet
  facet normal 0.130106 -0.9915 0
    outer loop
      vertex -12.3994 -15.7349 0
      vertex -12.2005 -15.7088 55.6
      vertex -12.3994 -15.7349 55.6
    endloop
  endfacet
  facet normal 0.130106 -0.9915 0
    outer loop
      vertex -12.2005 -15.7088 55.6
      vertex -12.3994 -15.7349 0
      vertex -12.2005 -15.7088 0
    endloop
  endfacet
  facet normal -0.991442 -0.130547 0
    outer loop
      vertex -9.70875 -17.7995 0
      vertex -9.73494 -17.6006 55.6
      vertex -9.73494 -17.6006 0
    endloop
  endfacet
  facet normal -0.991442 -0.130547 0
    outer loop
      vertex -9.73494 -17.6006 55.6
      vertex -9.70875 -17.7995 0
      vertex -9.70875 -17.7995 55.6
    endloop
  endfacet
  facet normal -0.999049 -0.0435994 0
    outer loop
      vertex -9.7 -18 0
      vertex -9.70875 -17.7995 55.6
      vertex -9.70875 -17.7995 0
    endloop
  endfacet
  facet normal -0.999049 -0.0435994 0
    outer loop
      vertex -9.70875 -17.7995 55.6
      vertex -9.7 -18 0
      vertex -9.7 -18 55.6
    endloop
  endfacet
  facet normal -0.976296 -0.21644 0
    outer loop
      vertex -9.73494 -17.6006 0
      vertex -9.77837 -17.4047 55.6
      vertex -9.77837 -17.4047 0
    endloop
  endfacet
  facet normal -0.976296 -0.21644 0
    outer loop
      vertex -9.77837 -17.4047 55.6
      vertex -9.73494 -17.6006 0
      vertex -9.73494 -17.6006 55.6
    endloop
  endfacet
  facet normal -0.999049 0.0435994 0
    outer loop
      vertex -9.70875 -18.2005 0
      vertex -9.7 -18 55.6
      vertex -9.7 -18 0
    endloop
  endfacet
  facet normal -0.999049 0.0435994 0
    outer loop
      vertex -9.7 -18 55.6
      vertex -9.70875 -18.2005 0
      vertex -9.70875 -18.2005 55.6
    endloop
  endfacet
  facet normal 0.608578 0.793494 -0
    outer loop
      vertex -13.3192 -19.884 0
      vertex -13.4784 -19.7619 55.6
      vertex -13.3192 -19.884 55.6
    endloop
  endfacet
  facet normal 0.608578 0.793494 0
    outer loop
      vertex -13.4784 -19.7619 55.6
      vertex -13.3192 -19.884 0
      vertex -13.4784 -19.7619 0
    endloop
  endfacet
  facet normal 0.953741 -0.30063 0
    outer loop
      vertex -14.2216 -17.4047 55.6
      vertex -14.1613 -17.2134 0
      vertex -14.1613 -17.2134 55.6
    endloop
  endfacet
  facet normal 0.953741 -0.30063 0
    outer loop
      vertex -14.1613 -17.2134 0
      vertex -14.2216 -17.4047 55.6
      vertex -14.2216 -17.4047 0
    endloop
  endfacet
  facet normal -0.675792 -0.737092 0
    outer loop
      vertex -10.5216 -16.2381 0
      vertex -10.3737 -16.3737 55.6
      vertex -10.5216 -16.2381 55.6
    endloop
  endfacet
  facet normal -0.675792 -0.737092 -0
    outer loop
      vertex -10.3737 -16.3737 55.6
      vertex -10.5216 -16.2381 0
      vertex -10.3737 -16.3737 0
    endloop
  endfacet
  facet normal 0.953741 0.30063 0
    outer loop
      vertex -14.1613 -18.7866 55.6
      vertex -14.2216 -18.5953 0
      vertex -14.2216 -18.5953 55.6
    endloop
  endfacet
  facet normal 0.953741 0.30063 0
    outer loop
      vertex -14.2216 -18.5953 0
      vertex -14.1613 -18.7866 55.6
      vertex -14.1613 -18.7866 0
    endloop
  endfacet
  facet normal 0.793494 0.608578 0
    outer loop
      vertex -13.7619 -19.4784 55.6
      vertex -13.884 -19.3192 0
      vertex -13.884 -19.3192 55.6
    endloop
  endfacet
  facet normal 0.793494 0.608578 0
    outer loop
      vertex -13.884 -19.3192 0
      vertex -13.7619 -19.4784 55.6
      vertex -13.7619 -19.4784 0
    endloop
  endfacet
  facet normal -0.382704 -0.923871 0
    outer loop
      vertex -11.2134 -15.8387 0
      vertex -11.028 -15.9155 55.6
      vertex -11.2134 -15.8387 55.6
    endloop
  endfacet
  facet normal -0.382704 -0.923871 -0
    outer loop
      vertex -11.028 -15.9155 55.6
      vertex -11.2134 -15.8387 0
      vertex -11.028 -15.9155 0
    endloop
  endfacet
  facet normal -0.843148 0.537681 0
    outer loop
      vertex -10.116 -19.3192 0
      vertex -10.0081 -19.15 55.6
      vertex -10.0081 -19.15 0
    endloop
  endfacet
  facet normal -0.843148 0.537681 0
    outer loop
      vertex -10.0081 -19.15 55.6
      vertex -10.116 -19.3192 0
      vertex -10.116 -19.3192 55.6
    endloop
  endfacet
  facet normal -0.737092 -0.675792 0
    outer loop
      vertex -10.2381 -16.5216 0
      vertex -10.3737 -16.3737 55.6
      vertex -10.3737 -16.3737 0
    endloop
  endfacet
  facet normal -0.737092 -0.675792 0
    outer loop
      vertex -10.3737 -16.3737 55.6
      vertex -10.2381 -16.5216 0
      vertex -10.2381 -16.5216 55.6
    endloop
  endfacet
  facet normal -0.793494 -0.608578 0
    outer loop
      vertex -10.116 -16.6808 0
      vertex -10.2381 -16.5216 55.6
      vertex -10.2381 -16.5216 0
    endloop
  endfacet
  facet normal -0.793494 -0.608578 0
    outer loop
      vertex -10.2381 -16.5216 55.6
      vertex -10.116 -16.6808 0
      vertex -10.116 -16.6808 55.6
    endloop
  endfacet
  facet normal -0.537681 -0.843148 0
    outer loop
      vertex -10.85 -16.0081 0
      vertex -10.6808 -16.116 55.6
      vertex -10.85 -16.0081 55.6
    endloop
  endfacet
  facet normal -0.537681 -0.843148 -0
    outer loop
      vertex -10.6808 -16.116 55.6
      vertex -10.85 -16.0081 0
      vertex -10.6808 -16.116 0
    endloop
  endfacet
  facet normal -0.216772 -0.976222 0
    outer loop
      vertex -11.6006 -15.7349 0
      vertex -11.4047 -15.7784 55.6
      vertex -11.6006 -15.7349 55.6
    endloop
  endfacet
  facet normal -0.216772 -0.976222 -0
    outer loop
      vertex -11.4047 -15.7784 55.6
      vertex -11.6006 -15.7349 0
      vertex -11.4047 -15.7784 0
    endloop
  endfacet
  facet normal 0.0438481 0.999038 -0
    outer loop
      vertex -12 -20.3 0
      vertex -12.2005 -20.2912 55.6
      vertex -12 -20.3 55.6
    endloop
  endfacet
  facet normal 0.0438481 0.999038 0
    outer loop
      vertex -12.2005 -20.2912 55.6
      vertex -12 -20.3 0
      vertex -12.2005 -20.2912 0
    endloop
  endfacet
  facet normal 0.216772 -0.976222 0
    outer loop
      vertex -12.5953 -15.7784 0
      vertex -12.3994 -15.7349 55.6
      vertex -12.5953 -15.7784 55.6
    endloop
  endfacet
  facet normal 0.216772 -0.976222 0
    outer loop
      vertex -12.3994 -15.7349 55.6
      vertex -12.5953 -15.7784 0
      vertex -12.3994 -15.7349 0
    endloop
  endfacet
  facet normal 0.793494 -0.608578 0
    outer loop
      vertex -13.884 -16.6808 55.6
      vertex -13.7619 -16.5216 0
      vertex -13.7619 -16.5216 55.6
    endloop
  endfacet
  facet normal 0.793494 -0.608578 0
    outer loop
      vertex -13.7619 -16.5216 0
      vertex -13.884 -16.6808 55.6
      vertex -13.884 -16.6808 0
    endloop
  endfacet
  facet normal 0.9915 0.130106 0
    outer loop
      vertex -14.2651 -18.3994 55.6
      vertex -14.2912 -18.2005 0
      vertex -14.2912 -18.2005 55.6
    endloop
  endfacet
  facet normal 0.9915 0.130106 0
    outer loop
      vertex -14.2912 -18.2005 0
      vertex -14.2651 -18.3994 55.6
      vertex -14.2651 -18.3994 0
    endloop
  endfacet
  facet normal 0.46151 -0.887135 0
    outer loop
      vertex -13.15 -16.0081 0
      vertex -12.972 -15.9155 55.6
      vertex -13.15 -16.0081 55.6
    endloop
  endfacet
  facet normal 0.46151 -0.887135 0
    outer loop
      vertex -12.972 -15.9155 55.6
      vertex -13.15 -16.0081 0
      vertex -12.972 -15.9155 0
    endloop
  endfacet
  facet normal -0.46151 0.887135 0
    outer loop
      vertex -10.85 -19.9919 0
      vertex -11.028 -20.0845 55.6
      vertex -10.85 -19.9919 55.6
    endloop
  endfacet
  facet normal -0.46151 0.887135 0
    outer loop
      vertex -11.028 -20.0845 55.6
      vertex -10.85 -19.9919 0
      vertex -11.028 -20.0845 0
    endloop
  endfacet
  facet normal -0.608578 -0.793494 0
    outer loop
      vertex -10.6808 -16.116 0
      vertex -10.5216 -16.2381 55.6
      vertex -10.6808 -16.116 55.6
    endloop
  endfacet
  facet normal -0.608578 -0.793494 -0
    outer loop
      vertex -10.5216 -16.2381 55.6
      vertex -10.6808 -16.116 0
      vertex -10.5216 -16.2381 0
    endloop
  endfacet
  facet normal -0.991442 0.130547 0
    outer loop
      vertex -9.73494 -18.3994 0
      vertex -9.70875 -18.2005 55.6
      vertex -9.70875 -18.2005 0
    endloop
  endfacet
  facet normal -0.991442 0.130547 0
    outer loop
      vertex -9.70875 -18.2005 55.6
      vertex -9.73494 -18.3994 0
      vertex -9.73494 -18.3994 55.6
    endloop
  endfacet
  facet normal -0.923906 0.382619 0
    outer loop
      vertex -9.91549 -18.972 0
      vertex -9.83871 -18.7866 55.6
      vertex -9.83871 -18.7866 0
    endloop
  endfacet
  facet normal -0.923906 0.382619 0
    outer loop
      vertex -9.83871 -18.7866 55.6
      vertex -9.91549 -18.972 0
      vertex -9.91549 -18.972 55.6
    endloop
  endfacet
  facet normal -0.30063 -0.953741 0
    outer loop
      vertex -11.4047 -15.7784 0
      vertex -11.2134 -15.8387 55.6
      vertex -11.4047 -15.7784 55.6
    endloop
  endfacet
  facet normal -0.30063 -0.953741 -0
    outer loop
      vertex -11.2134 -15.8387 55.6
      vertex -11.4047 -15.7784 0
      vertex -11.2134 -15.8387 0
    endloop
  endfacet
  facet normal 0.0438481 -0.999038 0
    outer loop
      vertex -12.2005 -15.7088 0
      vertex -12 -15.7 55.6
      vertex -12.2005 -15.7088 55.6
    endloop
  endfacet
  facet normal 0.0438481 -0.999038 0
    outer loop
      vertex -12 -15.7 55.6
      vertex -12.2005 -15.7088 0
      vertex -12 -15.7 0
    endloop
  endfacet
  facet normal 0.737092 0.675792 0
    outer loop
      vertex -13.6263 -19.6263 55.6
      vertex -13.7619 -19.4784 0
      vertex -13.7619 -19.4784 55.6
    endloop
  endfacet
  facet normal 0.737092 0.675792 0
    outer loop
      vertex -13.7619 -19.4784 0
      vertex -13.6263 -19.6263 55.6
      vertex -13.6263 -19.6263 0
    endloop
  endfacet
  facet normal 0.887135 -0.46151 0
    outer loop
      vertex -14.0845 -17.028 55.6
      vertex -13.9919 -16.85 0
      vertex -13.9919 -16.85 55.6
    endloop
  endfacet
  facet normal 0.887135 -0.46151 0
    outer loop
      vertex -13.9919 -16.85 0
      vertex -14.0845 -17.028 55.6
      vertex -14.0845 -17.028 0
    endloop
  endfacet
  facet normal -0.216772 0.976222 0
    outer loop
      vertex -11.4047 -20.2216 0
      vertex -11.6006 -20.2651 55.6
      vertex -11.4047 -20.2216 55.6
    endloop
  endfacet
  facet normal -0.216772 0.976222 0
    outer loop
      vertex -11.6006 -20.2651 55.6
      vertex -11.4047 -20.2216 0
      vertex -11.6006 -20.2651 0
    endloop
  endfacet
  facet normal -0.130106 0.9915 0
    outer loop
      vertex -11.6006 -20.2651 0
      vertex -11.7995 -20.2912 55.6
      vertex -11.6006 -20.2651 55.6
    endloop
  endfacet
  facet normal -0.130106 0.9915 0
    outer loop
      vertex -11.7995 -20.2912 55.6
      vertex -11.6006 -20.2651 0
      vertex -11.7995 -20.2912 0
    endloop
  endfacet
  facet normal -0.46151 -0.887135 0
    outer loop
      vertex -11.028 -15.9155 0
      vertex -10.85 -16.0081 55.6
      vertex -11.028 -15.9155 55.6
    endloop
  endfacet
  facet normal -0.46151 -0.887135 -0
    outer loop
      vertex -10.85 -16.0081 55.6
      vertex -11.028 -15.9155 0
      vertex -10.85 -16.0081 0
    endloop
  endfacet
  facet normal -0.0438481 -0.999038 0
    outer loop
      vertex -12 -15.7 0
      vertex -11.7995 -15.7088 55.6
      vertex -12 -15.7 55.6
    endloop
  endfacet
  facet normal -0.0438481 -0.999038 -0
    outer loop
      vertex -11.7995 -15.7088 55.6
      vertex -12 -15.7 0
      vertex -11.7995 -15.7088 0
    endloop
  endfacet
  facet normal 0.30063 0.953741 -0
    outer loop
      vertex -12.5953 -20.2216 0
      vertex -12.7866 -20.1613 55.6
      vertex -12.5953 -20.2216 55.6
    endloop
  endfacet
  facet normal 0.30063 0.953741 0
    outer loop
      vertex -12.7866 -20.1613 55.6
      vertex -12.5953 -20.2216 0
      vertex -12.7866 -20.1613 0
    endloop
  endfacet
  facet normal -0.608578 0.793494 0
    outer loop
      vertex -10.5216 -19.7619 0
      vertex -10.6808 -19.884 55.6
      vertex -10.5216 -19.7619 55.6
    endloop
  endfacet
  facet normal -0.608578 0.793494 0
    outer loop
      vertex -10.6808 -19.884 55.6
      vertex -10.5216 -19.7619 0
      vertex -10.6808 -19.884 0
    endloop
  endfacet
  facet normal 0.537681 0.843148 -0
    outer loop
      vertex -13.15 -19.9919 0
      vertex -13.3192 -19.884 55.6
      vertex -13.15 -19.9919 55.6
    endloop
  endfacet
  facet normal 0.537681 0.843148 0
    outer loop
      vertex -13.3192 -19.884 55.6
      vertex -13.15 -19.9919 0
      vertex -13.3192 -19.884 0
    endloop
  endfacet
  facet normal -0.793494 0.608578 0
    outer loop
      vertex -10.2381 -19.4784 0
      vertex -10.116 -19.3192 55.6
      vertex -10.116 -19.3192 0
    endloop
  endfacet
  facet normal -0.793494 0.608578 0
    outer loop
      vertex -10.116 -19.3192 55.6
      vertex -10.2381 -19.4784 0
      vertex -10.2381 -19.4784 55.6
    endloop
  endfacet
  facet normal -0.976296 0.21644 0
    outer loop
      vertex -9.77837 -18.5953 0
      vertex -9.73494 -18.3994 55.6
      vertex -9.73494 -18.3994 0
    endloop
  endfacet
  facet normal -0.976296 0.21644 0
    outer loop
      vertex -9.73494 -18.3994 55.6
      vertex -9.77837 -18.5953 0
      vertex -9.77837 -18.5953 55.6
    endloop
  endfacet
  facet normal 0.675792 -0.737092 0
    outer loop
      vertex -13.6263 -16.3737 0
      vertex -13.4784 -16.2381 55.6
      vertex -13.6263 -16.3737 55.6
    endloop
  endfacet
  facet normal 0.675792 -0.737092 0
    outer loop
      vertex -13.4784 -16.2381 55.6
      vertex -13.6263 -16.3737 0
      vertex -13.4784 -16.2381 0
    endloop
  endfacet
  facet normal 0.608578 -0.793494 0
    outer loop
      vertex -13.4784 -16.2381 0
      vertex -13.3192 -16.116 55.6
      vertex -13.4784 -16.2381 55.6
    endloop
  endfacet
  facet normal 0.608578 -0.793494 0
    outer loop
      vertex -13.3192 -16.116 55.6
      vertex -13.4784 -16.2381 0
      vertex -13.3192 -16.116 0
    endloop
  endfacet
  facet normal -0.887115 -0.461549 0
    outer loop
      vertex -9.91549 -17.028 0
      vertex -10.0081 -16.85 55.6
      vertex -10.0081 -16.85 0
    endloop
  endfacet
  facet normal -0.887115 -0.461549 0
    outer loop
      vertex -10.0081 -16.85 55.6
      vertex -9.91549 -17.028 0
      vertex -9.91549 -17.028 55.6
    endloop
  endfacet
  facet normal -0.843148 -0.537681 0
    outer loop
      vertex -10.0081 -16.85 0
      vertex -10.116 -16.6808 55.6
      vertex -10.116 -16.6808 0
    endloop
  endfacet
  facet normal -0.843148 -0.537681 0
    outer loop
      vertex -10.116 -16.6808 55.6
      vertex -10.0081 -16.85 0
      vertex -10.0081 -16.85 55.6
    endloop
  endfacet
  facet normal -0.953684 0.300812 0
    outer loop
      vertex -9.83871 -18.7866 0
      vertex -9.77837 -18.5953 55.6
      vertex -9.77837 -18.5953 0
    endloop
  endfacet
  facet normal -0.953684 0.300812 0
    outer loop
      vertex -9.77837 -18.5953 55.6
      vertex -9.83871 -18.7866 0
      vertex -9.83871 -18.7866 55.6
    endloop
  endfacet
  facet normal 0.537681 -0.843148 0
    outer loop
      vertex -13.3192 -16.116 0
      vertex -13.15 -16.0081 55.6
      vertex -13.3192 -16.116 55.6
    endloop
  endfacet
  facet normal 0.537681 -0.843148 0
    outer loop
      vertex -13.15 -16.0081 55.6
      vertex -13.3192 -16.116 0
      vertex -13.15 -16.0081 0
    endloop
  endfacet
  facet normal 0.130106 0.9915 -0
    outer loop
      vertex -12.2005 -20.2912 0
      vertex -12.3994 -20.2651 55.6
      vertex -12.2005 -20.2912 55.6
    endloop
  endfacet
  facet normal 0.130106 0.9915 0
    outer loop
      vertex -12.3994 -20.2651 55.6
      vertex -12.2005 -20.2912 0
      vertex -12.3994 -20.2651 0
    endloop
  endfacet
  facet normal 0.30063 -0.953741 0
    outer loop
      vertex -12.7866 -15.8387 0
      vertex -12.5953 -15.7784 55.6
      vertex -12.7866 -15.8387 55.6
    endloop
  endfacet
  facet normal 0.30063 -0.953741 0
    outer loop
      vertex -12.5953 -15.7784 55.6
      vertex -12.7866 -15.8387 0
      vertex -12.5953 -15.7784 0
    endloop
  endfacet
  facet normal -0.382704 0.923871 0
    outer loop
      vertex -11.028 -20.0845 0
      vertex -11.2134 -20.1613 55.6
      vertex -11.028 -20.0845 55.6
    endloop
  endfacet
  facet normal -0.382704 0.923871 0
    outer loop
      vertex -11.2134 -20.1613 55.6
      vertex -11.028 -20.0845 0
      vertex -11.2134 -20.1613 0
    endloop
  endfacet
  facet normal -0.923906 -0.382619 0
    outer loop
      vertex -9.83871 -17.2134 0
      vertex -9.91549 -17.028 55.6
      vertex -9.91549 -17.028 0
    endloop
  endfacet
  facet normal -0.923906 -0.382619 0
    outer loop
      vertex -9.91549 -17.028 55.6
      vertex -9.83871 -17.2134 0
      vertex -9.83871 -17.2134 55.6
    endloop
  endfacet
  facet normal -0.0438481 0.999038 0
    outer loop
      vertex -11.7995 -20.2912 0
      vertex -12 -20.3 55.6
      vertex -11.7995 -20.2912 55.6
    endloop
  endfacet
  facet normal -0.0438481 0.999038 0
    outer loop
      vertex -12 -20.3 55.6
      vertex -11.7995 -20.2912 0
      vertex -12 -20.3 0
    endloop
  endfacet
  facet normal 0.999038 0.0438481 0
    outer loop
      vertex -14.2912 -18.2005 55.6
      vertex -14.3 -18 0
      vertex -14.3 -18 55.6
    endloop
  endfacet
  facet normal 0.999038 0.0438481 0
    outer loop
      vertex -14.3 -18 0
      vertex -14.2912 -18.2005 55.6
      vertex -14.2912 -18.2005 0
    endloop
  endfacet
  facet normal 0.999038 -0.0438481 0
    outer loop
      vertex -14.3 -18 55.6
      vertex -14.2912 -17.7995 0
      vertex -14.2912 -17.7995 55.6
    endloop
  endfacet
  facet normal 0.999038 -0.0438481 0
    outer loop
      vertex -14.2912 -17.7995 0
      vertex -14.3 -18 55.6
      vertex -14.3 -18 0
    endloop
  endfacet
  facet normal -0.887115 0.461549 0
    outer loop
      vertex -10.0081 -19.15 0
      vertex -9.91549 -18.972 55.6
      vertex -9.91549 -18.972 0
    endloop
  endfacet
  facet normal -0.887115 0.461549 0
    outer loop
      vertex -9.91549 -18.972 55.6
      vertex -10.0081 -19.15 0
      vertex -10.0081 -19.15 55.6
    endloop
  endfacet
  facet normal 0.737092 -0.675792 0
    outer loop
      vertex -13.7619 -16.5216 55.6
      vertex -13.6263 -16.3737 0
      vertex -13.6263 -16.3737 55.6
    endloop
  endfacet
  facet normal 0.737092 -0.675792 0
    outer loop
      vertex -13.6263 -16.3737 0
      vertex -13.7619 -16.5216 55.6
      vertex -13.7619 -16.5216 0
    endloop
  endfacet
  facet normal 0.382704 -0.923871 0
    outer loop
      vertex -12.972 -15.9155 0
      vertex -12.7866 -15.8387 55.6
      vertex -12.972 -15.9155 55.6
    endloop
  endfacet
  facet normal 0.382704 -0.923871 0
    outer loop
      vertex -12.7866 -15.8387 55.6
      vertex -12.972 -15.9155 0
      vertex -12.7866 -15.8387 0
    endloop
  endfacet
  facet normal -0.537681 0.843148 0
    outer loop
      vertex -10.6808 -19.884 0
      vertex -10.85 -19.9919 55.6
      vertex -10.6808 -19.884 55.6
    endloop
  endfacet
  facet normal -0.537681 0.843148 0
    outer loop
      vertex -10.85 -19.9919 55.6
      vertex -10.6808 -19.884 0
      vertex -10.85 -19.9919 0
    endloop
  endfacet
  facet normal 0.976222 -0.216772 0
    outer loop
      vertex -14.2651 -17.6006 55.6
      vertex -14.2216 -17.4047 0
      vertex -14.2216 -17.4047 55.6
    endloop
  endfacet
  facet normal 0.976222 -0.216772 0
    outer loop
      vertex -14.2216 -17.4047 0
      vertex -14.2651 -17.6006 55.6
      vertex -14.2651 -17.6006 0
    endloop
  endfacet
  facet normal 0.923871 0.382704 0
    outer loop
      vertex -14.0845 -18.972 55.6
      vertex -14.1613 -18.7866 0
      vertex -14.1613 -18.7866 55.6
    endloop
  endfacet
  facet normal 0.923871 0.382704 0
    outer loop
      vertex -14.1613 -18.7866 0
      vertex -14.0845 -18.972 55.6
      vertex -14.0845 -18.972 0
    endloop
  endfacet
  facet normal 0.976222 0.216772 0
    outer loop
      vertex -14.2216 -18.5953 55.6
      vertex -14.2651 -18.3994 0
      vertex -14.2651 -18.3994 55.6
    endloop
  endfacet
  facet normal 0.976222 0.216772 0
    outer loop
      vertex -14.2651 -18.3994 0
      vertex -14.2216 -18.5953 55.6
      vertex -14.2216 -18.5953 0
    endloop
  endfacet
  facet normal 0 0 -1
    outer loop
      vertex -9.70875 -18.2005 55.6
      vertex -9.70875 -17.7995 55.6
      vertex -9.7 -18 55.6
    endloop
  endfacet
  facet normal 0 0 -1
    outer loop
      vertex -9.73494 -18.3994 55.6
      vertex -9.70875 -17.7995 55.6
      vertex -9.70875 -18.2005 55.6
    endloop
  endfacet
  facet normal 0 0 -1
    outer loop
      vertex -9.73494 -18.3994 55.6
      vertex -9.73494 -17.6006 55.6
      vertex -9.70875 -17.7995 55.6
    endloop
  endfacet
  facet normal 0 0 -1
    outer loop
      vertex -9.77837 -18.5953 55.6
      vertex -9.73494 -17.6006 55.6
      vertex -9.73494 -18.3994 55.6
    endloop
  endfacet
  facet normal 0 0 -1
    outer loop
      vertex -9.77837 -18.5953 55.6
      vertex -9.77837 -17.4047 55.6
      vertex -9.73494 -17.6006 55.6
    endloop
  endfacet
  facet normal 0 0 -1
    outer loop
      vertex -9.83871 -18.7866 55.6
      vertex -9.77837 -17.4047 55.6
      vertex -9.77837 -18.5953 55.6
    endloop
  endfacet
  facet normal 0 0 -1
    outer loop
      vertex -9.83871 -18.7866 55.6
      vertex -9.83871 -17.2134 55.6
      vertex -9.77837 -17.4047 55.6
    endloop
  endfacet
  facet normal 0 0 -1
    outer loop
      vertex -9.91549 -18.972 55.6
      vertex -9.83871 -17.2134 55.6
      vertex -9.83871 -18.7866 55.6
    endloop
  endfacet
  facet normal 0 0 -1
    outer loop
      vertex -9.91549 -18.972 55.6
      vertex -9.91549 -17.028 55.6
      vertex -9.83871 -17.2134 55.6
    endloop
  endfacet
  facet normal 0 0 -1
    outer loop
      vertex -10.0081 -19.15 55.6
      vertex -9.91549 -17.028 55.6
      vertex -9.91549 -18.972 55.6
    endloop
  endfacet
  facet normal 0 0 -1
    outer loop
      vertex -10.0081 -19.15 55.6
      vertex -10.0081 -16.85 55.6
      vertex -9.91549 -17.028 55.6
    endloop
  endfacet
  facet normal 0 0 -1
    outer loop
      vertex -10.116 -19.3192 55.6
      vertex -10.0081 -16.85 55.6
      vertex -10.0081 -19.15 55.6
    endloop
  endfacet
  facet normal 0 0 -1
    outer loop
      vertex -10.116 -19.3192 55.6
      vertex -10.116 -16.6808 55.6
      vertex -10.0081 -16.85 55.6
    endloop
  endfacet
  facet normal 0 0 -1
    outer loop
      vertex -10.2381 -19.4784 55.6
      vertex -10.116 -16.6808 55.6
      vertex -10.116 -19.3192 55.6
    endloop
  endfacet
  facet normal 0 0 -1
    outer loop
      vertex -10.2381 -19.4784 55.6
      vertex -10.2381 -16.5216 55.6
      vertex -10.116 -16.6808 55.6
    endloop
  endfacet
  facet normal 0 0 -1
    outer loop
      vertex -10.3737 -19.6263 55.6
      vertex -10.2381 -16.5216 55.6
      vertex -10.2381 -19.4784 55.6
    endloop
  endfacet
  facet normal 0 0 -1
    outer loop
      vertex -10.3737 -19.6263 55.6
      vertex -10.3737 -16.3737 55.6
      vertex -10.2381 -16.5216 55.6
    endloop
  endfacet
  facet normal 0 0 -1
    outer loop
      vertex -10.5216 -19.7619 55.6
      vertex -10.3737 -16.3737 55.6
      vertex -10.3737 -19.6263 55.6
    endloop
  endfacet
  facet normal 0 0 -1
    outer loop
      vertex -10.5216 -19.7619 55.6
      vertex -10.5216 -16.2381 55.6
      vertex -10.3737 -16.3737 55.6
    endloop
  endfacet
  facet normal 0 0 -1
    outer loop
      vertex -10.6808 -19.884 55.6
      vertex -10.5216 -16.2381 55.6
      vertex -10.5216 -19.7619 55.6
    endloop
  endfacet
  facet normal 0 0 -1
    outer loop
      vertex -10.6808 -19.884 55.6
      vertex -10.6808 -16.116 55.6
      vertex -10.5216 -16.2381 55.6
    endloop
  endfacet
  facet normal 0 0 -1
    outer loop
      vertex -10.85 -19.9919 55.6
      vertex -10.6808 -16.116 55.6
      vertex -10.6808 -19.884 55.6
    endloop
  endfacet
  facet normal 0 0 -1
    outer loop
      vertex -10.85 -19.9919 55.6
      vertex -10.85 -16.0081 55.6
      vertex -10.6808 -16.116 55.6
    endloop
  endfacet
  facet normal 0 0 -1
    outer loop
      vertex -11.028 -20.0845 55.6
      vertex -10.85 -16.0081 55.6
      vertex -10.85 -19.9919 55.6
    endloop
  endfacet
  facet normal 0 0 -1
    outer loop
      vertex -11.028 -20.0845 55.6
      vertex -11.028 -15.9155 55.6
      vertex -10.85 -16.0081 55.6
    endloop
  endfacet
  facet normal 0 0 -1
    outer loop
      vertex -11.2134 -20.1613 55.6
      vertex -11.028 -15.9155 55.6
      vertex -11.028 -20.0845 55.6
    endloop
  endfacet
  facet normal 0 0 -1
    outer loop
      vertex -11.2134 -20.1613 55.6
      vertex -11.2134 -15.8387 55.6
      vertex -11.028 -15.9155 55.6
    endloop
  endfacet
  facet normal 0 0 -1
    outer loop
      vertex -11.4047 -20.2216 55.6
      vertex -11.2134 -15.8387 55.6
      vertex -11.2134 -20.1613 55.6
    endloop
  endfacet
  facet normal 0 0 -1
    outer loop
      vertex -11.4047 -20.2216 55.6
      vertex -11.4047 -15.7784 55.6
      vertex -11.2134 -15.8387 55.6
    endloop
  endfacet
  facet normal 0 0 -1
    outer loop
      vertex -11.6006 -20.2651 55.6
      vertex -11.4047 -15.7784 55.6
      vertex -11.4047 -20.2216 55.6
    endloop
  endfacet
  facet normal 0 0 -1
    outer loop
      vertex -11.6006 -20.2651 55.6
      vertex -11.6006 -15.7349 55.6
      vertex -11.4047 -15.7784 55.6
    endloop
  endfacet
  facet normal 0 0 -1
    outer loop
      vertex -11.7995 -20.2912 55.6
      vertex -11.6006 -15.7349 55.6
      vertex -11.6006 -20.2651 55.6
    endloop
  endfacet
  facet normal 0 0 -1
    outer loop
      vertex -11.7995 -20.2912 55.6
      vertex -11.7995 -15.7088 55.6
      vertex -11.6006 -15.7349 55.6
    endloop
  endfacet
  facet normal 0 0 -1
    outer loop
      vertex -12 -20.3 55.6
      vertex -11.7995 -15.7088 55.6
      vertex -11.7995 -20.2912 55.6
    endloop
  endfacet
  facet normal 0 0 -1
    outer loop
      vertex -12 -20.3 55.6
      vertex -12 -15.7 55.6
      vertex -11.7995 -15.7088 55.6
    endloop
  endfacet
  facet normal 0 0 -1
    outer loop
      vertex -12.2005 -20.2912 55.6
      vertex -12 -15.7 55.6
      vertex -12 -20.3 55.6
    endloop
  endfacet
  facet normal 0 0 -1
    outer loop
      vertex -12.2005 -20.2912 55.6
      vertex -12.2005 -15.7088 55.6
      vertex -12 -15.7 55.6
    endloop
  endfacet
  facet normal 0 0 -1
    outer loop
      vertex -12.3994 -20.2651 55.6
      vertex -12.2005 -15.7088 55.6
      vertex -12.2005 -20.2912 55.6
    endloop
  endfacet
  facet normal 0 0 -1
    outer loop
      vertex -12.3994 -20.2651 55.6
      vertex -12.3994 -15.7349 55.6
      vertex -12.2005 -15.7088 55.6
    endloop
  endfacet
  facet normal 0 0 -1
    outer loop
      vertex -12.5953 -20.2216 55.6
      vertex -12.3994 -15.7349 55.6
      vertex -12.3994 -20.2651 55.6
    endloop
  endfacet
  facet normal 0 0 -1
    outer loop
      vertex -12.5953 -20.2216 55.6
      vertex -12.5953 -15.7784 55.6
      vertex -12.3994 -15.7349 55.6
    endloop
  endfacet
  facet normal 0 0 -1
    outer loop
      vertex -12.7866 -20.1613 55.6
      vertex -12.5953 -15.7784 55.6
      vertex -12.5953 -20.2216 55.6
    endloop
  endfacet
  facet normal 0 0 -1
    outer loop
      vertex -12.7866 -20.1613 55.6
      vertex -12.7866 -15.8387 55.6
      vertex -12.5953 -15.7784 55.6
    endloop
  endfacet
  facet normal 0 0 -1
    outer loop
      vertex -12.972 -20.0845 55.6
      vertex -12.7866 -15.8387 55.6
      vertex -12.7866 -20.1613 55.6
    endloop
  endfacet
  facet normal 0 0 -1
    outer loop
      vertex -12.972 -20.0845 55.6
      vertex -12.972 -15.9155 55.6
      vertex -12.7866 -15.8387 55.6
    endloop
  endfacet
  facet normal 0 0 -1
    outer loop
      vertex -13.15 -19.9919 55.6
      vertex -12.972 -15.9155 55.6
      vertex -12.972 -20.0845 55.6
    endloop
  endfacet
  facet normal 0 0 -1
    outer loop
      vertex -13.15 -19.9919 55.6
      vertex -13.15 -16.0081 55.6
      vertex -12.972 -15.9155 55.6
    endloop
  endfacet
  facet normal 0 0 -1
    outer loop
      vertex -13.3192 -19.884 55.6
      vertex -13.15 -16.0081 55.6
      vertex -13.15 -19.9919 55.6
    endloop
  endfacet
  facet normal 0 0 -1
    outer loop
      vertex -13.3192 -19.884 55.6
      vertex -13.3192 -16.116 55.6
      vertex -13.15 -16.0081 55.6
    endloop
  endfacet
  facet normal 0 0 -1
    outer loop
      vertex -13.4784 -19.7619 55.6
      vertex -13.3192 -16.116 55.6
      vertex -13.3192 -19.884 55.6
    endloop
  endfacet
  facet normal 0 0 -1
    outer loop
      vertex -13.4784 -19.7619 55.6
      vertex -13.4784 -16.2381 55.6
      vertex -13.3192 -16.116 55.6
    endloop
  endfacet
  facet normal 0 0 -1
    outer loop
      vertex -13.6263 -19.6263 55.6
      vertex -13.4784 -16.2381 55.6
      vertex -13.4784 -19.7619 55.6
    endloop
  endfacet
  facet normal 0 0 -1
    outer loop
      vertex -13.6263 -19.6263 55.6
      vertex -13.6263 -16.3737 55.6
      vertex -13.4784 -16.2381 55.6
    endloop
  endfacet
  facet normal 0 0 -1
    outer loop
      vertex -13.7619 -19.4784 55.6
      vertex -13.6263 -16.3737 55.6
      vertex -13.6263 -19.6263 55.6
    endloop
  endfacet
  facet normal 0 0 -1
    outer loop
      vertex -13.7619 -19.4784 55.6
      vertex -13.7619 -16.5216 55.6
      vertex -13.6263 -16.3737 55.6
    endloop
  endfacet
  facet normal 0 0 -1
    outer loop
      vertex -13.884 -19.3192 55.6
      vertex -13.7619 -16.5216 55.6
      vertex -13.7619 -19.4784 55.6
    endloop
  endfacet
  facet normal 0 0 -1
    outer loop
      vertex -13.884 -19.3192 55.6
      vertex -13.884 -16.6808 55.6
      vertex -13.7619 -16.5216 55.6
    endloop
  endfacet
  facet normal 0 0 -1
    outer loop
      vertex -13.9919 -19.15 55.6
      vertex -13.884 -16.6808 55.6
      vertex -13.884 -19.3192 55.6
    endloop
  endfacet
  facet normal 0 0 -1
    outer loop
      vertex -13.9919 -19.15 55.6
      vertex -13.9919 -16.85 55.6
      vertex -13.884 -16.6808 55.6
    endloop
  endfacet
  facet normal 0 0 -1
    outer loop
      vertex -14.0845 -18.972 55.6
      vertex -13.9919 -16.85 55.6
      vertex -13.9919 -19.15 55.6
    endloop
  endfacet
  facet normal 0 0 -1
    outer loop
      vertex -14.0845 -18.972 55.6
      vertex -14.0845 -17.028 55.6
      vertex -13.9919 -16.85 55.6
    endloop
  endfacet
  facet normal 0 0 -1
    outer loop
      vertex -14.1613 -18.7866 55.6
      vertex -14.0845 -17.028 55.6
      vertex -14.0845 -18.972 55.6
    endloop
  endfacet
  facet normal 0 0 -1
    outer loop
      vertex -14.1613 -18.7866 55.6
      vertex -14.1613 -17.2134 55.6
      vertex -14.0845 -17.028 55.6
    endloop
  endfacet
  facet normal 0 0 -1
    outer loop
      vertex -14.2216 -18.5953 55.6
      vertex -14.1613 -17.2134 55.6
      vertex -14.1613 -18.7866 55.6
    endloop
  endfacet
  facet normal 0 0 -1
    outer loop
      vertex -14.2216 -18.5953 55.6
      vertex -14.2216 -17.4047 55.6
      vertex -14.1613 -17.2134 55.6
    endloop
  endfacet
  facet normal 0 0 -1
    outer loop
      vertex -14.2651 -18.3994 55.6
      vertex -14.2216 -17.4047 55.6
      vertex -14.2216 -18.5953 55.6
    endloop
  endfacet
  facet normal 0 0 -1
    outer loop
      vertex -14.2651 -18.3994 55.6
      vertex -14.2651 -17.6006 55.6
      vertex -14.2216 -17.4047 55.6
    endloop
  endfacet
  facet normal 0 0 -1
    outer loop
      vertex -14.2912 -18.2005 55.6
      vertex -14.2651 -17.6006 55.6
      vertex -14.2651 -18.3994 55.6
    endloop
  endfacet
  facet normal 0 0 -1
    outer loop
      vertex -14.2912 -18.2005 55.6
      vertex -14.2912 -17.7995 55.6
      vertex -14.2651 -17.6006 55.6
    endloop
  endfacet
  facet normal 0 -0 -1
    outer loop
      vertex -14.2912 -17.7995 55.6
      vertex -14.2912 -18.2005 55.6
      vertex -14.3 -18 55.6
    endloop
  endfacet
  facet normal -0.130106 -0.9915 0
    outer loop
      vertex -11.7995 -15.7088 0
      vertex -11.6006 -15.7349 55.6
      vertex -11.7995 -15.7088 55.6
    endloop
  endfacet
  facet normal -0.130106 -0.9915 -0
    outer loop
      vertex -11.6006 -15.7349 55.6
      vertex -11.7995 -15.7088 0
      vertex -11.6006 -15.7349 0
    endloop
  endfacet
  facet normal 0.843148 -0.537681 0
    outer loop
      vertex -13.9919 -16.85 55.6
      vertex -13.884 -16.6808 0
      vertex -13.884 -16.6808 55.6
    endloop
  endfacet
  facet normal 0.843148 -0.537681 0
    outer loop
      vertex -13.884 -16.6808 0
      vertex -13.9919 -16.85 55.6
      vertex -13.9919 -16.85 0
    endloop
  endfacet
  facet normal -0.953684 -0.300812 0
    outer loop
      vertex -9.77837 -17.4047 0
      vertex -9.83871 -17.2134 55.6
      vertex -9.83871 -17.2134 0
    endloop
  endfacet
  facet normal -0.953684 -0.300812 0
    outer loop
      vertex -9.83871 -17.2134 55.6
      vertex -9.77837 -17.4047 0
      vertex -9.77837 -17.4047 55.6
    endloop
  endfacet
  facet normal 0.675792 0.737092 -0
    outer loop
      vertex -13.4784 -19.7619 0
      vertex -13.6263 -19.6263 55.6
      vertex -13.4784 -19.7619 55.6
    endloop
  endfacet
  facet normal 0.675792 0.737092 0
    outer loop
      vertex -13.6263 -19.6263 55.6
      vertex -13.4784 -19.7619 0
      vertex -13.6263 -19.6263 0
    endloop
  endfacet
  facet normal -0.675792 0.737092 0
    outer loop
      vertex -10.3737 -19.6263 0
      vertex -10.5216 -19.7619 55.6
      vertex -10.3737 -19.6263 55.6
    endloop
  endfacet
  facet normal -0.675792 0.737092 0
    outer loop
      vertex -10.5216 -19.7619 55.6
      vertex -10.3737 -19.6263 0
      vertex -10.5216 -19.7619 0
    endloop
  endfacet
  facet normal 0.216772 0.976222 -0
    outer loop
      vertex -12.3994 -20.2651 0
      vertex -12.5953 -20.2216 55.6
      vertex -12.3994 -20.2651 55.6
    endloop
  endfacet
  facet normal 0.216772 0.976222 0
    outer loop
      vertex -12.5953 -20.2216 55.6
      vertex -12.3994 -20.2651 0
      vertex -12.5953 -20.2216 0
    endloop
  endfacet
  facet normal 0.9915 -0.130106 0
    outer loop
      vertex -14.2912 -17.7995 55.6
      vertex -14.2651 -17.6006 0
      vertex -14.2651 -17.6006 55.6
    endloop
  endfacet
  facet normal 0.9915 -0.130106 0
    outer loop
      vertex -14.2651 -17.6006 0
      vertex -14.2912 -17.7995 55.6
      vertex -14.2912 -17.7995 0
    endloop
  endfacet
  facet normal -0.737092 0.675792 0
    outer loop
      vertex -10.3737 -19.6263 0
      vertex -10.2381 -19.4784 55.6
      vertex -10.2381 -19.4784 0
    endloop
  endfacet
  facet normal -0.737092 0.675792 0
    outer loop
      vertex -10.2381 -19.4784 55.6
      vertex -10.3737 -19.6263 0
      vertex -10.3737 -19.6263 55.6
    endloop
  endfacet
  facet normal 0.46151 0.887135 -0
    outer loop
      vertex -12.972 -20.0845 0
      vertex -13.15 -19.9919 55.6
      vertex -12.972 -20.0845 55.6
    endloop
  endfacet
  facet normal 0.46151 0.887135 0
    outer loop
      vertex -13.15 -19.9919 55.6
      vertex -12.972 -20.0845 0
      vertex -13.15 -19.9919 0
    endloop
  endfacet
  facet normal 0.923871 -0.382704 0
    outer loop
      vertex -14.1613 -17.2134 55.6
      vertex -14.0845 -17.028 0
      vertex -14.0845 -17.028 55.6
    endloop
  endfacet
  facet normal 0.923871 -0.382704 0
    outer loop
      vertex -14.0845 -17.028 0
      vertex -14.1613 -17.2134 55.6
      vertex -14.1613 -17.2134 0
    endloop
  endfacet
  facet normal 0.843148 0.537681 0
    outer loop
      vertex -13.884 -19.3192 55.6
      vertex -13.9919 -19.15 0
      vertex -13.9919 -19.15 55.6
    endloop
  endfacet
  facet normal 0.843148 0.537681 0
    outer loop
      vertex -13.9919 -19.15 0
      vertex -13.884 -19.3192 55.6
      vertex -13.884 -19.3192 0
    endloop
  endfacet
  facet normal 0.382704 0.923871 -0
    outer loop
      vertex -12.7866 -20.1613 0
      vertex -12.972 -20.0845 55.6
      vertex -12.7866 -20.1613 55.6
    endloop
  endfacet
  facet normal 0.382704 0.923871 0
    outer loop
      vertex -12.972 -20.0845 55.6
      vertex -12.7866 -20.1613 0
      vertex -12.972 -20.0845 0
    endloop
  endfacet
  facet normal -0.30063 0.953741 0
    outer loop
      vertex -11.2134 -20.1613 0
      vertex -11.4047 -20.2216 55.6
      vertex -11.2134 -20.1613 55.6
    endloop
  endfacet
  facet normal -0.30063 0.953741 0
    outer loop
      vertex -11.4047 -20.2216 55.6
      vertex -11.2134 -20.1613 0
      vertex -11.4047 -20.2216 0
    endloop
  endfacet
  facet normal 0.887135 0.46151 0
    outer loop
      vertex -13.9919 -19.15 55.6
      vertex -14.0845 -18.972 0
      vertex -14.0845 -18.972 55.6
    endloop
  endfacet
  facet normal 0.887135 0.46151 0
    outer loop
      vertex -14.0845 -18.972 0
      vertex -13.9919 -19.15 55.6
      vertex -13.9919 -19.15 0
    endloop
  endfacet
  facet normal -0.991526 -0.129911 0
    outer loop
      vertex -10.8046 -17.8954 55.8
      vertex -10.8182 -17.7916 57.6
      vertex -10.8182 -17.7916 55.8
    endloop
  endfacet
  facet normal -0.991526 -0.129911 0
    outer loop
      vertex -10.8182 -17.7916 57.6
      vertex -10.8046 -17.8954 55.8
      vertex -10.8046 -17.8954 57.6
    endloop
  endfacet
  facet normal -0.999034 -0.0439346 0
    outer loop
      vertex -10.8 -18 55.8
      vertex -10.8046 -17.8954 57.6
      vertex -10.8046 -17.8954 55.8
    endloop
  endfacet
  facet normal -0.999034 -0.0439346 0
    outer loop
      vertex -10.8046 -17.8954 57.6
      vertex -10.8 -18 55.8
      vertex -10.8 -18 57.6
    endloop
  endfacet
  facet normal -0.97621 -0.216829 0
    outer loop
      vertex -10.8182 -17.7916 55.8
      vertex -10.8409 -17.6894 57.6
      vertex -10.8409 -17.6894 55.8
    endloop
  endfacet
  facet normal -0.97621 -0.216829 0
    outer loop
      vertex -10.8409 -17.6894 57.6
      vertex -10.8182 -17.7916 55.8
      vertex -10.8182 -17.7916 57.6
    endloop
  endfacet
  facet normal -0.300994 0.953626 0
    outer loop
      vertex -11.5896 -19.1276 55.8
      vertex -11.6894 -19.1591 57.6
      vertex -11.5896 -19.1276 57.6
    endloop
  endfacet
  facet normal -0.300994 0.953626 0
    outer loop
      vertex -11.6894 -19.1591 57.6
      vertex -11.5896 -19.1276 55.8
      vertex -11.6894 -19.1591 55.8
    endloop
  endfacet
  facet normal -0.536937 -0.843622 0
    outer loop
      vertex -11.4 -16.9608 55.8
      vertex -11.3117 -17.017 57.6
      vertex -11.4 -16.9608 57.6
    endloop
  endfacet
  facet normal -0.536937 -0.843622 -0
    outer loop
      vertex -11.3117 -17.017 57.6
      vertex -11.4 -16.9608 55.8
      vertex -11.3117 -17.017 55.8
    endloop
  endfacet
  facet normal -0.0439346 -0.999034 0
    outer loop
      vertex -12 -16.8 55.8
      vertex -11.8954 -16.8046 57.6
      vertex -12 -16.8 57.6
    endloop
  endfacet
  facet normal -0.0439346 -0.999034 -0
    outer loop
      vertex -11.8954 -16.8046 57.6
      vertex -12 -16.8 55.8
      vertex -11.8954 -16.8046 55.8
    endloop
  endfacet
  facet normal 0.129911 0.991526 -0
    outer loop
      vertex -12.1046 -19.1954 55.8
      vertex -12.2084 -19.1818 57.6
      vertex -12.1046 -19.1954 57.6
    endloop
  endfacet
  facet normal 0.129911 0.991526 0
    outer loop
      vertex -12.2084 -19.1818 57.6
      vertex -12.1046 -19.1954 55.8
      vertex -12.2084 -19.1818 55.8
    endloop
  endfacet
  facet normal 0.0439346 0.999034 -0
    outer loop
      vertex -12 -19.2 55.8
      vertex -12.1046 -19.1954 57.6
      vertex -12 -19.2 57.6
    endloop
  endfacet
  facet normal 0.0439346 0.999034 0
    outer loop
      vertex -12.1046 -19.1954 57.6
      vertex -12 -19.2 55.8
      vertex -12.1046 -19.1954 55.8
    endloop
  endfacet
  facet normal -0.843622 0.536937 0
    outer loop
      vertex -11.017 -18.6883 55.8
      vertex -10.9608 -18.6 57.6
      vertex -10.9608 -18.6 55.8
    endloop
  endfacet
  facet normal -0.843622 0.536937 0
    outer loop
      vertex -10.9608 -18.6 57.6
      vertex -11.017 -18.6883 55.8
      vertex -11.017 -18.6883 57.6
    endloop
  endfacet
  facet normal -0.924063 -0.382239 0
    outer loop
      vertex -10.8724 -17.5896 55.8
      vertex -10.9124 -17.4929 57.6
      vertex -10.9124 -17.4929 55.8
    endloop
  endfacet
  facet normal -0.924063 -0.382239 0
    outer loop
      vertex -10.9124 -17.4929 57.6
      vertex -10.8724 -17.5896 55.8
      vertex -10.8724 -17.5896 57.6
    endloop
  endfacet
  facet normal -0.991526 0.129911 0
    outer loop
      vertex -10.8182 -18.2084 55.8
      vertex -10.8046 -18.1046 57.6
      vertex -10.8046 -18.1046 55.8
    endloop
  endfacet
  facet normal -0.991526 0.129911 0
    outer loop
      vertex -10.8046 -18.1046 57.6
      vertex -10.8182 -18.2084 55.8
      vertex -10.8182 -18.2084 57.6
    endloop
  endfacet
  facet normal 0.216829 0.97621 -0
    outer loop
      vertex -12.2084 -19.1818 55.8
      vertex -12.3106 -19.1591 57.6
      vertex -12.2084 -19.1818 57.6
    endloop
  endfacet
  facet normal 0.216829 0.97621 0
    outer loop
      vertex -12.3106 -19.1591 57.6
      vertex -12.2084 -19.1818 55.8
      vertex -12.3106 -19.1591 55.8
    endloop
  endfacet
  facet normal 0.736996 0.675898 0
    outer loop
      vertex -12.8485 -18.8485 57.6
      vertex -12.9193 -18.7713 55.8
      vertex -12.9193 -18.7713 57.6
    endloop
  endfacet
  facet normal 0.736996 0.675898 0
    outer loop
      vertex -12.9193 -18.7713 55.8
      vertex -12.8485 -18.8485 57.6
      vertex -12.8485 -18.8485 55.8
    endloop
  endfacet
  facet normal 0.608833 -0.793299 0
    outer loop
      vertex -12.7713 -17.0807 55.8
      vertex -12.6883 -17.017 57.6
      vertex -12.7713 -17.0807 57.6
    endloop
  endfacet
  facet normal 0.608833 -0.793299 0
    outer loop
      vertex -12.6883 -17.017 57.6
      vertex -12.7713 -17.0807 55.8
      vertex -12.6883 -17.017 55.8
    endloop
  endfacet
  facet normal -0.608833 -0.793299 0
    outer loop
      vertex -11.3117 -17.017 55.8
      vertex -11.2287 -17.0807 57.6
      vertex -11.3117 -17.017 57.6
    endloop
  endfacet
  facet normal -0.608833 -0.793299 -0
    outer loop
      vertex -11.2287 -17.0807 57.6
      vertex -11.3117 -17.017 55.8
      vertex -11.2287 -17.0807 55.8
    endloop
  endfacet
  facet normal 0.999034 -0.0439346 0
    outer loop
      vertex -13.2 -18 57.6
      vertex -13.1954 -17.8954 55.8
      vertex -13.1954 -17.8954 57.6
    endloop
  endfacet
  facet normal 0.999034 -0.0439346 0
    outer loop
      vertex -13.1954 -17.8954 55.8
      vertex -13.2 -18 57.6
      vertex -13.2 -18 55.8
    endloop
  endfacet
  facet normal 0.0439346 -0.999034 0
    outer loop
      vertex -12.1046 -16.8046 55.8
      vertex -12 -16.8 57.6
      vertex -12.1046 -16.8046 57.6
    endloop
  endfacet
  facet normal 0.0439346 -0.999034 0
    outer loop
      vertex -12 -16.8 57.6
      vertex -12.1046 -16.8046 55.8
      vertex -12 -16.8 55.8
    endloop
  endfacet
  facet normal 0.300994 -0.953626 0
    outer loop
      vertex -12.4104 -16.8724 55.8
      vertex -12.3106 -16.8409 57.6
      vertex -12.4104 -16.8724 57.6
    endloop
  endfacet
  facet normal 0.300994 -0.953626 0
    outer loop
      vertex -12.3106 -16.8409 57.6
      vertex -12.4104 -16.8724 55.8
      vertex -12.3106 -16.8409 55.8
    endloop
  endfacet
  facet normal -0.382239 0.924063 0
    outer loop
      vertex -11.4929 -19.0876 55.8
      vertex -11.5896 -19.1276 57.6
      vertex -11.4929 -19.0876 57.6
    endloop
  endfacet
  facet normal -0.382239 0.924063 0
    outer loop
      vertex -11.5896 -19.1276 57.6
      vertex -11.4929 -19.0876 55.8
      vertex -11.5896 -19.1276 55.8
    endloop
  endfacet
  facet normal -0.0439346 0.999034 0
    outer loop
      vertex -11.8954 -19.1954 55.8
      vertex -12 -19.2 57.6
      vertex -11.8954 -19.1954 57.6
    endloop
  endfacet
  facet normal -0.0439346 0.999034 0
    outer loop
      vertex -12 -19.2 57.6
      vertex -11.8954 -19.1954 55.8
      vertex -12 -19.2 55.8
    endloop
  endfacet
  facet normal -0.462044 -0.886857 0
    outer loop
      vertex -11.4929 -16.9124 55.8
      vertex -11.4 -16.9608 57.6
      vertex -11.4929 -16.9124 57.6
    endloop
  endfacet
  facet normal -0.462044 -0.886857 -0
    outer loop
      vertex -11.4 -16.9608 57.6
      vertex -11.4929 -16.9124 55.8
      vertex -11.4 -16.9608 55.8
    endloop
  endfacet
  facet normal 0.886857 -0.462044 0
    outer loop
      vertex -13.0876 -17.4929 57.6
      vertex -13.0392 -17.4 55.8
      vertex -13.0392 -17.4 57.6
    endloop
  endfacet
  facet normal 0.886857 -0.462044 0
    outer loop
      vertex -13.0392 -17.4 55.8
      vertex -13.0876 -17.4929 57.6
      vertex -13.0876 -17.4929 55.8
    endloop
  endfacet
  facet normal -0.675898 -0.736996 0
    outer loop
      vertex -11.2287 -17.0807 55.8
      vertex -11.1515 -17.1515 57.6
      vertex -11.2287 -17.0807 57.6
    endloop
  endfacet
  facet normal -0.675898 -0.736996 -0
    outer loop
      vertex -11.1515 -17.1515 57.6
      vertex -11.2287 -17.0807 55.8
      vertex -11.1515 -17.1515 55.8
    endloop
  endfacet
  facet normal -0.216829 -0.97621 0
    outer loop
      vertex -11.7916 -16.8182 55.8
      vertex -11.6894 -16.8409 57.6
      vertex -11.7916 -16.8182 57.6
    endloop
  endfacet
  facet normal -0.216829 -0.97621 -0
    outer loop
      vertex -11.6894 -16.8409 57.6
      vertex -11.7916 -16.8182 55.8
      vertex -11.6894 -16.8409 55.8
    endloop
  endfacet
  facet normal 0.924063 -0.382239 0
    outer loop
      vertex -13.1276 -17.5896 57.6
      vertex -13.0876 -17.4929 55.8
      vertex -13.0876 -17.4929 57.6
    endloop
  endfacet
  facet normal 0.924063 -0.382239 0
    outer loop
      vertex -13.0876 -17.4929 55.8
      vertex -13.1276 -17.5896 57.6
      vertex -13.1276 -17.5896 55.8
    endloop
  endfacet
  facet normal 0.793299 -0.608833 0
    outer loop
      vertex -12.983 -17.3117 57.6
      vertex -12.9193 -17.2287 55.8
      vertex -12.9193 -17.2287 57.6
    endloop
  endfacet
  facet normal 0.793299 -0.608833 0
    outer loop
      vertex -12.9193 -17.2287 55.8
      vertex -12.983 -17.3117 57.6
      vertex -12.983 -17.3117 55.8
    endloop
  endfacet
  facet normal 0.382239 -0.924063 0
    outer loop
      vertex -12.5071 -16.9124 55.8
      vertex -12.4104 -16.8724 57.6
      vertex -12.5071 -16.9124 57.6
    endloop
  endfacet
  facet normal 0.382239 -0.924063 0
    outer loop
      vertex -12.4104 -16.8724 57.6
      vertex -12.5071 -16.9124 55.8
      vertex -12.4104 -16.8724 55.8
    endloop
  endfacet
  facet normal -0.953626 0.300994 0
    outer loop
      vertex -10.8724 -18.4104 55.8
      vertex -10.8409 -18.3106 57.6
      vertex -10.8409 -18.3106 55.8
    endloop
  endfacet
  facet normal -0.953626 0.300994 0
    outer loop
      vertex -10.8409 -18.3106 57.6
      vertex -10.8724 -18.4104 55.8
      vertex -10.8724 -18.4104 57.6
    endloop
  endfacet
  facet normal -0.129911 0.991526 0
    outer loop
      vertex -11.7916 -19.1818 55.8
      vertex -11.8954 -19.1954 57.6
      vertex -11.7916 -19.1818 57.6
    endloop
  endfacet
  facet normal -0.129911 0.991526 0
    outer loop
      vertex -11.8954 -19.1954 57.6
      vertex -11.7916 -19.1818 55.8
      vertex -11.8954 -19.1954 55.8
    endloop
  endfacet
  facet normal -0.793299 0.608833 0
    outer loop
      vertex -11.0807 -18.7713 55.8
      vertex -11.017 -18.6883 57.6
      vertex -11.017 -18.6883 55.8
    endloop
  endfacet
  facet normal -0.793299 0.608833 0
    outer loop
      vertex -11.017 -18.6883 57.6
      vertex -11.0807 -18.7713 55.8
      vertex -11.0807 -18.7713 57.6
    endloop
  endfacet
  facet normal -0.793299 -0.608833 0
    outer loop
      vertex -11.017 -17.3117 55.8
      vertex -11.0807 -17.2287 57.6
      vertex -11.0807 -17.2287 55.8
    endloop
  endfacet
  facet normal -0.793299 -0.608833 0
    outer loop
      vertex -11.0807 -17.2287 57.6
      vertex -11.017 -17.3117 55.8
      vertex -11.017 -17.3117 57.6
    endloop
  endfacet
  facet normal 0.675898 -0.736996 0
    outer loop
      vertex -12.8485 -17.1515 55.8
      vertex -12.7713 -17.0807 57.6
      vertex -12.8485 -17.1515 57.6
    endloop
  endfacet
  facet normal 0.675898 -0.736996 0
    outer loop
      vertex -12.7713 -17.0807 57.6
      vertex -12.8485 -17.1515 55.8
      vertex -12.7713 -17.0807 55.8
    endloop
  endfacet
  facet normal -0.999034 0.0439346 0
    outer loop
      vertex -10.8046 -18.1046 55.8
      vertex -10.8 -18 57.6
      vertex -10.8 -18 55.8
    endloop
  endfacet
  facet normal -0.999034 0.0439346 0
    outer loop
      vertex -10.8 -18 57.6
      vertex -10.8046 -18.1046 55.8
      vertex -10.8046 -18.1046 57.6
    endloop
  endfacet
  facet normal 0.999034 0.0439346 0
    outer loop
      vertex -13.1954 -18.1046 57.6
      vertex -13.2 -18 55.8
      vertex -13.2 -18 57.6
    endloop
  endfacet
  facet normal 0.999034 0.0439346 0
    outer loop
      vertex -13.2 -18 55.8
      vertex -13.1954 -18.1046 57.6
      vertex -13.1954 -18.1046 55.8
    endloop
  endfacet
  facet normal -0.886857 -0.462044 0
    outer loop
      vertex -10.9124 -17.4929 55.8
      vertex -10.9608 -17.4 57.6
      vertex -10.9608 -17.4 55.8
    endloop
  endfacet
  facet normal -0.886857 -0.462044 0
    outer loop
      vertex -10.9608 -17.4 57.6
      vertex -10.9124 -17.4929 55.8
      vertex -10.9124 -17.4929 57.6
    endloop
  endfacet
  facet normal -0.129911 -0.991526 0
    outer loop
      vertex -11.8954 -16.8046 55.8
      vertex -11.7916 -16.8182 57.6
      vertex -11.8954 -16.8046 57.6
    endloop
  endfacet
  facet normal -0.129911 -0.991526 -0
    outer loop
      vertex -11.7916 -16.8182 57.6
      vertex -11.8954 -16.8046 55.8
      vertex -11.7916 -16.8182 55.8
    endloop
  endfacet
  facet normal -0.382239 -0.924063 0
    outer loop
      vertex -11.5896 -16.8724 55.8
      vertex -11.4929 -16.9124 57.6
      vertex -11.5896 -16.8724 57.6
    endloop
  endfacet
  facet normal -0.382239 -0.924063 -0
    outer loop
      vertex -11.4929 -16.9124 57.6
      vertex -11.5896 -16.8724 55.8
      vertex -11.4929 -16.9124 55.8
    endloop
  endfacet
  facet normal -0.736996 -0.675898 0
    outer loop
      vertex -11.0807 -17.2287 55.8
      vertex -11.1515 -17.1515 57.6
      vertex -11.1515 -17.1515 55.8
    endloop
  endfacet
  facet normal -0.736996 -0.675898 0
    outer loop
      vertex -11.1515 -17.1515 57.6
      vertex -11.0807 -17.2287 55.8
      vertex -11.0807 -17.2287 57.6
    endloop
  endfacet
  facet normal -0.462044 0.886857 0
    outer loop
      vertex -11.4 -19.0392 55.8
      vertex -11.4929 -19.0876 57.6
      vertex -11.4 -19.0392 57.6
    endloop
  endfacet
  facet normal -0.462044 0.886857 0
    outer loop
      vertex -11.4929 -19.0876 57.6
      vertex -11.4 -19.0392 55.8
      vertex -11.4929 -19.0876 55.8
    endloop
  endfacet
  facet normal 0.991526 0.129911 0
    outer loop
      vertex -13.1818 -18.2084 57.6
      vertex -13.1954 -18.1046 55.8
      vertex -13.1954 -18.1046 57.6
    endloop
  endfacet
  facet normal 0.991526 0.129911 0
    outer loop
      vertex -13.1954 -18.1046 55.8
      vertex -13.1818 -18.2084 57.6
      vertex -13.1818 -18.2084 55.8
    endloop
  endfacet
  facet normal -0.536937 0.843622 0
    outer loop
      vertex -11.3117 -18.983 55.8
      vertex -11.4 -19.0392 57.6
      vertex -11.3117 -18.983 57.6
    endloop
  endfacet
  facet normal -0.536937 0.843622 0
    outer loop
      vertex -11.4 -19.0392 57.6
      vertex -11.3117 -18.983 55.8
      vertex -11.4 -19.0392 55.8
    endloop
  endfacet
  facet normal 0.536937 -0.843622 0
    outer loop
      vertex -12.6883 -17.017 55.8
      vertex -12.6 -16.9608 57.6
      vertex -12.6883 -17.017 57.6
    endloop
  endfacet
  facet normal 0.536937 -0.843622 0
    outer loop
      vertex -12.6 -16.9608 57.6
      vertex -12.6883 -17.017 55.8
      vertex -12.6 -16.9608 55.8
    endloop
  endfacet
  facet normal -0.924063 0.382239 0
    outer loop
      vertex -10.9124 -18.5071 55.8
      vertex -10.8724 -18.4104 57.6
      vertex -10.8724 -18.4104 55.8
    endloop
  endfacet
  facet normal -0.924063 0.382239 0
    outer loop
      vertex -10.8724 -18.4104 57.6
      vertex -10.9124 -18.5071 55.8
      vertex -10.9124 -18.5071 57.6
    endloop
  endfacet
  facet normal 0.843622 0.536937 0
    outer loop
      vertex -12.983 -18.6883 57.6
      vertex -13.0392 -18.6 55.8
      vertex -13.0392 -18.6 57.6
    endloop
  endfacet
  facet normal 0.843622 0.536937 0
    outer loop
      vertex -13.0392 -18.6 55.8
      vertex -12.983 -18.6883 57.6
      vertex -12.983 -18.6883 55.8
    endloop
  endfacet
  facet normal -0.886857 0.462044 0
    outer loop
      vertex -10.9608 -18.6 55.8
      vertex -10.9124 -18.5071 57.6
      vertex -10.9124 -18.5071 55.8
    endloop
  endfacet
  facet normal -0.886857 0.462044 0
    outer loop
      vertex -10.9124 -18.5071 57.6
      vertex -10.9608 -18.6 55.8
      vertex -10.9608 -18.6 57.6
    endloop
  endfacet
  facet normal -0.843622 -0.536937 0
    outer loop
      vertex -10.9608 -17.4 55.8
      vertex -11.017 -17.3117 57.6
      vertex -11.017 -17.3117 55.8
    endloop
  endfacet
  facet normal -0.843622 -0.536937 0
    outer loop
      vertex -11.017 -17.3117 57.6
      vertex -10.9608 -17.4 55.8
      vertex -10.9608 -17.4 57.6
    endloop
  endfacet
  facet normal 0.953626 -0.300994 0
    outer loop
      vertex -13.1591 -17.6894 57.6
      vertex -13.1276 -17.5896 55.8
      vertex -13.1276 -17.5896 57.6
    endloop
  endfacet
  facet normal 0.953626 -0.300994 0
    outer loop
      vertex -13.1276 -17.5896 55.8
      vertex -13.1591 -17.6894 57.6
      vertex -13.1591 -17.6894 55.8
    endloop
  endfacet
  facet normal -0.97621 0.216829 0
    outer loop
      vertex -10.8409 -18.3106 55.8
      vertex -10.8182 -18.2084 57.6
      vertex -10.8182 -18.2084 55.8
    endloop
  endfacet
  facet normal -0.97621 0.216829 0
    outer loop
      vertex -10.8182 -18.2084 57.6
      vertex -10.8409 -18.3106 55.8
      vertex -10.8409 -18.3106 57.6
    endloop
  endfacet
  facet normal 0.382239 0.924063 -0
    outer loop
      vertex -12.4104 -19.1276 55.8
      vertex -12.5071 -19.0876 57.6
      vertex -12.4104 -19.1276 57.6
    endloop
  endfacet
  facet normal 0.382239 0.924063 0
    outer loop
      vertex -12.5071 -19.0876 57.6
      vertex -12.4104 -19.1276 55.8
      vertex -12.5071 -19.0876 55.8
    endloop
  endfacet
  facet normal 0.216829 -0.97621 0
    outer loop
      vertex -12.3106 -16.8409 55.8
      vertex -12.2084 -16.8182 57.6
      vertex -12.3106 -16.8409 57.6
    endloop
  endfacet
  facet normal 0.216829 -0.97621 0
    outer loop
      vertex -12.2084 -16.8182 57.6
      vertex -12.3106 -16.8409 55.8
      vertex -12.2084 -16.8182 55.8
    endloop
  endfacet
  facet normal 0.129911 -0.991526 0
    outer loop
      vertex -12.2084 -16.8182 55.8
      vertex -12.1046 -16.8046 57.6
      vertex -12.2084 -16.8182 57.6
    endloop
  endfacet
  facet normal 0.129911 -0.991526 0
    outer loop
      vertex -12.1046 -16.8046 57.6
      vertex -12.2084 -16.8182 55.8
      vertex -12.1046 -16.8046 55.8
    endloop
  endfacet
  facet normal 0.675898 0.736996 -0
    outer loop
      vertex -12.7713 -18.9193 55.8
      vertex -12.8485 -18.8485 57.6
      vertex -12.7713 -18.9193 57.6
    endloop
  endfacet
  facet normal 0.675898 0.736996 0
    outer loop
      vertex -12.8485 -18.8485 57.6
      vertex -12.7713 -18.9193 55.8
      vertex -12.8485 -18.8485 55.8
    endloop
  endfacet
  facet normal 0.886857 0.462044 0
    outer loop
      vertex -13.0392 -18.6 57.6
      vertex -13.0876 -18.5071 55.8
      vertex -13.0876 -18.5071 57.6
    endloop
  endfacet
  facet normal 0.886857 0.462044 0
    outer loop
      vertex -13.0876 -18.5071 55.8
      vertex -13.0392 -18.6 57.6
      vertex -13.0392 -18.6 55.8
    endloop
  endfacet
  facet normal 0.924063 0.382239 0
    outer loop
      vertex -13.0876 -18.5071 57.6
      vertex -13.1276 -18.4104 55.8
      vertex -13.1276 -18.4104 57.6
    endloop
  endfacet
  facet normal 0.924063 0.382239 0
    outer loop
      vertex -13.1276 -18.4104 55.8
      vertex -13.0876 -18.5071 57.6
      vertex -13.0876 -18.5071 55.8
    endloop
  endfacet
  facet normal -0.736996 0.675898 0
    outer loop
      vertex -11.1515 -18.8485 55.8
      vertex -11.0807 -18.7713 57.6
      vertex -11.0807 -18.7713 55.8
    endloop
  endfacet
  facet normal -0.736996 0.675898 0
    outer loop
      vertex -11.0807 -18.7713 57.6
      vertex -11.1515 -18.8485 55.8
      vertex -11.1515 -18.8485 57.6
    endloop
  endfacet
  facet normal 0.793299 0.608833 0
    outer loop
      vertex -12.9193 -18.7713 57.6
      vertex -12.983 -18.6883 55.8
      vertex -12.983 -18.6883 57.6
    endloop
  endfacet
  facet normal 0.793299 0.608833 0
    outer loop
      vertex -12.983 -18.6883 55.8
      vertex -12.9193 -18.7713 57.6
      vertex -12.9193 -18.7713 55.8
    endloop
  endfacet
  facet normal 0.953626 0.300994 0
    outer loop
      vertex -13.1276 -18.4104 57.6
      vertex -13.1591 -18.3106 55.8
      vertex -13.1591 -18.3106 57.6
    endloop
  endfacet
  facet normal 0.953626 0.300994 0
    outer loop
      vertex -13.1591 -18.3106 55.8
      vertex -13.1276 -18.4104 57.6
      vertex -13.1276 -18.4104 55.8
    endloop
  endfacet
  facet normal -0.953626 -0.300994 0
    outer loop
      vertex -10.8409 -17.6894 55.8
      vertex -10.8724 -17.5896 57.6
      vertex -10.8724 -17.5896 55.8
    endloop
  endfacet
  facet normal -0.953626 -0.300994 0
    outer loop
      vertex -10.8724 -17.5896 57.6
      vertex -10.8409 -17.6894 55.8
      vertex -10.8409 -17.6894 57.6
    endloop
  endfacet
  facet normal 0.300994 0.953626 -0
    outer loop
      vertex -12.3106 -19.1591 55.8
      vertex -12.4104 -19.1276 57.6
      vertex -12.3106 -19.1591 57.6
    endloop
  endfacet
  facet normal 0.300994 0.953626 0
    outer loop
      vertex -12.4104 -19.1276 57.6
      vertex -12.3106 -19.1591 55.8
      vertex -12.4104 -19.1276 55.8
    endloop
  endfacet
  facet normal 0.97621 0.216829 0
    outer loop
      vertex -13.1591 -18.3106 57.6
      vertex -13.1818 -18.2084 55.8
      vertex -13.1818 -18.2084 57.6
    endloop
  endfacet
  facet normal 0.97621 0.216829 0
    outer loop
      vertex -13.1818 -18.2084 55.8
      vertex -13.1591 -18.3106 57.6
      vertex -13.1591 -18.3106 55.8
    endloop
  endfacet
  facet normal 0.843622 -0.536937 0
    outer loop
      vertex -13.0392 -17.4 57.6
      vertex -12.983 -17.3117 55.8
      vertex -12.983 -17.3117 57.6
    endloop
  endfacet
  facet normal 0.843622 -0.536937 0
    outer loop
      vertex -12.983 -17.3117 55.8
      vertex -13.0392 -17.4 57.6
      vertex -13.0392 -17.4 55.8
    endloop
  endfacet
  facet normal 0.736996 -0.675898 0
    outer loop
      vertex -12.9193 -17.2287 57.6
      vertex -12.8485 -17.1515 55.8
      vertex -12.8485 -17.1515 57.6
    endloop
  endfacet
  facet normal 0.736996 -0.675898 0
    outer loop
      vertex -12.8485 -17.1515 55.8
      vertex -12.9193 -17.2287 57.6
      vertex -12.9193 -17.2287 55.8
    endloop
  endfacet
  facet normal 0.462044 -0.886857 0
    outer loop
      vertex -12.6 -16.9608 55.8
      vertex -12.5071 -16.9124 57.6
      vertex -12.6 -16.9608 57.6
    endloop
  endfacet
  facet normal 0.462044 -0.886857 0
    outer loop
      vertex -12.5071 -16.9124 57.6
      vertex -12.6 -16.9608 55.8
      vertex -12.5071 -16.9124 55.8
    endloop
  endfacet
  facet normal -0.608833 0.793299 0
    outer loop
      vertex -11.2287 -18.9193 55.8
      vertex -11.3117 -18.983 57.6
      vertex -11.2287 -18.9193 57.6
    endloop
  endfacet
  facet normal -0.608833 0.793299 0
    outer loop
      vertex -11.3117 -18.983 57.6
      vertex -11.2287 -18.9193 55.8
      vertex -11.3117 -18.983 55.8
    endloop
  endfacet
  facet normal 0.536937 0.843622 -0
    outer loop
      vertex -12.6 -19.0392 55.8
      vertex -12.6883 -18.983 57.6
      vertex -12.6 -19.0392 57.6
    endloop
  endfacet
  facet normal 0.536937 0.843622 0
    outer loop
      vertex -12.6883 -18.983 57.6
      vertex -12.6 -19.0392 55.8
      vertex -12.6883 -18.983 55.8
    endloop
  endfacet
  facet normal 0.97621 -0.216829 0
    outer loop
      vertex -13.1818 -17.7916 57.6
      vertex -13.1591 -17.6894 55.8
      vertex -13.1591 -17.6894 57.6
    endloop
  endfacet
  facet normal 0.97621 -0.216829 0
    outer loop
      vertex -13.1591 -17.6894 55.8
      vertex -13.1818 -17.7916 57.6
      vertex -13.1818 -17.7916 55.8
    endloop
  endfacet
  facet normal -0.216829 0.97621 0
    outer loop
      vertex -11.6894 -19.1591 55.8
      vertex -11.7916 -19.1818 57.6
      vertex -11.6894 -19.1591 57.6
    endloop
  endfacet
  facet normal -0.216829 0.97621 0
    outer loop
      vertex -11.7916 -19.1818 57.6
      vertex -11.6894 -19.1591 55.8
      vertex -11.7916 -19.1818 55.8
    endloop
  endfacet
  facet normal 0.991526 -0.129911 0
    outer loop
      vertex -13.1954 -17.8954 57.6
      vertex -13.1818 -17.7916 55.8
      vertex -13.1818 -17.7916 57.6
    endloop
  endfacet
  facet normal 0.991526 -0.129911 0
    outer loop
      vertex -13.1818 -17.7916 55.8
      vertex -13.1954 -17.8954 57.6
      vertex -13.1954 -17.8954 55.8
    endloop
  endfacet
  facet normal -0.675898 0.736996 0
    outer loop
      vertex -11.1515 -18.8485 55.8
      vertex -11.2287 -18.9193 57.6
      vertex -11.1515 -18.8485 57.6
    endloop
  endfacet
  facet normal -0.675898 0.736996 0
    outer loop
      vertex -11.2287 -18.9193 57.6
      vertex -11.1515 -18.8485 55.8
      vertex -11.2287 -18.9193 55.8
    endloop
  endfacet
  facet normal 0 0 1
    outer loop
      vertex -10.8046 -17.8954 55.8
      vertex -10.8046 -18.1046 55.8
      vertex -10.8 -18 55.8
    endloop
  endfacet
  facet normal 0 0 1
    outer loop
      vertex -10.8182 -17.7916 55.8
      vertex -10.8046 -18.1046 55.8
      vertex -10.8046 -17.8954 55.8
    endloop
  endfacet
  facet normal 0 0 1
    outer loop
      vertex -10.8182 -17.7916 55.8
      vertex -10.8182 -18.2084 55.8
      vertex -10.8046 -18.1046 55.8
    endloop
  endfacet
  facet normal 0 0 1
    outer loop
      vertex -10.8409 -17.6894 55.8
      vertex -10.8182 -18.2084 55.8
      vertex -10.8182 -17.7916 55.8
    endloop
  endfacet
  facet normal 0 0 1
    outer loop
      vertex -10.8409 -17.6894 55.8
      vertex -10.8409 -18.3106 55.8
      vertex -10.8182 -18.2084 55.8
    endloop
  endfacet
  facet normal 0 0 1
    outer loop
      vertex -10.8724 -17.5896 55.8
      vertex -10.8409 -18.3106 55.8
      vertex -10.8409 -17.6894 55.8
    endloop
  endfacet
  facet normal 0 0 1
    outer loop
      vertex -10.8724 -17.5896 55.8
      vertex -10.8724 -18.4104 55.8
      vertex -10.8409 -18.3106 55.8
    endloop
  endfacet
  facet normal 0 0 1
    outer loop
      vertex -10.9124 -17.4929 55.8
      vertex -10.8724 -18.4104 55.8
      vertex -10.8724 -17.5896 55.8
    endloop
  endfacet
  facet normal 0 0 1
    outer loop
      vertex -10.9124 -17.4929 55.8
      vertex -10.9124 -18.5071 55.8
      vertex -10.8724 -18.4104 55.8
    endloop
  endfacet
  facet normal 0 0 1
    outer loop
      vertex -10.9608 -17.4 55.8
      vertex -10.9124 -18.5071 55.8
      vertex -10.9124 -17.4929 55.8
    endloop
  endfacet
  facet normal 0 0 1
    outer loop
      vertex -10.9608 -17.4 55.8
      vertex -10.9608 -18.6 55.8
      vertex -10.9124 -18.5071 55.8
    endloop
  endfacet
  facet normal 0 0 1
    outer loop
      vertex -11.017 -17.3117 55.8
      vertex -10.9608 -18.6 55.8
      vertex -10.9608 -17.4 55.8
    endloop
  endfacet
  facet normal 0 0 1
    outer loop
      vertex -11.017 -17.3117 55.8
      vertex -11.017 -18.6883 55.8
      vertex -10.9608 -18.6 55.8
    endloop
  endfacet
  facet normal 0 0 1
    outer loop
      vertex -11.0807 -17.2287 55.8
      vertex -11.017 -18.6883 55.8
      vertex -11.017 -17.3117 55.8
    endloop
  endfacet
  facet normal 0 0 1
    outer loop
      vertex -11.0807 -17.2287 55.8
      vertex -11.0807 -18.7713 55.8
      vertex -11.017 -18.6883 55.8
    endloop
  endfacet
  facet normal 0 0 1
    outer loop
      vertex -11.1515 -17.1515 55.8
      vertex -11.0807 -18.7713 55.8
      vertex -11.0807 -17.2287 55.8
    endloop
  endfacet
  facet normal 0 0 1
    outer loop
      vertex -11.1515 -17.1515 55.8
      vertex -11.1515 -18.8485 55.8
      vertex -11.0807 -18.7713 55.8
    endloop
  endfacet
  facet normal 0 0 1
    outer loop
      vertex -11.2287 -17.0807 55.8
      vertex -11.1515 -18.8485 55.8
      vertex -11.1515 -17.1515 55.8
    endloop
  endfacet
  facet normal 0 0 1
    outer loop
      vertex -11.2287 -17.0807 55.8
      vertex -11.2287 -18.9193 55.8
      vertex -11.1515 -18.8485 55.8
    endloop
  endfacet
  facet normal 0 0 1
    outer loop
      vertex -11.3117 -17.017 55.8
      vertex -11.2287 -18.9193 55.8
      vertex -11.2287 -17.0807 55.8
    endloop
  endfacet
  facet normal 0 0 1
    outer loop
      vertex -11.3117 -17.017 55.8
      vertex -11.3117 -18.983 55.8
      vertex -11.2287 -18.9193 55.8
    endloop
  endfacet
  facet normal 0 0 1
    outer loop
      vertex -11.4 -16.9608 55.8
      vertex -11.3117 -18.983 55.8
      vertex -11.3117 -17.017 55.8
    endloop
  endfacet
  facet normal 0 0 1
    outer loop
      vertex -11.4 -16.9608 55.8
      vertex -11.4 -19.0392 55.8
      vertex -11.3117 -18.983 55.8
    endloop
  endfacet
  facet normal 0 0 1
    outer loop
      vertex -11.4929 -16.9124 55.8
      vertex -11.4 -19.0392 55.8
      vertex -11.4 -16.9608 55.8
    endloop
  endfacet
  facet normal 0 0 1
    outer loop
      vertex -11.4929 -16.9124 55.8
      vertex -11.4929 -19.0876 55.8
      vertex -11.4 -19.0392 55.8
    endloop
  endfacet
  facet normal 0 0 1
    outer loop
      vertex -11.5896 -16.8724 55.8
      vertex -11.4929 -19.0876 55.8
      vertex -11.4929 -16.9124 55.8
    endloop
  endfacet
  facet normal 0 0 1
    outer loop
      vertex -11.5896 -16.8724 55.8
      vertex -11.5896 -19.1276 55.8
      vertex -11.4929 -19.0876 55.8
    endloop
  endfacet
  facet normal 0 0 1
    outer loop
      vertex -11.6894 -16.8409 55.8
      vertex -11.5896 -19.1276 55.8
      vertex -11.5896 -16.8724 55.8
    endloop
  endfacet
  facet normal 0 0 1
    outer loop
      vertex -11.6894 -16.8409 55.8
      vertex -11.6894 -19.1591 55.8
      vertex -11.5896 -19.1276 55.8
    endloop
  endfacet
  facet normal 0 0 1
    outer loop
      vertex -11.7916 -16.8182 55.8
      vertex -11.6894 -19.1591 55.8
      vertex -11.6894 -16.8409 55.8
    endloop
  endfacet
  facet normal 0 0 1
    outer loop
      vertex -11.7916 -16.8182 55.8
      vertex -11.7916 -19.1818 55.8
      vertex -11.6894 -19.1591 55.8
    endloop
  endfacet
  facet normal 0 0 1
    outer loop
      vertex -11.8954 -16.8046 55.8
      vertex -11.7916 -19.1818 55.8
      vertex -11.7916 -16.8182 55.8
    endloop
  endfacet
  facet normal 0 0 1
    outer loop
      vertex -11.8954 -16.8046 55.8
      vertex -11.8954 -19.1954 55.8
      vertex -11.7916 -19.1818 55.8
    endloop
  endfacet
  facet normal 0 0 1
    outer loop
      vertex -12 -16.8 55.8
      vertex -11.8954 -19.1954 55.8
      vertex -11.8954 -16.8046 55.8
    endloop
  endfacet
  facet normal 0 0 1
    outer loop
      vertex -12 -16.8 55.8
      vertex -12 -19.2 55.8
      vertex -11.8954 -19.1954 55.8
    endloop
  endfacet
  facet normal -0 0 1
    outer loop
      vertex -12.1046 -16.8046 55.8
      vertex -12 -19.2 55.8
      vertex -12 -16.8 55.8
    endloop
  endfacet
  facet normal 0 0 1
    outer loop
      vertex -12.1046 -16.8046 55.8
      vertex -12.1046 -19.1954 55.8
      vertex -12 -19.2 55.8
    endloop
  endfacet
  facet normal -0 0 1
    outer loop
      vertex -12.2084 -16.8182 55.8
      vertex -12.1046 -19.1954 55.8
      vertex -12.1046 -16.8046 55.8
    endloop
  endfacet
  facet normal 0 0 1
    outer loop
      vertex -12.2084 -16.8182 55.8
      vertex -12.2084 -19.1818 55.8
      vertex -12.1046 -19.1954 55.8
    endloop
  endfacet
  facet normal -0 0 1
    outer loop
      vertex -12.3106 -16.8409 55.8
      vertex -12.2084 -19.1818 55.8
      vertex -12.2084 -16.8182 55.8
    endloop
  endfacet
  facet normal 0 0 1
    outer loop
      vertex -12.3106 -16.8409 55.8
      vertex -12.3106 -19.1591 55.8
      vertex -12.2084 -19.1818 55.8
    endloop
  endfacet
  facet normal -0 0 1
    outer loop
      vertex -12.4104 -16.8724 55.8
      vertex -12.3106 -19.1591 55.8
      vertex -12.3106 -16.8409 55.8
    endloop
  endfacet
  facet normal 0 0 1
    outer loop
      vertex -12.4104 -16.8724 55.8
      vertex -12.4104 -19.1276 55.8
      vertex -12.3106 -19.1591 55.8
    endloop
  endfacet
  facet normal -0 0 1
    outer loop
      vertex -12.5071 -16.9124 55.8
      vertex -12.4104 -19.1276 55.8
      vertex -12.4104 -16.8724 55.8
    endloop
  endfacet
  facet normal 0 0 1
    outer loop
      vertex -12.5071 -16.9124 55.8
      vertex -12.5071 -19.0876 55.8
      vertex -12.4104 -19.1276 55.8
    endloop
  endfacet
  facet normal -0 0 1
    outer loop
      vertex -12.6 -16.9608 55.8
      vertex -12.5071 -19.0876 55.8
      vertex -12.5071 -16.9124 55.8
    endloop
  endfacet
  facet normal 0 0 1
    outer loop
      vertex -12.6 -16.9608 55.8
      vertex -12.6 -19.0392 55.8
      vertex -12.5071 -19.0876 55.8
    endloop
  endfacet
  facet normal -0 0 1
    outer loop
      vertex -12.6883 -17.017 55.8
      vertex -12.6 -19.0392 55.8
      vertex -12.6 -16.9608 55.8
    endloop
  endfacet
  facet normal 0 0 1
    outer loop
      vertex -12.6883 -17.017 55.8
      vertex -12.6883 -18.983 55.8
      vertex -12.6 -19.0392 55.8
    endloop
  endfacet
  facet normal -0 0 1
    outer loop
      vertex -12.7713 -17.0807 55.8
      vertex -12.6883 -18.983 55.8
      vertex -12.6883 -17.017 55.8
    endloop
  endfacet
  facet normal 0 0 1
    outer loop
      vertex -12.7713 -17.0807 55.8
      vertex -12.7713 -18.9193 55.8
      vertex -12.6883 -18.983 55.8
    endloop
  endfacet
  facet normal -0 0 1
    outer loop
      vertex -12.8485 -17.1515 55.8
      vertex -12.7713 -18.9193 55.8
      vertex -12.7713 -17.0807 55.8
    endloop
  endfacet
  facet normal 0 0 1
    outer loop
      vertex -12.8485 -17.1515 55.8
      vertex -12.8485 -18.8485 55.8
      vertex -12.7713 -18.9193 55.8
    endloop
  endfacet
  facet normal -0 0 1
    outer loop
      vertex -12.9193 -17.2287 55.8
      vertex -12.8485 -18.8485 55.8
      vertex -12.8485 -17.1515 55.8
    endloop
  endfacet
  facet normal 0 0 1
    outer loop
      vertex -12.9193 -17.2287 55.8
      vertex -12.9193 -18.7713 55.8
      vertex -12.8485 -18.8485 55.8
    endloop
  endfacet
  facet normal -0 0 1
    outer loop
      vertex -12.983 -17.3117 55.8
      vertex -12.9193 -18.7713 55.8
      vertex -12.9193 -17.2287 55.8
    endloop
  endfacet
  facet normal 0 0 1
    outer loop
      vertex -12.983 -17.3117 55.8
      vertex -12.983 -18.6883 55.8
      vertex -12.9193 -18.7713 55.8
    endloop
  endfacet
  facet normal -0 0 1
    outer loop
      vertex -13.0392 -17.4 55.8
      vertex -12.983 -18.6883 55.8
      vertex -12.983 -17.3117 55.8
    endloop
  endfacet
  facet normal 0 0 1
    outer loop
      vertex -13.0392 -17.4 55.8
      vertex -13.0392 -18.6 55.8
      vertex -12.983 -18.6883 55.8
    endloop
  endfacet
  facet normal -0 0 1
    outer loop
      vertex -13.0876 -17.4929 55.8
      vertex -13.0392 -18.6 55.8
      vertex -13.0392 -17.4 55.8
    endloop
  endfacet
  facet normal 0 0 1
    outer loop
      vertex -13.0876 -17.4929 55.8
      vertex -13.0876 -18.5071 55.8
      vertex -13.0392 -18.6 55.8
    endloop
  endfacet
  facet normal -0 0 1
    outer loop
      vertex -13.1276 -17.5896 55.8
      vertex -13.0876 -18.5071 55.8
      vertex -13.0876 -17.4929 55.8
    endloop
  endfacet
  facet normal 0 0 1
    outer loop
      vertex -13.1276 -17.5896 55.8
      vertex -13.1276 -18.4104 55.8
      vertex -13.0876 -18.5071 55.8
    endloop
  endfacet
  facet normal -0 0 1
    outer loop
      vertex -13.1591 -17.6894 55.8
      vertex -13.1276 -18.4104 55.8
      vertex -13.1276 -17.5896 55.8
    endloop
  endfacet
  facet normal 0 0 1
    outer loop
      vertex -13.1591 -17.6894 55.8
      vertex -13.1591 -18.3106 55.8
      vertex -13.1276 -18.4104 55.8
    endloop
  endfacet
  facet normal -0 0 1
    outer loop
      vertex -13.1818 -17.7916 55.8
      vertex -13.1591 -18.3106 55.8
      vertex -13.1591 -17.6894 55.8
    endloop
  endfacet
  facet normal 0 0 1
    outer loop
      vertex -13.1818 -17.7916 55.8
      vertex -13.1818 -18.2084 55.8
      vertex -13.1591 -18.3106 55.8
    endloop
  endfacet
  facet normal -0 0 1
    outer loop
      vertex -13.1954 -17.8954 55.8
      vertex -13.1818 -18.2084 55.8
      vertex -13.1818 -17.7916 55.8
    endloop
  endfacet
  facet normal 0 0 1
    outer loop
      vertex -13.1954 -17.8954 55.8
      vertex -13.1954 -18.1046 55.8
      vertex -13.1818 -18.2084 55.8
    endloop
  endfacet
  facet normal 0 -0 1
    outer loop
      vertex -13.1954 -18.1046 55.8
      vertex -13.1954 -17.8954 55.8
      vertex -13.2 -18 55.8
    endloop
  endfacet
  facet normal -0.300994 -0.953626 0
    outer loop
      vertex -11.6894 -16.8409 55.8
      vertex -11.5896 -16.8724 57.6
      vertex -11.6894 -16.8409 57.6
    endloop
  endfacet
  facet normal -0.300994 -0.953626 -0
    outer loop
      vertex -11.5896 -16.8724 57.6
      vertex -11.6894 -16.8409 55.8
      vertex -11.5896 -16.8724 55.8
    endloop
  endfacet
  facet normal 0.462044 0.886857 -0
    outer loop
      vertex -12.5071 -19.0876 55.8
      vertex -12.6 -19.0392 57.6
      vertex -12.5071 -19.0876 57.6
    endloop
  endfacet
  facet normal 0.462044 0.886857 0
    outer loop
      vertex -12.6 -19.0392 57.6
      vertex -12.5071 -19.0876 55.8
      vertex -12.6 -19.0392 55.8
    endloop
  endfacet
  facet normal 0.608833 0.793299 -0
    outer loop
      vertex -12.6883 -18.983 55.8
      vertex -12.7713 -18.9193 57.6
      vertex -12.6883 -18.983 57.6
    endloop
  endfacet
  facet normal 0.608833 0.793299 0
    outer loop
      vertex -12.7713 -18.9193 57.6
      vertex -12.6883 -18.983 55.8
      vertex -12.7713 -18.9193 55.8
    endloop
  endfacet
  facet normal 0.130106 -0.9915 0
    outer loop
      vertex -12.3994 20.2651 0
      vertex -12.2005 20.2912 55.6
      vertex -12.3994 20.2651 55.6
    endloop
  endfacet
  facet normal 0.130106 -0.9915 0
    outer loop
      vertex -12.2005 20.2912 55.6
      vertex -12.3994 20.2651 0
      vertex -12.2005 20.2912 0
    endloop
  endfacet
  facet normal -0.991442 -0.130547 0
    outer loop
      vertex -9.70875 18.2005 0
      vertex -9.73494 18.3994 55.6
      vertex -9.73494 18.3994 0
    endloop
  endfacet
  facet normal -0.991442 -0.130547 0
    outer loop
      vertex -9.73494 18.3994 55.6
      vertex -9.70875 18.2005 0
      vertex -9.70875 18.2005 55.6
    endloop
  endfacet
  facet normal -0.999049 -0.0435994 0
    outer loop
      vertex -9.7 18 0
      vertex -9.70875 18.2005 55.6
      vertex -9.70875 18.2005 0
    endloop
  endfacet
  facet normal -0.999049 -0.0435994 0
    outer loop
      vertex -9.70875 18.2005 55.6
      vertex -9.7 18 0
      vertex -9.7 18 55.6
    endloop
  endfacet
  facet normal -0.976296 -0.21644 0
    outer loop
      vertex -9.73494 18.3994 0
      vertex -9.77837 18.5953 55.6
      vertex -9.77837 18.5953 0
    endloop
  endfacet
  facet normal -0.976296 -0.21644 0
    outer loop
      vertex -9.77837 18.5953 55.6
      vertex -9.73494 18.3994 0
      vertex -9.73494 18.3994 55.6
    endloop
  endfacet
  facet normal -0.999049 0.0435994 0
    outer loop
      vertex -9.70875 17.7995 0
      vertex -9.7 18 55.6
      vertex -9.7 18 0
    endloop
  endfacet
  facet normal -0.999049 0.0435994 0
    outer loop
      vertex -9.7 18 55.6
      vertex -9.70875 17.7995 0
      vertex -9.70875 17.7995 55.6
    endloop
  endfacet
  facet normal 0.608578 0.793494 -0
    outer loop
      vertex -13.3192 16.116 0
      vertex -13.4784 16.2381 55.6
      vertex -13.3192 16.116 55.6
    endloop
  endfacet
  facet normal 0.608578 0.793494 0
    outer loop
      vertex -13.4784 16.2381 55.6
      vertex -13.3192 16.116 0
      vertex -13.4784 16.2381 0
    endloop
  endfacet
  facet normal 0.953741 -0.30063 0
    outer loop
      vertex -14.2216 18.5953 55.6
      vertex -14.1613 18.7866 0
      vertex -14.1613 18.7866 55.6
    endloop
  endfacet
  facet normal 0.953741 -0.30063 0
    outer loop
      vertex -14.1613 18.7866 0
      vertex -14.2216 18.5953 55.6
      vertex -14.2216 18.5953 0
    endloop
  endfacet
  facet normal -0.675792 -0.737092 0
    outer loop
      vertex -10.5216 19.7619 0
      vertex -10.3737 19.6263 55.6
      vertex -10.5216 19.7619 55.6
    endloop
  endfacet
  facet normal -0.675792 -0.737092 -0
    outer loop
      vertex -10.3737 19.6263 55.6
      vertex -10.5216 19.7619 0
      vertex -10.3737 19.6263 0
    endloop
  endfacet
  facet normal 0.953741 0.30063 0
    outer loop
      vertex -14.1613 17.2134 55.6
      vertex -14.2216 17.4047 0
      vertex -14.2216 17.4047 55.6
    endloop
  endfacet
  facet normal 0.953741 0.30063 0
    outer loop
      vertex -14.2216 17.4047 0
      vertex -14.1613 17.2134 55.6
      vertex -14.1613 17.2134 0
    endloop
  endfacet
  facet normal 0.793494 0.608578 0
    outer loop
      vertex -13.7619 16.5216 55.6
      vertex -13.884 16.6808 0
      vertex -13.884 16.6808 55.6
    endloop
  endfacet
  facet normal 0.793494 0.608578 0
    outer loop
      vertex -13.884 16.6808 0
      vertex -13.7619 16.5216 55.6
      vertex -13.7619 16.5216 0
    endloop
  endfacet
  facet normal -0.382704 -0.923871 0
    outer loop
      vertex -11.2134 20.1613 0
      vertex -11.028 20.0845 55.6
      vertex -11.2134 20.1613 55.6
    endloop
  endfacet
  facet normal -0.382704 -0.923871 -0
    outer loop
      vertex -11.028 20.0845 55.6
      vertex -11.2134 20.1613 0
      vertex -11.028 20.0845 0
    endloop
  endfacet
  facet normal -0.843148 0.537681 0
    outer loop
      vertex -10.116 16.6808 0
      vertex -10.0081 16.85 55.6
      vertex -10.0081 16.85 0
    endloop
  endfacet
  facet normal -0.843148 0.537681 0
    outer loop
      vertex -10.0081 16.85 55.6
      vertex -10.116 16.6808 0
      vertex -10.116 16.6808 55.6
    endloop
  endfacet
  facet normal -0.737092 -0.675792 0
    outer loop
      vertex -10.2381 19.4784 0
      vertex -10.3737 19.6263 55.6
      vertex -10.3737 19.6263 0
    endloop
  endfacet
  facet normal -0.737092 -0.675792 0
    outer loop
      vertex -10.3737 19.6263 55.6
      vertex -10.2381 19.4784 0
      vertex -10.2381 19.4784 55.6
    endloop
  endfacet
  facet normal -0.793494 -0.608578 0
    outer loop
      vertex -10.116 19.3192 0
      vertex -10.2381 19.4784 55.6
      vertex -10.2381 19.4784 0
    endloop
  endfacet
  facet normal -0.793494 -0.608578 0
    outer loop
      vertex -10.2381 19.4784 55.6
      vertex -10.116 19.3192 0
      vertex -10.116 19.3192 55.6
    endloop
  endfacet
  facet normal -0.537681 -0.843148 0
    outer loop
      vertex -10.85 19.9919 0
      vertex -10.6808 19.884 55.6
      vertex -10.85 19.9919 55.6
    endloop
  endfacet
  facet normal -0.537681 -0.843148 -0
    outer loop
      vertex -10.6808 19.884 55.6
      vertex -10.85 19.9919 0
      vertex -10.6808 19.884 0
    endloop
  endfacet
  facet normal -0.216772 -0.976222 0
    outer loop
      vertex -11.6006 20.2651 0
      vertex -11.4047 20.2216 55.6
      vertex -11.6006 20.2651 55.6
    endloop
  endfacet
  facet normal -0.216772 -0.976222 -0
    outer loop
      vertex -11.4047 20.2216 55.6
      vertex -11.6006 20.2651 0
      vertex -11.4047 20.2216 0
    endloop
  endfacet
  facet normal 0.0438481 0.999038 -0
    outer loop
      vertex -12 15.7 0
      vertex -12.2005 15.7088 55.6
      vertex -12 15.7 55.6
    endloop
  endfacet
  facet normal 0.0438481 0.999038 0
    outer loop
      vertex -12.2005 15.7088 55.6
      vertex -12 15.7 0
      vertex -12.2005 15.7088 0
    endloop
  endfacet
  facet normal 0.216772 -0.976222 0
    outer loop
      vertex -12.5953 20.2216 0
      vertex -12.3994 20.2651 55.6
      vertex -12.5953 20.2216 55.6
    endloop
  endfacet
  facet normal 0.216772 -0.976222 0
    outer loop
      vertex -12.3994 20.2651 55.6
      vertex -12.5953 20.2216 0
      vertex -12.3994 20.2651 0
    endloop
  endfacet
  facet normal 0.793494 -0.608578 0
    outer loop
      vertex -13.884 19.3192 55.6
      vertex -13.7619 19.4784 0
      vertex -13.7619 19.4784 55.6
    endloop
  endfacet
  facet normal 0.793494 -0.608578 0
    outer loop
      vertex -13.7619 19.4784 0
      vertex -13.884 19.3192 55.6
      vertex -13.884 19.3192 0
    endloop
  endfacet
  facet normal 0.9915 0.130106 0
    outer loop
      vertex -14.2651 17.6006 55.6
      vertex -14.2912 17.7995 0
      vertex -14.2912 17.7995 55.6
    endloop
  endfacet
  facet normal 0.9915 0.130106 0
    outer loop
      vertex -14.2912 17.7995 0
      vertex -14.2651 17.6006 55.6
      vertex -14.2651 17.6006 0
    endloop
  endfacet
  facet normal 0.46151 -0.887135 0
    outer loop
      vertex -13.15 19.9919 0
      vertex -12.972 20.0845 55.6
      vertex -13.15 19.9919 55.6
    endloop
  endfacet
  facet normal 0.46151 -0.887135 0
    outer loop
      vertex -12.972 20.0845 55.6
      vertex -13.15 19.9919 0
      vertex -12.972 20.0845 0
    endloop
  endfacet
  facet normal -0.46151 0.887135 0
    outer loop
      vertex -10.85 16.0081 0
      vertex -11.028 15.9155 55.6
      vertex -10.85 16.0081 55.6
    endloop
  endfacet
  facet normal -0.46151 0.887135 0
    outer loop
      vertex -11.028 15.9155 55.6
      vertex -10.85 16.0081 0
      vertex -11.028 15.9155 0
    endloop
  endfacet
  facet normal -0.608578 -0.793494 0
    outer loop
      vertex -10.6808 19.884 0
      vertex -10.5216 19.7619 55.6
      vertex -10.6808 19.884 55.6
    endloop
  endfacet
  facet normal -0.608578 -0.793494 -0
    outer loop
      vertex -10.5216 19.7619 55.6
      vertex -10.6808 19.884 0
      vertex -10.5216 19.7619 0
    endloop
  endfacet
  facet normal -0.991442 0.130547 0
    outer loop
      vertex -9.73494 17.6006 0
      vertex -9.70875 17.7995 55.6
      vertex -9.70875 17.7995 0
    endloop
  endfacet
  facet normal -0.991442 0.130547 0
    outer loop
      vertex -9.70875 17.7995 55.6
      vertex -9.73494 17.6006 0
      vertex -9.73494 17.6006 55.6
    endloop
  endfacet
  facet normal -0.923906 0.382619 0
    outer loop
      vertex -9.91549 17.028 0
      vertex -9.83871 17.2134 55.6
      vertex -9.83871 17.2134 0
    endloop
  endfacet
  facet normal -0.923906 0.382619 0
    outer loop
      vertex -9.83871 17.2134 55.6
      vertex -9.91549 17.028 0
      vertex -9.91549 17.028 55.6
    endloop
  endfacet
  facet normal -0.30063 -0.953741 0
    outer loop
      vertex -11.4047 20.2216 0
      vertex -11.2134 20.1613 55.6
      vertex -11.4047 20.2216 55.6
    endloop
  endfacet
  facet normal -0.30063 -0.953741 -0
    outer loop
      vertex -11.2134 20.1613 55.6
      vertex -11.4047 20.2216 0
      vertex -11.2134 20.1613 0
    endloop
  endfacet
  facet normal 0.0438481 -0.999038 0
    outer loop
      vertex -12.2005 20.2912 0
      vertex -12 20.3 55.6
      vertex -12.2005 20.2912 55.6
    endloop
  endfacet
  facet normal 0.0438481 -0.999038 0
    outer loop
      vertex -12 20.3 55.6
      vertex -12.2005 20.2912 0
      vertex -12 20.3 0
    endloop
  endfacet
  facet normal 0.737092 0.675792 0
    outer loop
      vertex -13.6263 16.3737 55.6
      vertex -13.7619 16.5216 0
      vertex -13.7619 16.5216 55.6
    endloop
  endfacet
  facet normal 0.737092 0.675792 0
    outer loop
      vertex -13.7619 16.5216 0
      vertex -13.6263 16.3737 55.6
      vertex -13.6263 16.3737 0
    endloop
  endfacet
  facet normal 0.887135 -0.46151 0
    outer loop
      vertex -14.0845 18.972 55.6
      vertex -13.9919 19.15 0
      vertex -13.9919 19.15 55.6
    endloop
  endfacet
  facet normal 0.887135 -0.46151 0
    outer loop
      vertex -13.9919 19.15 0
      vertex -14.0845 18.972 55.6
      vertex -14.0845 18.972 0
    endloop
  endfacet
  facet normal -0.216772 0.976222 0
    outer loop
      vertex -11.4047 15.7784 0
      vertex -11.6006 15.7349 55.6
      vertex -11.4047 15.7784 55.6
    endloop
  endfacet
  facet normal -0.216772 0.976222 0
    outer loop
      vertex -11.6006 15.7349 55.6
      vertex -11.4047 15.7784 0
      vertex -11.6006 15.7349 0
    endloop
  endfacet
  facet normal -0.130106 0.9915 0
    outer loop
      vertex -11.6006 15.7349 0
      vertex -11.7995 15.7088 55.6
      vertex -11.6006 15.7349 55.6
    endloop
  endfacet
  facet normal -0.130106 0.9915 0
    outer loop
      vertex -11.7995 15.7088 55.6
      vertex -11.6006 15.7349 0
      vertex -11.7995 15.7088 0
    endloop
  endfacet
  facet normal -0.46151 -0.887135 0
    outer loop
      vertex -11.028 20.0845 0
      vertex -10.85 19.9919 55.6
      vertex -11.028 20.0845 55.6
    endloop
  endfacet
  facet normal -0.46151 -0.887135 -0
    outer loop
      vertex -10.85 19.9919 55.6
      vertex -11.028 20.0845 0
      vertex -10.85 19.9919 0
    endloop
  endfacet
  facet normal -0.0438481 -0.999038 0
    outer loop
      vertex -12 20.3 0
      vertex -11.7995 20.2912 55.6
      vertex -12 20.3 55.6
    endloop
  endfacet
  facet normal -0.0438481 -0.999038 -0
    outer loop
      vertex -11.7995 20.2912 55.6
      vertex -12 20.3 0
      vertex -11.7995 20.2912 0
    endloop
  endfacet
  facet normal 0.30063 0.953741 -0
    outer loop
      vertex -12.5953 15.7784 0
      vertex -12.7866 15.8387 55.6
      vertex -12.5953 15.7784 55.6
    endloop
  endfacet
  facet normal 0.30063 0.953741 0
    outer loop
      vertex -12.7866 15.8387 55.6
      vertex -12.5953 15.7784 0
      vertex -12.7866 15.8387 0
    endloop
  endfacet
  facet normal -0.608578 0.793494 0
    outer loop
      vertex -10.5216 16.2381 0
      vertex -10.6808 16.116 55.6
      vertex -10.5216 16.2381 55.6
    endloop
  endfacet
  facet normal -0.608578 0.793494 0
    outer loop
      vertex -10.6808 16.116 55.6
      vertex -10.5216 16.2381 0
      vertex -10.6808 16.116 0
    endloop
  endfacet
  facet normal 0.537681 0.843148 -0
    outer loop
      vertex -13.15 16.0081 0
      vertex -13.3192 16.116 55.6
      vertex -13.15 16.0081 55.6
    endloop
  endfacet
  facet normal 0.537681 0.843148 0
    outer loop
      vertex -13.3192 16.116 55.6
      vertex -13.15 16.0081 0
      vertex -13.3192 16.116 0
    endloop
  endfacet
  facet normal -0.793494 0.608578 0
    outer loop
      vertex -10.2381 16.5216 0
      vertex -10.116 16.6808 55.6
      vertex -10.116 16.6808 0
    endloop
  endfacet
  facet normal -0.793494 0.608578 0
    outer loop
      vertex -10.116 16.6808 55.6
      vertex -10.2381 16.5216 0
      vertex -10.2381 16.5216 55.6
    endloop
  endfacet
  facet normal -0.976296 0.21644 0
    outer loop
      vertex -9.77837 17.4047 0
      vertex -9.73494 17.6006 55.6
      vertex -9.73494 17.6006 0
    endloop
  endfacet
  facet normal -0.976296 0.21644 0
    outer loop
      vertex -9.73494 17.6006 55.6
      vertex -9.77837 17.4047 0
      vertex -9.77837 17.4047 55.6
    endloop
  endfacet
  facet normal 0.675792 -0.737092 0
    outer loop
      vertex -13.6263 19.6263 0
      vertex -13.4784 19.7619 55.6
      vertex -13.6263 19.6263 55.6
    endloop
  endfacet
  facet normal 0.675792 -0.737092 0
    outer loop
      vertex -13.4784 19.7619 55.6
      vertex -13.6263 19.6263 0
      vertex -13.4784 19.7619 0
    endloop
  endfacet
  facet normal 0.608578 -0.793494 0
    outer loop
      vertex -13.4784 19.7619 0
      vertex -13.3192 19.884 55.6
      vertex -13.4784 19.7619 55.6
    endloop
  endfacet
  facet normal 0.608578 -0.793494 0
    outer loop
      vertex -13.3192 19.884 55.6
      vertex -13.4784 19.7619 0
      vertex -13.3192 19.884 0
    endloop
  endfacet
  facet normal -0.887115 -0.461549 0
    outer loop
      vertex -9.91549 18.972 0
      vertex -10.0081 19.15 55.6
      vertex -10.0081 19.15 0
    endloop
  endfacet
  facet normal -0.887115 -0.461549 0
    outer loop
      vertex -10.0081 19.15 55.6
      vertex -9.91549 18.972 0
      vertex -9.91549 18.972 55.6
    endloop
  endfacet
  facet normal -0.843148 -0.537681 0
    outer loop
      vertex -10.0081 19.15 0
      vertex -10.116 19.3192 55.6
      vertex -10.116 19.3192 0
    endloop
  endfacet
  facet normal -0.843148 -0.537681 0
    outer loop
      vertex -10.116 19.3192 55.6
      vertex -10.0081 19.15 0
      vertex -10.0081 19.15 55.6
    endloop
  endfacet
  facet normal -0.953684 0.300812 0
    outer loop
      vertex -9.83871 17.2134 0
      vertex -9.77837 17.4047 55.6
      vertex -9.77837 17.4047 0
    endloop
  endfacet
  facet normal -0.953684 0.300812 0
    outer loop
      vertex -9.77837 17.4047 55.6
      vertex -9.83871 17.2134 0
      vertex -9.83871 17.2134 55.6
    endloop
  endfacet
  facet normal 0.537681 -0.843148 0
    outer loop
      vertex -13.3192 19.884 0
      vertex -13.15 19.9919 55.6
      vertex -13.3192 19.884 55.6
    endloop
  endfacet
  facet normal 0.537681 -0.843148 0
    outer loop
      vertex -13.15 19.9919 55.6
      vertex -13.3192 19.884 0
      vertex -13.15 19.9919 0
    endloop
  endfacet
  facet normal 0.130106 0.9915 -0
    outer loop
      vertex -12.2005 15.7088 0
      vertex -12.3994 15.7349 55.6
      vertex -12.2005 15.7088 55.6
    endloop
  endfacet
  facet normal 0.130106 0.9915 0
    outer loop
      vertex -12.3994 15.7349 55.6
      vertex -12.2005 15.7088 0
      vertex -12.3994 15.7349 0
    endloop
  endfacet
  facet normal 0.30063 -0.953741 0
    outer loop
      vertex -12.7866 20.1613 0
      vertex -12.5953 20.2216 55.6
      vertex -12.7866 20.1613 55.6
    endloop
  endfacet
  facet normal 0.30063 -0.953741 0
    outer loop
      vertex -12.5953 20.2216 55.6
      vertex -12.7866 20.1613 0
      vertex -12.5953 20.2216 0
    endloop
  endfacet
  facet normal -0.382704 0.923871 0
    outer loop
      vertex -11.028 15.9155 0
      vertex -11.2134 15.8387 55.6
      vertex -11.028 15.9155 55.6
    endloop
  endfacet
  facet normal -0.382704 0.923871 0
    outer loop
      vertex -11.2134 15.8387 55.6
      vertex -11.028 15.9155 0
      vertex -11.2134 15.8387 0
    endloop
  endfacet
  facet normal -0.923906 -0.382619 0
    outer loop
      vertex -9.83871 18.7866 0
      vertex -9.91549 18.972 55.6
      vertex -9.91549 18.972 0
    endloop
  endfacet
  facet normal -0.923906 -0.382619 0
    outer loop
      vertex -9.91549 18.972 55.6
      vertex -9.83871 18.7866 0
      vertex -9.83871 18.7866 55.6
    endloop
  endfacet
  facet normal -0.0438481 0.999038 0
    outer loop
      vertex -11.7995 15.7088 0
      vertex -12 15.7 55.6
      vertex -11.7995 15.7088 55.6
    endloop
  endfacet
  facet normal -0.0438481 0.999038 0
    outer loop
      vertex -12 15.7 55.6
      vertex -11.7995 15.7088 0
      vertex -12 15.7 0
    endloop
  endfacet
  facet normal 0.999038 0.0438481 0
    outer loop
      vertex -14.2912 17.7995 55.6
      vertex -14.3 18 0
      vertex -14.3 18 55.6
    endloop
  endfacet
  facet normal 0.999038 0.0438481 0
    outer loop
      vertex -14.3 18 0
      vertex -14.2912 17.7995 55.6
      vertex -14.2912 17.7995 0
    endloop
  endfacet
  facet normal 0.999038 -0.0438481 0
    outer loop
      vertex -14.3 18 55.6
      vertex -14.2912 18.2005 0
      vertex -14.2912 18.2005 55.6
    endloop
  endfacet
  facet normal 0.999038 -0.0438481 0
    outer loop
      vertex -14.2912 18.2005 0
      vertex -14.3 18 55.6
      vertex -14.3 18 0
    endloop
  endfacet
  facet normal -0.887115 0.461549 0
    outer loop
      vertex -10.0081 16.85 0
      vertex -9.91549 17.028 55.6
      vertex -9.91549 17.028 0
    endloop
  endfacet
  facet normal -0.887115 0.461549 0
    outer loop
      vertex -9.91549 17.028 55.6
      vertex -10.0081 16.85 0
      vertex -10.0081 16.85 55.6
    endloop
  endfacet
  facet normal 0.737092 -0.675792 0
    outer loop
      vertex -13.7619 19.4784 55.6
      vertex -13.6263 19.6263 0
      vertex -13.6263 19.6263 55.6
    endloop
  endfacet
  facet normal 0.737092 -0.675792 0
    outer loop
      vertex -13.6263 19.6263 0
      vertex -13.7619 19.4784 55.6
      vertex -13.7619 19.4784 0
    endloop
  endfacet
  facet normal 0.382704 -0.923871 0
    outer loop
      vertex -12.972 20.0845 0
      vertex -12.7866 20.1613 55.6
      vertex -12.972 20.0845 55.6
    endloop
  endfacet
  facet normal 0.382704 -0.923871 0
    outer loop
      vertex -12.7866 20.1613 55.6
      vertex -12.972 20.0845 0
      vertex -12.7866 20.1613 0
    endloop
  endfacet
  facet normal -0.537681 0.843148 0
    outer loop
      vertex -10.6808 16.116 0
      vertex -10.85 16.0081 55.6
      vertex -10.6808 16.116 55.6
    endloop
  endfacet
  facet normal -0.537681 0.843148 0
    outer loop
      vertex -10.85 16.0081 55.6
      vertex -10.6808 16.116 0
      vertex -10.85 16.0081 0
    endloop
  endfacet
  facet normal 0.976222 -0.216772 0
    outer loop
      vertex -14.2651 18.3994 55.6
      vertex -14.2216 18.5953 0
      vertex -14.2216 18.5953 55.6
    endloop
  endfacet
  facet normal 0.976222 -0.216772 0
    outer loop
      vertex -14.2216 18.5953 0
      vertex -14.2651 18.3994 55.6
      vertex -14.2651 18.3994 0
    endloop
  endfacet
  facet normal 0.923871 0.382704 0
    outer loop
      vertex -14.0845 17.028 55.6
      vertex -14.1613 17.2134 0
      vertex -14.1613 17.2134 55.6
    endloop
  endfacet
  facet normal 0.923871 0.382704 0
    outer loop
      vertex -14.1613 17.2134 0
      vertex -14.0845 17.028 55.6
      vertex -14.0845 17.028 0
    endloop
  endfacet
  facet normal 0.976222 0.216772 0
    outer loop
      vertex -14.2216 17.4047 55.6
      vertex -14.2651 17.6006 0
      vertex -14.2651 17.6006 55.6
    endloop
  endfacet
  facet normal 0.976222 0.216772 0
    outer loop
      vertex -14.2651 17.6006 0
      vertex -14.2216 17.4047 55.6
      vertex -14.2216 17.4047 0
    endloop
  endfacet
  facet normal 0 0 -1
    outer loop
      vertex -9.70875 17.7995 55.6
      vertex -9.70875 18.2005 55.6
      vertex -9.7 18 55.6
    endloop
  endfacet
  facet normal 0 0 -1
    outer loop
      vertex -9.73494 17.6006 55.6
      vertex -9.70875 18.2005 55.6
      vertex -9.70875 17.7995 55.6
    endloop
  endfacet
  facet normal 0 0 -1
    outer loop
      vertex -9.73494 17.6006 55.6
      vertex -9.73494 18.3994 55.6
      vertex -9.70875 18.2005 55.6
    endloop
  endfacet
  facet normal 0 0 -1
    outer loop
      vertex -9.77837 17.4047 55.6
      vertex -9.73494 18.3994 55.6
      vertex -9.73494 17.6006 55.6
    endloop
  endfacet
  facet normal 0 0 -1
    outer loop
      vertex -9.77837 17.4047 55.6
      vertex -9.77837 18.5953 55.6
      vertex -9.73494 18.3994 55.6
    endloop
  endfacet
  facet normal 0 0 -1
    outer loop
      vertex -9.83871 17.2134 55.6
      vertex -9.77837 18.5953 55.6
      vertex -9.77837 17.4047 55.6
    endloop
  endfacet
  facet normal 0 0 -1
    outer loop
      vertex -9.83871 17.2134 55.6
      vertex -9.83871 18.7866 55.6
      vertex -9.77837 18.5953 55.6
    endloop
  endfacet
  facet normal 0 0 -1
    outer loop
      vertex -9.91549 17.028 55.6
      vertex -9.83871 18.7866 55.6
      vertex -9.83871 17.2134 55.6
    endloop
  endfacet
  facet normal 0 0 -1
    outer loop
      vertex -9.91549 17.028 55.6
      vertex -9.91549 18.972 55.6
      vertex -9.83871 18.7866 55.6
    endloop
  endfacet
  facet normal 0 0 -1
    outer loop
      vertex -10.0081 16.85 55.6
      vertex -9.91549 18.972 55.6
      vertex -9.91549 17.028 55.6
    endloop
  endfacet
  facet normal 0 0 -1
    outer loop
      vertex -10.0081 16.85 55.6
      vertex -10.0081 19.15 55.6
      vertex -9.91549 18.972 55.6
    endloop
  endfacet
  facet normal 0 0 -1
    outer loop
      vertex -10.116 16.6808 55.6
      vertex -10.0081 19.15 55.6
      vertex -10.0081 16.85 55.6
    endloop
  endfacet
  facet normal 0 0 -1
    outer loop
      vertex -10.116 16.6808 55.6
      vertex -10.116 19.3192 55.6
      vertex -10.0081 19.15 55.6
    endloop
  endfacet
  facet normal 0 0 -1
    outer loop
      vertex -10.2381 16.5216 55.6
      vertex -10.116 19.3192 55.6
      vertex -10.116 16.6808 55.6
    endloop
  endfacet
  facet normal 0 0 -1
    outer loop
      vertex -10.2381 16.5216 55.6
      vertex -10.2381 19.4784 55.6
      vertex -10.116 19.3192 55.6
    endloop
  endfacet
  facet normal 0 0 -1
    outer loop
      vertex -10.3737 16.3737 55.6
      vertex -10.2381 19.4784 55.6
      vertex -10.2381 16.5216 55.6
    endloop
  endfacet
  facet normal 0 0 -1
    outer loop
      vertex -10.3737 16.3737 55.6
      vertex -10.3737 19.6263 55.6
      vertex -10.2381 19.4784 55.6
    endloop
  endfacet
  facet normal 0 0 -1
    outer loop
      vertex -10.5216 16.2381 55.6
      vertex -10.3737 19.6263 55.6
      vertex -10.3737 16.3737 55.6
    endloop
  endfacet
  facet normal 0 0 -1
    outer loop
      vertex -10.5216 16.2381 55.6
      vertex -10.5216 19.7619 55.6
      vertex -10.3737 19.6263 55.6
    endloop
  endfacet
  facet normal 0 0 -1
    outer loop
      vertex -10.6808 16.116 55.6
      vertex -10.5216 19.7619 55.6
      vertex -10.5216 16.2381 55.6
    endloop
  endfacet
  facet normal 0 0 -1
    outer loop
      vertex -10.6808 16.116 55.6
      vertex -10.6808 19.884 55.6
      vertex -10.5216 19.7619 55.6
    endloop
  endfacet
  facet normal 0 0 -1
    outer loop
      vertex -10.85 16.0081 55.6
      vertex -10.6808 19.884 55.6
      vertex -10.6808 16.116 55.6
    endloop
  endfacet
  facet normal 0 0 -1
    outer loop
      vertex -10.85 16.0081 55.6
      vertex -10.85 19.9919 55.6
      vertex -10.6808 19.884 55.6
    endloop
  endfacet
  facet normal 0 0 -1
    outer loop
      vertex -11.028 15.9155 55.6
      vertex -10.85 19.9919 55.6
      vertex -10.85 16.0081 55.6
    endloop
  endfacet
  facet normal 0 0 -1
    outer loop
      vertex -11.028 15.9155 55.6
      vertex -11.028 20.0845 55.6
      vertex -10.85 19.9919 55.6
    endloop
  endfacet
  facet normal 0 0 -1
    outer loop
      vertex -11.2134 15.8387 55.6
      vertex -11.028 20.0845 55.6
      vertex -11.028 15.9155 55.6
    endloop
  endfacet
  facet normal 0 0 -1
    outer loop
      vertex -11.2134 15.8387 55.6
      vertex -11.2134 20.1613 55.6
      vertex -11.028 20.0845 55.6
    endloop
  endfacet
  facet normal 0 0 -1
    outer loop
      vertex -11.4047 15.7784 55.6
      vertex -11.2134 20.1613 55.6
      vertex -11.2134 15.8387 55.6
    endloop
  endfacet
  facet normal 0 0 -1
    outer loop
      vertex -11.4047 15.7784 55.6
      vertex -11.4047 20.2216 55.6
      vertex -11.2134 20.1613 55.6
    endloop
  endfacet
  facet normal 0 0 -1
    outer loop
      vertex -11.6006 15.7349 55.6
      vertex -11.4047 20.2216 55.6
      vertex -11.4047 15.7784 55.6
    endloop
  endfacet
  facet normal 0 0 -1
    outer loop
      vertex -11.6006 15.7349 55.6
      vertex -11.6006 20.2651 55.6
      vertex -11.4047 20.2216 55.6
    endloop
  endfacet
  facet normal 0 0 -1
    outer loop
      vertex -11.7995 15.7088 55.6
      vertex -11.6006 20.2651 55.6
      vertex -11.6006 15.7349 55.6
    endloop
  endfacet
  facet normal 0 0 -1
    outer loop
      vertex -11.7995 15.7088 55.6
      vertex -11.7995 20.2912 55.6
      vertex -11.6006 20.2651 55.6
    endloop
  endfacet
  facet normal 0 0 -1
    outer loop
      vertex -12 15.7 55.6
      vertex -11.7995 20.2912 55.6
      vertex -11.7995 15.7088 55.6
    endloop
  endfacet
  facet normal 0 0 -1
    outer loop
      vertex -12 15.7 55.6
      vertex -12 20.3 55.6
      vertex -11.7995 20.2912 55.6
    endloop
  endfacet
  facet normal 0 0 -1
    outer loop
      vertex -12.2005 15.7088 55.6
      vertex -12 20.3 55.6
      vertex -12 15.7 55.6
    endloop
  endfacet
  facet normal 0 0 -1
    outer loop
      vertex -12.2005 15.7088 55.6
      vertex -12.2005 20.2912 55.6
      vertex -12 20.3 55.6
    endloop
  endfacet
  facet normal 0 0 -1
    outer loop
      vertex -12.3994 15.7349 55.6
      vertex -12.2005 20.2912 55.6
      vertex -12.2005 15.7088 55.6
    endloop
  endfacet
  facet normal 0 0 -1
    outer loop
      vertex -12.3994 15.7349 55.6
      vertex -12.3994 20.2651 55.6
      vertex -12.2005 20.2912 55.6
    endloop
  endfacet
  facet normal 0 0 -1
    outer loop
      vertex -12.5953 15.7784 55.6
      vertex -12.3994 20.2651 55.6
      vertex -12.3994 15.7349 55.6
    endloop
  endfacet
  facet normal 0 0 -1
    outer loop
      vertex -12.5953 15.7784 55.6
      vertex -12.5953 20.2216 55.6
      vertex -12.3994 20.2651 55.6
    endloop
  endfacet
  facet normal 0 0 -1
    outer loop
      vertex -12.7866 15.8387 55.6
      vertex -12.5953 20.2216 55.6
      vertex -12.5953 15.7784 55.6
    endloop
  endfacet
  facet normal 0 0 -1
    outer loop
      vertex -12.7866 15.8387 55.6
      vertex -12.7866 20.1613 55.6
      vertex -12.5953 20.2216 55.6
    endloop
  endfacet
  facet normal 0 0 -1
    outer loop
      vertex -12.972 15.9155 55.6
      vertex -12.7866 20.1613 55.6
      vertex -12.7866 15.8387 55.6
    endloop
  endfacet
  facet normal 0 0 -1
    outer loop
      vertex -12.972 15.9155 55.6
      vertex -12.972 20.0845 55.6
      vertex -12.7866 20.1613 55.6
    endloop
  endfacet
  facet normal 0 0 -1
    outer loop
      vertex -13.15 16.0081 55.6
      vertex -12.972 20.0845 55.6
      vertex -12.972 15.9155 55.6
    endloop
  endfacet
  facet normal 0 0 -1
    outer loop
      vertex -13.15 16.0081 55.6
      vertex -13.15 19.9919 55.6
      vertex -12.972 20.0845 55.6
    endloop
  endfacet
  facet normal 0 0 -1
    outer loop
      vertex -13.3192 16.116 55.6
      vertex -13.15 19.9919 55.6
      vertex -13.15 16.0081 55.6
    endloop
  endfacet
  facet normal 0 0 -1
    outer loop
      vertex -13.3192 16.116 55.6
      vertex -13.3192 19.884 55.6
      vertex -13.15 19.9919 55.6
    endloop
  endfacet
  facet normal 0 0 -1
    outer loop
      vertex -13.4784 16.2381 55.6
      vertex -13.3192 19.884 55.6
      vertex -13.3192 16.116 55.6
    endloop
  endfacet
  facet normal 0 0 -1
    outer loop
      vertex -13.4784 16.2381 55.6
      vertex -13.4784 19.7619 55.6
      vertex -13.3192 19.884 55.6
    endloop
  endfacet
  facet normal 0 0 -1
    outer loop
      vertex -13.6263 16.3737 55.6
      vertex -13.4784 19.7619 55.6
      vertex -13.4784 16.2381 55.6
    endloop
  endfacet
  facet normal 0 0 -1
    outer loop
      vertex -13.6263 16.3737 55.6
      vertex -13.6263 19.6263 55.6
      vertex -13.4784 19.7619 55.6
    endloop
  endfacet
  facet normal 0 0 -1
    outer loop
      vertex -13.7619 16.5216 55.6
      vertex -13.6263 19.6263 55.6
      vertex -13.6263 16.3737 55.6
    endloop
  endfacet
  facet normal 0 0 -1
    outer loop
      vertex -13.7619 16.5216 55.6
      vertex -13.7619 19.4784 55.6
      vertex -13.6263 19.6263 55.6
    endloop
  endfacet
  facet normal 0 0 -1
    outer loop
      vertex -13.884 16.6808 55.6
      vertex -13.7619 19.4784 55.6
      vertex -13.7619 16.5216 55.6
    endloop
  endfacet
  facet normal 0 0 -1
    outer loop
      vertex -13.884 16.6808 55.6
      vertex -13.884 19.3192 55.6
      vertex -13.7619 19.4784 55.6
    endloop
  endfacet
  facet normal 0 0 -1
    outer loop
      vertex -13.9919 16.85 55.6
      vertex -13.884 19.3192 55.6
      vertex -13.884 16.6808 55.6
    endloop
  endfacet
  facet normal 0 0 -1
    outer loop
      vertex -13.9919 16.85 55.6
      vertex -13.9919 19.15 55.6
      vertex -13.884 19.3192 55.6
    endloop
  endfacet
  facet normal 0 0 -1
    outer loop
      vertex -14.0845 17.028 55.6
      vertex -13.9919 19.15 55.6
      vertex -13.9919 16.85 55.6
    endloop
  endfacet
  facet normal 0 0 -1
    outer loop
      vertex -14.0845 17.028 55.6
      vertex -14.0845 18.972 55.6
      vertex -13.9919 19.15 55.6
    endloop
  endfacet
  facet normal 0 0 -1
    outer loop
      vertex -14.1613 17.2134 55.6
      vertex -14.0845 18.972 55.6
      vertex -14.0845 17.028 55.6
    endloop
  endfacet
  facet normal 0 0 -1
    outer loop
      vertex -14.1613 17.2134 55.6
      vertex -14.1613 18.7866 55.6
      vertex -14.0845 18.972 55.6
    endloop
  endfacet
  facet normal 0 0 -1
    outer loop
      vertex -14.2216 17.4047 55.6
      vertex -14.1613 18.7866 55.6
      vertex -14.1613 17.2134 55.6
    endloop
  endfacet
  facet normal 0 0 -1
    outer loop
      vertex -14.2216 17.4047 55.6
      vertex -14.2216 18.5953 55.6
      vertex -14.1613 18.7866 55.6
    endloop
  endfacet
  facet normal 0 0 -1
    outer loop
      vertex -14.2651 17.6006 55.6
      vertex -14.2216 18.5953 55.6
      vertex -14.2216 17.4047 55.6
    endloop
  endfacet
  facet normal 0 0 -1
    outer loop
      vertex -14.2651 17.6006 55.6
      vertex -14.2651 18.3994 55.6
      vertex -14.2216 18.5953 55.6
    endloop
  endfacet
  facet normal 0 0 -1
    outer loop
      vertex -14.2912 17.7995 55.6
      vertex -14.2651 18.3994 55.6
      vertex -14.2651 17.6006 55.6
    endloop
  endfacet
  facet normal 0 0 -1
    outer loop
      vertex -14.2912 17.7995 55.6
      vertex -14.2912 18.2005 55.6
      vertex -14.2651 18.3994 55.6
    endloop
  endfacet
  facet normal 0 -0 -1
    outer loop
      vertex -14.2912 18.2005 55.6
      vertex -14.2912 17.7995 55.6
      vertex -14.3 18 55.6
    endloop
  endfacet
  facet normal -0.130106 -0.9915 0
    outer loop
      vertex -11.7995 20.2912 0
      vertex -11.6006 20.2651 55.6
      vertex -11.7995 20.2912 55.6
    endloop
  endfacet
  facet normal -0.130106 -0.9915 -0
    outer loop
      vertex -11.6006 20.2651 55.6
      vertex -11.7995 20.2912 0
      vertex -11.6006 20.2651 0
    endloop
  endfacet
  facet normal 0.843148 -0.537681 0
    outer loop
      vertex -13.9919 19.15 55.6
      vertex -13.884 19.3192 0
      vertex -13.884 19.3192 55.6
    endloop
  endfacet
  facet normal 0.843148 -0.537681 0
    outer loop
      vertex -13.884 19.3192 0
      vertex -13.9919 19.15 55.6
      vertex -13.9919 19.15 0
    endloop
  endfacet
  facet normal -0.953684 -0.300812 0
    outer loop
      vertex -9.77837 18.5953 0
      vertex -9.83871 18.7866 55.6
      vertex -9.83871 18.7866 0
    endloop
  endfacet
  facet normal -0.953684 -0.300812 0
    outer loop
      vertex -9.83871 18.7866 55.6
      vertex -9.77837 18.5953 0
      vertex -9.77837 18.5953 55.6
    endloop
  endfacet
  facet normal 0.675792 0.737092 -0
    outer loop
      vertex -13.4784 16.2381 0
      vertex -13.6263 16.3737 55.6
      vertex -13.4784 16.2381 55.6
    endloop
  endfacet
  facet normal 0.675792 0.737092 0
    outer loop
      vertex -13.6263 16.3737 55.6
      vertex -13.4784 16.2381 0
      vertex -13.6263 16.3737 0
    endloop
  endfacet
  facet normal -0.675792 0.737092 0
    outer loop
      vertex -10.3737 16.3737 0
      vertex -10.5216 16.2381 55.6
      vertex -10.3737 16.3737 55.6
    endloop
  endfacet
  facet normal -0.675792 0.737092 0
    outer loop
      vertex -10.5216 16.2381 55.6
      vertex -10.3737 16.3737 0
      vertex -10.5216 16.2381 0
    endloop
  endfacet
  facet normal 0.216772 0.976222 -0
    outer loop
      vertex -12.3994 15.7349 0
      vertex -12.5953 15.7784 55.6
      vertex -12.3994 15.7349 55.6
    endloop
  endfacet
  facet normal 0.216772 0.976222 0
    outer loop
      vertex -12.5953 15.7784 55.6
      vertex -12.3994 15.7349 0
      vertex -12.5953 15.7784 0
    endloop
  endfacet
  facet normal 0.9915 -0.130106 0
    outer loop
      vertex -14.2912 18.2005 55.6
      vertex -14.2651 18.3994 0
      vertex -14.2651 18.3994 55.6
    endloop
  endfacet
  facet normal 0.9915 -0.130106 0
    outer loop
      vertex -14.2651 18.3994 0
      vertex -14.2912 18.2005 55.6
      vertex -14.2912 18.2005 0
    endloop
  endfacet
  facet normal -0.737092 0.675792 0
    outer loop
      vertex -10.3737 16.3737 0
      vertex -10.2381 16.5216 55.6
      vertex -10.2381 16.5216 0
    endloop
  endfacet
  facet normal -0.737092 0.675792 0
    outer loop
      vertex -10.2381 16.5216 55.6
      vertex -10.3737 16.3737 0
      vertex -10.3737 16.3737 55.6
    endloop
  endfacet
  facet normal 0.46151 0.887135 -0
    outer loop
      vertex -12.972 15.9155 0
      vertex -13.15 16.0081 55.6
      vertex -12.972 15.9155 55.6
    endloop
  endfacet
  facet normal 0.46151 0.887135 0
    outer loop
      vertex -13.15 16.0081 55.6
      vertex -12.972 15.9155 0
      vertex -13.15 16.0081 0
    endloop
  endfacet
  facet normal 0.923871 -0.382704 0
    outer loop
      vertex -14.1613 18.7866 55.6
      vertex -14.0845 18.972 0
      vertex -14.0845 18.972 55.6
    endloop
  endfacet
  facet normal 0.923871 -0.382704 0
    outer loop
      vertex -14.0845 18.972 0
      vertex -14.1613 18.7866 55.6
      vertex -14.1613 18.7866 0
    endloop
  endfacet
  facet normal 0.843148 0.537681 0
    outer loop
      vertex -13.884 16.6808 55.6
      vertex -13.9919 16.85 0
      vertex -13.9919 16.85 55.6
    endloop
  endfacet
  facet normal 0.843148 0.537681 0
    outer loop
      vertex -13.9919 16.85 0
      vertex -13.884 16.6808 55.6
      vertex -13.884 16.6808 0
    endloop
  endfacet
  facet normal 0.382704 0.923871 -0
    outer loop
      vertex -12.7866 15.8387 0
      vertex -12.972 15.9155 55.6
      vertex -12.7866 15.8387 55.6
    endloop
  endfacet
  facet normal 0.382704 0.923871 0
    outer loop
      vertex -12.972 15.9155 55.6
      vertex -12.7866 15.8387 0
      vertex -12.972 15.9155 0
    endloop
  endfacet
  facet normal -0.30063 0.953741 0
    outer loop
      vertex -11.2134 15.8387 0
      vertex -11.4047 15.7784 55.6
      vertex -11.2134 15.8387 55.6
    endloop
  endfacet
  facet normal -0.30063 0.953741 0
    outer loop
      vertex -11.4047 15.7784 55.6
      vertex -11.2134 15.8387 0
      vertex -11.4047 15.7784 0
    endloop
  endfacet
  facet normal 0.887135 0.46151 0
    outer loop
      vertex -13.9919 16.85 55.6
      vertex -14.0845 17.028 0
      vertex -14.0845 17.028 55.6
    endloop
  endfacet
  facet normal 0.887135 0.46151 0
    outer loop
      vertex -14.0845 17.028 0
      vertex -13.9919 16.85 55.6
      vertex -13.9919 16.85 0
    endloop
  endfacet
  facet normal -0.991526 -0.129911 0
    outer loop
      vertex -10.8046 18.1046 55.8
      vertex -10.8182 18.2084 57.6
      vertex -10.8182 18.2084 55.8
    endloop
  endfacet
  facet normal -0.991526 -0.129911 0
    outer loop
      vertex -10.8182 18.2084 57.6
      vertex -10.8046 18.1046 55.8
      vertex -10.8046 18.1046 57.6
    endloop
  endfacet
  facet normal -0.999034 -0.0439346 0
    outer loop
      vertex -10.8 18 55.8
      vertex -10.8046 18.1046 57.6
      vertex -10.8046 18.1046 55.8
    endloop
  endfacet
  facet normal -0.999034 -0.0439346 0
    outer loop
      vertex -10.8046 18.1046 57.6
      vertex -10.8 18 55.8
      vertex -10.8 18 57.6
    endloop
  endfacet
  facet normal -0.97621 -0.216829 0
    outer loop
      vertex -10.8182 18.2084 55.8
      vertex -10.8409 18.3106 57.6
      vertex -10.8409 18.3106 55.8
    endloop
  endfacet
  facet normal -0.97621 -0.216829 0
    outer loop
      vertex -10.8409 18.3106 57.6
      vertex -10.8182 18.2084 55.8
      vertex -10.8182 18.2084 57.6
    endloop
  endfacet
  facet normal -0.300994 0.953626 0
    outer loop
      vertex -11.5896 16.8724 55.8
      vertex -11.6894 16.8409 57.6
      vertex -11.5896 16.8724 57.6
    endloop
  endfacet
  facet normal -0.300994 0.953626 0
    outer loop
      vertex -11.6894 16.8409 57.6
      vertex -11.5896 16.8724 55.8
      vertex -11.6894 16.8409 55.8
    endloop
  endfacet
  facet normal -0.536937 -0.843622 0
    outer loop
      vertex -11.4 19.0392 55.8
      vertex -11.3117 18.983 57.6
      vertex -11.4 19.0392 57.6
    endloop
  endfacet
  facet normal -0.536937 -0.843622 -0
    outer loop
      vertex -11.3117 18.983 57.6
      vertex -11.4 19.0392 55.8
      vertex -11.3117 18.983 55.8
    endloop
  endfacet
  facet normal -0.0439346 -0.999034 0
    outer loop
      vertex -12 19.2 55.8
      vertex -11.8954 19.1954 57.6
      vertex -12 19.2 57.6
    endloop
  endfacet
  facet normal -0.0439346 -0.999034 -0
    outer loop
      vertex -11.8954 19.1954 57.6
      vertex -12 19.2 55.8
      vertex -11.8954 19.1954 55.8
    endloop
  endfacet
  facet normal 0.129911 0.991526 -0
    outer loop
      vertex -12.1046 16.8046 55.8
      vertex -12.2084 16.8182 57.6
      vertex -12.1046 16.8046 57.6
    endloop
  endfacet
  facet normal 0.129911 0.991526 0
    outer loop
      vertex -12.2084 16.8182 57.6
      vertex -12.1046 16.8046 55.8
      vertex -12.2084 16.8182 55.8
    endloop
  endfacet
  facet normal 0.0439346 0.999034 -0
    outer loop
      vertex -12 16.8 55.8
      vertex -12.1046 16.8046 57.6
      vertex -12 16.8 57.6
    endloop
  endfacet
  facet normal 0.0439346 0.999034 0
    outer loop
      vertex -12.1046 16.8046 57.6
      vertex -12 16.8 55.8
      vertex -12.1046 16.8046 55.8
    endloop
  endfacet
  facet normal -0.843622 0.536937 0
    outer loop
      vertex -11.017 17.3117 55.8
      vertex -10.9608 17.4 57.6
      vertex -10.9608 17.4 55.8
    endloop
  endfacet
  facet normal -0.843622 0.536937 0
    outer loop
      vertex -10.9608 17.4 57.6
      vertex -11.017 17.3117 55.8
      vertex -11.017 17.3117 57.6
    endloop
  endfacet
  facet normal -0.924063 -0.382239 0
    outer loop
      vertex -10.8724 18.4104 55.8
      vertex -10.9124 18.5071 57.6
      vertex -10.9124 18.5071 55.8
    endloop
  endfacet
  facet normal -0.924063 -0.382239 0
    outer loop
      vertex -10.9124 18.5071 57.6
      vertex -10.8724 18.4104 55.8
      vertex -10.8724 18.4104 57.6
    endloop
  endfacet
  facet normal -0.991526 0.129911 0
    outer loop
      vertex -10.8182 17.7916 55.8
      vertex -10.8046 17.8954 57.6
      vertex -10.8046 17.8954 55.8
    endloop
  endfacet
  facet normal -0.991526 0.129911 0
    outer loop
      vertex -10.8046 17.8954 57.6
      vertex -10.8182 17.7916 55.8
      vertex -10.8182 17.7916 57.6
    endloop
  endfacet
  facet normal 0.216829 0.97621 -0
    outer loop
      vertex -12.2084 16.8182 55.8
      vertex -12.3106 16.8409 57.6
      vertex -12.2084 16.8182 57.6
    endloop
  endfacet
  facet normal 0.216829 0.97621 0
    outer loop
      vertex -12.3106 16.8409 57.6
      vertex -12.2084 16.8182 55.8
      vertex -12.3106 16.8409 55.8
    endloop
  endfacet
  facet normal 0.736996 0.675898 0
    outer loop
      vertex -12.8485 17.1515 57.6
      vertex -12.9193 17.2287 55.8
      vertex -12.9193 17.2287 57.6
    endloop
  endfacet
  facet normal 0.736996 0.675898 0
    outer loop
      vertex -12.9193 17.2287 55.8
      vertex -12.8485 17.1515 57.6
      vertex -12.8485 17.1515 55.8
    endloop
  endfacet
  facet normal 0.608833 -0.793299 0
    outer loop
      vertex -12.7713 18.9193 55.8
      vertex -12.6883 18.983 57.6
      vertex -12.7713 18.9193 57.6
    endloop
  endfacet
  facet normal 0.608833 -0.793299 0
    outer loop
      vertex -12.6883 18.983 57.6
      vertex -12.7713 18.9193 55.8
      vertex -12.6883 18.983 55.8
    endloop
  endfacet
  facet normal -0.608833 -0.793299 0
    outer loop
      vertex -11.3117 18.983 55.8
      vertex -11.2287 18.9193 57.6
      vertex -11.3117 18.983 57.6
    endloop
  endfacet
  facet normal -0.608833 -0.793299 -0
    outer loop
      vertex -11.2287 18.9193 57.6
      vertex -11.3117 18.983 55.8
      vertex -11.2287 18.9193 55.8
    endloop
  endfacet
  facet normal 0.999034 -0.0439346 0
    outer loop
      vertex -13.2 18 57.6
      vertex -13.1954 18.1046 55.8
      vertex -13.1954 18.1046 57.6
    endloop
  endfacet
  facet normal 0.999034 -0.0439346 0
    outer loop
      vertex -13.1954 18.1046 55.8
      vertex -13.2 18 57.6
      vertex -13.2 18 55.8
    endloop
  endfacet
  facet normal 0.0439346 -0.999034 0
    outer loop
      vertex -12.1046 19.1954 55.8
      vertex -12 19.2 57.6
      vertex -12.1046 19.1954 57.6
    endloop
  endfacet
  facet normal 0.0439346 -0.999034 0
    outer loop
      vertex -12 19.2 57.6
      vertex -12.1046 19.1954 55.8
      vertex -12 19.2 55.8
    endloop
  endfacet
  facet normal 0.300994 -0.953626 0
    outer loop
      vertex -12.4104 19.1276 55.8
      vertex -12.3106 19.1591 57.6
      vertex -12.4104 19.1276 57.6
    endloop
  endfacet
  facet normal 0.300994 -0.953626 0
    outer loop
      vertex -12.3106 19.1591 57.6
      vertex -12.4104 19.1276 55.8
      vertex -12.3106 19.1591 55.8
    endloop
  endfacet
  facet normal -0.382239 0.924063 0
    outer loop
      vertex -11.4929 16.9124 55.8
      vertex -11.5896 16.8724 57.6
      vertex -11.4929 16.9124 57.6
    endloop
  endfacet
  facet normal -0.382239 0.924063 0
    outer loop
      vertex -11.5896 16.8724 57.6
      vertex -11.4929 16.9124 55.8
      vertex -11.5896 16.8724 55.8
    endloop
  endfacet
  facet normal -0.0439346 0.999034 0
    outer loop
      vertex -11.8954 16.8046 55.8
      vertex -12 16.8 57.6
      vertex -11.8954 16.8046 57.6
    endloop
  endfacet
  facet normal -0.0439346 0.999034 0
    outer loop
      vertex -12 16.8 57.6
      vertex -11.8954 16.8046 55.8
      vertex -12 16.8 55.8
    endloop
  endfacet
  facet normal -0.462044 -0.886857 0
    outer loop
      vertex -11.4929 19.0876 55.8
      vertex -11.4 19.0392 57.6
      vertex -11.4929 19.0876 57.6
    endloop
  endfacet
  facet normal -0.462044 -0.886857 -0
    outer loop
      vertex -11.4 19.0392 57.6
      vertex -11.4929 19.0876 55.8
      vertex -11.4 19.0392 55.8
    endloop
  endfacet
  facet normal 0.886857 -0.462044 0
    outer loop
      vertex -13.0876 18.5071 57.6
      vertex -13.0392 18.6 55.8
      vertex -13.0392 18.6 57.6
    endloop
  endfacet
  facet normal 0.886857 -0.462044 0
    outer loop
      vertex -13.0392 18.6 55.8
      vertex -13.0876 18.5071 57.6
      vertex -13.0876 18.5071 55.8
    endloop
  endfacet
  facet normal -0.675898 -0.736996 0
    outer loop
      vertex -11.2287 18.9193 55.8
      vertex -11.1515 18.8485 57.6
      vertex -11.2287 18.9193 57.6
    endloop
  endfacet
  facet normal -0.675898 -0.736996 -0
    outer loop
      vertex -11.1515 18.8485 57.6
      vertex -11.2287 18.9193 55.8
      vertex -11.1515 18.8485 55.8
    endloop
  endfacet
  facet normal -0.216829 -0.97621 0
    outer loop
      vertex -11.7916 19.1818 55.8
      vertex -11.6894 19.1591 57.6
      vertex -11.7916 19.1818 57.6
    endloop
  endfacet
  facet normal -0.216829 -0.97621 -0
    outer loop
      vertex -11.6894 19.1591 57.6
      vertex -11.7916 19.1818 55.8
      vertex -11.6894 19.1591 55.8
    endloop
  endfacet
  facet normal 0.924063 -0.382239 0
    outer loop
      vertex -13.1276 18.4104 57.6
      vertex -13.0876 18.5071 55.8
      vertex -13.0876 18.5071 57.6
    endloop
  endfacet
  facet normal 0.924063 -0.382239 0
    outer loop
      vertex -13.0876 18.5071 55.8
      vertex -13.1276 18.4104 57.6
      vertex -13.1276 18.4104 55.8
    endloop
  endfacet
  facet normal 0.793299 -0.608833 0
    outer loop
      vertex -12.983 18.6883 57.6
      vertex -12.9193 18.7713 55.8
      vertex -12.9193 18.7713 57.6
    endloop
  endfacet
  facet normal 0.793299 -0.608833 0
    outer loop
      vertex -12.9193 18.7713 55.8
      vertex -12.983 18.6883 57.6
      vertex -12.983 18.6883 55.8
    endloop
  endfacet
  facet normal 0.382239 -0.924063 0
    outer loop
      vertex -12.5071 19.0876 55.8
      vertex -12.4104 19.1276 57.6
      vertex -12.5071 19.0876 57.6
    endloop
  endfacet
  facet normal 0.382239 -0.924063 0
    outer loop
      vertex -12.4104 19.1276 57.6
      vertex -12.5071 19.0876 55.8
      vertex -12.4104 19.1276 55.8
    endloop
  endfacet
  facet normal -0.953626 0.300994 0
    outer loop
      vertex -10.8724 17.5896 55.8
      vertex -10.8409 17.6894 57.6
      vertex -10.8409 17.6894 55.8
    endloop
  endfacet
  facet normal -0.953626 0.300994 0
    outer loop
      vertex -10.8409 17.6894 57.6
      vertex -10.8724 17.5896 55.8
      vertex -10.8724 17.5896 57.6
    endloop
  endfacet
  facet normal -0.129911 0.991526 0
    outer loop
      vertex -11.7916 16.8182 55.8
      vertex -11.8954 16.8046 57.6
      vertex -11.7916 16.8182 57.6
    endloop
  endfacet
  facet normal -0.129911 0.991526 0
    outer loop
      vertex -11.8954 16.8046 57.6
      vertex -11.7916 16.8182 55.8
      vertex -11.8954 16.8046 55.8
    endloop
  endfacet
  facet normal -0.793299 0.608833 0
    outer loop
      vertex -11.0807 17.2287 55.8
      vertex -11.017 17.3117 57.6
      vertex -11.017 17.3117 55.8
    endloop
  endfacet
  facet normal -0.793299 0.608833 0
    outer loop
      vertex -11.017 17.3117 57.6
      vertex -11.0807 17.2287 55.8
      vertex -11.0807 17.2287 57.6
    endloop
  endfacet
  facet normal -0.793299 -0.608833 0
    outer loop
      vertex -11.017 18.6883 55.8
      vertex -11.0807 18.7713 57.6
      vertex -11.0807 18.7713 55.8
    endloop
  endfacet
  facet normal -0.793299 -0.608833 0
    outer loop
      vertex -11.0807 18.7713 57.6
      vertex -11.017 18.6883 55.8
      vertex -11.017 18.6883 57.6
    endloop
  endfacet
  facet normal 0.675898 -0.736996 0
    outer loop
      vertex -12.8485 18.8485 55.8
      vertex -12.7713 18.9193 57.6
      vertex -12.8485 18.8485 57.6
    endloop
  endfacet
  facet normal 0.675898 -0.736996 0
    outer loop
      vertex -12.7713 18.9193 57.6
      vertex -12.8485 18.8485 55.8
      vertex -12.7713 18.9193 55.8
    endloop
  endfacet
  facet normal -0.999034 0.0439346 0
    outer loop
      vertex -10.8046 17.8954 55.8
      vertex -10.8 18 57.6
      vertex -10.8 18 55.8
    endloop
  endfacet
  facet normal -0.999034 0.0439346 0
    outer loop
      vertex -10.8 18 57.6
      vertex -10.8046 17.8954 55.8
      vertex -10.8046 17.8954 57.6
    endloop
  endfacet
  facet normal 0.999034 0.0439346 0
    outer loop
      vertex -13.1954 17.8954 57.6
      vertex -13.2 18 55.8
      vertex -13.2 18 57.6
    endloop
  endfacet
  facet normal 0.999034 0.0439346 0
    outer loop
      vertex -13.2 18 55.8
      vertex -13.1954 17.8954 57.6
      vertex -13.1954 17.8954 55.8
    endloop
  endfacet
  facet normal -0.886857 -0.462044 0
    outer loop
      vertex -10.9124 18.5071 55.8
      vertex -10.9608 18.6 57.6
      vertex -10.9608 18.6 55.8
    endloop
  endfacet
  facet normal -0.886857 -0.462044 0
    outer loop
      vertex -10.9608 18.6 57.6
      vertex -10.9124 18.5071 55.8
      vertex -10.9124 18.5071 57.6
    endloop
  endfacet
  facet normal -0.129911 -0.991526 0
    outer loop
      vertex -11.8954 19.1954 55.8
      vertex -11.7916 19.1818 57.6
      vertex -11.8954 19.1954 57.6
    endloop
  endfacet
  facet normal -0.129911 -0.991526 -0
    outer loop
      vertex -11.7916 19.1818 57.6
      vertex -11.8954 19.1954 55.8
      vertex -11.7916 19.1818 55.8
    endloop
  endfacet
  facet normal -0.382239 -0.924063 0
    outer loop
      vertex -11.5896 19.1276 55.8
      vertex -11.4929 19.0876 57.6
      vertex -11.5896 19.1276 57.6
    endloop
  endfacet
  facet normal -0.382239 -0.924063 -0
    outer loop
      vertex -11.4929 19.0876 57.6
      vertex -11.5896 19.1276 55.8
      vertex -11.4929 19.0876 55.8
    endloop
  endfacet
  facet normal -0.736996 -0.675898 0
    outer loop
      vertex -11.0807 18.7713 55.8
      vertex -11.1515 18.8485 57.6
      vertex -11.1515 18.8485 55.8
    endloop
  endfacet
  facet normal -0.736996 -0.675898 0
    outer loop
      vertex -11.1515 18.8485 57.6
      vertex -11.0807 18.7713 55.8
      vertex -11.0807 18.7713 57.6
    endloop
  endfacet
  facet normal -0.462044 0.886857 0
    outer loop
      vertex -11.4 16.9608 55.8
      vertex -11.4929 16.9124 57.6
      vertex -11.4 16.9608 57.6
    endloop
  endfacet
  facet normal -0.462044 0.886857 0
    outer loop
      vertex -11.4929 16.9124 57.6
      vertex -11.4 16.9608 55.8
      vertex -11.4929 16.9124 55.8
    endloop
  endfacet
  facet normal 0.991526 0.129911 0
    outer loop
      vertex -13.1818 17.7916 57.6
      vertex -13.1954 17.8954 55.8
      vertex -13.1954 17.8954 57.6
    endloop
  endfacet
  facet normal 0.991526 0.129911 0
    outer loop
      vertex -13.1954 17.8954 55.8
      vertex -13.1818 17.7916 57.6
      vertex -13.1818 17.7916 55.8
    endloop
  endfacet
  facet normal -0.536937 0.843622 0
    outer loop
      vertex -11.3117 17.017 55.8
      vertex -11.4 16.9608 57.6
      vertex -11.3117 17.017 57.6
    endloop
  endfacet
  facet normal -0.536937 0.843622 0
    outer loop
      vertex -11.4 16.9608 57.6
      vertex -11.3117 17.017 55.8
      vertex -11.4 16.9608 55.8
    endloop
  endfacet
  facet normal -0.924063 0.382239 0
    outer loop
      vertex -10.9124 17.4929 55.8
      vertex -10.8724 17.5896 57.6
      vertex -10.8724 17.5896 55.8
    endloop
  endfacet
  facet normal -0.924063 0.382239 0
    outer loop
      vertex -10.8724 17.5896 57.6
      vertex -10.9124 17.4929 55.8
      vertex -10.9124 17.4929 57.6
    endloop
  endfacet
  facet normal 0.843622 0.536937 0
    outer loop
      vertex -12.983 17.3117 57.6
      vertex -13.0392 17.4 55.8
      vertex -13.0392 17.4 57.6
    endloop
  endfacet
  facet normal 0.843622 0.536937 0
    outer loop
      vertex -13.0392 17.4 55.8
      vertex -12.983 17.3117 57.6
      vertex -12.983 17.3117 55.8
    endloop
  endfacet
  facet normal -0.886857 0.462044 0
    outer loop
      vertex -10.9608 17.4 55.8
      vertex -10.9124 17.4929 57.6
      vertex -10.9124 17.4929 55.8
    endloop
  endfacet
  facet normal -0.886857 0.462044 0
    outer loop
      vertex -10.9124 17.4929 57.6
      vertex -10.9608 17.4 55.8
      vertex -10.9608 17.4 57.6
    endloop
  endfacet
  facet normal -0.843622 -0.536937 0
    outer loop
      vertex -10.9608 18.6 55.8
      vertex -11.017 18.6883 57.6
      vertex -11.017 18.6883 55.8
    endloop
  endfacet
  facet normal -0.843622 -0.536937 0
    outer loop
      vertex -11.017 18.6883 57.6
      vertex -10.9608 18.6 55.8
      vertex -10.9608 18.6 57.6
    endloop
  endfacet
  facet normal 0.953626 -0.300994 0
    outer loop
      vertex -13.1591 18.3106 57.6
      vertex -13.1276 18.4104 55.8
      vertex -13.1276 18.4104 57.6
    endloop
  endfacet
  facet normal 0.953626 -0.300994 0
    outer loop
      vertex -13.1276 18.4104 55.8
      vertex -13.1591 18.3106 57.6
      vertex -13.1591 18.3106 55.8
    endloop
  endfacet
  facet normal -0.97621 0.216829 0
    outer loop
      vertex -10.8409 17.6894 55.8
      vertex -10.8182 17.7916 57.6
      vertex -10.8182 17.7916 55.8
    endloop
  endfacet
  facet normal -0.97621 0.216829 0
    outer loop
      vertex -10.8182 17.7916 57.6
      vertex -10.8409 17.6894 55.8
      vertex -10.8409 17.6894 57.6
    endloop
  endfacet
  facet normal 0.382239 0.924063 -0
    outer loop
      vertex -12.4104 16.8724 55.8
      vertex -12.5071 16.9124 57.6
      vertex -12.4104 16.8724 57.6
    endloop
  endfacet
  facet normal 0.382239 0.924063 0
    outer loop
      vertex -12.5071 16.9124 57.6
      vertex -12.4104 16.8724 55.8
      vertex -12.5071 16.9124 55.8
    endloop
  endfacet
  facet normal 0.216829 -0.97621 0
    outer loop
      vertex -12.3106 19.1591 55.8
      vertex -12.2084 19.1818 57.6
      vertex -12.3106 19.1591 57.6
    endloop
  endfacet
  facet normal 0.216829 -0.97621 0
    outer loop
      vertex -12.2084 19.1818 57.6
      vertex -12.3106 19.1591 55.8
      vertex -12.2084 19.1818 55.8
    endloop
  endfacet
  facet normal 0.129911 -0.991526 0
    outer loop
      vertex -12.2084 19.1818 55.8
      vertex -12.1046 19.1954 57.6
      vertex -12.2084 19.1818 57.6
    endloop
  endfacet
  facet normal 0.129911 -0.991526 0
    outer loop
      vertex -12.1046 19.1954 57.6
      vertex -12.2084 19.1818 55.8
      vertex -12.1046 19.1954 55.8
    endloop
  endfacet
  facet normal 0.675898 0.736996 -0
    outer loop
      vertex -12.7713 17.0807 55.8
      vertex -12.8485 17.1515 57.6
      vertex -12.7713 17.0807 57.6
    endloop
  endfacet
  facet normal 0.675898 0.736996 0
    outer loop
      vertex -12.8485 17.1515 57.6
      vertex -12.7713 17.0807 55.8
      vertex -12.8485 17.1515 55.8
    endloop
  endfacet
  facet normal 0.886857 0.462044 0
    outer loop
      vertex -13.0392 17.4 57.6
      vertex -13.0876 17.4929 55.8
      vertex -13.0876 17.4929 57.6
    endloop
  endfacet
  facet normal 0.886857 0.462044 0
    outer loop
      vertex -13.0876 17.4929 55.8
      vertex -13.0392 17.4 57.6
      vertex -13.0392 17.4 55.8
    endloop
  endfacet
  facet normal 0.924063 0.382239 0
    outer loop
      vertex -13.0876 17.4929 57.6
      vertex -13.1276 17.5896 55.8
      vertex -13.1276 17.5896 57.6
    endloop
  endfacet
  facet normal 0.924063 0.382239 0
    outer loop
      vertex -13.1276 17.5896 55.8
      vertex -13.0876 17.4929 57.6
      vertex -13.0876 17.4929 55.8
    endloop
  endfacet
  facet normal -0.736996 0.675898 0
    outer loop
      vertex -11.1515 17.1515 55.8
      vertex -11.0807 17.2287 57.6
      vertex -11.0807 17.2287 55.8
    endloop
  endfacet
  facet normal -0.736996 0.675898 0
    outer loop
      vertex -11.0807 17.2287 57.6
      vertex -11.1515 17.1515 55.8
      vertex -11.1515 17.1515 57.6
    endloop
  endfacet
  facet normal 0.793299 0.608833 0
    outer loop
      vertex -12.9193 17.2287 57.6
      vertex -12.983 17.3117 55.8
      vertex -12.983 17.3117 57.6
    endloop
  endfacet
  facet normal 0.793299 0.608833 0
    outer loop
      vertex -12.983 17.3117 55.8
      vertex -12.9193 17.2287 57.6
      vertex -12.9193 17.2287 55.8
    endloop
  endfacet
  facet normal 0.953626 0.300994 0
    outer loop
      vertex -13.1276 17.5896 57.6
      vertex -13.1591 17.6894 55.8
      vertex -13.1591 17.6894 57.6
    endloop
  endfacet
  facet normal 0.953626 0.300994 0
    outer loop
      vertex -13.1591 17.6894 55.8
      vertex -13.1276 17.5896 57.6
      vertex -13.1276 17.5896 55.8
    endloop
  endfacet
  facet normal -0.953626 -0.300994 0
    outer loop
      vertex -10.8409 18.3106 55.8
      vertex -10.8724 18.4104 57.6
      vertex -10.8724 18.4104 55.8
    endloop
  endfacet
  facet normal -0.953626 -0.300994 0
    outer loop
      vertex -10.8724 18.4104 57.6
      vertex -10.8409 18.3106 55.8
      vertex -10.8409 18.3106 57.6
    endloop
  endfacet
  facet normal 0.300994 0.953626 -0
    outer loop
      vertex -12.3106 16.8409 55.8
      vertex -12.4104 16.8724 57.6
      vertex -12.3106 16.8409 57.6
    endloop
  endfacet
  facet normal 0.300994 0.953626 0
    outer loop
      vertex -12.4104 16.8724 57.6
      vertex -12.3106 16.8409 55.8
      vertex -12.4104 16.8724 55.8
    endloop
  endfacet
  facet normal 0.97621 0.216829 0
    outer loop
      vertex -13.1591 17.6894 57.6
      vertex -13.1818 17.7916 55.8
      vertex -13.1818 17.7916 57.6
    endloop
  endfacet
  facet normal 0.97621 0.216829 0
    outer loop
      vertex -13.1818 17.7916 55.8
      vertex -13.1591 17.6894 57.6
      vertex -13.1591 17.6894 55.8
    endloop
  endfacet
  facet normal 0.843622 -0.536937 0
    outer loop
      vertex -13.0392 18.6 57.6
      vertex -12.983 18.6883 55.8
      vertex -12.983 18.6883 57.6
    endloop
  endfacet
  facet normal 0.843622 -0.536937 0
    outer loop
      vertex -12.983 18.6883 55.8
      vertex -13.0392 18.6 57.6
      vertex -13.0392 18.6 55.8
    endloop
  endfacet
  facet normal 0.736996 -0.675898 0
    outer loop
      vertex -12.9193 18.7713 57.6
      vertex -12.8485 18.8485 55.8
      vertex -12.8485 18.8485 57.6
    endloop
  endfacet
  facet normal 0.736996 -0.675898 0
    outer loop
      vertex -12.8485 18.8485 55.8
      vertex -12.9193 18.7713 57.6
      vertex -12.9193 18.7713 55.8
    endloop
  endfacet
  facet normal 0.462044 -0.886857 0
    outer loop
      vertex -12.6 19.0392 55.8
      vertex -12.5071 19.0876 57.6
      vertex -12.6 19.0392 57.6
    endloop
  endfacet
  facet normal 0.462044 -0.886857 0
    outer loop
      vertex -12.5071 19.0876 57.6
      vertex -12.6 19.0392 55.8
      vertex -12.5071 19.0876 55.8
    endloop
  endfacet
  facet normal -0.608833 0.793299 0
    outer loop
      vertex -11.2287 17.0807 55.8
      vertex -11.3117 17.017 57.6
      vertex -11.2287 17.0807 57.6
    endloop
  endfacet
  facet normal -0.608833 0.793299 0
    outer loop
      vertex -11.3117 17.017 57.6
      vertex -11.2287 17.0807 55.8
      vertex -11.3117 17.017 55.8
    endloop
  endfacet
  facet normal 0.536937 0.843622 -0
    outer loop
      vertex -12.6 16.9608 55.8
      vertex -12.6883 17.017 57.6
      vertex -12.6 16.9608 57.6
    endloop
  endfacet
  facet normal 0.536937 0.843622 0
    outer loop
      vertex -12.6883 17.017 57.6
      vertex -12.6 16.9608 55.8
      vertex -12.6883 17.017 55.8
    endloop
  endfacet
  facet normal 0.97621 -0.216829 0
    outer loop
      vertex -13.1818 18.2084 57.6
      vertex -13.1591 18.3106 55.8
      vertex -13.1591 18.3106 57.6
    endloop
  endfacet
  facet normal 0.97621 -0.216829 0
    outer loop
      vertex -13.1591 18.3106 55.8
      vertex -13.1818 18.2084 57.6
      vertex -13.1818 18.2084 55.8
    endloop
  endfacet
  facet normal -0.216829 0.97621 0
    outer loop
      vertex -11.6894 16.8409 55.8
      vertex -11.7916 16.8182 57.6
      vertex -11.6894 16.8409 57.6
    endloop
  endfacet
  facet normal -0.216829 0.97621 0
    outer loop
      vertex -11.7916 16.8182 57.6
      vertex -11.6894 16.8409 55.8
      vertex -11.7916 16.8182 55.8
    endloop
  endfacet
  facet normal 0.991526 -0.129911 0
    outer loop
      vertex -13.1954 18.1046 57.6
      vertex -13.1818 18.2084 55.8
      vertex -13.1818 18.2084 57.6
    endloop
  endfacet
  facet normal 0.991526 -0.129911 0
    outer loop
      vertex -13.1818 18.2084 55.8
      vertex -13.1954 18.1046 57.6
      vertex -13.1954 18.1046 55.8
    endloop
  endfacet
  facet normal 0.536937 -0.843622 0
    outer loop
      vertex -12.6883 18.983 55.8
      vertex -12.6 19.0392 57.6
      vertex -12.6883 18.983 57.6
    endloop
  endfacet
  facet normal 0.536937 -0.843622 0
    outer loop
      vertex -12.6 19.0392 57.6
      vertex -12.6883 18.983 55.8
      vertex -12.6 19.0392 55.8
    endloop
  endfacet
  facet normal -0.675898 0.736996 0
    outer loop
      vertex -11.1515 17.1515 55.8
      vertex -11.2287 17.0807 57.6
      vertex -11.1515 17.1515 57.6
    endloop
  endfacet
  facet normal -0.675898 0.736996 0
    outer loop
      vertex -11.2287 17.0807 57.6
      vertex -11.1515 17.1515 55.8
      vertex -11.2287 17.0807 55.8
    endloop
  endfacet
  facet normal 0 0 1
    outer loop
      vertex -10.8046 18.1046 55.8
      vertex -10.8046 17.8954 55.8
      vertex -10.8 18 55.8
    endloop
  endfacet
  facet normal 0 0 1
    outer loop
      vertex -10.8182 18.2084 55.8
      vertex -10.8046 17.8954 55.8
      vertex -10.8046 18.1046 55.8
    endloop
  endfacet
  facet normal 0 0 1
    outer loop
      vertex -10.8182 18.2084 55.8
      vertex -10.8182 17.7916 55.8
      vertex -10.8046 17.8954 55.8
    endloop
  endfacet
  facet normal 0 0 1
    outer loop
      vertex -10.8409 18.3106 55.8
      vertex -10.8182 17.7916 55.8
      vertex -10.8182 18.2084 55.8
    endloop
  endfacet
  facet normal 0 0 1
    outer loop
      vertex -10.8409 18.3106 55.8
      vertex -10.8409 17.6894 55.8
      vertex -10.8182 17.7916 55.8
    endloop
  endfacet
  facet normal 0 0 1
    outer loop
      vertex -10.8724 18.4104 55.8
      vertex -10.8409 17.6894 55.8
      vertex -10.8409 18.3106 55.8
    endloop
  endfacet
  facet normal 0 0 1
    outer loop
      vertex -10.8724 18.4104 55.8
      vertex -10.8724 17.5896 55.8
      vertex -10.8409 17.6894 55.8
    endloop
  endfacet
  facet normal 0 0 1
    outer loop
      vertex -10.9124 18.5071 55.8
      vertex -10.8724 17.5896 55.8
      vertex -10.8724 18.4104 55.8
    endloop
  endfacet
  facet normal 0 0 1
    outer loop
      vertex -10.9124 18.5071 55.8
      vertex -10.9124 17.4929 55.8
      vertex -10.8724 17.5896 55.8
    endloop
  endfacet
  facet normal 0 0 1
    outer loop
      vertex -10.9608 18.6 55.8
      vertex -10.9124 17.4929 55.8
      vertex -10.9124 18.5071 55.8
    endloop
  endfacet
  facet normal 0 0 1
    outer loop
      vertex -10.9608 18.6 55.8
      vertex -10.9608 17.4 55.8
      vertex -10.9124 17.4929 55.8
    endloop
  endfacet
  facet normal 0 0 1
    outer loop
      vertex -11.017 18.6883 55.8
      vertex -10.9608 17.4 55.8
      vertex -10.9608 18.6 55.8
    endloop
  endfacet
  facet normal 0 0 1
    outer loop
      vertex -11.017 18.6883 55.8
      vertex -11.017 17.3117 55.8
      vertex -10.9608 17.4 55.8
    endloop
  endfacet
  facet normal 0 0 1
    outer loop
      vertex -11.0807 18.7713 55.8
      vertex -11.017 17.3117 55.8
      vertex -11.017 18.6883 55.8
    endloop
  endfacet
  facet normal 0 0 1
    outer loop
      vertex -11.0807 18.7713 55.8
      vertex -11.0807 17.2287 55.8
      vertex -11.017 17.3117 55.8
    endloop
  endfacet
  facet normal 0 0 1
    outer loop
      vertex -11.1515 18.8485 55.8
      vertex -11.0807 17.2287 55.8
      vertex -11.0807 18.7713 55.8
    endloop
  endfacet
  facet normal 0 0 1
    outer loop
      vertex -11.1515 18.8485 55.8
      vertex -11.1515 17.1515 55.8
      vertex -11.0807 17.2287 55.8
    endloop
  endfacet
  facet normal 0 0 1
    outer loop
      vertex -11.2287 18.9193 55.8
      vertex -11.1515 17.1515 55.8
      vertex -11.1515 18.8485 55.8
    endloop
  endfacet
  facet normal 0 0 1
    outer loop
      vertex -11.2287 18.9193 55.8
      vertex -11.2287 17.0807 55.8
      vertex -11.1515 17.1515 55.8
    endloop
  endfacet
  facet normal 0 0 1
    outer loop
      vertex -11.3117 18.983 55.8
      vertex -11.2287 17.0807 55.8
      vertex -11.2287 18.9193 55.8
    endloop
  endfacet
  facet normal 0 0 1
    outer loop
      vertex -11.3117 18.983 55.8
      vertex -11.3117 17.017 55.8
      vertex -11.2287 17.0807 55.8
    endloop
  endfacet
  facet normal 0 0 1
    outer loop
      vertex -11.4 19.0392 55.8
      vertex -11.3117 17.017 55.8
      vertex -11.3117 18.983 55.8
    endloop
  endfacet
  facet normal 0 0 1
    outer loop
      vertex -11.4 19.0392 55.8
      vertex -11.4 16.9608 55.8
      vertex -11.3117 17.017 55.8
    endloop
  endfacet
  facet normal 0 0 1
    outer loop
      vertex -11.4929 19.0876 55.8
      vertex -11.4 16.9608 55.8
      vertex -11.4 19.0392 55.8
    endloop
  endfacet
  facet normal 0 0 1
    outer loop
      vertex -11.4929 19.0876 55.8
      vertex -11.4929 16.9124 55.8
      vertex -11.4 16.9608 55.8
    endloop
  endfacet
  facet normal 0 0 1
    outer loop
      vertex -11.5896 19.1276 55.8
      vertex -11.4929 16.9124 55.8
      vertex -11.4929 19.0876 55.8
    endloop
  endfacet
  facet normal 0 0 1
    outer loop
      vertex -11.5896 19.1276 55.8
      vertex -11.5896 16.8724 55.8
      vertex -11.4929 16.9124 55.8
    endloop
  endfacet
  facet normal 0 0 1
    outer loop
      vertex -11.6894 19.1591 55.8
      vertex -11.5896 16.8724 55.8
      vertex -11.5896 19.1276 55.8
    endloop
  endfacet
  facet normal 0 0 1
    outer loop
      vertex -11.6894 19.1591 55.8
      vertex -11.6894 16.8409 55.8
      vertex -11.5896 16.8724 55.8
    endloop
  endfacet
  facet normal 0 0 1
    outer loop
      vertex -11.7916 19.1818 55.8
      vertex -11.6894 16.8409 55.8
      vertex -11.6894 19.1591 55.8
    endloop
  endfacet
  facet normal 0 0 1
    outer loop
      vertex -11.7916 19.1818 55.8
      vertex -11.7916 16.8182 55.8
      vertex -11.6894 16.8409 55.8
    endloop
  endfacet
  facet normal 0 0 1
    outer loop
      vertex -11.8954 19.1954 55.8
      vertex -11.7916 16.8182 55.8
      vertex -11.7916 19.1818 55.8
    endloop
  endfacet
  facet normal 0 0 1
    outer loop
      vertex -11.8954 19.1954 55.8
      vertex -11.8954 16.8046 55.8
      vertex -11.7916 16.8182 55.8
    endloop
  endfacet
  facet normal 0 0 1
    outer loop
      vertex -12 19.2 55.8
      vertex -11.8954 16.8046 55.8
      vertex -11.8954 19.1954 55.8
    endloop
  endfacet
  facet normal 0 0 1
    outer loop
      vertex -12 19.2 55.8
      vertex -12 16.8 55.8
      vertex -11.8954 16.8046 55.8
    endloop
  endfacet
  facet normal -0 0 1
    outer loop
      vertex -12.1046 19.1954 55.8
      vertex -12 16.8 55.8
      vertex -12 19.2 55.8
    endloop
  endfacet
  facet normal 0 0 1
    outer loop
      vertex -12.1046 19.1954 55.8
      vertex -12.1046 16.8046 55.8
      vertex -12 16.8 55.8
    endloop
  endfacet
  facet normal -0 0 1
    outer loop
      vertex -12.2084 19.1818 55.8
      vertex -12.1046 16.8046 55.8
      vertex -12.1046 19.1954 55.8
    endloop
  endfacet
  facet normal 0 0 1
    outer loop
      vertex -12.2084 19.1818 55.8
      vertex -12.2084 16.8182 55.8
      vertex -12.1046 16.8046 55.8
    endloop
  endfacet
  facet normal -0 0 1
    outer loop
      vertex -12.3106 19.1591 55.8
      vertex -12.2084 16.8182 55.8
      vertex -12.2084 19.1818 55.8
    endloop
  endfacet
  facet normal 0 0 1
    outer loop
      vertex -12.3106 19.1591 55.8
      vertex -12.3106 16.8409 55.8
      vertex -12.2084 16.8182 55.8
    endloop
  endfacet
  facet normal -0 0 1
    outer loop
      vertex -12.4104 19.1276 55.8
      vertex -12.3106 16.8409 55.8
      vertex -12.3106 19.1591 55.8
    endloop
  endfacet
  facet normal 0 0 1
    outer loop
      vertex -12.4104 19.1276 55.8
      vertex -12.4104 16.8724 55.8
      vertex -12.3106 16.8409 55.8
    endloop
  endfacet
  facet normal -0 0 1
    outer loop
      vertex -12.5071 19.0876 55.8
      vertex -12.4104 16.8724 55.8
      vertex -12.4104 19.1276 55.8
    endloop
  endfacet
  facet normal 0 0 1
    outer loop
      vertex -12.5071 19.0876 55.8
      vertex -12.5071 16.9124 55.8
      vertex -12.4104 16.8724 55.8
    endloop
  endfacet
  facet normal -0 0 1
    outer loop
      vertex -12.6 19.0392 55.8
      vertex -12.5071 16.9124 55.8
      vertex -12.5071 19.0876 55.8
    endloop
  endfacet
  facet normal 0 0 1
    outer loop
      vertex -12.6 19.0392 55.8
      vertex -12.6 16.9608 55.8
      vertex -12.5071 16.9124 55.8
    endloop
  endfacet
  facet normal -0 0 1
    outer loop
      vertex -12.6883 18.983 55.8
      vertex -12.6 16.9608 55.8
      vertex -12.6 19.0392 55.8
    endloop
  endfacet
  facet normal 0 0 1
    outer loop
      vertex -12.6883 18.983 55.8
      vertex -12.6883 17.017 55.8
      vertex -12.6 16.9608 55.8
    endloop
  endfacet
  facet normal -0 0 1
    outer loop
      vertex -12.7713 18.9193 55.8
      vertex -12.6883 17.017 55.8
      vertex -12.6883 18.983 55.8
    endloop
  endfacet
  facet normal 0 0 1
    outer loop
      vertex -12.7713 18.9193 55.8
      vertex -12.7713 17.0807 55.8
      vertex -12.6883 17.017 55.8
    endloop
  endfacet
  facet normal -0 0 1
    outer loop
      vertex -12.8485 18.8485 55.8
      vertex -12.7713 17.0807 55.8
      vertex -12.7713 18.9193 55.8
    endloop
  endfacet
  facet normal 0 0 1
    outer loop
      vertex -12.8485 18.8485 55.8
      vertex -12.8485 17.1515 55.8
      vertex -12.7713 17.0807 55.8
    endloop
  endfacet
  facet normal -0 0 1
    outer loop
      vertex -12.9193 18.7713 55.8
      vertex -12.8485 17.1515 55.8
      vertex -12.8485 18.8485 55.8
    endloop
  endfacet
  facet normal 0 0 1
    outer loop
      vertex -12.9193 18.7713 55.8
      vertex -12.9193 17.2287 55.8
      vertex -12.8485 17.1515 55.8
    endloop
  endfacet
  facet normal -0 0 1
    outer loop
      vertex -12.983 18.6883 55.8
      vertex -12.9193 17.2287 55.8
      vertex -12.9193 18.7713 55.8
    endloop
  endfacet
  facet normal 0 0 1
    outer loop
      vertex -12.983 18.6883 55.8
      vertex -12.983 17.3117 55.8
      vertex -12.9193 17.2287 55.8
    endloop
  endfacet
  facet normal -0 0 1
    outer loop
      vertex -13.0392 18.6 55.8
      vertex -12.983 17.3117 55.8
      vertex -12.983 18.6883 55.8
    endloop
  endfacet
  facet normal 0 0 1
    outer loop
      vertex -13.0392 18.6 55.8
      vertex -13.0392 17.4 55.8
      vertex -12.983 17.3117 55.8
    endloop
  endfacet
  facet normal -0 0 1
    outer loop
      vertex -13.0876 18.5071 55.8
      vertex -13.0392 17.4 55.8
      vertex -13.0392 18.6 55.8
    endloop
  endfacet
  facet normal 0 0 1
    outer loop
      vertex -13.0876 18.5071 55.8
      vertex -13.0876 17.4929 55.8
      vertex -13.0392 17.4 55.8
    endloop
  endfacet
  facet normal -0 0 1
    outer loop
      vertex -13.1276 18.4104 55.8
      vertex -13.0876 17.4929 55.8
      vertex -13.0876 18.5071 55.8
    endloop
  endfacet
  facet normal 0 0 1
    outer loop
      vertex -13.1276 18.4104 55.8
      vertex -13.1276 17.5896 55.8
      vertex -13.0876 17.4929 55.8
    endloop
  endfacet
  facet normal -0 0 1
    outer loop
      vertex -13.1591 18.3106 55.8
      vertex -13.1276 17.5896 55.8
      vertex -13.1276 18.4104 55.8
    endloop
  endfacet
  facet normal 0 0 1
    outer loop
      vertex -13.1591 18.3106 55.8
      vertex -13.1591 17.6894 55.8
      vertex -13.1276 17.5896 55.8
    endloop
  endfacet
  facet normal -0 0 1
    outer loop
      vertex -13.1818 18.2084 55.8
      vertex -13.1591 17.6894 55.8
      vertex -13.1591 18.3106 55.8
    endloop
  endfacet
  facet normal 0 0 1
    outer loop
      vertex -13.1818 18.2084 55.8
      vertex -13.1818 17.7916 55.8
      vertex -13.1591 17.6894 55.8
    endloop
  endfacet
  facet normal -0 0 1
    outer loop
      vertex -13.1954 18.1046 55.8
      vertex -13.1818 17.7916 55.8
      vertex -13.1818 18.2084 55.8
    endloop
  endfacet
  facet normal 0 0 1
    outer loop
      vertex -13.1954 18.1046 55.8
      vertex -13.1954 17.8954 55.8
      vertex -13.1818 17.7916 55.8
    endloop
  endfacet
  facet normal 0 -0 1
    outer loop
      vertex -13.1954 17.8954 55.8
      vertex -13.1954 18.1046 55.8
      vertex -13.2 18 55.8
    endloop
  endfacet
  facet normal -0.300994 -0.953626 0
    outer loop
      vertex -11.6894 19.1591 55.8
      vertex -11.5896 19.1276 57.6
      vertex -11.6894 19.1591 57.6
    endloop
  endfacet
  facet normal -0.300994 -0.953626 -0
    outer loop
      vertex -11.5896 19.1276 57.6
      vertex -11.6894 19.1591 55.8
      vertex -11.5896 19.1276 55.8
    endloop
  endfacet
  facet normal 0.462044 0.886857 -0
    outer loop
      vertex -12.5071 16.9124 55.8
      vertex -12.6 16.9608 57.6
      vertex -12.5071 16.9124 57.6
    endloop
  endfacet
  facet normal 0.462044 0.886857 0
    outer loop
      vertex -12.6 16.9608 57.6
      vertex -12.5071 16.9124 55.8
      vertex -12.6 16.9608 55.8
    endloop
  endfacet
  facet normal 0.608833 0.793299 -0
    outer loop
      vertex -12.6883 17.017 55.8
      vertex -12.7713 17.0807 57.6
      vertex -12.6883 17.017 57.6
    endloop
  endfacet
  facet normal 0.608833 0.793299 0
    outer loop
      vertex -12.7713 17.0807 57.6
      vertex -12.6883 17.017 55.8
      vertex -12.7713 17.0807 55.8
    endloop
  endfacet
  facet normal 0.130106 -0.9915 0
    outer loop
      vertex 11.6006 -15.7349 0
      vertex 11.7995 -15.7088 55.6
      vertex 11.6006 -15.7349 55.6
    endloop
  endfacet
  facet normal 0.130106 -0.9915 0
    outer loop
      vertex 11.7995 -15.7088 55.6
      vertex 11.6006 -15.7349 0
      vertex 11.7995 -15.7088 0
    endloop
  endfacet
  facet normal -0.9915 -0.130106 0
    outer loop
      vertex 14.2912 -17.7995 0
      vertex 14.2651 -17.6006 55.6
      vertex 14.2651 -17.6006 0
    endloop
  endfacet
  facet normal -0.9915 -0.130106 0
    outer loop
      vertex 14.2651 -17.6006 55.6
      vertex 14.2912 -17.7995 0
      vertex 14.2912 -17.7995 55.6
    endloop
  endfacet
  facet normal -0.999038 -0.0438481 0
    outer loop
      vertex 14.3 -18 0
      vertex 14.2912 -17.7995 55.6
      vertex 14.2912 -17.7995 0
    endloop
  endfacet
  facet normal -0.999038 -0.0438481 0
    outer loop
      vertex 14.2912 -17.7995 55.6
      vertex 14.3 -18 0
      vertex 14.3 -18 55.6
    endloop
  endfacet
  facet normal -0.976222 -0.216772 0
    outer loop
      vertex 14.2651 -17.6006 0
      vertex 14.2216 -17.4047 55.6
      vertex 14.2216 -17.4047 0
    endloop
  endfacet
  facet normal -0.976222 -0.216772 0
    outer loop
      vertex 14.2216 -17.4047 55.6
      vertex 14.2651 -17.6006 0
      vertex 14.2651 -17.6006 55.6
    endloop
  endfacet
  facet normal -0.999038 0.0438481 0
    outer loop
      vertex 14.2912 -18.2005 0
      vertex 14.3 -18 55.6
      vertex 14.3 -18 0
    endloop
  endfacet
  facet normal -0.999038 0.0438481 0
    outer loop
      vertex 14.3 -18 55.6
      vertex 14.2912 -18.2005 0
      vertex 14.2912 -18.2005 55.6
    endloop
  endfacet
  facet normal 0.608578 0.793494 -0
    outer loop
      vertex 10.6808 -19.884 0
      vertex 10.5216 -19.7619 55.6
      vertex 10.6808 -19.884 55.6
    endloop
  endfacet
  facet normal 0.608578 0.793494 0
    outer loop
      vertex 10.5216 -19.7619 55.6
      vertex 10.6808 -19.884 0
      vertex 10.5216 -19.7619 0
    endloop
  endfacet
  facet normal 0.953684 -0.300812 0
    outer loop
      vertex 9.77837 -17.4047 55.6
      vertex 9.83871 -17.2134 0
      vertex 9.83871 -17.2134 55.6
    endloop
  endfacet
  facet normal 0.953684 -0.300812 0
    outer loop
      vertex 9.83871 -17.2134 0
      vertex 9.77837 -17.4047 55.6
      vertex 9.77837 -17.4047 0
    endloop
  endfacet
  facet normal -0.675792 -0.737092 0
    outer loop
      vertex 13.4784 -16.2381 0
      vertex 13.6263 -16.3737 55.6
      vertex 13.4784 -16.2381 55.6
    endloop
  endfacet
  facet normal -0.675792 -0.737092 -0
    outer loop
      vertex 13.6263 -16.3737 55.6
      vertex 13.4784 -16.2381 0
      vertex 13.6263 -16.3737 0
    endloop
  endfacet
  facet normal 0.953684 0.300812 0
    outer loop
      vertex 9.83871 -18.7866 55.6
      vertex 9.77837 -18.5953 0
      vertex 9.77837 -18.5953 55.6
    endloop
  endfacet
  facet normal 0.953684 0.300812 0
    outer loop
      vertex 9.77837 -18.5953 0
      vertex 9.83871 -18.7866 55.6
      vertex 9.83871 -18.7866 0
    endloop
  endfacet
  facet normal 0.793494 0.608578 0
    outer loop
      vertex 10.2381 -19.4784 55.6
      vertex 10.116 -19.3192 0
      vertex 10.116 -19.3192 55.6
    endloop
  endfacet
  facet normal 0.793494 0.608578 0
    outer loop
      vertex 10.116 -19.3192 0
      vertex 10.2381 -19.4784 55.6
      vertex 10.2381 -19.4784 0
    endloop
  endfacet
  facet normal -0.382704 -0.923871 0
    outer loop
      vertex 12.7866 -15.8387 0
      vertex 12.972 -15.9155 55.6
      vertex 12.7866 -15.8387 55.6
    endloop
  endfacet
  facet normal -0.382704 -0.923871 -0
    outer loop
      vertex 12.972 -15.9155 55.6
      vertex 12.7866 -15.8387 0
      vertex 12.972 -15.9155 0
    endloop
  endfacet
  facet normal -0.843148 0.537681 0
    outer loop
      vertex 13.884 -19.3192 0
      vertex 13.9919 -19.15 55.6
      vertex 13.9919 -19.15 0
    endloop
  endfacet
  facet normal -0.843148 0.537681 0
    outer loop
      vertex 13.9919 -19.15 55.6
      vertex 13.884 -19.3192 0
      vertex 13.884 -19.3192 55.6
    endloop
  endfacet
  facet normal -0.737092 -0.675792 0
    outer loop
      vertex 13.7619 -16.5216 0
      vertex 13.6263 -16.3737 55.6
      vertex 13.6263 -16.3737 0
    endloop
  endfacet
  facet normal -0.737092 -0.675792 0
    outer loop
      vertex 13.6263 -16.3737 55.6
      vertex 13.7619 -16.5216 0
      vertex 13.7619 -16.5216 55.6
    endloop
  endfacet
  facet normal -0.793494 -0.608578 0
    outer loop
      vertex 13.884 -16.6808 0
      vertex 13.7619 -16.5216 55.6
      vertex 13.7619 -16.5216 0
    endloop
  endfacet
  facet normal -0.793494 -0.608578 0
    outer loop
      vertex 13.7619 -16.5216 55.6
      vertex 13.884 -16.6808 0
      vertex 13.884 -16.6808 55.6
    endloop
  endfacet
  facet normal -0.537681 -0.843148 0
    outer loop
      vertex 13.15 -16.0081 0
      vertex 13.3192 -16.116 55.6
      vertex 13.15 -16.0081 55.6
    endloop
  endfacet
  facet normal -0.537681 -0.843148 -0
    outer loop
      vertex 13.3192 -16.116 55.6
      vertex 13.15 -16.0081 0
      vertex 13.3192 -16.116 0
    endloop
  endfacet
  facet normal -0.216772 -0.976222 0
    outer loop
      vertex 12.3994 -15.7349 0
      vertex 12.5953 -15.7784 55.6
      vertex 12.3994 -15.7349 55.6
    endloop
  endfacet
  facet normal -0.216772 -0.976222 -0
    outer loop
      vertex 12.5953 -15.7784 55.6
      vertex 12.3994 -15.7349 0
      vertex 12.5953 -15.7784 0
    endloop
  endfacet
  facet normal 0.0438481 0.999038 -0
    outer loop
      vertex 12 -20.3 0
      vertex 11.7995 -20.2912 55.6
      vertex 12 -20.3 55.6
    endloop
  endfacet
  facet normal 0.0438481 0.999038 0
    outer loop
      vertex 11.7995 -20.2912 55.6
      vertex 12 -20.3 0
      vertex 11.7995 -20.2912 0
    endloop
  endfacet
  facet normal 0.216772 -0.976222 0
    outer loop
      vertex 11.4047 -15.7784 0
      vertex 11.6006 -15.7349 55.6
      vertex 11.4047 -15.7784 55.6
    endloop
  endfacet
  facet normal 0.216772 -0.976222 0
    outer loop
      vertex 11.6006 -15.7349 55.6
      vertex 11.4047 -15.7784 0
      vertex 11.6006 -15.7349 0
    endloop
  endfacet
  facet normal 0.793494 -0.608578 0
    outer loop
      vertex 10.116 -16.6808 55.6
      vertex 10.2381 -16.5216 0
      vertex 10.2381 -16.5216 55.6
    endloop
  endfacet
  facet normal 0.793494 -0.608578 0
    outer loop
      vertex 10.2381 -16.5216 0
      vertex 10.116 -16.6808 55.6
      vertex 10.116 -16.6808 0
    endloop
  endfacet
  facet normal 0.991442 0.130547 0
    outer loop
      vertex 9.73494 -18.3994 55.6
      vertex 9.70875 -18.2005 0
      vertex 9.70875 -18.2005 55.6
    endloop
  endfacet
  facet normal 0.991442 0.130547 0
    outer loop
      vertex 9.70875 -18.2005 0
      vertex 9.73494 -18.3994 55.6
      vertex 9.73494 -18.3994 0
    endloop
  endfacet
  facet normal 0.46151 -0.887135 0
    outer loop
      vertex 10.85 -16.0081 0
      vertex 11.028 -15.9155 55.6
      vertex 10.85 -16.0081 55.6
    endloop
  endfacet
  facet normal 0.46151 -0.887135 0
    outer loop
      vertex 11.028 -15.9155 55.6
      vertex 10.85 -16.0081 0
      vertex 11.028 -15.9155 0
    endloop
  endfacet
  facet normal -0.46151 0.887135 0
    outer loop
      vertex 13.15 -19.9919 0
      vertex 12.972 -20.0845 55.6
      vertex 13.15 -19.9919 55.6
    endloop
  endfacet
  facet normal -0.46151 0.887135 0
    outer loop
      vertex 12.972 -20.0845 55.6
      vertex 13.15 -19.9919 0
      vertex 12.972 -20.0845 0
    endloop
  endfacet
  facet normal -0.608578 -0.793494 0
    outer loop
      vertex 13.3192 -16.116 0
      vertex 13.4784 -16.2381 55.6
      vertex 13.3192 -16.116 55.6
    endloop
  endfacet
  facet normal -0.608578 -0.793494 -0
    outer loop
      vertex 13.4784 -16.2381 55.6
      vertex 13.3192 -16.116 0
      vertex 13.4784 -16.2381 0
    endloop
  endfacet
  facet normal -0.9915 0.130106 0
    outer loop
      vertex 14.2651 -18.3994 0
      vertex 14.2912 -18.2005 55.6
      vertex 14.2912 -18.2005 0
    endloop
  endfacet
  facet normal -0.9915 0.130106 0
    outer loop
      vertex 14.2912 -18.2005 55.6
      vertex 14.2651 -18.3994 0
      vertex 14.2651 -18.3994 55.6
    endloop
  endfacet
  facet normal -0.923871 0.382704 0
    outer loop
      vertex 14.0845 -18.972 0
      vertex 14.1613 -18.7866 55.6
      vertex 14.1613 -18.7866 0
    endloop
  endfacet
  facet normal -0.923871 0.382704 0
    outer loop
      vertex 14.1613 -18.7866 55.6
      vertex 14.0845 -18.972 0
      vertex 14.0845 -18.972 55.6
    endloop
  endfacet
  facet normal -0.30063 -0.953741 0
    outer loop
      vertex 12.5953 -15.7784 0
      vertex 12.7866 -15.8387 55.6
      vertex 12.5953 -15.7784 55.6
    endloop
  endfacet
  facet normal -0.30063 -0.953741 -0
    outer loop
      vertex 12.7866 -15.8387 55.6
      vertex 12.5953 -15.7784 0
      vertex 12.7866 -15.8387 0
    endloop
  endfacet
  facet normal 0.0438481 -0.999038 0
    outer loop
      vertex 11.7995 -15.7088 0
      vertex 12 -15.7 55.6
      vertex 11.7995 -15.7088 55.6
    endloop
  endfacet
  facet normal 0.0438481 -0.999038 0
    outer loop
      vertex 12 -15.7 55.6
      vertex 11.7995 -15.7088 0
      vertex 12 -15.7 0
    endloop
  endfacet
  facet normal 0.737092 0.675792 0
    outer loop
      vertex 10.3737 -19.6263 55.6
      vertex 10.2381 -19.4784 0
      vertex 10.2381 -19.4784 55.6
    endloop
  endfacet
  facet normal 0.737092 0.675792 0
    outer loop
      vertex 10.2381 -19.4784 0
      vertex 10.3737 -19.6263 55.6
      vertex 10.3737 -19.6263 0
    endloop
  endfacet
  facet normal 0.887115 -0.461549 0
    outer loop
      vertex 9.91549 -17.028 55.6
      vertex 10.0081 -16.85 0
      vertex 10.0081 -16.85 55.6
    endloop
  endfacet
  facet normal 0.887115 -0.461549 0
    outer loop
      vertex 10.0081 -16.85 0
      vertex 9.91549 -17.028 55.6
      vertex 9.91549 -17.028 0
    endloop
  endfacet
  facet normal -0.216772 0.976222 0
    outer loop
      vertex 12.5953 -20.2216 0
      vertex 12.3994 -20.2651 55.6
      vertex 12.5953 -20.2216 55.6
    endloop
  endfacet
  facet normal -0.216772 0.976222 0
    outer loop
      vertex 12.3994 -20.2651 55.6
      vertex 12.5953 -20.2216 0
      vertex 12.3994 -20.2651 0
    endloop
  endfacet
  facet normal -0.130106 0.9915 0
    outer loop
      vertex 12.3994 -20.2651 0
      vertex 12.2005 -20.2912 55.6
      vertex 12.3994 -20.2651 55.6
    endloop
  endfacet
  facet normal -0.130106 0.9915 0
    outer loop
      vertex 12.2005 -20.2912 55.6
      vertex 12.3994 -20.2651 0
      vertex 12.2005 -20.2912 0
    endloop
  endfacet
  facet normal -0.46151 -0.887135 0
    outer loop
      vertex 12.972 -15.9155 0
      vertex 13.15 -16.0081 55.6
      vertex 12.972 -15.9155 55.6
    endloop
  endfacet
  facet normal -0.46151 -0.887135 -0
    outer loop
      vertex 13.15 -16.0081 55.6
      vertex 12.972 -15.9155 0
      vertex 13.15 -16.0081 0
    endloop
  endfacet
  facet normal -0.0438481 -0.999038 0
    outer loop
      vertex 12 -15.7 0
      vertex 12.2005 -15.7088 55.6
      vertex 12 -15.7 55.6
    endloop
  endfacet
  facet normal -0.0438481 -0.999038 -0
    outer loop
      vertex 12.2005 -15.7088 55.6
      vertex 12 -15.7 0
      vertex 12.2005 -15.7088 0
    endloop
  endfacet
  facet normal 0.30063 0.953741 -0
    outer loop
      vertex 11.4047 -20.2216 0
      vertex 11.2134 -20.1613 55.6
      vertex 11.4047 -20.2216 55.6
    endloop
  endfacet
  facet normal 0.30063 0.953741 0
    outer loop
      vertex 11.2134 -20.1613 55.6
      vertex 11.4047 -20.2216 0
      vertex 11.2134 -20.1613 0
    endloop
  endfacet
  facet normal -0.608578 0.793494 0
    outer loop
      vertex 13.4784 -19.7619 0
      vertex 13.3192 -19.884 55.6
      vertex 13.4784 -19.7619 55.6
    endloop
  endfacet
  facet normal -0.608578 0.793494 0
    outer loop
      vertex 13.3192 -19.884 55.6
      vertex 13.4784 -19.7619 0
      vertex 13.3192 -19.884 0
    endloop
  endfacet
  facet normal 0.537681 0.843148 -0
    outer loop
      vertex 10.85 -19.9919 0
      vertex 10.6808 -19.884 55.6
      vertex 10.85 -19.9919 55.6
    endloop
  endfacet
  facet normal 0.537681 0.843148 0
    outer loop
      vertex 10.6808 -19.884 55.6
      vertex 10.85 -19.9919 0
      vertex 10.6808 -19.884 0
    endloop
  endfacet
  facet normal -0.793494 0.608578 0
    outer loop
      vertex 13.7619 -19.4784 0
      vertex 13.884 -19.3192 55.6
      vertex 13.884 -19.3192 0
    endloop
  endfacet
  facet normal -0.793494 0.608578 0
    outer loop
      vertex 13.884 -19.3192 55.6
      vertex 13.7619 -19.4784 0
      vertex 13.7619 -19.4784 55.6
    endloop
  endfacet
  facet normal -0.976222 0.216772 0
    outer loop
      vertex 14.2216 -18.5953 0
      vertex 14.2651 -18.3994 55.6
      vertex 14.2651 -18.3994 0
    endloop
  endfacet
  facet normal -0.976222 0.216772 0
    outer loop
      vertex 14.2651 -18.3994 55.6
      vertex 14.2216 -18.5953 0
      vertex 14.2216 -18.5953 55.6
    endloop
  endfacet
  facet normal 0.675792 -0.737092 0
    outer loop
      vertex 10.3737 -16.3737 0
      vertex 10.5216 -16.2381 55.6
      vertex 10.3737 -16.3737 55.6
    endloop
  endfacet
  facet normal 0.675792 -0.737092 0
    outer loop
      vertex 10.5216 -16.2381 55.6
      vertex 10.3737 -16.3737 0
      vertex 10.5216 -16.2381 0
    endloop
  endfacet
  facet normal 0.608578 -0.793494 0
    outer loop
      vertex 10.5216 -16.2381 0
      vertex 10.6808 -16.116 55.6
      vertex 10.5216 -16.2381 55.6
    endloop
  endfacet
  facet normal 0.608578 -0.793494 0
    outer loop
      vertex 10.6808 -16.116 55.6
      vertex 10.5216 -16.2381 0
      vertex 10.6808 -16.116 0
    endloop
  endfacet
  facet normal -0.887135 -0.46151 0
    outer loop
      vertex 14.0845 -17.028 0
      vertex 13.9919 -16.85 55.6
      vertex 13.9919 -16.85 0
    endloop
  endfacet
  facet normal -0.887135 -0.46151 0
    outer loop
      vertex 13.9919 -16.85 55.6
      vertex 14.0845 -17.028 0
      vertex 14.0845 -17.028 55.6
    endloop
  endfacet
  facet normal -0.843148 -0.537681 0
    outer loop
      vertex 13.9919 -16.85 0
      vertex 13.884 -16.6808 55.6
      vertex 13.884 -16.6808 0
    endloop
  endfacet
  facet normal -0.843148 -0.537681 0
    outer loop
      vertex 13.884 -16.6808 55.6
      vertex 13.9919 -16.85 0
      vertex 13.9919 -16.85 55.6
    endloop
  endfacet
  facet normal -0.953741 0.30063 0
    outer loop
      vertex 14.1613 -18.7866 0
      vertex 14.2216 -18.5953 55.6
      vertex 14.2216 -18.5953 0
    endloop
  endfacet
  facet normal -0.953741 0.30063 0
    outer loop
      vertex 14.2216 -18.5953 55.6
      vertex 14.1613 -18.7866 0
      vertex 14.1613 -18.7866 55.6
    endloop
  endfacet
  facet normal 0.537681 -0.843148 0
    outer loop
      vertex 10.6808 -16.116 0
      vertex 10.85 -16.0081 55.6
      vertex 10.6808 -16.116 55.6
    endloop
  endfacet
  facet normal 0.537681 -0.843148 0
    outer loop
      vertex 10.85 -16.0081 55.6
      vertex 10.6808 -16.116 0
      vertex 10.85 -16.0081 0
    endloop
  endfacet
  facet normal 0.130106 0.9915 -0
    outer loop
      vertex 11.7995 -20.2912 0
      vertex 11.6006 -20.2651 55.6
      vertex 11.7995 -20.2912 55.6
    endloop
  endfacet
  facet normal 0.130106 0.9915 0
    outer loop
      vertex 11.6006 -20.2651 55.6
      vertex 11.7995 -20.2912 0
      vertex 11.6006 -20.2651 0
    endloop
  endfacet
  facet normal 0.30063 -0.953741 0
    outer loop
      vertex 11.2134 -15.8387 0
      vertex 11.4047 -15.7784 55.6
      vertex 11.2134 -15.8387 55.6
    endloop
  endfacet
  facet normal 0.30063 -0.953741 0
    outer loop
      vertex 11.4047 -15.7784 55.6
      vertex 11.2134 -15.8387 0
      vertex 11.4047 -15.7784 0
    endloop
  endfacet
  facet normal -0.382704 0.923871 0
    outer loop
      vertex 12.972 -20.0845 0
      vertex 12.7866 -20.1613 55.6
      vertex 12.972 -20.0845 55.6
    endloop
  endfacet
  facet normal -0.382704 0.923871 0
    outer loop
      vertex 12.7866 -20.1613 55.6
      vertex 12.972 -20.0845 0
      vertex 12.7866 -20.1613 0
    endloop
  endfacet
  facet normal -0.923871 -0.382704 0
    outer loop
      vertex 14.1613 -17.2134 0
      vertex 14.0845 -17.028 55.6
      vertex 14.0845 -17.028 0
    endloop
  endfacet
  facet normal -0.923871 -0.382704 0
    outer loop
      vertex 14.0845 -17.028 55.6
      vertex 14.1613 -17.2134 0
      vertex 14.1613 -17.2134 55.6
    endloop
  endfacet
  facet normal -0.0438481 0.999038 0
    outer loop
      vertex 12.2005 -20.2912 0
      vertex 12 -20.3 55.6
      vertex 12.2005 -20.2912 55.6
    endloop
  endfacet
  facet normal -0.0438481 0.999038 0
    outer loop
      vertex 12 -20.3 55.6
      vertex 12.2005 -20.2912 0
      vertex 12 -20.3 0
    endloop
  endfacet
  facet normal 0.999049 0.0435994 0
    outer loop
      vertex 9.70875 -18.2005 55.6
      vertex 9.7 -18 0
      vertex 9.7 -18 55.6
    endloop
  endfacet
  facet normal 0.999049 0.0435994 0
    outer loop
      vertex 9.7 -18 0
      vertex 9.70875 -18.2005 55.6
      vertex 9.70875 -18.2005 0
    endloop
  endfacet
  facet normal 0.999049 -0.0435994 0
    outer loop
      vertex 9.7 -18 55.6
      vertex 9.70875 -17.7995 0
      vertex 9.70875 -17.7995 55.6
    endloop
  endfacet
  facet normal 0.999049 -0.0435994 0
    outer loop
      vertex 9.70875 -17.7995 0
      vertex 9.7 -18 55.6
      vertex 9.7 -18 0
    endloop
  endfacet
  facet normal -0.887135 0.46151 0
    outer loop
      vertex 13.9919 -19.15 0
      vertex 14.0845 -18.972 55.6
      vertex 14.0845 -18.972 0
    endloop
  endfacet
  facet normal -0.887135 0.46151 0
    outer loop
      vertex 14.0845 -18.972 55.6
      vertex 13.9919 -19.15 0
      vertex 13.9919 -19.15 55.6
    endloop
  endfacet
  facet normal 0.737092 -0.675792 0
    outer loop
      vertex 10.2381 -16.5216 55.6
      vertex 10.3737 -16.3737 0
      vertex 10.3737 -16.3737 55.6
    endloop
  endfacet
  facet normal 0.737092 -0.675792 0
    outer loop
      vertex 10.3737 -16.3737 0
      vertex 10.2381 -16.5216 55.6
      vertex 10.2381 -16.5216 0
    endloop
  endfacet
  facet normal 0.382704 -0.923871 0
    outer loop
      vertex 11.028 -15.9155 0
      vertex 11.2134 -15.8387 55.6
      vertex 11.028 -15.9155 55.6
    endloop
  endfacet
  facet normal 0.382704 -0.923871 0
    outer loop
      vertex 11.2134 -15.8387 55.6
      vertex 11.028 -15.9155 0
      vertex 11.2134 -15.8387 0
    endloop
  endfacet
  facet normal -0.537681 0.843148 0
    outer loop
      vertex 13.3192 -19.884 0
      vertex 13.15 -19.9919 55.6
      vertex 13.3192 -19.884 55.6
    endloop
  endfacet
  facet normal -0.537681 0.843148 0
    outer loop
      vertex 13.15 -19.9919 55.6
      vertex 13.3192 -19.884 0
      vertex 13.15 -19.9919 0
    endloop
  endfacet
  facet normal 0.976296 -0.21644 0
    outer loop
      vertex 9.73494 -17.6006 55.6
      vertex 9.77837 -17.4047 0
      vertex 9.77837 -17.4047 55.6
    endloop
  endfacet
  facet normal 0.976296 -0.21644 0
    outer loop
      vertex 9.77837 -17.4047 0
      vertex 9.73494 -17.6006 55.6
      vertex 9.73494 -17.6006 0
    endloop
  endfacet
  facet normal 0.923906 0.382619 0
    outer loop
      vertex 9.91549 -18.972 55.6
      vertex 9.83871 -18.7866 0
      vertex 9.83871 -18.7866 55.6
    endloop
  endfacet
  facet normal 0.923906 0.382619 0
    outer loop
      vertex 9.83871 -18.7866 0
      vertex 9.91549 -18.972 55.6
      vertex 9.91549 -18.972 0
    endloop
  endfacet
  facet normal 0.976296 0.21644 0
    outer loop
      vertex 9.77837 -18.5953 55.6
      vertex 9.73494 -18.3994 0
      vertex 9.73494 -18.3994 55.6
    endloop
  endfacet
  facet normal 0.976296 0.21644 0
    outer loop
      vertex 9.73494 -18.3994 0
      vertex 9.77837 -18.5953 55.6
      vertex 9.77837 -18.5953 0
    endloop
  endfacet
  facet normal 0 0 -1
    outer loop
      vertex 14.2912 -18.2005 55.6
      vertex 14.2912 -17.7995 55.6
      vertex 14.3 -18 55.6
    endloop
  endfacet
  facet normal 0 0 -1
    outer loop
      vertex 14.2651 -18.3994 55.6
      vertex 14.2912 -17.7995 55.6
      vertex 14.2912 -18.2005 55.6
    endloop
  endfacet
  facet normal 0 0 -1
    outer loop
      vertex 14.2651 -18.3994 55.6
      vertex 14.2651 -17.6006 55.6
      vertex 14.2912 -17.7995 55.6
    endloop
  endfacet
  facet normal 0 0 -1
    outer loop
      vertex 14.2216 -18.5953 55.6
      vertex 14.2651 -17.6006 55.6
      vertex 14.2651 -18.3994 55.6
    endloop
  endfacet
  facet normal 0 0 -1
    outer loop
      vertex 14.2216 -18.5953 55.6
      vertex 14.2216 -17.4047 55.6
      vertex 14.2651 -17.6006 55.6
    endloop
  endfacet
  facet normal 0 0 -1
    outer loop
      vertex 14.1613 -18.7866 55.6
      vertex 14.2216 -17.4047 55.6
      vertex 14.2216 -18.5953 55.6
    endloop
  endfacet
  facet normal 0 0 -1
    outer loop
      vertex 14.1613 -18.7866 55.6
      vertex 14.1613 -17.2134 55.6
      vertex 14.2216 -17.4047 55.6
    endloop
  endfacet
  facet normal 0 0 -1
    outer loop
      vertex 14.0845 -18.972 55.6
      vertex 14.1613 -17.2134 55.6
      vertex 14.1613 -18.7866 55.6
    endloop
  endfacet
  facet normal 0 0 -1
    outer loop
      vertex 14.0845 -18.972 55.6
      vertex 14.0845 -17.028 55.6
      vertex 14.1613 -17.2134 55.6
    endloop
  endfacet
  facet normal 0 0 -1
    outer loop
      vertex 13.9919 -19.15 55.6
      vertex 14.0845 -17.028 55.6
      vertex 14.0845 -18.972 55.6
    endloop
  endfacet
  facet normal 0 0 -1
    outer loop
      vertex 13.9919 -19.15 55.6
      vertex 13.9919 -16.85 55.6
      vertex 14.0845 -17.028 55.6
    endloop
  endfacet
  facet normal 0 0 -1
    outer loop
      vertex 13.884 -19.3192 55.6
      vertex 13.9919 -16.85 55.6
      vertex 13.9919 -19.15 55.6
    endloop
  endfacet
  facet normal 0 0 -1
    outer loop
      vertex 13.884 -19.3192 55.6
      vertex 13.884 -16.6808 55.6
      vertex 13.9919 -16.85 55.6
    endloop
  endfacet
  facet normal 0 0 -1
    outer loop
      vertex 13.7619 -19.4784 55.6
      vertex 13.884 -16.6808 55.6
      vertex 13.884 -19.3192 55.6
    endloop
  endfacet
  facet normal 0 0 -1
    outer loop
      vertex 13.7619 -19.4784 55.6
      vertex 13.7619 -16.5216 55.6
      vertex 13.884 -16.6808 55.6
    endloop
  endfacet
  facet normal 0 0 -1
    outer loop
      vertex 13.6263 -19.6263 55.6
      vertex 13.7619 -16.5216 55.6
      vertex 13.7619 -19.4784 55.6
    endloop
  endfacet
  facet normal 0 0 -1
    outer loop
      vertex 13.6263 -19.6263 55.6
      vertex 13.6263 -16.3737 55.6
      vertex 13.7619 -16.5216 55.6
    endloop
  endfacet
  facet normal 0 0 -1
    outer loop
      vertex 13.4784 -19.7619 55.6
      vertex 13.6263 -16.3737 55.6
      vertex 13.6263 -19.6263 55.6
    endloop
  endfacet
  facet normal 0 0 -1
    outer loop
      vertex 13.4784 -19.7619 55.6
      vertex 13.4784 -16.2381 55.6
      vertex 13.6263 -16.3737 55.6
    endloop
  endfacet
  facet normal 0 0 -1
    outer loop
      vertex 13.3192 -19.884 55.6
      vertex 13.4784 -16.2381 55.6
      vertex 13.4784 -19.7619 55.6
    endloop
  endfacet
  facet normal 0 0 -1
    outer loop
      vertex 13.3192 -19.884 55.6
      vertex 13.3192 -16.116 55.6
      vertex 13.4784 -16.2381 55.6
    endloop
  endfacet
  facet normal 0 0 -1
    outer loop
      vertex 13.15 -19.9919 55.6
      vertex 13.3192 -16.116 55.6
      vertex 13.3192 -19.884 55.6
    endloop
  endfacet
  facet normal 0 0 -1
    outer loop
      vertex 13.15 -19.9919 55.6
      vertex 13.15 -16.0081 55.6
      vertex 13.3192 -16.116 55.6
    endloop
  endfacet
  facet normal 0 0 -1
    outer loop
      vertex 12.972 -20.0845 55.6
      vertex 13.15 -16.0081 55.6
      vertex 13.15 -19.9919 55.6
    endloop
  endfacet
  facet normal 0 0 -1
    outer loop
      vertex 12.972 -20.0845 55.6
      vertex 12.972 -15.9155 55.6
      vertex 13.15 -16.0081 55.6
    endloop
  endfacet
  facet normal 0 0 -1
    outer loop
      vertex 12.7866 -20.1613 55.6
      vertex 12.972 -15.9155 55.6
      vertex 12.972 -20.0845 55.6
    endloop
  endfacet
  facet normal 0 0 -1
    outer loop
      vertex 12.7866 -20.1613 55.6
      vertex 12.7866 -15.8387 55.6
      vertex 12.972 -15.9155 55.6
    endloop
  endfacet
  facet normal 0 0 -1
    outer loop
      vertex 12.5953 -20.2216 55.6
      vertex 12.7866 -15.8387 55.6
      vertex 12.7866 -20.1613 55.6
    endloop
  endfacet
  facet normal 0 0 -1
    outer loop
      vertex 12.5953 -20.2216 55.6
      vertex 12.5953 -15.7784 55.6
      vertex 12.7866 -15.8387 55.6
    endloop
  endfacet
  facet normal 0 0 -1
    outer loop
      vertex 12.3994 -20.2651 55.6
      vertex 12.5953 -15.7784 55.6
      vertex 12.5953 -20.2216 55.6
    endloop
  endfacet
  facet normal 0 0 -1
    outer loop
      vertex 12.3994 -20.2651 55.6
      vertex 12.3994 -15.7349 55.6
      vertex 12.5953 -15.7784 55.6
    endloop
  endfacet
  facet normal 0 0 -1
    outer loop
      vertex 12.2005 -20.2912 55.6
      vertex 12.3994 -15.7349 55.6
      vertex 12.3994 -20.2651 55.6
    endloop
  endfacet
  facet normal 0 0 -1
    outer loop
      vertex 12.2005 -20.2912 55.6
      vertex 12.2005 -15.7088 55.6
      vertex 12.3994 -15.7349 55.6
    endloop
  endfacet
  facet normal 0 0 -1
    outer loop
      vertex 12 -20.3 55.6
      vertex 12.2005 -15.7088 55.6
      vertex 12.2005 -20.2912 55.6
    endloop
  endfacet
  facet normal 0 0 -1
    outer loop
      vertex 12 -20.3 55.6
      vertex 12 -15.7 55.6
      vertex 12.2005 -15.7088 55.6
    endloop
  endfacet
  facet normal 0 0 -1
    outer loop
      vertex 11.7995 -20.2912 55.6
      vertex 12 -15.7 55.6
      vertex 12 -20.3 55.6
    endloop
  endfacet
  facet normal 0 0 -1
    outer loop
      vertex 11.7995 -20.2912 55.6
      vertex 11.7995 -15.7088 55.6
      vertex 12 -15.7 55.6
    endloop
  endfacet
  facet normal 0 0 -1
    outer loop
      vertex 11.6006 -20.2651 55.6
      vertex 11.7995 -15.7088 55.6
      vertex 11.7995 -20.2912 55.6
    endloop
  endfacet
  facet normal 0 0 -1
    outer loop
      vertex 11.6006 -20.2651 55.6
      vertex 11.6006 -15.7349 55.6
      vertex 11.7995 -15.7088 55.6
    endloop
  endfacet
  facet normal 0 0 -1
    outer loop
      vertex 11.4047 -20.2216 55.6
      vertex 11.6006 -15.7349 55.6
      vertex 11.6006 -20.2651 55.6
    endloop
  endfacet
  facet normal 0 0 -1
    outer loop
      vertex 11.4047 -20.2216 55.6
      vertex 11.4047 -15.7784 55.6
      vertex 11.6006 -15.7349 55.6
    endloop
  endfacet
  facet normal 0 0 -1
    outer loop
      vertex 11.2134 -20.1613 55.6
      vertex 11.4047 -15.7784 55.6
      vertex 11.4047 -20.2216 55.6
    endloop
  endfacet
  facet normal 0 0 -1
    outer loop
      vertex 11.2134 -20.1613 55.6
      vertex 11.2134 -15.8387 55.6
      vertex 11.4047 -15.7784 55.6
    endloop
  endfacet
  facet normal 0 0 -1
    outer loop
      vertex 11.028 -20.0845 55.6
      vertex 11.2134 -15.8387 55.6
      vertex 11.2134 -20.1613 55.6
    endloop
  endfacet
  facet normal 0 0 -1
    outer loop
      vertex 11.028 -20.0845 55.6
      vertex 11.028 -15.9155 55.6
      vertex 11.2134 -15.8387 55.6
    endloop
  endfacet
  facet normal 0 0 -1
    outer loop
      vertex 10.85 -19.9919 55.6
      vertex 11.028 -15.9155 55.6
      vertex 11.028 -20.0845 55.6
    endloop
  endfacet
  facet normal 0 0 -1
    outer loop
      vertex 10.85 -19.9919 55.6
      vertex 10.85 -16.0081 55.6
      vertex 11.028 -15.9155 55.6
    endloop
  endfacet
  facet normal 0 0 -1
    outer loop
      vertex 10.6808 -19.884 55.6
      vertex 10.85 -16.0081 55.6
      vertex 10.85 -19.9919 55.6
    endloop
  endfacet
  facet normal 0 0 -1
    outer loop
      vertex 10.6808 -19.884 55.6
      vertex 10.6808 -16.116 55.6
      vertex 10.85 -16.0081 55.6
    endloop
  endfacet
  facet normal 0 0 -1
    outer loop
      vertex 10.5216 -19.7619 55.6
      vertex 10.6808 -16.116 55.6
      vertex 10.6808 -19.884 55.6
    endloop
  endfacet
  facet normal 0 0 -1
    outer loop
      vertex 10.5216 -19.7619 55.6
      vertex 10.5216 -16.2381 55.6
      vertex 10.6808 -16.116 55.6
    endloop
  endfacet
  facet normal 0 0 -1
    outer loop
      vertex 10.3737 -19.6263 55.6
      vertex 10.5216 -16.2381 55.6
      vertex 10.5216 -19.7619 55.6
    endloop
  endfacet
  facet normal 0 0 -1
    outer loop
      vertex 10.3737 -19.6263 55.6
      vertex 10.3737 -16.3737 55.6
      vertex 10.5216 -16.2381 55.6
    endloop
  endfacet
  facet normal 0 0 -1
    outer loop
      vertex 10.2381 -19.4784 55.6
      vertex 10.3737 -16.3737 55.6
      vertex 10.3737 -19.6263 55.6
    endloop
  endfacet
  facet normal 0 0 -1
    outer loop
      vertex 10.2381 -19.4784 55.6
      vertex 10.2381 -16.5216 55.6
      vertex 10.3737 -16.3737 55.6
    endloop
  endfacet
  facet normal 0 0 -1
    outer loop
      vertex 10.116 -19.3192 55.6
      vertex 10.2381 -16.5216 55.6
      vertex 10.2381 -19.4784 55.6
    endloop
  endfacet
  facet normal 0 0 -1
    outer loop
      vertex 10.116 -19.3192 55.6
      vertex 10.116 -16.6808 55.6
      vertex 10.2381 -16.5216 55.6
    endloop
  endfacet
  facet normal 0 0 -1
    outer loop
      vertex 10.0081 -19.15 55.6
      vertex 10.116 -16.6808 55.6
      vertex 10.116 -19.3192 55.6
    endloop
  endfacet
  facet normal 0 0 -1
    outer loop
      vertex 10.0081 -19.15 55.6
      vertex 10.0081 -16.85 55.6
      vertex 10.116 -16.6808 55.6
    endloop
  endfacet
  facet normal 0 0 -1
    outer loop
      vertex 9.91549 -18.972 55.6
      vertex 10.0081 -16.85 55.6
      vertex 10.0081 -19.15 55.6
    endloop
  endfacet
  facet normal 0 0 -1
    outer loop
      vertex 9.91549 -18.972 55.6
      vertex 9.91549 -17.028 55.6
      vertex 10.0081 -16.85 55.6
    endloop
  endfacet
  facet normal 0 0 -1
    outer loop
      vertex 9.83871 -18.7866 55.6
      vertex 9.91549 -17.028 55.6
      vertex 9.91549 -18.972 55.6
    endloop
  endfacet
  facet normal 0 0 -1
    outer loop
      vertex 9.83871 -18.7866 55.6
      vertex 9.83871 -17.2134 55.6
      vertex 9.91549 -17.028 55.6
    endloop
  endfacet
  facet normal 0 0 -1
    outer loop
      vertex 9.77837 -18.5953 55.6
      vertex 9.83871 -17.2134 55.6
      vertex 9.83871 -18.7866 55.6
    endloop
  endfacet
  facet normal 0 0 -1
    outer loop
      vertex 9.77837 -18.5953 55.6
      vertex 9.77837 -17.4047 55.6
      vertex 9.83871 -17.2134 55.6
    endloop
  endfacet
  facet normal 0 0 -1
    outer loop
      vertex 9.73494 -18.3994 55.6
      vertex 9.77837 -17.4047 55.6
      vertex 9.77837 -18.5953 55.6
    endloop
  endfacet
  facet normal 0 0 -1
    outer loop
      vertex 9.73494 -18.3994 55.6
      vertex 9.73494 -17.6006 55.6
      vertex 9.77837 -17.4047 55.6
    endloop
  endfacet
  facet normal 0 0 -1
    outer loop
      vertex 9.70875 -18.2005 55.6
      vertex 9.73494 -17.6006 55.6
      vertex 9.73494 -18.3994 55.6
    endloop
  endfacet
  facet normal 0 0 -1
    outer loop
      vertex 9.70875 -18.2005 55.6
      vertex 9.70875 -17.7995 55.6
      vertex 9.73494 -17.6006 55.6
    endloop
  endfacet
  facet normal 0 -0 -1
    outer loop
      vertex 9.70875 -17.7995 55.6
      vertex 9.70875 -18.2005 55.6
      vertex 9.7 -18 55.6
    endloop
  endfacet
  facet normal -0.130106 -0.9915 0
    outer loop
      vertex 12.2005 -15.7088 0
      vertex 12.3994 -15.7349 55.6
      vertex 12.2005 -15.7088 55.6
    endloop
  endfacet
  facet normal -0.130106 -0.9915 -0
    outer loop
      vertex 12.3994 -15.7349 55.6
      vertex 12.2005 -15.7088 0
      vertex 12.3994 -15.7349 0
    endloop
  endfacet
  facet normal 0.843148 -0.537681 0
    outer loop
      vertex 10.0081 -16.85 55.6
      vertex 10.116 -16.6808 0
      vertex 10.116 -16.6808 55.6
    endloop
  endfacet
  facet normal 0.843148 -0.537681 0
    outer loop
      vertex 10.116 -16.6808 0
      vertex 10.0081 -16.85 55.6
      vertex 10.0081 -16.85 0
    endloop
  endfacet
  facet normal -0.953741 -0.30063 0
    outer loop
      vertex 14.2216 -17.4047 0
      vertex 14.1613 -17.2134 55.6
      vertex 14.1613 -17.2134 0
    endloop
  endfacet
  facet normal -0.953741 -0.30063 0
    outer loop
      vertex 14.1613 -17.2134 55.6
      vertex 14.2216 -17.4047 0
      vertex 14.2216 -17.4047 55.6
    endloop
  endfacet
  facet normal 0.675792 0.737092 -0
    outer loop
      vertex 10.5216 -19.7619 0
      vertex 10.3737 -19.6263 55.6
      vertex 10.5216 -19.7619 55.6
    endloop
  endfacet
  facet normal 0.675792 0.737092 0
    outer loop
      vertex 10.3737 -19.6263 55.6
      vertex 10.5216 -19.7619 0
      vertex 10.3737 -19.6263 0
    endloop
  endfacet
  facet normal -0.675792 0.737092 0
    outer loop
      vertex 13.6263 -19.6263 0
      vertex 13.4784 -19.7619 55.6
      vertex 13.6263 -19.6263 55.6
    endloop
  endfacet
  facet normal -0.675792 0.737092 0
    outer loop
      vertex 13.4784 -19.7619 55.6
      vertex 13.6263 -19.6263 0
      vertex 13.4784 -19.7619 0
    endloop
  endfacet
  facet normal 0.216772 0.976222 -0
    outer loop
      vertex 11.6006 -20.2651 0
      vertex 11.4047 -20.2216 55.6
      vertex 11.6006 -20.2651 55.6
    endloop
  endfacet
  facet normal 0.216772 0.976222 0
    outer loop
      vertex 11.4047 -20.2216 55.6
      vertex 11.6006 -20.2651 0
      vertex 11.4047 -20.2216 0
    endloop
  endfacet
  facet normal 0.991442 -0.130547 0
    outer loop
      vertex 9.70875 -17.7995 55.6
      vertex 9.73494 -17.6006 0
      vertex 9.73494 -17.6006 55.6
    endloop
  endfacet
  facet normal 0.991442 -0.130547 0
    outer loop
      vertex 9.73494 -17.6006 0
      vertex 9.70875 -17.7995 55.6
      vertex 9.70875 -17.7995 0
    endloop
  endfacet
  facet normal -0.737092 0.675792 0
    outer loop
      vertex 13.6263 -19.6263 0
      vertex 13.7619 -19.4784 55.6
      vertex 13.7619 -19.4784 0
    endloop
  endfacet
  facet normal -0.737092 0.675792 0
    outer loop
      vertex 13.7619 -19.4784 55.6
      vertex 13.6263 -19.6263 0
      vertex 13.6263 -19.6263 55.6
    endloop
  endfacet
  facet normal 0.46151 0.887135 -0
    outer loop
      vertex 11.028 -20.0845 0
      vertex 10.85 -19.9919 55.6
      vertex 11.028 -20.0845 55.6
    endloop
  endfacet
  facet normal 0.46151 0.887135 0
    outer loop
      vertex 10.85 -19.9919 55.6
      vertex 11.028 -20.0845 0
      vertex 10.85 -19.9919 0
    endloop
  endfacet
  facet normal 0.923906 -0.382619 0
    outer loop
      vertex 9.83871 -17.2134 55.6
      vertex 9.91549 -17.028 0
      vertex 9.91549 -17.028 55.6
    endloop
  endfacet
  facet normal 0.923906 -0.382619 0
    outer loop
      vertex 9.91549 -17.028 0
      vertex 9.83871 -17.2134 55.6
      vertex 9.83871 -17.2134 0
    endloop
  endfacet
  facet normal 0.843148 0.537681 0
    outer loop
      vertex 10.116 -19.3192 55.6
      vertex 10.0081 -19.15 0
      vertex 10.0081 -19.15 55.6
    endloop
  endfacet
  facet normal 0.843148 0.537681 0
    outer loop
      vertex 10.0081 -19.15 0
      vertex 10.116 -19.3192 55.6
      vertex 10.116 -19.3192 0
    endloop
  endfacet
  facet normal 0.382704 0.923871 -0
    outer loop
      vertex 11.2134 -20.1613 0
      vertex 11.028 -20.0845 55.6
      vertex 11.2134 -20.1613 55.6
    endloop
  endfacet
  facet normal 0.382704 0.923871 0
    outer loop
      vertex 11.028 -20.0845 55.6
      vertex 11.2134 -20.1613 0
      vertex 11.028 -20.0845 0
    endloop
  endfacet
  facet normal -0.30063 0.953741 0
    outer loop
      vertex 12.7866 -20.1613 0
      vertex 12.5953 -20.2216 55.6
      vertex 12.7866 -20.1613 55.6
    endloop
  endfacet
  facet normal -0.30063 0.953741 0
    outer loop
      vertex 12.5953 -20.2216 55.6
      vertex 12.7866 -20.1613 0
      vertex 12.5953 -20.2216 0
    endloop
  endfacet
  facet normal 0.887115 0.461549 0
    outer loop
      vertex 10.0081 -19.15 55.6
      vertex 9.91549 -18.972 0
      vertex 9.91549 -18.972 55.6
    endloop
  endfacet
  facet normal 0.887115 0.461549 0
    outer loop
      vertex 9.91549 -18.972 0
      vertex 10.0081 -19.15 55.6
      vertex 10.0081 -19.15 0
    endloop
  endfacet
  facet normal -0.991526 -0.129911 0
    outer loop
      vertex 13.1954 -17.8954 55.8
      vertex 13.1818 -17.7916 57.6
      vertex 13.1818 -17.7916 55.8
    endloop
  endfacet
  facet normal -0.991526 -0.129911 0
    outer loop
      vertex 13.1818 -17.7916 57.6
      vertex 13.1954 -17.8954 55.8
      vertex 13.1954 -17.8954 57.6
    endloop
  endfacet
  facet normal -0.999034 -0.0439346 0
    outer loop
      vertex 13.2 -18 55.8
      vertex 13.1954 -17.8954 57.6
      vertex 13.1954 -17.8954 55.8
    endloop
  endfacet
  facet normal -0.999034 -0.0439346 0
    outer loop
      vertex 13.1954 -17.8954 57.6
      vertex 13.2 -18 55.8
      vertex 13.2 -18 57.6
    endloop
  endfacet
  facet normal -0.97621 -0.216829 0
    outer loop
      vertex 13.1818 -17.7916 55.8
      vertex 13.1591 -17.6894 57.6
      vertex 13.1591 -17.6894 55.8
    endloop
  endfacet
  facet normal -0.97621 -0.216829 0
    outer loop
      vertex 13.1591 -17.6894 57.6
      vertex 13.1818 -17.7916 55.8
      vertex 13.1818 -17.7916 57.6
    endloop
  endfacet
  facet normal -0.300994 0.953626 0
    outer loop
      vertex 12.4104 -19.1276 55.8
      vertex 12.3106 -19.1591 57.6
      vertex 12.4104 -19.1276 57.6
    endloop
  endfacet
  facet normal -0.300994 0.953626 0
    outer loop
      vertex 12.3106 -19.1591 57.6
      vertex 12.4104 -19.1276 55.8
      vertex 12.3106 -19.1591 55.8
    endloop
  endfacet
  facet normal -0.536937 -0.843622 0
    outer loop
      vertex 12.6 -16.9608 55.8
      vertex 12.6883 -17.017 57.6
      vertex 12.6 -16.9608 57.6
    endloop
  endfacet
  facet normal -0.536937 -0.843622 -0
    outer loop
      vertex 12.6883 -17.017 57.6
      vertex 12.6 -16.9608 55.8
      vertex 12.6883 -17.017 55.8
    endloop
  endfacet
  facet normal -0.0439346 -0.999034 0
    outer loop
      vertex 12 -16.8 55.8
      vertex 12.1046 -16.8046 57.6
      vertex 12 -16.8 57.6
    endloop
  endfacet
  facet normal -0.0439346 -0.999034 -0
    outer loop
      vertex 12.1046 -16.8046 57.6
      vertex 12 -16.8 55.8
      vertex 12.1046 -16.8046 55.8
    endloop
  endfacet
  facet normal 0.129911 0.991526 -0
    outer loop
      vertex 11.8954 -19.1954 55.8
      vertex 11.7916 -19.1818 57.6
      vertex 11.8954 -19.1954 57.6
    endloop
  endfacet
  facet normal 0.129911 0.991526 0
    outer loop
      vertex 11.7916 -19.1818 57.6
      vertex 11.8954 -19.1954 55.8
      vertex 11.7916 -19.1818 55.8
    endloop
  endfacet
  facet normal 0.0439346 0.999034 -0
    outer loop
      vertex 12 -19.2 55.8
      vertex 11.8954 -19.1954 57.6
      vertex 12 -19.2 57.6
    endloop
  endfacet
  facet normal 0.0439346 0.999034 0
    outer loop
      vertex 11.8954 -19.1954 57.6
      vertex 12 -19.2 55.8
      vertex 11.8954 -19.1954 55.8
    endloop
  endfacet
  facet normal -0.843622 0.536937 0
    outer loop
      vertex 12.983 -18.6883 55.8
      vertex 13.0392 -18.6 57.6
      vertex 13.0392 -18.6 55.8
    endloop
  endfacet
  facet normal -0.843622 0.536937 0
    outer loop
      vertex 13.0392 -18.6 57.6
      vertex 12.983 -18.6883 55.8
      vertex 12.983 -18.6883 57.6
    endloop
  endfacet
  facet normal -0.924063 -0.382239 0
    outer loop
      vertex 13.1276 -17.5896 55.8
      vertex 13.0876 -17.4929 57.6
      vertex 13.0876 -17.4929 55.8
    endloop
  endfacet
  facet normal -0.924063 -0.382239 0
    outer loop
      vertex 13.0876 -17.4929 57.6
      vertex 13.1276 -17.5896 55.8
      vertex 13.1276 -17.5896 57.6
    endloop
  endfacet
  facet normal -0.991526 0.129911 0
    outer loop
      vertex 13.1818 -18.2084 55.8
      vertex 13.1954 -18.1046 57.6
      vertex 13.1954 -18.1046 55.8
    endloop
  endfacet
  facet normal -0.991526 0.129911 0
    outer loop
      vertex 13.1954 -18.1046 57.6
      vertex 13.1818 -18.2084 55.8
      vertex 13.1818 -18.2084 57.6
    endloop
  endfacet
  facet normal 0.216829 0.97621 -0
    outer loop
      vertex 11.7916 -19.1818 55.8
      vertex 11.6894 -19.1591 57.6
      vertex 11.7916 -19.1818 57.6
    endloop
  endfacet
  facet normal 0.216829 0.97621 0
    outer loop
      vertex 11.6894 -19.1591 57.6
      vertex 11.7916 -19.1818 55.8
      vertex 11.6894 -19.1591 55.8
    endloop
  endfacet
  facet normal 0.736996 0.675898 0
    outer loop
      vertex 11.1515 -18.8485 57.6
      vertex 11.0807 -18.7713 55.8
      vertex 11.0807 -18.7713 57.6
    endloop
  endfacet
  facet normal 0.736996 0.675898 0
    outer loop
      vertex 11.0807 -18.7713 55.8
      vertex 11.1515 -18.8485 57.6
      vertex 11.1515 -18.8485 55.8
    endloop
  endfacet
  facet normal 0.608833 -0.793299 0
    outer loop
      vertex 11.2287 -17.0807 55.8
      vertex 11.3117 -17.017 57.6
      vertex 11.2287 -17.0807 57.6
    endloop
  endfacet
  facet normal 0.608833 -0.793299 0
    outer loop
      vertex 11.3117 -17.017 57.6
      vertex 11.2287 -17.0807 55.8
      vertex 11.3117 -17.017 55.8
    endloop
  endfacet
  facet normal -0.608833 -0.793299 0
    outer loop
      vertex 12.6883 -17.017 55.8
      vertex 12.7713 -17.0807 57.6
      vertex 12.6883 -17.017 57.6
    endloop
  endfacet
  facet normal -0.608833 -0.793299 -0
    outer loop
      vertex 12.7713 -17.0807 57.6
      vertex 12.6883 -17.017 55.8
      vertex 12.7713 -17.0807 55.8
    endloop
  endfacet
  facet normal 0.999034 -0.0439346 0
    outer loop
      vertex 10.8 -18 57.6
      vertex 10.8046 -17.8954 55.8
      vertex 10.8046 -17.8954 57.6
    endloop
  endfacet
  facet normal 0.999034 -0.0439346 0
    outer loop
      vertex 10.8046 -17.8954 55.8
      vertex 10.8 -18 57.6
      vertex 10.8 -18 55.8
    endloop
  endfacet
  facet normal 0.0439346 -0.999034 0
    outer loop
      vertex 11.8954 -16.8046 55.8
      vertex 12 -16.8 57.6
      vertex 11.8954 -16.8046 57.6
    endloop
  endfacet
  facet normal 0.0439346 -0.999034 0
    outer loop
      vertex 12 -16.8 57.6
      vertex 11.8954 -16.8046 55.8
      vertex 12 -16.8 55.8
    endloop
  endfacet
  facet normal 0.300994 -0.953626 0
    outer loop
      vertex 11.5896 -16.8724 55.8
      vertex 11.6894 -16.8409 57.6
      vertex 11.5896 -16.8724 57.6
    endloop
  endfacet
  facet normal 0.300994 -0.953626 0
    outer loop
      vertex 11.6894 -16.8409 57.6
      vertex 11.5896 -16.8724 55.8
      vertex 11.6894 -16.8409 55.8
    endloop
  endfacet
  facet normal -0.382239 0.924063 0
    outer loop
      vertex 12.5071 -19.0876 55.8
      vertex 12.4104 -19.1276 57.6
      vertex 12.5071 -19.0876 57.6
    endloop
  endfacet
  facet normal -0.382239 0.924063 0
    outer loop
      vertex 12.4104 -19.1276 57.6
      vertex 12.5071 -19.0876 55.8
      vertex 12.4104 -19.1276 55.8
    endloop
  endfacet
  facet normal -0.0439346 0.999034 0
    outer loop
      vertex 12.1046 -19.1954 55.8
      vertex 12 -19.2 57.6
      vertex 12.1046 -19.1954 57.6
    endloop
  endfacet
  facet normal -0.0439346 0.999034 0
    outer loop
      vertex 12 -19.2 57.6
      vertex 12.1046 -19.1954 55.8
      vertex 12 -19.2 55.8
    endloop
  endfacet
  facet normal -0.462044 -0.886857 0
    outer loop
      vertex 12.5071 -16.9124 55.8
      vertex 12.6 -16.9608 57.6
      vertex 12.5071 -16.9124 57.6
    endloop
  endfacet
  facet normal -0.462044 -0.886857 -0
    outer loop
      vertex 12.6 -16.9608 57.6
      vertex 12.5071 -16.9124 55.8
      vertex 12.6 -16.9608 55.8
    endloop
  endfacet
  facet normal 0.886857 -0.462044 0
    outer loop
      vertex 10.9124 -17.4929 57.6
      vertex 10.9608 -17.4 55.8
      vertex 10.9608 -17.4 57.6
    endloop
  endfacet
  facet normal 0.886857 -0.462044 0
    outer loop
      vertex 10.9608 -17.4 55.8
      vertex 10.9124 -17.4929 57.6
      vertex 10.9124 -17.4929 55.8
    endloop
  endfacet
  facet normal -0.675898 -0.736996 0
    outer loop
      vertex 12.7713 -17.0807 55.8
      vertex 12.8485 -17.1515 57.6
      vertex 12.7713 -17.0807 57.6
    endloop
  endfacet
  facet normal -0.675898 -0.736996 -0
    outer loop
      vertex 12.8485 -17.1515 57.6
      vertex 12.7713 -17.0807 55.8
      vertex 12.8485 -17.1515 55.8
    endloop
  endfacet
  facet normal -0.216829 -0.97621 0
    outer loop
      vertex 12.2084 -16.8182 55.8
      vertex 12.3106 -16.8409 57.6
      vertex 12.2084 -16.8182 57.6
    endloop
  endfacet
  facet normal -0.216829 -0.97621 -0
    outer loop
      vertex 12.3106 -16.8409 57.6
      vertex 12.2084 -16.8182 55.8
      vertex 12.3106 -16.8409 55.8
    endloop
  endfacet
  facet normal 0.924063 -0.382239 0
    outer loop
      vertex 10.8724 -17.5896 57.6
      vertex 10.9124 -17.4929 55.8
      vertex 10.9124 -17.4929 57.6
    endloop
  endfacet
  facet normal 0.924063 -0.382239 0
    outer loop
      vertex 10.9124 -17.4929 55.8
      vertex 10.8724 -17.5896 57.6
      vertex 10.8724 -17.5896 55.8
    endloop
  endfacet
  facet normal 0.793299 -0.608833 0
    outer loop
      vertex 11.017 -17.3117 57.6
      vertex 11.0807 -17.2287 55.8
      vertex 11.0807 -17.2287 57.6
    endloop
  endfacet
  facet normal 0.793299 -0.608833 0
    outer loop
      vertex 11.0807 -17.2287 55.8
      vertex 11.017 -17.3117 57.6
      vertex 11.017 -17.3117 55.8
    endloop
  endfacet
  facet normal 0.382239 -0.924063 0
    outer loop
      vertex 11.4929 -16.9124 55.8
      vertex 11.5896 -16.8724 57.6
      vertex 11.4929 -16.9124 57.6
    endloop
  endfacet
  facet normal 0.382239 -0.924063 0
    outer loop
      vertex 11.5896 -16.8724 57.6
      vertex 11.4929 -16.9124 55.8
      vertex 11.5896 -16.8724 55.8
    endloop
  endfacet
  facet normal -0.953626 0.300994 0
    outer loop
      vertex 13.1276 -18.4104 55.8
      vertex 13.1591 -18.3106 57.6
      vertex 13.1591 -18.3106 55.8
    endloop
  endfacet
  facet normal -0.953626 0.300994 0
    outer loop
      vertex 13.1591 -18.3106 57.6
      vertex 13.1276 -18.4104 55.8
      vertex 13.1276 -18.4104 57.6
    endloop
  endfacet
  facet normal -0.129911 0.991526 0
    outer loop
      vertex 12.2084 -19.1818 55.8
      vertex 12.1046 -19.1954 57.6
      vertex 12.2084 -19.1818 57.6
    endloop
  endfacet
  facet normal -0.129911 0.991526 0
    outer loop
      vertex 12.1046 -19.1954 57.6
      vertex 12.2084 -19.1818 55.8
      vertex 12.1046 -19.1954 55.8
    endloop
  endfacet
  facet normal -0.793299 0.608833 0
    outer loop
      vertex 12.9193 -18.7713 55.8
      vertex 12.983 -18.6883 57.6
      vertex 12.983 -18.6883 55.8
    endloop
  endfacet
  facet normal -0.793299 0.608833 0
    outer loop
      vertex 12.983 -18.6883 57.6
      vertex 12.9193 -18.7713 55.8
      vertex 12.9193 -18.7713 57.6
    endloop
  endfacet
  facet normal -0.793299 -0.608833 0
    outer loop
      vertex 12.983 -17.3117 55.8
      vertex 12.9193 -17.2287 57.6
      vertex 12.9193 -17.2287 55.8
    endloop
  endfacet
  facet normal -0.793299 -0.608833 0
    outer loop
      vertex 12.9193 -17.2287 57.6
      vertex 12.983 -17.3117 55.8
      vertex 12.983 -17.3117 57.6
    endloop
  endfacet
  facet normal 0.675898 -0.736996 0
    outer loop
      vertex 11.1515 -17.1515 55.8
      vertex 11.2287 -17.0807 57.6
      vertex 11.1515 -17.1515 57.6
    endloop
  endfacet
  facet normal 0.675898 -0.736996 0
    outer loop
      vertex 11.2287 -17.0807 57.6
      vertex 11.1515 -17.1515 55.8
      vertex 11.2287 -17.0807 55.8
    endloop
  endfacet
  facet normal -0.999034 0.0439346 0
    outer loop
      vertex 13.1954 -18.1046 55.8
      vertex 13.2 -18 57.6
      vertex 13.2 -18 55.8
    endloop
  endfacet
  facet normal -0.999034 0.0439346 0
    outer loop
      vertex 13.2 -18 57.6
      vertex 13.1954 -18.1046 55.8
      vertex 13.1954 -18.1046 57.6
    endloop
  endfacet
  facet normal 0.999034 0.0439346 0
    outer loop
      vertex 10.8046 -18.1046 57.6
      vertex 10.8 -18 55.8
      vertex 10.8 -18 57.6
    endloop
  endfacet
  facet normal 0.999034 0.0439346 0
    outer loop
      vertex 10.8 -18 55.8
      vertex 10.8046 -18.1046 57.6
      vertex 10.8046 -18.1046 55.8
    endloop
  endfacet
  facet normal -0.886857 -0.462044 0
    outer loop
      vertex 13.0876 -17.4929 55.8
      vertex 13.0392 -17.4 57.6
      vertex 13.0392 -17.4 55.8
    endloop
  endfacet
  facet normal -0.886857 -0.462044 0
    outer loop
      vertex 13.0392 -17.4 57.6
      vertex 13.0876 -17.4929 55.8
      vertex 13.0876 -17.4929 57.6
    endloop
  endfacet
  facet normal -0.129911 -0.991526 0
    outer loop
      vertex 12.1046 -16.8046 55.8
      vertex 12.2084 -16.8182 57.6
      vertex 12.1046 -16.8046 57.6
    endloop
  endfacet
  facet normal -0.129911 -0.991526 -0
    outer loop
      vertex 12.2084 -16.8182 57.6
      vertex 12.1046 -16.8046 55.8
      vertex 12.2084 -16.8182 55.8
    endloop
  endfacet
  facet normal -0.382239 -0.924063 0
    outer loop
      vertex 12.4104 -16.8724 55.8
      vertex 12.5071 -16.9124 57.6
      vertex 12.4104 -16.8724 57.6
    endloop
  endfacet
  facet normal -0.382239 -0.924063 -0
    outer loop
      vertex 12.5071 -16.9124 57.6
      vertex 12.4104 -16.8724 55.8
      vertex 12.5071 -16.9124 55.8
    endloop
  endfacet
  facet normal -0.736996 -0.675898 0
    outer loop
      vertex 12.9193 -17.2287 55.8
      vertex 12.8485 -17.1515 57.6
      vertex 12.8485 -17.1515 55.8
    endloop
  endfacet
  facet normal -0.736996 -0.675898 0
    outer loop
      vertex 12.8485 -17.1515 57.6
      vertex 12.9193 -17.2287 55.8
      vertex 12.9193 -17.2287 57.6
    endloop
  endfacet
  facet normal -0.462044 0.886857 0
    outer loop
      vertex 12.6 -19.0392 55.8
      vertex 12.5071 -19.0876 57.6
      vertex 12.6 -19.0392 57.6
    endloop
  endfacet
  facet normal -0.462044 0.886857 0
    outer loop
      vertex 12.5071 -19.0876 57.6
      vertex 12.6 -19.0392 55.8
      vertex 12.5071 -19.0876 55.8
    endloop
  endfacet
  facet normal 0.991526 0.129911 0
    outer loop
      vertex 10.8182 -18.2084 57.6
      vertex 10.8046 -18.1046 55.8
      vertex 10.8046 -18.1046 57.6
    endloop
  endfacet
  facet normal 0.991526 0.129911 0
    outer loop
      vertex 10.8046 -18.1046 55.8
      vertex 10.8182 -18.2084 57.6
      vertex 10.8182 -18.2084 55.8
    endloop
  endfacet
  facet normal -0.536937 0.843622 0
    outer loop
      vertex 12.6883 -18.983 55.8
      vertex 12.6 -19.0392 57.6
      vertex 12.6883 -18.983 57.6
    endloop
  endfacet
  facet normal -0.536937 0.843622 0
    outer loop
      vertex 12.6 -19.0392 57.6
      vertex 12.6883 -18.983 55.8
      vertex 12.6 -19.0392 55.8
    endloop
  endfacet
  facet normal -0.924063 0.382239 0
    outer loop
      vertex 13.0876 -18.5071 55.8
      vertex 13.1276 -18.4104 57.6
      vertex 13.1276 -18.4104 55.8
    endloop
  endfacet
  facet normal -0.924063 0.382239 0
    outer loop
      vertex 13.1276 -18.4104 57.6
      vertex 13.0876 -18.5071 55.8
      vertex 13.0876 -18.5071 57.6
    endloop
  endfacet
  facet normal 0.843622 0.536937 0
    outer loop
      vertex 11.017 -18.6883 57.6
      vertex 10.9608 -18.6 55.8
      vertex 10.9608 -18.6 57.6
    endloop
  endfacet
  facet normal 0.843622 0.536937 0
    outer loop
      vertex 10.9608 -18.6 55.8
      vertex 11.017 -18.6883 57.6
      vertex 11.017 -18.6883 55.8
    endloop
  endfacet
  facet normal -0.886857 0.462044 0
    outer loop
      vertex 13.0392 -18.6 55.8
      vertex 13.0876 -18.5071 57.6
      vertex 13.0876 -18.5071 55.8
    endloop
  endfacet
  facet normal -0.886857 0.462044 0
    outer loop
      vertex 13.0876 -18.5071 57.6
      vertex 13.0392 -18.6 55.8
      vertex 13.0392 -18.6 57.6
    endloop
  endfacet
  facet normal -0.843622 -0.536937 0
    outer loop
      vertex 13.0392 -17.4 55.8
      vertex 12.983 -17.3117 57.6
      vertex 12.983 -17.3117 55.8
    endloop
  endfacet
  facet normal -0.843622 -0.536937 0
    outer loop
      vertex 12.983 -17.3117 57.6
      vertex 13.0392 -17.4 55.8
      vertex 13.0392 -17.4 57.6
    endloop
  endfacet
  facet normal 0.953626 -0.300994 0
    outer loop
      vertex 10.8409 -17.6894 57.6
      vertex 10.8724 -17.5896 55.8
      vertex 10.8724 -17.5896 57.6
    endloop
  endfacet
  facet normal 0.953626 -0.300994 0
    outer loop
      vertex 10.8724 -17.5896 55.8
      vertex 10.8409 -17.6894 57.6
      vertex 10.8409 -17.6894 55.8
    endloop
  endfacet
  facet normal -0.97621 0.216829 0
    outer loop
      vertex 13.1591 -18.3106 55.8
      vertex 13.1818 -18.2084 57.6
      vertex 13.1818 -18.2084 55.8
    endloop
  endfacet
  facet normal -0.97621 0.216829 0
    outer loop
      vertex 13.1818 -18.2084 57.6
      vertex 13.1591 -18.3106 55.8
      vertex 13.1591 -18.3106 57.6
    endloop
  endfacet
  facet normal 0.382239 0.924063 -0
    outer loop
      vertex 11.5896 -19.1276 55.8
      vertex 11.4929 -19.0876 57.6
      vertex 11.5896 -19.1276 57.6
    endloop
  endfacet
  facet normal 0.382239 0.924063 0
    outer loop
      vertex 11.4929 -19.0876 57.6
      vertex 11.5896 -19.1276 55.8
      vertex 11.4929 -19.0876 55.8
    endloop
  endfacet
  facet normal 0.216829 -0.97621 0
    outer loop
      vertex 11.6894 -16.8409 55.8
      vertex 11.7916 -16.8182 57.6
      vertex 11.6894 -16.8409 57.6
    endloop
  endfacet
  facet normal 0.216829 -0.97621 0
    outer loop
      vertex 11.7916 -16.8182 57.6
      vertex 11.6894 -16.8409 55.8
      vertex 11.7916 -16.8182 55.8
    endloop
  endfacet
  facet normal 0.129911 -0.991526 0
    outer loop
      vertex 11.7916 -16.8182 55.8
      vertex 11.8954 -16.8046 57.6
      vertex 11.7916 -16.8182 57.6
    endloop
  endfacet
  facet normal 0.129911 -0.991526 0
    outer loop
      vertex 11.8954 -16.8046 57.6
      vertex 11.7916 -16.8182 55.8
      vertex 11.8954 -16.8046 55.8
    endloop
  endfacet
  facet normal 0.675898 0.736996 -0
    outer loop
      vertex 11.2287 -18.9193 55.8
      vertex 11.1515 -18.8485 57.6
      vertex 11.2287 -18.9193 57.6
    endloop
  endfacet
  facet normal 0.675898 0.736996 0
    outer loop
      vertex 11.1515 -18.8485 57.6
      vertex 11.2287 -18.9193 55.8
      vertex 11.1515 -18.8485 55.8
    endloop
  endfacet
  facet normal 0.886857 0.462044 0
    outer loop
      vertex 10.9608 -18.6 57.6
      vertex 10.9124 -18.5071 55.8
      vertex 10.9124 -18.5071 57.6
    endloop
  endfacet
  facet normal 0.886857 0.462044 0
    outer loop
      vertex 10.9124 -18.5071 55.8
      vertex 10.9608 -18.6 57.6
      vertex 10.9608 -18.6 55.8
    endloop
  endfacet
  facet normal 0.924063 0.382239 0
    outer loop
      vertex 10.9124 -18.5071 57.6
      vertex 10.8724 -18.4104 55.8
      vertex 10.8724 -18.4104 57.6
    endloop
  endfacet
  facet normal 0.924063 0.382239 0
    outer loop
      vertex 10.8724 -18.4104 55.8
      vertex 10.9124 -18.5071 57.6
      vertex 10.9124 -18.5071 55.8
    endloop
  endfacet
  facet normal -0.736996 0.675898 0
    outer loop
      vertex 12.8485 -18.8485 55.8
      vertex 12.9193 -18.7713 57.6
      vertex 12.9193 -18.7713 55.8
    endloop
  endfacet
  facet normal -0.736996 0.675898 0
    outer loop
      vertex 12.9193 -18.7713 57.6
      vertex 12.8485 -18.8485 55.8
      vertex 12.8485 -18.8485 57.6
    endloop
  endfacet
  facet normal 0.793299 0.608833 0
    outer loop
      vertex 11.0807 -18.7713 57.6
      vertex 11.017 -18.6883 55.8
      vertex 11.017 -18.6883 57.6
    endloop
  endfacet
  facet normal 0.793299 0.608833 0
    outer loop
      vertex 11.017 -18.6883 55.8
      vertex 11.0807 -18.7713 57.6
      vertex 11.0807 -18.7713 55.8
    endloop
  endfacet
  facet normal 0.953626 0.300994 0
    outer loop
      vertex 10.8724 -18.4104 57.6
      vertex 10.8409 -18.3106 55.8
      vertex 10.8409 -18.3106 57.6
    endloop
  endfacet
  facet normal 0.953626 0.300994 0
    outer loop
      vertex 10.8409 -18.3106 55.8
      vertex 10.8724 -18.4104 57.6
      vertex 10.8724 -18.4104 55.8
    endloop
  endfacet
  facet normal -0.953626 -0.300994 0
    outer loop
      vertex 13.1591 -17.6894 55.8
      vertex 13.1276 -17.5896 57.6
      vertex 13.1276 -17.5896 55.8
    endloop
  endfacet
  facet normal -0.953626 -0.300994 0
    outer loop
      vertex 13.1276 -17.5896 57.6
      vertex 13.1591 -17.6894 55.8
      vertex 13.1591 -17.6894 57.6
    endloop
  endfacet
  facet normal 0.300994 0.953626 -0
    outer loop
      vertex 11.6894 -19.1591 55.8
      vertex 11.5896 -19.1276 57.6
      vertex 11.6894 -19.1591 57.6
    endloop
  endfacet
  facet normal 0.300994 0.953626 0
    outer loop
      vertex 11.5896 -19.1276 57.6
      vertex 11.6894 -19.1591 55.8
      vertex 11.5896 -19.1276 55.8
    endloop
  endfacet
  facet normal 0.97621 0.216829 0
    outer loop
      vertex 10.8409 -18.3106 57.6
      vertex 10.8182 -18.2084 55.8
      vertex 10.8182 -18.2084 57.6
    endloop
  endfacet
  facet normal 0.97621 0.216829 0
    outer loop
      vertex 10.8182 -18.2084 55.8
      vertex 10.8409 -18.3106 57.6
      vertex 10.8409 -18.3106 55.8
    endloop
  endfacet
  facet normal 0.843622 -0.536937 0
    outer loop
      vertex 10.9608 -17.4 57.6
      vertex 11.017 -17.3117 55.8
      vertex 11.017 -17.3117 57.6
    endloop
  endfacet
  facet normal 0.843622 -0.536937 0
    outer loop
      vertex 11.017 -17.3117 55.8
      vertex 10.9608 -17.4 57.6
      vertex 10.9608 -17.4 55.8
    endloop
  endfacet
  facet normal 0.736996 -0.675898 0
    outer loop
      vertex 11.0807 -17.2287 57.6
      vertex 11.1515 -17.1515 55.8
      vertex 11.1515 -17.1515 57.6
    endloop
  endfacet
  facet normal 0.736996 -0.675898 0
    outer loop
      vertex 11.1515 -17.1515 55.8
      vertex 11.0807 -17.2287 57.6
      vertex 11.0807 -17.2287 55.8
    endloop
  endfacet
  facet normal 0.462044 -0.886857 0
    outer loop
      vertex 11.4 -16.9608 55.8
      vertex 11.4929 -16.9124 57.6
      vertex 11.4 -16.9608 57.6
    endloop
  endfacet
  facet normal 0.462044 -0.886857 0
    outer loop
      vertex 11.4929 -16.9124 57.6
      vertex 11.4 -16.9608 55.8
      vertex 11.4929 -16.9124 55.8
    endloop
  endfacet
  facet normal -0.608833 0.793299 0
    outer loop
      vertex 12.7713 -18.9193 55.8
      vertex 12.6883 -18.983 57.6
      vertex 12.7713 -18.9193 57.6
    endloop
  endfacet
  facet normal -0.608833 0.793299 0
    outer loop
      vertex 12.6883 -18.983 57.6
      vertex 12.7713 -18.9193 55.8
      vertex 12.6883 -18.983 55.8
    endloop
  endfacet
  facet normal 0.536937 0.843622 -0
    outer loop
      vertex 11.4 -19.0392 55.8
      vertex 11.3117 -18.983 57.6
      vertex 11.4 -19.0392 57.6
    endloop
  endfacet
  facet normal 0.536937 0.843622 0
    outer loop
      vertex 11.3117 -18.983 57.6
      vertex 11.4 -19.0392 55.8
      vertex 11.3117 -18.983 55.8
    endloop
  endfacet
  facet normal 0.97621 -0.216829 0
    outer loop
      vertex 10.8182 -17.7916 57.6
      vertex 10.8409 -17.6894 55.8
      vertex 10.8409 -17.6894 57.6
    endloop
  endfacet
  facet normal 0.97621 -0.216829 0
    outer loop
      vertex 10.8409 -17.6894 55.8
      vertex 10.8182 -17.7916 57.6
      vertex 10.8182 -17.7916 55.8
    endloop
  endfacet
  facet normal -0.216829 0.97621 0
    outer loop
      vertex 12.3106 -19.1591 55.8
      vertex 12.2084 -19.1818 57.6
      vertex 12.3106 -19.1591 57.6
    endloop
  endfacet
  facet normal -0.216829 0.97621 0
    outer loop
      vertex 12.2084 -19.1818 57.6
      vertex 12.3106 -19.1591 55.8
      vertex 12.2084 -19.1818 55.8
    endloop
  endfacet
  facet normal 0.991526 -0.129911 0
    outer loop
      vertex 10.8046 -17.8954 57.6
      vertex 10.8182 -17.7916 55.8
      vertex 10.8182 -17.7916 57.6
    endloop
  endfacet
  facet normal 0.991526 -0.129911 0
    outer loop
      vertex 10.8182 -17.7916 55.8
      vertex 10.8046 -17.8954 57.6
      vertex 10.8046 -17.8954 55.8
    endloop
  endfacet
  facet normal 0.536937 -0.843622 0
    outer loop
      vertex 11.3117 -17.017 55.8
      vertex 11.4 -16.9608 57.6
      vertex 11.3117 -17.017 57.6
    endloop
  endfacet
  facet normal 0.536937 -0.843622 0
    outer loop
      vertex 11.4 -16.9608 57.6
      vertex 11.3117 -17.017 55.8
      vertex 11.4 -16.9608 55.8
    endloop
  endfacet
  facet normal -0.675898 0.736996 0
    outer loop
      vertex 12.8485 -18.8485 55.8
      vertex 12.7713 -18.9193 57.6
      vertex 12.8485 -18.8485 57.6
    endloop
  endfacet
  facet normal -0.675898 0.736996 0
    outer loop
      vertex 12.7713 -18.9193 57.6
      vertex 12.8485 -18.8485 55.8
      vertex 12.7713 -18.9193 55.8
    endloop
  endfacet
  facet normal 0 0 1
    outer loop
      vertex 13.1954 -17.8954 55.8
      vertex 13.1954 -18.1046 55.8
      vertex 13.2 -18 55.8
    endloop
  endfacet
  facet normal 0 0 1
    outer loop
      vertex 13.1818 -17.7916 55.8
      vertex 13.1954 -18.1046 55.8
      vertex 13.1954 -17.8954 55.8
    endloop
  endfacet
  facet normal 0 0 1
    outer loop
      vertex 13.1818 -17.7916 55.8
      vertex 13.1818 -18.2084 55.8
      vertex 13.1954 -18.1046 55.8
    endloop
  endfacet
  facet normal 0 0 1
    outer loop
      vertex 13.1591 -17.6894 55.8
      vertex 13.1818 -18.2084 55.8
      vertex 13.1818 -17.7916 55.8
    endloop
  endfacet
  facet normal 0 0 1
    outer loop
      vertex 13.1591 -17.6894 55.8
      vertex 13.1591 -18.3106 55.8
      vertex 13.1818 -18.2084 55.8
    endloop
  endfacet
  facet normal 0 0 1
    outer loop
      vertex 13.1276 -17.5896 55.8
      vertex 13.1591 -18.3106 55.8
      vertex 13.1591 -17.6894 55.8
    endloop
  endfacet
  facet normal 0 0 1
    outer loop
      vertex 13.1276 -17.5896 55.8
      vertex 13.1276 -18.4104 55.8
      vertex 13.1591 -18.3106 55.8
    endloop
  endfacet
  facet normal 0 0 1
    outer loop
      vertex 13.0876 -17.4929 55.8
      vertex 13.1276 -18.4104 55.8
      vertex 13.1276 -17.5896 55.8
    endloop
  endfacet
  facet normal 0 0 1
    outer loop
      vertex 13.0876 -17.4929 55.8
      vertex 13.0876 -18.5071 55.8
      vertex 13.1276 -18.4104 55.8
    endloop
  endfacet
  facet normal 0 0 1
    outer loop
      vertex 13.0392 -17.4 55.8
      vertex 13.0876 -18.5071 55.8
      vertex 13.0876 -17.4929 55.8
    endloop
  endfacet
  facet normal 0 0 1
    outer loop
      vertex 13.0392 -17.4 55.8
      vertex 13.0392 -18.6 55.8
      vertex 13.0876 -18.5071 55.8
    endloop
  endfacet
  facet normal 0 0 1
    outer loop
      vertex 12.983 -17.3117 55.8
      vertex 13.0392 -18.6 55.8
      vertex 13.0392 -17.4 55.8
    endloop
  endfacet
  facet normal 0 0 1
    outer loop
      vertex 12.983 -17.3117 55.8
      vertex 12.983 -18.6883 55.8
      vertex 13.0392 -18.6 55.8
    endloop
  endfacet
  facet normal 0 0 1
    outer loop
      vertex 12.9193 -17.2287 55.8
      vertex 12.983 -18.6883 55.8
      vertex 12.983 -17.3117 55.8
    endloop
  endfacet
  facet normal 0 0 1
    outer loop
      vertex 12.9193 -17.2287 55.8
      vertex 12.9193 -18.7713 55.8
      vertex 12.983 -18.6883 55.8
    endloop
  endfacet
  facet normal 0 0 1
    outer loop
      vertex 12.8485 -17.1515 55.8
      vertex 12.9193 -18.7713 55.8
      vertex 12.9193 -17.2287 55.8
    endloop
  endfacet
  facet normal 0 0 1
    outer loop
      vertex 12.8485 -17.1515 55.8
      vertex 12.8485 -18.8485 55.8
      vertex 12.9193 -18.7713 55.8
    endloop
  endfacet
  facet normal 0 0 1
    outer loop
      vertex 12.7713 -17.0807 55.8
      vertex 12.8485 -18.8485 55.8
      vertex 12.8485 -17.1515 55.8
    endloop
  endfacet
  facet normal 0 0 1
    outer loop
      vertex 12.7713 -17.0807 55.8
      vertex 12.7713 -18.9193 55.8
      vertex 12.8485 -18.8485 55.8
    endloop
  endfacet
  facet normal 0 0 1
    outer loop
      vertex 12.6883 -17.017 55.8
      vertex 12.7713 -18.9193 55.8
      vertex 12.7713 -17.0807 55.8
    endloop
  endfacet
  facet normal 0 0 1
    outer loop
      vertex 12.6883 -17.017 55.8
      vertex 12.6883 -18.983 55.8
      vertex 12.7713 -18.9193 55.8
    endloop
  endfacet
  facet normal 0 0 1
    outer loop
      vertex 12.6 -16.9608 55.8
      vertex 12.6883 -18.983 55.8
      vertex 12.6883 -17.017 55.8
    endloop
  endfacet
  facet normal 0 0 1
    outer loop
      vertex 12.6 -16.9608 55.8
      vertex 12.6 -19.0392 55.8
      vertex 12.6883 -18.983 55.8
    endloop
  endfacet
  facet normal 0 0 1
    outer loop
      vertex 12.5071 -16.9124 55.8
      vertex 12.6 -19.0392 55.8
      vertex 12.6 -16.9608 55.8
    endloop
  endfacet
  facet normal 0 0 1
    outer loop
      vertex 12.5071 -16.9124 55.8
      vertex 12.5071 -19.0876 55.8
      vertex 12.6 -19.0392 55.8
    endloop
  endfacet
  facet normal 0 0 1
    outer loop
      vertex 12.4104 -16.8724 55.8
      vertex 12.5071 -19.0876 55.8
      vertex 12.5071 -16.9124 55.8
    endloop
  endfacet
  facet normal 0 0 1
    outer loop
      vertex 12.4104 -16.8724 55.8
      vertex 12.4104 -19.1276 55.8
      vertex 12.5071 -19.0876 55.8
    endloop
  endfacet
  facet normal 0 0 1
    outer loop
      vertex 12.3106 -16.8409 55.8
      vertex 12.4104 -19.1276 55.8
      vertex 12.4104 -16.8724 55.8
    endloop
  endfacet
  facet normal 0 0 1
    outer loop
      vertex 12.3106 -16.8409 55.8
      vertex 12.3106 -19.1591 55.8
      vertex 12.4104 -19.1276 55.8
    endloop
  endfacet
  facet normal 0 0 1
    outer loop
      vertex 12.2084 -16.8182 55.8
      vertex 12.3106 -19.1591 55.8
      vertex 12.3106 -16.8409 55.8
    endloop
  endfacet
  facet normal 0 0 1
    outer loop
      vertex 12.2084 -16.8182 55.8
      vertex 12.2084 -19.1818 55.8
      vertex 12.3106 -19.1591 55.8
    endloop
  endfacet
  facet normal 0 0 1
    outer loop
      vertex 12.1046 -16.8046 55.8
      vertex 12.2084 -19.1818 55.8
      vertex 12.2084 -16.8182 55.8
    endloop
  endfacet
  facet normal 0 0 1
    outer loop
      vertex 12.1046 -16.8046 55.8
      vertex 12.1046 -19.1954 55.8
      vertex 12.2084 -19.1818 55.8
    endloop
  endfacet
  facet normal 0 0 1
    outer loop
      vertex 12 -16.8 55.8
      vertex 12.1046 -19.1954 55.8
      vertex 12.1046 -16.8046 55.8
    endloop
  endfacet
  facet normal 0 0 1
    outer loop
      vertex 12 -16.8 55.8
      vertex 12 -19.2 55.8
      vertex 12.1046 -19.1954 55.8
    endloop
  endfacet
  facet normal -0 0 1
    outer loop
      vertex 11.8954 -16.8046 55.8
      vertex 12 -19.2 55.8
      vertex 12 -16.8 55.8
    endloop
  endfacet
  facet normal 0 0 1
    outer loop
      vertex 11.8954 -16.8046 55.8
      vertex 11.8954 -19.1954 55.8
      vertex 12 -19.2 55.8
    endloop
  endfacet
  facet normal -0 0 1
    outer loop
      vertex 11.7916 -16.8182 55.8
      vertex 11.8954 -19.1954 55.8
      vertex 11.8954 -16.8046 55.8
    endloop
  endfacet
  facet normal 0 0 1
    outer loop
      vertex 11.7916 -16.8182 55.8
      vertex 11.7916 -19.1818 55.8
      vertex 11.8954 -19.1954 55.8
    endloop
  endfacet
  facet normal -0 0 1
    outer loop
      vertex 11.6894 -16.8409 55.8
      vertex 11.7916 -19.1818 55.8
      vertex 11.7916 -16.8182 55.8
    endloop
  endfacet
  facet normal 0 0 1
    outer loop
      vertex 11.6894 -16.8409 55.8
      vertex 11.6894 -19.1591 55.8
      vertex 11.7916 -19.1818 55.8
    endloop
  endfacet
  facet normal -0 0 1
    outer loop
      vertex 11.5896 -16.8724 55.8
      vertex 11.6894 -19.1591 55.8
      vertex 11.6894 -16.8409 55.8
    endloop
  endfacet
  facet normal 0 0 1
    outer loop
      vertex 11.5896 -16.8724 55.8
      vertex 11.5896 -19.1276 55.8
      vertex 11.6894 -19.1591 55.8
    endloop
  endfacet
  facet normal -0 0 1
    outer loop
      vertex 11.4929 -16.9124 55.8
      vertex 11.5896 -19.1276 55.8
      vertex 11.5896 -16.8724 55.8
    endloop
  endfacet
  facet normal 0 0 1
    outer loop
      vertex 11.4929 -16.9124 55.8
      vertex 11.4929 -19.0876 55.8
      vertex 11.5896 -19.1276 55.8
    endloop
  endfacet
  facet normal -0 0 1
    outer loop
      vertex 11.4 -16.9608 55.8
      vertex 11.4929 -19.0876 55.8
      vertex 11.4929 -16.9124 55.8
    endloop
  endfacet
  facet normal 0 0 1
    outer loop
      vertex 11.4 -16.9608 55.8
      vertex 11.4 -19.0392 55.8
      vertex 11.4929 -19.0876 55.8
    endloop
  endfacet
  facet normal -0 0 1
    outer loop
      vertex 11.3117 -17.017 55.8
      vertex 11.4 -19.0392 55.8
      vertex 11.4 -16.9608 55.8
    endloop
  endfacet
  facet normal 0 0 1
    outer loop
      vertex 11.3117 -17.017 55.8
      vertex 11.3117 -18.983 55.8
      vertex 11.4 -19.0392 55.8
    endloop
  endfacet
  facet normal -0 0 1
    outer loop
      vertex 11.2287 -17.0807 55.8
      vertex 11.3117 -18.983 55.8
      vertex 11.3117 -17.017 55.8
    endloop
  endfacet
  facet normal 0 0 1
    outer loop
      vertex 11.2287 -17.0807 55.8
      vertex 11.2287 -18.9193 55.8
      vertex 11.3117 -18.983 55.8
    endloop
  endfacet
  facet normal -0 0 1
    outer loop
      vertex 11.1515 -17.1515 55.8
      vertex 11.2287 -18.9193 55.8
      vertex 11.2287 -17.0807 55.8
    endloop
  endfacet
  facet normal 0 0 1
    outer loop
      vertex 11.1515 -17.1515 55.8
      vertex 11.1515 -18.8485 55.8
      vertex 11.2287 -18.9193 55.8
    endloop
  endfacet
  facet normal -0 0 1
    outer loop
      vertex 11.0807 -17.2287 55.8
      vertex 11.1515 -18.8485 55.8
      vertex 11.1515 -17.1515 55.8
    endloop
  endfacet
  facet normal 0 0 1
    outer loop
      vertex 11.0807 -17.2287 55.8
      vertex 11.0807 -18.7713 55.8
      vertex 11.1515 -18.8485 55.8
    endloop
  endfacet
  facet normal -0 0 1
    outer loop
      vertex 11.017 -17.3117 55.8
      vertex 11.0807 -18.7713 55.8
      vertex 11.0807 -17.2287 55.8
    endloop
  endfacet
  facet normal 0 0 1
    outer loop
      vertex 11.017 -17.3117 55.8
      vertex 11.017 -18.6883 55.8
      vertex 11.0807 -18.7713 55.8
    endloop
  endfacet
  facet normal -0 0 1
    outer loop
      vertex 10.9608 -17.4 55.8
      vertex 11.017 -18.6883 55.8
      vertex 11.017 -17.3117 55.8
    endloop
  endfacet
  facet normal 0 0 1
    outer loop
      vertex 10.9608 -17.4 55.8
      vertex 10.9608 -18.6 55.8
      vertex 11.017 -18.6883 55.8
    endloop
  endfacet
  facet normal -0 0 1
    outer loop
      vertex 10.9124 -17.4929 55.8
      vertex 10.9608 -18.6 55.8
      vertex 10.9608 -17.4 55.8
    endloop
  endfacet
  facet normal 0 0 1
    outer loop
      vertex 10.9124 -17.4929 55.8
      vertex 10.9124 -18.5071 55.8
      vertex 10.9608 -18.6 55.8
    endloop
  endfacet
  facet normal -0 0 1
    outer loop
      vertex 10.8724 -17.5896 55.8
      vertex 10.9124 -18.5071 55.8
      vertex 10.9124 -17.4929 55.8
    endloop
  endfacet
  facet normal 0 0 1
    outer loop
      vertex 10.8724 -17.5896 55.8
      vertex 10.8724 -18.4104 55.8
      vertex 10.9124 -18.5071 55.8
    endloop
  endfacet
  facet normal -0 0 1
    outer loop
      vertex 10.8409 -17.6894 55.8
      vertex 10.8724 -18.4104 55.8
      vertex 10.8724 -17.5896 55.8
    endloop
  endfacet
  facet normal 0 0 1
    outer loop
      vertex 10.8409 -17.6894 55.8
      vertex 10.8409 -18.3106 55.8
      vertex 10.8724 -18.4104 55.8
    endloop
  endfacet
  facet normal -0 0 1
    outer loop
      vertex 10.8182 -17.7916 55.8
      vertex 10.8409 -18.3106 55.8
      vertex 10.8409 -17.6894 55.8
    endloop
  endfacet
  facet normal 0 0 1
    outer loop
      vertex 10.8182 -17.7916 55.8
      vertex 10.8182 -18.2084 55.8
      vertex 10.8409 -18.3106 55.8
    endloop
  endfacet
  facet normal -0 0 1
    outer loop
      vertex 10.8046 -17.8954 55.8
      vertex 10.8182 -18.2084 55.8
      vertex 10.8182 -17.7916 55.8
    endloop
  endfacet
  facet normal 0 0 1
    outer loop
      vertex 10.8046 -17.8954 55.8
      vertex 10.8046 -18.1046 55.8
      vertex 10.8182 -18.2084 55.8
    endloop
  endfacet
  facet normal 0 -0 1
    outer loop
      vertex 10.8046 -18.1046 55.8
      vertex 10.8046 -17.8954 55.8
      vertex 10.8 -18 55.8
    endloop
  endfacet
  facet normal -0.300994 -0.953626 0
    outer loop
      vertex 12.3106 -16.8409 55.8
      vertex 12.4104 -16.8724 57.6
      vertex 12.3106 -16.8409 57.6
    endloop
  endfacet
  facet normal -0.300994 -0.953626 -0
    outer loop
      vertex 12.4104 -16.8724 57.6
      vertex 12.3106 -16.8409 55.8
      vertex 12.4104 -16.8724 55.8
    endloop
  endfacet
  facet normal 0.462044 0.886857 -0
    outer loop
      vertex 11.4929 -19.0876 55.8
      vertex 11.4 -19.0392 57.6
      vertex 11.4929 -19.0876 57.6
    endloop
  endfacet
  facet normal 0.462044 0.886857 0
    outer loop
      vertex 11.4 -19.0392 57.6
      vertex 11.4929 -19.0876 55.8
      vertex 11.4 -19.0392 55.8
    endloop
  endfacet
  facet normal 0.608833 0.793299 -0
    outer loop
      vertex 11.3117 -18.983 55.8
      vertex 11.2287 -18.9193 57.6
      vertex 11.3117 -18.983 57.6
    endloop
  endfacet
  facet normal 0.608833 0.793299 0
    outer loop
      vertex 11.2287 -18.9193 57.6
      vertex 11.3117 -18.983 55.8
      vertex 11.2287 -18.9193 55.8
    endloop
  endfacet
  facet normal 0.130106 -0.9915 0
    outer loop
      vertex 11.6006 20.2651 0
      vertex 11.7995 20.2912 55.6
      vertex 11.6006 20.2651 55.6
    endloop
  endfacet
  facet normal 0.130106 -0.9915 0
    outer loop
      vertex 11.7995 20.2912 55.6
      vertex 11.6006 20.2651 0
      vertex 11.7995 20.2912 0
    endloop
  endfacet
  facet normal -0.9915 -0.130106 0
    outer loop
      vertex 14.2912 18.2005 0
      vertex 14.2651 18.3994 55.6
      vertex 14.2651 18.3994 0
    endloop
  endfacet
  facet normal -0.9915 -0.130106 0
    outer loop
      vertex 14.2651 18.3994 55.6
      vertex 14.2912 18.2005 0
      vertex 14.2912 18.2005 55.6
    endloop
  endfacet
  facet normal -0.999038 -0.0438481 0
    outer loop
      vertex 14.3 18 0
      vertex 14.2912 18.2005 55.6
      vertex 14.2912 18.2005 0
    endloop
  endfacet
  facet normal -0.999038 -0.0438481 0
    outer loop
      vertex 14.2912 18.2005 55.6
      vertex 14.3 18 0
      vertex 14.3 18 55.6
    endloop
  endfacet
  facet normal -0.976222 -0.216772 0
    outer loop
      vertex 14.2651 18.3994 0
      vertex 14.2216 18.5953 55.6
      vertex 14.2216 18.5953 0
    endloop
  endfacet
  facet normal -0.976222 -0.216772 0
    outer loop
      vertex 14.2216 18.5953 55.6
      vertex 14.2651 18.3994 0
      vertex 14.2651 18.3994 55.6
    endloop
  endfacet
  facet normal -0.999038 0.0438481 0
    outer loop
      vertex 14.2912 17.7995 0
      vertex 14.3 18 55.6
      vertex 14.3 18 0
    endloop
  endfacet
  facet normal -0.999038 0.0438481 0
    outer loop
      vertex 14.3 18 55.6
      vertex 14.2912 17.7995 0
      vertex 14.2912 17.7995 55.6
    endloop
  endfacet
  facet normal 0.608578 0.793494 -0
    outer loop
      vertex 10.6808 16.116 0
      vertex 10.5216 16.2381 55.6
      vertex 10.6808 16.116 55.6
    endloop
  endfacet
  facet normal 0.608578 0.793494 0
    outer loop
      vertex 10.5216 16.2381 55.6
      vertex 10.6808 16.116 0
      vertex 10.5216 16.2381 0
    endloop
  endfacet
  facet normal 0.953684 -0.300812 0
    outer loop
      vertex 9.77837 18.5953 55.6
      vertex 9.83871 18.7866 0
      vertex 9.83871 18.7866 55.6
    endloop
  endfacet
  facet normal 0.953684 -0.300812 0
    outer loop
      vertex 9.83871 18.7866 0
      vertex 9.77837 18.5953 55.6
      vertex 9.77837 18.5953 0
    endloop
  endfacet
  facet normal -0.675792 -0.737092 0
    outer loop
      vertex 13.4784 19.7619 0
      vertex 13.6263 19.6263 55.6
      vertex 13.4784 19.7619 55.6
    endloop
  endfacet
  facet normal -0.675792 -0.737092 -0
    outer loop
      vertex 13.6263 19.6263 55.6
      vertex 13.4784 19.7619 0
      vertex 13.6263 19.6263 0
    endloop
  endfacet
  facet normal 0.953684 0.300812 0
    outer loop
      vertex 9.83871 17.2134 55.6
      vertex 9.77837 17.4047 0
      vertex 9.77837 17.4047 55.6
    endloop
  endfacet
  facet normal 0.953684 0.300812 0
    outer loop
      vertex 9.77837 17.4047 0
      vertex 9.83871 17.2134 55.6
      vertex 9.83871 17.2134 0
    endloop
  endfacet
  facet normal 0.793494 0.608578 0
    outer loop
      vertex 10.2381 16.5216 55.6
      vertex 10.116 16.6808 0
      vertex 10.116 16.6808 55.6
    endloop
  endfacet
  facet normal 0.793494 0.608578 0
    outer loop
      vertex 10.116 16.6808 0
      vertex 10.2381 16.5216 55.6
      vertex 10.2381 16.5216 0
    endloop
  endfacet
  facet normal -0.382704 -0.923871 0
    outer loop
      vertex 12.7866 20.1613 0
      vertex 12.972 20.0845 55.6
      vertex 12.7866 20.1613 55.6
    endloop
  endfacet
  facet normal -0.382704 -0.923871 -0
    outer loop
      vertex 12.972 20.0845 55.6
      vertex 12.7866 20.1613 0
      vertex 12.972 20.0845 0
    endloop
  endfacet
  facet normal -0.843148 0.537681 0
    outer loop
      vertex 13.884 16.6808 0
      vertex 13.9919 16.85 55.6
      vertex 13.9919 16.85 0
    endloop
  endfacet
  facet normal -0.843148 0.537681 0
    outer loop
      vertex 13.9919 16.85 55.6
      vertex 13.884 16.6808 0
      vertex 13.884 16.6808 55.6
    endloop
  endfacet
  facet normal -0.737092 -0.675792 0
    outer loop
      vertex 13.7619 19.4784 0
      vertex 13.6263 19.6263 55.6
      vertex 13.6263 19.6263 0
    endloop
  endfacet
  facet normal -0.737092 -0.675792 0
    outer loop
      vertex 13.6263 19.6263 55.6
      vertex 13.7619 19.4784 0
      vertex 13.7619 19.4784 55.6
    endloop
  endfacet
  facet normal -0.793494 -0.608578 0
    outer loop
      vertex 13.884 19.3192 0
      vertex 13.7619 19.4784 55.6
      vertex 13.7619 19.4784 0
    endloop
  endfacet
  facet normal -0.793494 -0.608578 0
    outer loop
      vertex 13.7619 19.4784 55.6
      vertex 13.884 19.3192 0
      vertex 13.884 19.3192 55.6
    endloop
  endfacet
  facet normal -0.537681 -0.843148 0
    outer loop
      vertex 13.15 19.9919 0
      vertex 13.3192 19.884 55.6
      vertex 13.15 19.9919 55.6
    endloop
  endfacet
  facet normal -0.537681 -0.843148 -0
    outer loop
      vertex 13.3192 19.884 55.6
      vertex 13.15 19.9919 0
      vertex 13.3192 19.884 0
    endloop
  endfacet
  facet normal -0.216772 -0.976222 0
    outer loop
      vertex 12.3994 20.2651 0
      vertex 12.5953 20.2216 55.6
      vertex 12.3994 20.2651 55.6
    endloop
  endfacet
  facet normal -0.216772 -0.976222 -0
    outer loop
      vertex 12.5953 20.2216 55.6
      vertex 12.3994 20.2651 0
      vertex 12.5953 20.2216 0
    endloop
  endfacet
  facet normal 0.0438481 0.999038 -0
    outer loop
      vertex 12 15.7 0
      vertex 11.7995 15.7088 55.6
      vertex 12 15.7 55.6
    endloop
  endfacet
  facet normal 0.0438481 0.999038 0
    outer loop
      vertex 11.7995 15.7088 55.6
      vertex 12 15.7 0
      vertex 11.7995 15.7088 0
    endloop
  endfacet
  facet normal 0.216772 -0.976222 0
    outer loop
      vertex 11.4047 20.2216 0
      vertex 11.6006 20.2651 55.6
      vertex 11.4047 20.2216 55.6
    endloop
  endfacet
  facet normal 0.216772 -0.976222 0
    outer loop
      vertex 11.6006 20.2651 55.6
      vertex 11.4047 20.2216 0
      vertex 11.6006 20.2651 0
    endloop
  endfacet
  facet normal 0.793494 -0.608578 0
    outer loop
      vertex 10.116 19.3192 55.6
      vertex 10.2381 19.4784 0
      vertex 10.2381 19.4784 55.6
    endloop
  endfacet
  facet normal 0.793494 -0.608578 0
    outer loop
      vertex 10.2381 19.4784 0
      vertex 10.116 19.3192 55.6
      vertex 10.116 19.3192 0
    endloop
  endfacet
  facet normal 0.991442 0.130547 0
    outer loop
      vertex 9.73494 17.6006 55.6
      vertex 9.70875 17.7995 0
      vertex 9.70875 17.7995 55.6
    endloop
  endfacet
  facet normal 0.991442 0.130547 0
    outer loop
      vertex 9.70875 17.7995 0
      vertex 9.73494 17.6006 55.6
      vertex 9.73494 17.6006 0
    endloop
  endfacet
  facet normal 0.46151 -0.887135 0
    outer loop
      vertex 10.85 19.9919 0
      vertex 11.028 20.0845 55.6
      vertex 10.85 19.9919 55.6
    endloop
  endfacet
  facet normal 0.46151 -0.887135 0
    outer loop
      vertex 11.028 20.0845 55.6
      vertex 10.85 19.9919 0
      vertex 11.028 20.0845 0
    endloop
  endfacet
  facet normal -0.46151 0.887135 0
    outer loop
      vertex 13.15 16.0081 0
      vertex 12.972 15.9155 55.6
      vertex 13.15 16.0081 55.6
    endloop
  endfacet
  facet normal -0.46151 0.887135 0
    outer loop
      vertex 12.972 15.9155 55.6
      vertex 13.15 16.0081 0
      vertex 12.972 15.9155 0
    endloop
  endfacet
  facet normal -0.608578 -0.793494 0
    outer loop
      vertex 13.3192 19.884 0
      vertex 13.4784 19.7619 55.6
      vertex 13.3192 19.884 55.6
    endloop
  endfacet
  facet normal -0.608578 -0.793494 -0
    outer loop
      vertex 13.4784 19.7619 55.6
      vertex 13.3192 19.884 0
      vertex 13.4784 19.7619 0
    endloop
  endfacet
  facet normal -0.9915 0.130106 0
    outer loop
      vertex 14.2651 17.6006 0
      vertex 14.2912 17.7995 55.6
      vertex 14.2912 17.7995 0
    endloop
  endfacet
  facet normal -0.9915 0.130106 0
    outer loop
      vertex 14.2912 17.7995 55.6
      vertex 14.2651 17.6006 0
      vertex 14.2651 17.6006 55.6
    endloop
  endfacet
  facet normal -0.923871 0.382704 0
    outer loop
      vertex 14.0845 17.028 0
      vertex 14.1613 17.2134 55.6
      vertex 14.1613 17.2134 0
    endloop
  endfacet
  facet normal -0.923871 0.382704 0
    outer loop
      vertex 14.1613 17.2134 55.6
      vertex 14.0845 17.028 0
      vertex 14.0845 17.028 55.6
    endloop
  endfacet
  facet normal -0.30063 -0.953741 0
    outer loop
      vertex 12.5953 20.2216 0
      vertex 12.7866 20.1613 55.6
      vertex 12.5953 20.2216 55.6
    endloop
  endfacet
  facet normal -0.30063 -0.953741 -0
    outer loop
      vertex 12.7866 20.1613 55.6
      vertex 12.5953 20.2216 0
      vertex 12.7866 20.1613 0
    endloop
  endfacet
  facet normal 0.0438481 -0.999038 0
    outer loop
      vertex 11.7995 20.2912 0
      vertex 12 20.3 55.6
      vertex 11.7995 20.2912 55.6
    endloop
  endfacet
  facet normal 0.0438481 -0.999038 0
    outer loop
      vertex 12 20.3 55.6
      vertex 11.7995 20.2912 0
      vertex 12 20.3 0
    endloop
  endfacet
  facet normal 0.737092 0.675792 0
    outer loop
      vertex 10.3737 16.3737 55.6
      vertex 10.2381 16.5216 0
      vertex 10.2381 16.5216 55.6
    endloop
  endfacet
  facet normal 0.737092 0.675792 0
    outer loop
      vertex 10.2381 16.5216 0
      vertex 10.3737 16.3737 55.6
      vertex 10.3737 16.3737 0
    endloop
  endfacet
  facet normal 0.887115 -0.461549 0
    outer loop
      vertex 9.91549 18.972 55.6
      vertex 10.0081 19.15 0
      vertex 10.0081 19.15 55.6
    endloop
  endfacet
  facet normal 0.887115 -0.461549 0
    outer loop
      vertex 10.0081 19.15 0
      vertex 9.91549 18.972 55.6
      vertex 9.91549 18.972 0
    endloop
  endfacet
  facet normal -0.216772 0.976222 0
    outer loop
      vertex 12.5953 15.7784 0
      vertex 12.3994 15.7349 55.6
      vertex 12.5953 15.7784 55.6
    endloop
  endfacet
  facet normal -0.216772 0.976222 0
    outer loop
      vertex 12.3994 15.7349 55.6
      vertex 12.5953 15.7784 0
      vertex 12.3994 15.7349 0
    endloop
  endfacet
  facet normal -0.130106 0.9915 0
    outer loop
      vertex 12.3994 15.7349 0
      vertex 12.2005 15.7088 55.6
      vertex 12.3994 15.7349 55.6
    endloop
  endfacet
  facet normal -0.130106 0.9915 0
    outer loop
      vertex 12.2005 15.7088 55.6
      vertex 12.3994 15.7349 0
      vertex 12.2005 15.7088 0
    endloop
  endfacet
  facet normal -0.46151 -0.887135 0
    outer loop
      vertex 12.972 20.0845 0
      vertex 13.15 19.9919 55.6
      vertex 12.972 20.0845 55.6
    endloop
  endfacet
  facet normal -0.46151 -0.887135 -0
    outer loop
      vertex 13.15 19.9919 55.6
      vertex 12.972 20.0845 0
      vertex 13.15 19.9919 0
    endloop
  endfacet
  facet normal -0.0438481 -0.999038 0
    outer loop
      vertex 12 20.3 0
      vertex 12.2005 20.2912 55.6
      vertex 12 20.3 55.6
    endloop
  endfacet
  facet normal -0.0438481 -0.999038 -0
    outer loop
      vertex 12.2005 20.2912 55.6
      vertex 12 20.3 0
      vertex 12.2005 20.2912 0
    endloop
  endfacet
  facet normal 0.30063 0.953741 -0
    outer loop
      vertex 11.4047 15.7784 0
      vertex 11.2134 15.8387 55.6
      vertex 11.4047 15.7784 55.6
    endloop
  endfacet
  facet normal 0.30063 0.953741 0
    outer loop
      vertex 11.2134 15.8387 55.6
      vertex 11.4047 15.7784 0
      vertex 11.2134 15.8387 0
    endloop
  endfacet
  facet normal -0.608578 0.793494 0
    outer loop
      vertex 13.4784 16.2381 0
      vertex 13.3192 16.116 55.6
      vertex 13.4784 16.2381 55.6
    endloop
  endfacet
  facet normal -0.608578 0.793494 0
    outer loop
      vertex 13.3192 16.116 55.6
      vertex 13.4784 16.2381 0
      vertex 13.3192 16.116 0
    endloop
  endfacet
  facet normal 0.537681 0.843148 -0
    outer loop
      vertex 10.85 16.0081 0
      vertex 10.6808 16.116 55.6
      vertex 10.85 16.0081 55.6
    endloop
  endfacet
  facet normal 0.537681 0.843148 0
    outer loop
      vertex 10.6808 16.116 55.6
      vertex 10.85 16.0081 0
      vertex 10.6808 16.116 0
    endloop
  endfacet
  facet normal -0.793494 0.608578 0
    outer loop
      vertex 13.7619 16.5216 0
      vertex 13.884 16.6808 55.6
      vertex 13.884 16.6808 0
    endloop
  endfacet
  facet normal -0.793494 0.608578 0
    outer loop
      vertex 13.884 16.6808 55.6
      vertex 13.7619 16.5216 0
      vertex 13.7619 16.5216 55.6
    endloop
  endfacet
  facet normal -0.976222 0.216772 0
    outer loop
      vertex 14.2216 17.4047 0
      vertex 14.2651 17.6006 55.6
      vertex 14.2651 17.6006 0
    endloop
  endfacet
  facet normal -0.976222 0.216772 0
    outer loop
      vertex 14.2651 17.6006 55.6
      vertex 14.2216 17.4047 0
      vertex 14.2216 17.4047 55.6
    endloop
  endfacet
  facet normal 0.675792 -0.737092 0
    outer loop
      vertex 10.3737 19.6263 0
      vertex 10.5216 19.7619 55.6
      vertex 10.3737 19.6263 55.6
    endloop
  endfacet
  facet normal 0.675792 -0.737092 0
    outer loop
      vertex 10.5216 19.7619 55.6
      vertex 10.3737 19.6263 0
      vertex 10.5216 19.7619 0
    endloop
  endfacet
  facet normal 0.608578 -0.793494 0
    outer loop
      vertex 10.5216 19.7619 0
      vertex 10.6808 19.884 55.6
      vertex 10.5216 19.7619 55.6
    endloop
  endfacet
  facet normal 0.608578 -0.793494 0
    outer loop
      vertex 10.6808 19.884 55.6
      vertex 10.5216 19.7619 0
      vertex 10.6808 19.884 0
    endloop
  endfacet
  facet normal -0.887135 -0.46151 0
    outer loop
      vertex 14.0845 18.972 0
      vertex 13.9919 19.15 55.6
      vertex 13.9919 19.15 0
    endloop
  endfacet
  facet normal -0.887135 -0.46151 0
    outer loop
      vertex 13.9919 19.15 55.6
      vertex 14.0845 18.972 0
      vertex 14.0845 18.972 55.6
    endloop
  endfacet
  facet normal -0.843148 -0.537681 0
    outer loop
      vertex 13.9919 19.15 0
      vertex 13.884 19.3192 55.6
      vertex 13.884 19.3192 0
    endloop
  endfacet
  facet normal -0.843148 -0.537681 0
    outer loop
      vertex 13.884 19.3192 55.6
      vertex 13.9919 19.15 0
      vertex 13.9919 19.15 55.6
    endloop
  endfacet
  facet normal -0.953741 0.30063 0
    outer loop
      vertex 14.1613 17.2134 0
      vertex 14.2216 17.4047 55.6
      vertex 14.2216 17.4047 0
    endloop
  endfacet
  facet normal -0.953741 0.30063 0
    outer loop
      vertex 14.2216 17.4047 55.6
      vertex 14.1613 17.2134 0
      vertex 14.1613 17.2134 55.6
    endloop
  endfacet
  facet normal 0.537681 -0.843148 0
    outer loop
      vertex 10.6808 19.884 0
      vertex 10.85 19.9919 55.6
      vertex 10.6808 19.884 55.6
    endloop
  endfacet
  facet normal 0.537681 -0.843148 0
    outer loop
      vertex 10.85 19.9919 55.6
      vertex 10.6808 19.884 0
      vertex 10.85 19.9919 0
    endloop
  endfacet
  facet normal 0.130106 0.9915 -0
    outer loop
      vertex 11.7995 15.7088 0
      vertex 11.6006 15.7349 55.6
      vertex 11.7995 15.7088 55.6
    endloop
  endfacet
  facet normal 0.130106 0.9915 0
    outer loop
      vertex 11.6006 15.7349 55.6
      vertex 11.7995 15.7088 0
      vertex 11.6006 15.7349 0
    endloop
  endfacet
  facet normal 0.30063 -0.953741 0
    outer loop
      vertex 11.2134 20.1613 0
      vertex 11.4047 20.2216 55.6
      vertex 11.2134 20.1613 55.6
    endloop
  endfacet
  facet normal 0.30063 -0.953741 0
    outer loop
      vertex 11.4047 20.2216 55.6
      vertex 11.2134 20.1613 0
      vertex 11.4047 20.2216 0
    endloop
  endfacet
  facet normal -0.382704 0.923871 0
    outer loop
      vertex 12.972 15.9155 0
      vertex 12.7866 15.8387 55.6
      vertex 12.972 15.9155 55.6
    endloop
  endfacet
  facet normal -0.382704 0.923871 0
    outer loop
      vertex 12.7866 15.8387 55.6
      vertex 12.972 15.9155 0
      vertex 12.7866 15.8387 0
    endloop
  endfacet
  facet normal -0.923871 -0.382704 0
    outer loop
      vertex 14.1613 18.7866 0
      vertex 14.0845 18.972 55.6
      vertex 14.0845 18.972 0
    endloop
  endfacet
  facet normal -0.923871 -0.382704 0
    outer loop
      vertex 14.0845 18.972 55.6
      vertex 14.1613 18.7866 0
      vertex 14.1613 18.7866 55.6
    endloop
  endfacet
  facet normal -0.0438481 0.999038 0
    outer loop
      vertex 12.2005 15.7088 0
      vertex 12 15.7 55.6
      vertex 12.2005 15.7088 55.6
    endloop
  endfacet
  facet normal -0.0438481 0.999038 0
    outer loop
      vertex 12 15.7 55.6
      vertex 12.2005 15.7088 0
      vertex 12 15.7 0
    endloop
  endfacet
  facet normal 0.999049 0.0435994 0
    outer loop
      vertex 9.70875 17.7995 55.6
      vertex 9.7 18 0
      vertex 9.7 18 55.6
    endloop
  endfacet
  facet normal 0.999049 0.0435994 0
    outer loop
      vertex 9.7 18 0
      vertex 9.70875 17.7995 55.6
      vertex 9.70875 17.7995 0
    endloop
  endfacet
  facet normal 0.999049 -0.0435994 0
    outer loop
      vertex 9.7 18 55.6
      vertex 9.70875 18.2005 0
      vertex 9.70875 18.2005 55.6
    endloop
  endfacet
  facet normal 0.999049 -0.0435994 0
    outer loop
      vertex 9.70875 18.2005 0
      vertex 9.7 18 55.6
      vertex 9.7 18 0
    endloop
  endfacet
  facet normal -0.887135 0.46151 0
    outer loop
      vertex 13.9919 16.85 0
      vertex 14.0845 17.028 55.6
      vertex 14.0845 17.028 0
    endloop
  endfacet
  facet normal -0.887135 0.46151 0
    outer loop
      vertex 14.0845 17.028 55.6
      vertex 13.9919 16.85 0
      vertex 13.9919 16.85 55.6
    endloop
  endfacet
  facet normal 0.737092 -0.675792 0
    outer loop
      vertex 10.2381 19.4784 55.6
      vertex 10.3737 19.6263 0
      vertex 10.3737 19.6263 55.6
    endloop
  endfacet
  facet normal 0.737092 -0.675792 0
    outer loop
      vertex 10.3737 19.6263 0
      vertex 10.2381 19.4784 55.6
      vertex 10.2381 19.4784 0
    endloop
  endfacet
  facet normal 0.382704 -0.923871 0
    outer loop
      vertex 11.028 20.0845 0
      vertex 11.2134 20.1613 55.6
      vertex 11.028 20.0845 55.6
    endloop
  endfacet
  facet normal 0.382704 -0.923871 0
    outer loop
      vertex 11.2134 20.1613 55.6
      vertex 11.028 20.0845 0
      vertex 11.2134 20.1613 0
    endloop
  endfacet
  facet normal -0.537681 0.843148 0
    outer loop
      vertex 13.3192 16.116 0
      vertex 13.15 16.0081 55.6
      vertex 13.3192 16.116 55.6
    endloop
  endfacet
  facet normal -0.537681 0.843148 0
    outer loop
      vertex 13.15 16.0081 55.6
      vertex 13.3192 16.116 0
      vertex 13.15 16.0081 0
    endloop
  endfacet
  facet normal 0.976296 -0.21644 0
    outer loop
      vertex 9.73494 18.3994 55.6
      vertex 9.77837 18.5953 0
      vertex 9.77837 18.5953 55.6
    endloop
  endfacet
  facet normal 0.976296 -0.21644 0
    outer loop
      vertex 9.77837 18.5953 0
      vertex 9.73494 18.3994 55.6
      vertex 9.73494 18.3994 0
    endloop
  endfacet
  facet normal 0.923906 0.382619 0
    outer loop
      vertex 9.91549 17.028 55.6
      vertex 9.83871 17.2134 0
      vertex 9.83871 17.2134 55.6
    endloop
  endfacet
  facet normal 0.923906 0.382619 0
    outer loop
      vertex 9.83871 17.2134 0
      vertex 9.91549 17.028 55.6
      vertex 9.91549 17.028 0
    endloop
  endfacet
  facet normal 0.976296 0.21644 0
    outer loop
      vertex 9.77837 17.4047 55.6
      vertex 9.73494 17.6006 0
      vertex 9.73494 17.6006 55.6
    endloop
  endfacet
  facet normal 0.976296 0.21644 0
    outer loop
      vertex 9.73494 17.6006 0
      vertex 9.77837 17.4047 55.6
      vertex 9.77837 17.4047 0
    endloop
  endfacet
  facet normal 0 0 -1
    outer loop
      vertex 14.2912 17.7995 55.6
      vertex 14.2912 18.2005 55.6
      vertex 14.3 18 55.6
    endloop
  endfacet
  facet normal 0 0 -1
    outer loop
      vertex 14.2651 17.6006 55.6
      vertex 14.2912 18.2005 55.6
      vertex 14.2912 17.7995 55.6
    endloop
  endfacet
  facet normal 0 0 -1
    outer loop
      vertex 14.2651 17.6006 55.6
      vertex 14.2651 18.3994 55.6
      vertex 14.2912 18.2005 55.6
    endloop
  endfacet
  facet normal 0 0 -1
    outer loop
      vertex 14.2216 17.4047 55.6
      vertex 14.2651 18.3994 55.6
      vertex 14.2651 17.6006 55.6
    endloop
  endfacet
  facet normal 0 0 -1
    outer loop
      vertex 14.2216 17.4047 55.6
      vertex 14.2216 18.5953 55.6
      vertex 14.2651 18.3994 55.6
    endloop
  endfacet
  facet normal 0 0 -1
    outer loop
      vertex 14.1613 17.2134 55.6
      vertex 14.2216 18.5953 55.6
      vertex 14.2216 17.4047 55.6
    endloop
  endfacet
  facet normal 0 0 -1
    outer loop
      vertex 14.1613 17.2134 55.6
      vertex 14.1613 18.7866 55.6
      vertex 14.2216 18.5953 55.6
    endloop
  endfacet
  facet normal 0 0 -1
    outer loop
      vertex 14.0845 17.028 55.6
      vertex 14.1613 18.7866 55.6
      vertex 14.1613 17.2134 55.6
    endloop
  endfacet
  facet normal 0 0 -1
    outer loop
      vertex 14.0845 17.028 55.6
      vertex 14.0845 18.972 55.6
      vertex 14.1613 18.7866 55.6
    endloop
  endfacet
  facet normal 0 0 -1
    outer loop
      vertex 13.9919 16.85 55.6
      vertex 14.0845 18.972 55.6
      vertex 14.0845 17.028 55.6
    endloop
  endfacet
  facet normal 0 0 -1
    outer loop
      vertex 13.9919 16.85 55.6
      vertex 13.9919 19.15 55.6
      vertex 14.0845 18.972 55.6
    endloop
  endfacet
  facet normal 0 0 -1
    outer loop
      vertex 13.884 16.6808 55.6
      vertex 13.9919 19.15 55.6
      vertex 13.9919 16.85 55.6
    endloop
  endfacet
  facet normal 0 0 -1
    outer loop
      vertex 13.884 16.6808 55.6
      vertex 13.884 19.3192 55.6
      vertex 13.9919 19.15 55.6
    endloop
  endfacet
  facet normal 0 0 -1
    outer loop
      vertex 13.7619 16.5216 55.6
      vertex 13.884 19.3192 55.6
      vertex 13.884 16.6808 55.6
    endloop
  endfacet
  facet normal 0 0 -1
    outer loop
      vertex 13.7619 16.5216 55.6
      vertex 13.7619 19.4784 55.6
      vertex 13.884 19.3192 55.6
    endloop
  endfacet
  facet normal 0 0 -1
    outer loop
      vertex 13.6263 16.3737 55.6
      vertex 13.7619 19.4784 55.6
      vertex 13.7619 16.5216 55.6
    endloop
  endfacet
  facet normal 0 0 -1
    outer loop
      vertex 13.6263 16.3737 55.6
      vertex 13.6263 19.6263 55.6
      vertex 13.7619 19.4784 55.6
    endloop
  endfacet
  facet normal 0 0 -1
    outer loop
      vertex 13.4784 16.2381 55.6
      vertex 13.6263 19.6263 55.6
      vertex 13.6263 16.3737 55.6
    endloop
  endfacet
  facet normal 0 0 -1
    outer loop
      vertex 13.4784 16.2381 55.6
      vertex 13.4784 19.7619 55.6
      vertex 13.6263 19.6263 55.6
    endloop
  endfacet
  facet normal 0 0 -1
    outer loop
      vertex 13.3192 16.116 55.6
      vertex 13.4784 19.7619 55.6
      vertex 13.4784 16.2381 55.6
    endloop
  endfacet
  facet normal 0 0 -1
    outer loop
      vertex 13.3192 16.116 55.6
      vertex 13.3192 19.884 55.6
      vertex 13.4784 19.7619 55.6
    endloop
  endfacet
  facet normal 0 0 -1
    outer loop
      vertex 13.15 16.0081 55.6
      vertex 13.3192 19.884 55.6
      vertex 13.3192 16.116 55.6
    endloop
  endfacet
  facet normal 0 0 -1
    outer loop
      vertex 13.15 16.0081 55.6
      vertex 13.15 19.9919 55.6
      vertex 13.3192 19.884 55.6
    endloop
  endfacet
  facet normal 0 0 -1
    outer loop
      vertex 12.972 15.9155 55.6
      vertex 13.15 19.9919 55.6
      vertex 13.15 16.0081 55.6
    endloop
  endfacet
  facet normal 0 0 -1
    outer loop
      vertex 12.972 15.9155 55.6
      vertex 12.972 20.0845 55.6
      vertex 13.15 19.9919 55.6
    endloop
  endfacet
  facet normal 0 0 -1
    outer loop
      vertex 12.7866 15.8387 55.6
      vertex 12.972 20.0845 55.6
      vertex 12.972 15.9155 55.6
    endloop
  endfacet
  facet normal 0 0 -1
    outer loop
      vertex 12.7866 15.8387 55.6
      vertex 12.7866 20.1613 55.6
      vertex 12.972 20.0845 55.6
    endloop
  endfacet
  facet normal 0 0 -1
    outer loop
      vertex 12.5953 15.7784 55.6
      vertex 12.7866 20.1613 55.6
      vertex 12.7866 15.8387 55.6
    endloop
  endfacet
  facet normal 0 0 -1
    outer loop
      vertex 12.5953 15.7784 55.6
      vertex 12.5953 20.2216 55.6
      vertex 12.7866 20.1613 55.6
    endloop
  endfacet
  facet normal 0 0 -1
    outer loop
      vertex 12.3994 15.7349 55.6
      vertex 12.5953 20.2216 55.6
      vertex 12.5953 15.7784 55.6
    endloop
  endfacet
  facet normal 0 0 -1
    outer loop
      vertex 12.3994 15.7349 55.6
      vertex 12.3994 20.2651 55.6
      vertex 12.5953 20.2216 55.6
    endloop
  endfacet
  facet normal 0 0 -1
    outer loop
      vertex 12.2005 15.7088 55.6
      vertex 12.3994 20.2651 55.6
      vertex 12.3994 15.7349 55.6
    endloop
  endfacet
  facet normal 0 0 -1
    outer loop
      vertex 12.2005 15.7088 55.6
      vertex 12.2005 20.2912 55.6
      vertex 12.3994 20.2651 55.6
    endloop
  endfacet
  facet normal 0 0 -1
    outer loop
      vertex 12 15.7 55.6
      vertex 12.2005 20.2912 55.6
      vertex 12.2005 15.7088 55.6
    endloop
  endfacet
  facet normal 0 0 -1
    outer loop
      vertex 12 15.7 55.6
      vertex 12 20.3 55.6
      vertex 12.2005 20.2912 55.6
    endloop
  endfacet
  facet normal 0 0 -1
    outer loop
      vertex 11.7995 15.7088 55.6
      vertex 12 20.3 55.6
      vertex 12 15.7 55.6
    endloop
  endfacet
  facet normal 0 0 -1
    outer loop
      vertex 11.7995 15.7088 55.6
      vertex 11.7995 20.2912 55.6
      vertex 12 20.3 55.6
    endloop
  endfacet
  facet normal 0 0 -1
    outer loop
      vertex 11.6006 15.7349 55.6
      vertex 11.7995 20.2912 55.6
      vertex 11.7995 15.7088 55.6
    endloop
  endfacet
  facet normal 0 0 -1
    outer loop
      vertex 11.6006 15.7349 55.6
      vertex 11.6006 20.2651 55.6
      vertex 11.7995 20.2912 55.6
    endloop
  endfacet
  facet normal 0 0 -1
    outer loop
      vertex 11.4047 15.7784 55.6
      vertex 11.6006 20.2651 55.6
      vertex 11.6006 15.7349 55.6
    endloop
  endfacet
  facet normal 0 0 -1
    outer loop
      vertex 11.4047 15.7784 55.6
      vertex 11.4047 20.2216 55.6
      vertex 11.6006 20.2651 55.6
    endloop
  endfacet
  facet normal 0 0 -1
    outer loop
      vertex 11.2134 15.8387 55.6
      vertex 11.4047 20.2216 55.6
      vertex 11.4047 15.7784 55.6
    endloop
  endfacet
  facet normal 0 0 -1
    outer loop
      vertex 11.2134 15.8387 55.6
      vertex 11.2134 20.1613 55.6
      vertex 11.4047 20.2216 55.6
    endloop
  endfacet
  facet normal 0 0 -1
    outer loop
      vertex 11.028 15.9155 55.6
      vertex 11.2134 20.1613 55.6
      vertex 11.2134 15.8387 55.6
    endloop
  endfacet
  facet normal 0 0 -1
    outer loop
      vertex 11.028 15.9155 55.6
      vertex 11.028 20.0845 55.6
      vertex 11.2134 20.1613 55.6
    endloop
  endfacet
  facet normal 0 0 -1
    outer loop
      vertex 10.85 16.0081 55.6
      vertex 11.028 20.0845 55.6
      vertex 11.028 15.9155 55.6
    endloop
  endfacet
  facet normal 0 0 -1
    outer loop
      vertex 10.85 16.0081 55.6
      vertex 10.85 19.9919 55.6
      vertex 11.028 20.0845 55.6
    endloop
  endfacet
  facet normal 0 0 -1
    outer loop
      vertex 10.6808 16.116 55.6
      vertex 10.85 19.9919 55.6
      vertex 10.85 16.0081 55.6
    endloop
  endfacet
  facet normal 0 0 -1
    outer loop
      vertex 10.6808 16.116 55.6
      vertex 10.6808 19.884 55.6
      vertex 10.85 19.9919 55.6
    endloop
  endfacet
  facet normal 0 0 -1
    outer loop
      vertex 10.5216 16.2381 55.6
      vertex 10.6808 19.884 55.6
      vertex 10.6808 16.116 55.6
    endloop
  endfacet
  facet normal 0 0 -1
    outer loop
      vertex 10.5216 16.2381 55.6
      vertex 10.5216 19.7619 55.6
      vertex 10.6808 19.884 55.6
    endloop
  endfacet
  facet normal 0 0 -1
    outer loop
      vertex 10.3737 16.3737 55.6
      vertex 10.5216 19.7619 55.6
      vertex 10.5216 16.2381 55.6
    endloop
  endfacet
  facet normal 0 0 -1
    outer loop
      vertex 10.3737 16.3737 55.6
      vertex 10.3737 19.6263 55.6
      vertex 10.5216 19.7619 55.6
    endloop
  endfacet
  facet normal 0 0 -1
    outer loop
      vertex 10.2381 16.5216 55.6
      vertex 10.3737 19.6263 55.6
      vertex 10.3737 16.3737 55.6
    endloop
  endfacet
  facet normal 0 0 -1
    outer loop
      vertex 10.2381 16.5216 55.6
      vertex 10.2381 19.4784 55.6
      vertex 10.3737 19.6263 55.6
    endloop
  endfacet
  facet normal 0 0 -1
    outer loop
      vertex 10.116 16.6808 55.6
      vertex 10.2381 19.4784 55.6
      vertex 10.2381 16.5216 55.6
    endloop
  endfacet
  facet normal 0 0 -1
    outer loop
      vertex 10.116 16.6808 55.6
      vertex 10.116 19.3192 55.6
      vertex 10.2381 19.4784 55.6
    endloop
  endfacet
  facet normal 0 0 -1
    outer loop
      vertex 10.0081 16.85 55.6
      vertex 10.116 19.3192 55.6
      vertex 10.116 16.6808 55.6
    endloop
  endfacet
  facet normal 0 0 -1
    outer loop
      vertex 10.0081 16.85 55.6
      vertex 10.0081 19.15 55.6
      vertex 10.116 19.3192 55.6
    endloop
  endfacet
  facet normal 0 0 -1
    outer loop
      vertex 9.91549 17.028 55.6
      vertex 10.0081 19.15 55.6
      vertex 10.0081 16.85 55.6
    endloop
  endfacet
  facet normal 0 0 -1
    outer loop
      vertex 9.91549 17.028 55.6
      vertex 9.91549 18.972 55.6
      vertex 10.0081 19.15 55.6
    endloop
  endfacet
  facet normal 0 0 -1
    outer loop
      vertex 9.83871 17.2134 55.6
      vertex 9.91549 18.972 55.6
      vertex 9.91549 17.028 55.6
    endloop
  endfacet
  facet normal 0 0 -1
    outer loop
      vertex 9.83871 17.2134 55.6
      vertex 9.83871 18.7866 55.6
      vertex 9.91549 18.972 55.6
    endloop
  endfacet
  facet normal 0 0 -1
    outer loop
      vertex 9.77837 17.4047 55.6
      vertex 9.83871 18.7866 55.6
      vertex 9.83871 17.2134 55.6
    endloop
  endfacet
  facet normal 0 0 -1
    outer loop
      vertex 9.77837 17.4047 55.6
      vertex 9.77837 18.5953 55.6
      vertex 9.83871 18.7866 55.6
    endloop
  endfacet
  facet normal 0 0 -1
    outer loop
      vertex 9.73494 17.6006 55.6
      vertex 9.77837 18.5953 55.6
      vertex 9.77837 17.4047 55.6
    endloop
  endfacet
  facet normal 0 0 -1
    outer loop
      vertex 9.73494 17.6006 55.6
      vertex 9.73494 18.3994 55.6
      vertex 9.77837 18.5953 55.6
    endloop
  endfacet
  facet normal 0 0 -1
    outer loop
      vertex 9.70875 17.7995 55.6
      vertex 9.73494 18.3994 55.6
      vertex 9.73494 17.6006 55.6
    endloop
  endfacet
  facet normal 0 0 -1
    outer loop
      vertex 9.70875 17.7995 55.6
      vertex 9.70875 18.2005 55.6
      vertex 9.73494 18.3994 55.6
    endloop
  endfacet
  facet normal 0 -0 -1
    outer loop
      vertex 9.70875 18.2005 55.6
      vertex 9.70875 17.7995 55.6
      vertex 9.7 18 55.6
    endloop
  endfacet
  facet normal -0.130106 -0.9915 0
    outer loop
      vertex 12.2005 20.2912 0
      vertex 12.3994 20.2651 55.6
      vertex 12.2005 20.2912 55.6
    endloop
  endfacet
  facet normal -0.130106 -0.9915 -0
    outer loop
      vertex 12.3994 20.2651 55.6
      vertex 12.2005 20.2912 0
      vertex 12.3994 20.2651 0
    endloop
  endfacet
  facet normal 0.843148 -0.537681 0
    outer loop
      vertex 10.0081 19.15 55.6
      vertex 10.116 19.3192 0
      vertex 10.116 19.3192 55.6
    endloop
  endfacet
  facet normal 0.843148 -0.537681 0
    outer loop
      vertex 10.116 19.3192 0
      vertex 10.0081 19.15 55.6
      vertex 10.0081 19.15 0
    endloop
  endfacet
  facet normal -0.953741 -0.30063 0
    outer loop
      vertex 14.2216 18.5953 0
      vertex 14.1613 18.7866 55.6
      vertex 14.1613 18.7866 0
    endloop
  endfacet
  facet normal -0.953741 -0.30063 0
    outer loop
      vertex 14.1613 18.7866 55.6
      vertex 14.2216 18.5953 0
      vertex 14.2216 18.5953 55.6
    endloop
  endfacet
  facet normal 0.675792 0.737092 -0
    outer loop
      vertex 10.5216 16.2381 0
      vertex 10.3737 16.3737 55.6
      vertex 10.5216 16.2381 55.6
    endloop
  endfacet
  facet normal 0.675792 0.737092 0
    outer loop
      vertex 10.3737 16.3737 55.6
      vertex 10.5216 16.2381 0
      vertex 10.3737 16.3737 0
    endloop
  endfacet
  facet normal -0.675792 0.737092 0
    outer loop
      vertex 13.6263 16.3737 0
      vertex 13.4784 16.2381 55.6
      vertex 13.6263 16.3737 55.6
    endloop
  endfacet
  facet normal -0.675792 0.737092 0
    outer loop
      vertex 13.4784 16.2381 55.6
      vertex 13.6263 16.3737 0
      vertex 13.4784 16.2381 0
    endloop
  endfacet
  facet normal 0.216772 0.976222 -0
    outer loop
      vertex 11.6006 15.7349 0
      vertex 11.4047 15.7784 55.6
      vertex 11.6006 15.7349 55.6
    endloop
  endfacet
  facet normal 0.216772 0.976222 0
    outer loop
      vertex 11.4047 15.7784 55.6
      vertex 11.6006 15.7349 0
      vertex 11.4047 15.7784 0
    endloop
  endfacet
  facet normal 0.991442 -0.130547 0
    outer loop
      vertex 9.70875 18.2005 55.6
      vertex 9.73494 18.3994 0
      vertex 9.73494 18.3994 55.6
    endloop
  endfacet
  facet normal 0.991442 -0.130547 0
    outer loop
      vertex 9.73494 18.3994 0
      vertex 9.70875 18.2005 55.6
      vertex 9.70875 18.2005 0
    endloop
  endfacet
  facet normal -0.737092 0.675792 0
    outer loop
      vertex 13.6263 16.3737 0
      vertex 13.7619 16.5216 55.6
      vertex 13.7619 16.5216 0
    endloop
  endfacet
  facet normal -0.737092 0.675792 0
    outer loop
      vertex 13.7619 16.5216 55.6
      vertex 13.6263 16.3737 0
      vertex 13.6263 16.3737 55.6
    endloop
  endfacet
  facet normal 0.46151 0.887135 -0
    outer loop
      vertex 11.028 15.9155 0
      vertex 10.85 16.0081 55.6
      vertex 11.028 15.9155 55.6
    endloop
  endfacet
  facet normal 0.46151 0.887135 0
    outer loop
      vertex 10.85 16.0081 55.6
      vertex 11.028 15.9155 0
      vertex 10.85 16.0081 0
    endloop
  endfacet
  facet normal 0.923906 -0.382619 0
    outer loop
      vertex 9.83871 18.7866 55.6
      vertex 9.91549 18.972 0
      vertex 9.91549 18.972 55.6
    endloop
  endfacet
  facet normal 0.923906 -0.382619 0
    outer loop
      vertex 9.91549 18.972 0
      vertex 9.83871 18.7866 55.6
      vertex 9.83871 18.7866 0
    endloop
  endfacet
  facet normal 0.843148 0.537681 0
    outer loop
      vertex 10.116 16.6808 55.6
      vertex 10.0081 16.85 0
      vertex 10.0081 16.85 55.6
    endloop
  endfacet
  facet normal 0.843148 0.537681 0
    outer loop
      vertex 10.0081 16.85 0
      vertex 10.116 16.6808 55.6
      vertex 10.116 16.6808 0
    endloop
  endfacet
  facet normal 0.382704 0.923871 -0
    outer loop
      vertex 11.2134 15.8387 0
      vertex 11.028 15.9155 55.6
      vertex 11.2134 15.8387 55.6
    endloop
  endfacet
  facet normal 0.382704 0.923871 0
    outer loop
      vertex 11.028 15.9155 55.6
      vertex 11.2134 15.8387 0
      vertex 11.028 15.9155 0
    endloop
  endfacet
  facet normal -0.30063 0.953741 0
    outer loop
      vertex 12.7866 15.8387 0
      vertex 12.5953 15.7784 55.6
      vertex 12.7866 15.8387 55.6
    endloop
  endfacet
  facet normal -0.30063 0.953741 0
    outer loop
      vertex 12.5953 15.7784 55.6
      vertex 12.7866 15.8387 0
      vertex 12.5953 15.7784 0
    endloop
  endfacet
  facet normal 0.887115 0.461549 0
    outer loop
      vertex 10.0081 16.85 55.6
      vertex 9.91549 17.028 0
      vertex 9.91549 17.028 55.6
    endloop
  endfacet
  facet normal 0.887115 0.461549 0
    outer loop
      vertex 9.91549 17.028 0
      vertex 10.0081 16.85 55.6
      vertex 10.0081 16.85 0
    endloop
  endfacet
  facet normal -0.991526 -0.129911 0
    outer loop
      vertex 13.1954 18.1046 55.8
      vertex 13.1818 18.2084 57.6
      vertex 13.1818 18.2084 55.8
    endloop
  endfacet
  facet normal -0.991526 -0.129911 0
    outer loop
      vertex 13.1818 18.2084 57.6
      vertex 13.1954 18.1046 55.8
      vertex 13.1954 18.1046 57.6
    endloop
  endfacet
  facet normal -0.999034 -0.0439346 0
    outer loop
      vertex 13.2 18 55.8
      vertex 13.1954 18.1046 57.6
      vertex 13.1954 18.1046 55.8
    endloop
  endfacet
  facet normal -0.999034 -0.0439346 0
    outer loop
      vertex 13.1954 18.1046 57.6
      vertex 13.2 18 55.8
      vertex 13.2 18 57.6
    endloop
  endfacet
  facet normal -0.97621 -0.216829 0
    outer loop
      vertex 13.1818 18.2084 55.8
      vertex 13.1591 18.3106 57.6
      vertex 13.1591 18.3106 55.8
    endloop
  endfacet
  facet normal -0.97621 -0.216829 0
    outer loop
      vertex 13.1591 18.3106 57.6
      vertex 13.1818 18.2084 55.8
      vertex 13.1818 18.2084 57.6
    endloop
  endfacet
  facet normal -0.300994 0.953626 0
    outer loop
      vertex 12.4104 16.8724 55.8
      vertex 12.3106 16.8409 57.6
      vertex 12.4104 16.8724 57.6
    endloop
  endfacet
  facet normal -0.300994 0.953626 0
    outer loop
      vertex 12.3106 16.8409 57.6
      vertex 12.4104 16.8724 55.8
      vertex 12.3106 16.8409 55.8
    endloop
  endfacet
  facet normal -0.536937 -0.843622 0
    outer loop
      vertex 12.6 19.0392 55.8
      vertex 12.6883 18.983 57.6
      vertex 12.6 19.0392 57.6
    endloop
  endfacet
  facet normal -0.536937 -0.843622 -0
    outer loop
      vertex 12.6883 18.983 57.6
      vertex 12.6 19.0392 55.8
      vertex 12.6883 18.983 55.8
    endloop
  endfacet
  facet normal -0.0439346 -0.999034 0
    outer loop
      vertex 12 19.2 55.8
      vertex 12.1046 19.1954 57.6
      vertex 12 19.2 57.6
    endloop
  endfacet
  facet normal -0.0439346 -0.999034 -0
    outer loop
      vertex 12.1046 19.1954 57.6
      vertex 12 19.2 55.8
      vertex 12.1046 19.1954 55.8
    endloop
  endfacet
  facet normal 0.129911 0.991526 -0
    outer loop
      vertex 11.8954 16.8046 55.8
      vertex 11.7916 16.8182 57.6
      vertex 11.8954 16.8046 57.6
    endloop
  endfacet
  facet normal 0.129911 0.991526 0
    outer loop
      vertex 11.7916 16.8182 57.6
      vertex 11.8954 16.8046 55.8
      vertex 11.7916 16.8182 55.8
    endloop
  endfacet
  facet normal 0.0439346 0.999034 -0
    outer loop
      vertex 12 16.8 55.8
      vertex 11.8954 16.8046 57.6
      vertex 12 16.8 57.6
    endloop
  endfacet
  facet normal 0.0439346 0.999034 0
    outer loop
      vertex 11.8954 16.8046 57.6
      vertex 12 16.8 55.8
      vertex 11.8954 16.8046 55.8
    endloop
  endfacet
  facet normal -0.843622 0.536937 0
    outer loop
      vertex 12.983 17.3117 55.8
      vertex 13.0392 17.4 57.6
      vertex 13.0392 17.4 55.8
    endloop
  endfacet
  facet normal -0.843622 0.536937 0
    outer loop
      vertex 13.0392 17.4 57.6
      vertex 12.983 17.3117 55.8
      vertex 12.983 17.3117 57.6
    endloop
  endfacet
  facet normal -0.924063 -0.382239 0
    outer loop
      vertex 13.1276 18.4104 55.8
      vertex 13.0876 18.5071 57.6
      vertex 13.0876 18.5071 55.8
    endloop
  endfacet
  facet normal -0.924063 -0.382239 0
    outer loop
      vertex 13.0876 18.5071 57.6
      vertex 13.1276 18.4104 55.8
      vertex 13.1276 18.4104 57.6
    endloop
  endfacet
  facet normal -0.991526 0.129911 0
    outer loop
      vertex 13.1818 17.7916 55.8
      vertex 13.1954 17.8954 57.6
      vertex 13.1954 17.8954 55.8
    endloop
  endfacet
  facet normal -0.991526 0.129911 0
    outer loop
      vertex 13.1954 17.8954 57.6
      vertex 13.1818 17.7916 55.8
      vertex 13.1818 17.7916 57.6
    endloop
  endfacet
  facet normal 0.216829 0.97621 -0
    outer loop
      vertex 11.7916 16.8182 55.8
      vertex 11.6894 16.8409 57.6
      vertex 11.7916 16.8182 57.6
    endloop
  endfacet
  facet normal 0.216829 0.97621 0
    outer loop
      vertex 11.6894 16.8409 57.6
      vertex 11.7916 16.8182 55.8
      vertex 11.6894 16.8409 55.8
    endloop
  endfacet
  facet normal 0.736996 0.675898 0
    outer loop
      vertex 11.1515 17.1515 57.6
      vertex 11.0807 17.2287 55.8
      vertex 11.0807 17.2287 57.6
    endloop
  endfacet
  facet normal 0.736996 0.675898 0
    outer loop
      vertex 11.0807 17.2287 55.8
      vertex 11.1515 17.1515 57.6
      vertex 11.1515 17.1515 55.8
    endloop
  endfacet
  facet normal 0.608833 -0.793299 0
    outer loop
      vertex 11.2287 18.9193 55.8
      vertex 11.3117 18.983 57.6
      vertex 11.2287 18.9193 57.6
    endloop
  endfacet
  facet normal 0.608833 -0.793299 0
    outer loop
      vertex 11.3117 18.983 57.6
      vertex 11.2287 18.9193 55.8
      vertex 11.3117 18.983 55.8
    endloop
  endfacet
  facet normal -0.608833 -0.793299 0
    outer loop
      vertex 12.6883 18.983 55.8
      vertex 12.7713 18.9193 57.6
      vertex 12.6883 18.983 57.6
    endloop
  endfacet
  facet normal -0.608833 -0.793299 -0
    outer loop
      vertex 12.7713 18.9193 57.6
      vertex 12.6883 18.983 55.8
      vertex 12.7713 18.9193 55.8
    endloop
  endfacet
  facet normal 0.999034 -0.0439346 0
    outer loop
      vertex 10.8 18 57.6
      vertex 10.8046 18.1046 55.8
      vertex 10.8046 18.1046 57.6
    endloop
  endfacet
  facet normal 0.999034 -0.0439346 0
    outer loop
      vertex 10.8046 18.1046 55.8
      vertex 10.8 18 57.6
      vertex 10.8 18 55.8
    endloop
  endfacet
  facet normal 0.0439346 -0.999034 0
    outer loop
      vertex 11.8954 19.1954 55.8
      vertex 12 19.2 57.6
      vertex 11.8954 19.1954 57.6
    endloop
  endfacet
  facet normal 0.0439346 -0.999034 0
    outer loop
      vertex 12 19.2 57.6
      vertex 11.8954 19.1954 55.8
      vertex 12 19.2 55.8
    endloop
  endfacet
  facet normal 0.300994 -0.953626 0
    outer loop
      vertex 11.5896 19.1276 55.8
      vertex 11.6894 19.1591 57.6
      vertex 11.5896 19.1276 57.6
    endloop
  endfacet
  facet normal 0.300994 -0.953626 0
    outer loop
      vertex 11.6894 19.1591 57.6
      vertex 11.5896 19.1276 55.8
      vertex 11.6894 19.1591 55.8
    endloop
  endfacet
  facet normal -0.382239 0.924063 0
    outer loop
      vertex 12.5071 16.9124 55.8
      vertex 12.4104 16.8724 57.6
      vertex 12.5071 16.9124 57.6
    endloop
  endfacet
  facet normal -0.382239 0.924063 0
    outer loop
      vertex 12.4104 16.8724 57.6
      vertex 12.5071 16.9124 55.8
      vertex 12.4104 16.8724 55.8
    endloop
  endfacet
  facet normal -0.0439346 0.999034 0
    outer loop
      vertex 12.1046 16.8046 55.8
      vertex 12 16.8 57.6
      vertex 12.1046 16.8046 57.6
    endloop
  endfacet
  facet normal -0.0439346 0.999034 0
    outer loop
      vertex 12 16.8 57.6
      vertex 12.1046 16.8046 55.8
      vertex 12 16.8 55.8
    endloop
  endfacet
  facet normal -0.462044 -0.886857 0
    outer loop
      vertex 12.5071 19.0876 55.8
      vertex 12.6 19.0392 57.6
      vertex 12.5071 19.0876 57.6
    endloop
  endfacet
  facet normal -0.462044 -0.886857 -0
    outer loop
      vertex 12.6 19.0392 57.6
      vertex 12.5071 19.0876 55.8
      vertex 12.6 19.0392 55.8
    endloop
  endfacet
  facet normal 0.886857 -0.462044 0
    outer loop
      vertex 10.9124 18.5071 57.6
      vertex 10.9608 18.6 55.8
      vertex 10.9608 18.6 57.6
    endloop
  endfacet
  facet normal 0.886857 -0.462044 0
    outer loop
      vertex 10.9608 18.6 55.8
      vertex 10.9124 18.5071 57.6
      vertex 10.9124 18.5071 55.8
    endloop
  endfacet
  facet normal -0.675898 -0.736996 0
    outer loop
      vertex 12.7713 18.9193 55.8
      vertex 12.8485 18.8485 57.6
      vertex 12.7713 18.9193 57.6
    endloop
  endfacet
  facet normal -0.675898 -0.736996 -0
    outer loop
      vertex 12.8485 18.8485 57.6
      vertex 12.7713 18.9193 55.8
      vertex 12.8485 18.8485 55.8
    endloop
  endfacet
  facet normal -0.216829 -0.97621 0
    outer loop
      vertex 12.2084 19.1818 55.8
      vertex 12.3106 19.1591 57.6
      vertex 12.2084 19.1818 57.6
    endloop
  endfacet
  facet normal -0.216829 -0.97621 -0
    outer loop
      vertex 12.3106 19.1591 57.6
      vertex 12.2084 19.1818 55.8
      vertex 12.3106 19.1591 55.8
    endloop
  endfacet
  facet normal 0.924063 -0.382239 0
    outer loop
      vertex 10.8724 18.4104 57.6
      vertex 10.9124 18.5071 55.8
      vertex 10.9124 18.5071 57.6
    endloop
  endfacet
  facet normal 0.924063 -0.382239 0
    outer loop
      vertex 10.9124 18.5071 55.8
      vertex 10.8724 18.4104 57.6
      vertex 10.8724 18.4104 55.8
    endloop
  endfacet
  facet normal 0.793299 -0.608833 0
    outer loop
      vertex 11.017 18.6883 57.6
      vertex 11.0807 18.7713 55.8
      vertex 11.0807 18.7713 57.6
    endloop
  endfacet
  facet normal 0.793299 -0.608833 0
    outer loop
      vertex 11.0807 18.7713 55.8
      vertex 11.017 18.6883 57.6
      vertex 11.017 18.6883 55.8
    endloop
  endfacet
  facet normal 0.382239 -0.924063 0
    outer loop
      vertex 11.4929 19.0876 55.8
      vertex 11.5896 19.1276 57.6
      vertex 11.4929 19.0876 57.6
    endloop
  endfacet
  facet normal 0.382239 -0.924063 0
    outer loop
      vertex 11.5896 19.1276 57.6
      vertex 11.4929 19.0876 55.8
      vertex 11.5896 19.1276 55.8
    endloop
  endfacet
  facet normal -0.953626 0.300994 0
    outer loop
      vertex 13.1276 17.5896 55.8
      vertex 13.1591 17.6894 57.6
      vertex 13.1591 17.6894 55.8
    endloop
  endfacet
  facet normal -0.953626 0.300994 0
    outer loop
      vertex 13.1591 17.6894 57.6
      vertex 13.1276 17.5896 55.8
      vertex 13.1276 17.5896 57.6
    endloop
  endfacet
  facet normal -0.129911 0.991526 0
    outer loop
      vertex 12.2084 16.8182 55.8
      vertex 12.1046 16.8046 57.6
      vertex 12.2084 16.8182 57.6
    endloop
  endfacet
  facet normal -0.129911 0.991526 0
    outer loop
      vertex 12.1046 16.8046 57.6
      vertex 12.2084 16.8182 55.8
      vertex 12.1046 16.8046 55.8
    endloop
  endfacet
  facet normal -0.793299 0.608833 0
    outer loop
      vertex 12.9193 17.2287 55.8
      vertex 12.983 17.3117 57.6
      vertex 12.983 17.3117 55.8
    endloop
  endfacet
  facet normal -0.793299 0.608833 0
    outer loop
      vertex 12.983 17.3117 57.6
      vertex 12.9193 17.2287 55.8
      vertex 12.9193 17.2287 57.6
    endloop
  endfacet
  facet normal -0.793299 -0.608833 0
    outer loop
      vertex 12.983 18.6883 55.8
      vertex 12.9193 18.7713 57.6
      vertex 12.9193 18.7713 55.8
    endloop
  endfacet
  facet normal -0.793299 -0.608833 0
    outer loop
      vertex 12.9193 18.7713 57.6
      vertex 12.983 18.6883 55.8
      vertex 12.983 18.6883 57.6
    endloop
  endfacet
  facet normal 0.675898 -0.736996 0
    outer loop
      vertex 11.1515 18.8485 55.8
      vertex 11.2287 18.9193 57.6
      vertex 11.1515 18.8485 57.6
    endloop
  endfacet
  facet normal 0.675898 -0.736996 0
    outer loop
      vertex 11.2287 18.9193 57.6
      vertex 11.1515 18.8485 55.8
      vertex 11.2287 18.9193 55.8
    endloop
  endfacet
  facet normal -0.999034 0.0439346 0
    outer loop
      vertex 13.1954 17.8954 55.8
      vertex 13.2 18 57.6
      vertex 13.2 18 55.8
    endloop
  endfacet
  facet normal -0.999034 0.0439346 0
    outer loop
      vertex 13.2 18 57.6
      vertex 13.1954 17.8954 55.8
      vertex 13.1954 17.8954 57.6
    endloop
  endfacet
  facet normal 0.999034 0.0439346 0
    outer loop
      vertex 10.8046 17.8954 57.6
      vertex 10.8 18 55.8
      vertex 10.8 18 57.6
    endloop
  endfacet
  facet normal 0.999034 0.0439346 0
    outer loop
      vertex 10.8 18 55.8
      vertex 10.8046 17.8954 57.6
      vertex 10.8046 17.8954 55.8
    endloop
  endfacet
  facet normal -0.886857 -0.462044 0
    outer loop
      vertex 13.0876 18.5071 55.8
      vertex 13.0392 18.6 57.6
      vertex 13.0392 18.6 55.8
    endloop
  endfacet
  facet normal -0.886857 -0.462044 0
    outer loop
      vertex 13.0392 18.6 57.6
      vertex 13.0876 18.5071 55.8
      vertex 13.0876 18.5071 57.6
    endloop
  endfacet
  facet normal -0.129911 -0.991526 0
    outer loop
      vertex 12.1046 19.1954 55.8
      vertex 12.2084 19.1818 57.6
      vertex 12.1046 19.1954 57.6
    endloop
  endfacet
  facet normal -0.129911 -0.991526 -0
    outer loop
      vertex 12.2084 19.1818 57.6
      vertex 12.1046 19.1954 55.8
      vertex 12.2084 19.1818 55.8
    endloop
  endfacet
  facet normal -0.382239 -0.924063 0
    outer loop
      vertex 12.4104 19.1276 55.8
      vertex 12.5071 19.0876 57.6
      vertex 12.4104 19.1276 57.6
    endloop
  endfacet
  facet normal -0.382239 -0.924063 -0
    outer loop
      vertex 12.5071 19.0876 57.6
      vertex 12.4104 19.1276 55.8
      vertex 12.5071 19.0876 55.8
    endloop
  endfacet
  facet normal -0.736996 -0.675898 0
    outer loop
      vertex 12.9193 18.7713 55.8
      vertex 12.8485 18.8485 57.6
      vertex 12.8485 18.8485 55.8
    endloop
  endfacet
  facet normal -0.736996 -0.675898 0
    outer loop
      vertex 12.8485 18.8485 57.6
      vertex 12.9193 18.7713 55.8
      vertex 12.9193 18.7713 57.6
    endloop
  endfacet
  facet normal -0.462044 0.886857 0
    outer loop
      vertex 12.6 16.9608 55.8
      vertex 12.5071 16.9124 57.6
      vertex 12.6 16.9608 57.6
    endloop
  endfacet
  facet normal -0.462044 0.886857 0
    outer loop
      vertex 12.5071 16.9124 57.6
      vertex 12.6 16.9608 55.8
      vertex 12.5071 16.9124 55.8
    endloop
  endfacet
  facet normal 0.991526 0.129911 0
    outer loop
      vertex 10.8182 17.7916 57.6
      vertex 10.8046 17.8954 55.8
      vertex 10.8046 17.8954 57.6
    endloop
  endfacet
  facet normal 0.991526 0.129911 0
    outer loop
      vertex 10.8046 17.8954 55.8
      vertex 10.8182 17.7916 57.6
      vertex 10.8182 17.7916 55.8
    endloop
  endfacet
  facet normal -0.536937 0.843622 0
    outer loop
      vertex 12.6883 17.017 55.8
      vertex 12.6 16.9608 57.6
      vertex 12.6883 17.017 57.6
    endloop
  endfacet
  facet normal -0.536937 0.843622 0
    outer loop
      vertex 12.6 16.9608 57.6
      vertex 12.6883 17.017 55.8
      vertex 12.6 16.9608 55.8
    endloop
  endfacet
  facet normal -0.924063 0.382239 0
    outer loop
      vertex 13.0876 17.4929 55.8
      vertex 13.1276 17.5896 57.6
      vertex 13.1276 17.5896 55.8
    endloop
  endfacet
  facet normal -0.924063 0.382239 0
    outer loop
      vertex 13.1276 17.5896 57.6
      vertex 13.0876 17.4929 55.8
      vertex 13.0876 17.4929 57.6
    endloop
  endfacet
  facet normal 0.843622 0.536937 0
    outer loop
      vertex 11.017 17.3117 57.6
      vertex 10.9608 17.4 55.8
      vertex 10.9608 17.4 57.6
    endloop
  endfacet
  facet normal 0.843622 0.536937 0
    outer loop
      vertex 10.9608 17.4 55.8
      vertex 11.017 17.3117 57.6
      vertex 11.017 17.3117 55.8
    endloop
  endfacet
  facet normal -0.886857 0.462044 0
    outer loop
      vertex 13.0392 17.4 55.8
      vertex 13.0876 17.4929 57.6
      vertex 13.0876 17.4929 55.8
    endloop
  endfacet
  facet normal -0.886857 0.462044 0
    outer loop
      vertex 13.0876 17.4929 57.6
      vertex 13.0392 17.4 55.8
      vertex 13.0392 17.4 57.6
    endloop
  endfacet
  facet normal -0.843622 -0.536937 0
    outer loop
      vertex 13.0392 18.6 55.8
      vertex 12.983 18.6883 57.6
      vertex 12.983 18.6883 55.8
    endloop
  endfacet
  facet normal -0.843622 -0.536937 0
    outer loop
      vertex 12.983 18.6883 57.6
      vertex 13.0392 18.6 55.8
      vertex 13.0392 18.6 57.6
    endloop
  endfacet
  facet normal 0.953626 -0.300994 0
    outer loop
      vertex 10.8409 18.3106 57.6
      vertex 10.8724 18.4104 55.8
      vertex 10.8724 18.4104 57.6
    endloop
  endfacet
  facet normal 0.953626 -0.300994 0
    outer loop
      vertex 10.8724 18.4104 55.8
      vertex 10.8409 18.3106 57.6
      vertex 10.8409 18.3106 55.8
    endloop
  endfacet
  facet normal -0.97621 0.216829 0
    outer loop
      vertex 13.1591 17.6894 55.8
      vertex 13.1818 17.7916 57.6
      vertex 13.1818 17.7916 55.8
    endloop
  endfacet
  facet normal -0.97621 0.216829 0
    outer loop
      vertex 13.1818 17.7916 57.6
      vertex 13.1591 17.6894 55.8
      vertex 13.1591 17.6894 57.6
    endloop
  endfacet
  facet normal 0.382239 0.924063 -0
    outer loop
      vertex 11.5896 16.8724 55.8
      vertex 11.4929 16.9124 57.6
      vertex 11.5896 16.8724 57.6
    endloop
  endfacet
  facet normal 0.382239 0.924063 0
    outer loop
      vertex 11.4929 16.9124 57.6
      vertex 11.5896 16.8724 55.8
      vertex 11.4929 16.9124 55.8
    endloop
  endfacet
  facet normal 0.216829 -0.97621 0
    outer loop
      vertex 11.6894 19.1591 55.8
      vertex 11.7916 19.1818 57.6
      vertex 11.6894 19.1591 57.6
    endloop
  endfacet
  facet normal 0.216829 -0.97621 0
    outer loop
      vertex 11.7916 19.1818 57.6
      vertex 11.6894 19.1591 55.8
      vertex 11.7916 19.1818 55.8
    endloop
  endfacet
  facet normal 0.129911 -0.991526 0
    outer loop
      vertex 11.7916 19.1818 55.8
      vertex 11.8954 19.1954 57.6
      vertex 11.7916 19.1818 57.6
    endloop
  endfacet
  facet normal 0.129911 -0.991526 0
    outer loop
      vertex 11.8954 19.1954 57.6
      vertex 11.7916 19.1818 55.8
      vertex 11.8954 19.1954 55.8
    endloop
  endfacet
  facet normal 0.675898 0.736996 -0
    outer loop
      vertex 11.2287 17.0807 55.8
      vertex 11.1515 17.1515 57.6
      vertex 11.2287 17.0807 57.6
    endloop
  endfacet
  facet normal 0.675898 0.736996 0
    outer loop
      vertex 11.1515 17.1515 57.6
      vertex 11.2287 17.0807 55.8
      vertex 11.1515 17.1515 55.8
    endloop
  endfacet
  facet normal 0.886857 0.462044 0
    outer loop
      vertex 10.9608 17.4 57.6
      vertex 10.9124 17.4929 55.8
      vertex 10.9124 17.4929 57.6
    endloop
  endfacet
  facet normal 0.886857 0.462044 0
    outer loop
      vertex 10.9124 17.4929 55.8
      vertex 10.9608 17.4 57.6
      vertex 10.9608 17.4 55.8
    endloop
  endfacet
  facet normal 0.924063 0.382239 0
    outer loop
      vertex 10.9124 17.4929 57.6
      vertex 10.8724 17.5896 55.8
      vertex 10.8724 17.5896 57.6
    endloop
  endfacet
  facet normal 0.924063 0.382239 0
    outer loop
      vertex 10.8724 17.5896 55.8
      vertex 10.9124 17.4929 57.6
      vertex 10.9124 17.4929 55.8
    endloop
  endfacet
  facet normal -0.736996 0.675898 0
    outer loop
      vertex 12.8485 17.1515 55.8
      vertex 12.9193 17.2287 57.6
      vertex 12.9193 17.2287 55.8
    endloop
  endfacet
  facet normal -0.736996 0.675898 0
    outer loop
      vertex 12.9193 17.2287 57.6
      vertex 12.8485 17.1515 55.8
      vertex 12.8485 17.1515 57.6
    endloop
  endfacet
  facet normal 0.793299 0.608833 0
    outer loop
      vertex 11.0807 17.2287 57.6
      vertex 11.017 17.3117 55.8
      vertex 11.017 17.3117 57.6
    endloop
  endfacet
  facet normal 0.793299 0.608833 0
    outer loop
      vertex 11.017 17.3117 55.8
      vertex 11.0807 17.2287 57.6
      vertex 11.0807 17.2287 55.8
    endloop
  endfacet
  facet normal 0.953626 0.300994 0
    outer loop
      vertex 10.8724 17.5896 57.6
      vertex 10.8409 17.6894 55.8
      vertex 10.8409 17.6894 57.6
    endloop
  endfacet
  facet normal 0.953626 0.300994 0
    outer loop
      vertex 10.8409 17.6894 55.8
      vertex 10.8724 17.5896 57.6
      vertex 10.8724 17.5896 55.8
    endloop
  endfacet
  facet normal -0.953626 -0.300994 0
    outer loop
      vertex 13.1591 18.3106 55.8
      vertex 13.1276 18.4104 57.6
      vertex 13.1276 18.4104 55.8
    endloop
  endfacet
  facet normal -0.953626 -0.300994 0
    outer loop
      vertex 13.1276 18.4104 57.6
      vertex 13.1591 18.3106 55.8
      vertex 13.1591 18.3106 57.6
    endloop
  endfacet
  facet normal 0.300994 0.953626 -0
    outer loop
      vertex 11.6894 16.8409 55.8
      vertex 11.5896 16.8724 57.6
      vertex 11.6894 16.8409 57.6
    endloop
  endfacet
  facet normal 0.300994 0.953626 0
    outer loop
      vertex 11.5896 16.8724 57.6
      vertex 11.6894 16.8409 55.8
      vertex 11.5896 16.8724 55.8
    endloop
  endfacet
  facet normal 0.97621 0.216829 0
    outer loop
      vertex 10.8409 17.6894 57.6
      vertex 10.8182 17.7916 55.8
      vertex 10.8182 17.7916 57.6
    endloop
  endfacet
  facet normal 0.97621 0.216829 0
    outer loop
      vertex 10.8182 17.7916 55.8
      vertex 10.8409 17.6894 57.6
      vertex 10.8409 17.6894 55.8
    endloop
  endfacet
  facet normal 0.843622 -0.536937 0
    outer loop
      vertex 10.9608 18.6 57.6
      vertex 11.017 18.6883 55.8
      vertex 11.017 18.6883 57.6
    endloop
  endfacet
  facet normal 0.843622 -0.536937 0
    outer loop
      vertex 11.017 18.6883 55.8
      vertex 10.9608 18.6 57.6
      vertex 10.9608 18.6 55.8
    endloop
  endfacet
  facet normal 0.736996 -0.675898 0
    outer loop
      vertex 11.0807 18.7713 57.6
      vertex 11.1515 18.8485 55.8
      vertex 11.1515 18.8485 57.6
    endloop
  endfacet
  facet normal 0.736996 -0.675898 0
    outer loop
      vertex 11.1515 18.8485 55.8
      vertex 11.0807 18.7713 57.6
      vertex 11.0807 18.7713 55.8
    endloop
  endfacet
  facet normal 0.462044 -0.886857 0
    outer loop
      vertex 11.4 19.0392 55.8
      vertex 11.4929 19.0876 57.6
      vertex 11.4 19.0392 57.6
    endloop
  endfacet
  facet normal 0.462044 -0.886857 0
    outer loop
      vertex 11.4929 19.0876 57.6
      vertex 11.4 19.0392 55.8
      vertex 11.4929 19.0876 55.8
    endloop
  endfacet
  facet normal -0.608833 0.793299 0
    outer loop
      vertex 12.7713 17.0807 55.8
      vertex 12.6883 17.017 57.6
      vertex 12.7713 17.0807 57.6
    endloop
  endfacet
  facet normal -0.608833 0.793299 0
    outer loop
      vertex 12.6883 17.017 57.6
      vertex 12.7713 17.0807 55.8
      vertex 12.6883 17.017 55.8
    endloop
  endfacet
  facet normal 0.536937 0.843622 -0
    outer loop
      vertex 11.4 16.9608 55.8
      vertex 11.3117 17.017 57.6
      vertex 11.4 16.9608 57.6
    endloop
  endfacet
  facet normal 0.536937 0.843622 0
    outer loop
      vertex 11.3117 17.017 57.6
      vertex 11.4 16.9608 55.8
      vertex 11.3117 17.017 55.8
    endloop
  endfacet
  facet normal 0.97621 -0.216829 0
    outer loop
      vertex 10.8182 18.2084 57.6
      vertex 10.8409 18.3106 55.8
      vertex 10.8409 18.3106 57.6
    endloop
  endfacet
  facet normal 0.97621 -0.216829 0
    outer loop
      vertex 10.8409 18.3106 55.8
      vertex 10.8182 18.2084 57.6
      vertex 10.8182 18.2084 55.8
    endloop
  endfacet
  facet normal -0.216829 0.97621 0
    outer loop
      vertex 12.3106 16.8409 55.8
      vertex 12.2084 16.8182 57.6
      vertex 12.3106 16.8409 57.6
    endloop
  endfacet
  facet normal -0.216829 0.97621 0
    outer loop
      vertex 12.2084 16.8182 57.6
      vertex 12.3106 16.8409 55.8
      vertex 12.2084 16.8182 55.8
    endloop
  endfacet
  facet normal 0.991526 -0.129911 0
    outer loop
      vertex 10.8046 18.1046 57.6
      vertex 10.8182 18.2084 55.8
      vertex 10.8182 18.2084 57.6
    endloop
  endfacet
  facet normal 0.991526 -0.129911 0
    outer loop
      vertex 10.8182 18.2084 55.8
      vertex 10.8046 18.1046 57.6
      vertex 10.8046 18.1046 55.8
    endloop
  endfacet
  facet normal 0.536937 -0.843622 0
    outer loop
      vertex 11.3117 18.983 55.8
      vertex 11.4 19.0392 57.6
      vertex 11.3117 18.983 57.6
    endloop
  endfacet
  facet normal 0.536937 -0.843622 0
    outer loop
      vertex 11.4 19.0392 57.6
      vertex 11.3117 18.983 55.8
      vertex 11.4 19.0392 55.8
    endloop
  endfacet
  facet normal -0.675898 0.736996 0
    outer loop
      vertex 12.8485 17.1515 55.8
      vertex 12.7713 17.0807 57.6
      vertex 12.8485 17.1515 57.6
    endloop
  endfacet
  facet normal -0.675898 0.736996 0
    outer loop
      vertex 12.7713 17.0807 57.6
      vertex 12.8485 17.1515 55.8
      vertex 12.7713 17.0807 55.8
    endloop
  endfacet
  facet normal 0 0 1
    outer loop
      vertex 13.1954 18.1046 55.8
      vertex 13.1954 17.8954 55.8
      vertex 13.2 18 55.8
    endloop
  endfacet
  facet normal 0 0 1
    outer loop
      vertex 13.1818 18.2084 55.8
      vertex 13.1954 17.8954 55.8
      vertex 13.1954 18.1046 55.8
    endloop
  endfacet
  facet normal 0 0 1
    outer loop
      vertex 13.1818 18.2084 55.8
      vertex 13.1818 17.7916 55.8
      vertex 13.1954 17.8954 55.8
    endloop
  endfacet
  facet normal 0 0 1
    outer loop
      vertex 13.1591 18.3106 55.8
      vertex 13.1818 17.7916 55.8
      vertex 13.1818 18.2084 55.8
    endloop
  endfacet
  facet normal 0 0 1
    outer loop
      vertex 13.1591 18.3106 55.8
      vertex 13.1591 17.6894 55.8
      vertex 13.1818 17.7916 55.8
    endloop
  endfacet
  facet normal 0 0 1
    outer loop
      vertex 13.1276 18.4104 55.8
      vertex 13.1591 17.6894 55.8
      vertex 13.1591 18.3106 55.8
    endloop
  endfacet
  facet normal 0 0 1
    outer loop
      vertex 13.1276 18.4104 55.8
      vertex 13.1276 17.5896 55.8
      vertex 13.1591 17.6894 55.8
    endloop
  endfacet
  facet normal 0 0 1
    outer loop
      vertex 13.0876 18.5071 55.8
      vertex 13.1276 17.5896 55.8
      vertex 13.1276 18.4104 55.8
    endloop
  endfacet
  facet normal 0 0 1
    outer loop
      vertex 13.0876 18.5071 55.8
      vertex 13.0876 17.4929 55.8
      vertex 13.1276 17.5896 55.8
    endloop
  endfacet
  facet normal 0 0 1
    outer loop
      vertex 13.0392 18.6 55.8
      vertex 13.0876 17.4929 55.8
      vertex 13.0876 18.5071 55.8
    endloop
  endfacet
  facet normal 0 0 1
    outer loop
      vertex 13.0392 18.6 55.8
      vertex 13.0392 17.4 55.8
      vertex 13.0876 17.4929 55.8
    endloop
  endfacet
  facet normal 0 0 1
    outer loop
      vertex 12.983 18.6883 55.8
      vertex 13.0392 17.4 55.8
      vertex 13.0392 18.6 55.8
    endloop
  endfacet
  facet normal 0 0 1
    outer loop
      vertex 12.983 18.6883 55.8
      vertex 12.983 17.3117 55.8
      vertex 13.0392 17.4 55.8
    endloop
  endfacet
  facet normal 0 0 1
    outer loop
      vertex 12.9193 18.7713 55.8
      vertex 12.983 17.3117 55.8
      vertex 12.983 18.6883 55.8
    endloop
  endfacet
  facet normal 0 0 1
    outer loop
      vertex 12.9193 18.7713 55.8
      vertex 12.9193 17.2287 55.8
      vertex 12.983 17.3117 55.8
    endloop
  endfacet
  facet normal 0 0 1
    outer loop
      vertex 12.8485 18.8485 55.8
      vertex 12.9193 17.2287 55.8
      vertex 12.9193 18.7713 55.8
    endloop
  endfacet
  facet normal 0 0 1
    outer loop
      vertex 12.8485 18.8485 55.8
      vertex 12.8485 17.1515 55.8
      vertex 12.9193 17.2287 55.8
    endloop
  endfacet
  facet normal 0 0 1
    outer loop
      vertex 12.7713 18.9193 55.8
      vertex 12.8485 17.1515 55.8
      vertex 12.8485 18.8485 55.8
    endloop
  endfacet
  facet normal 0 0 1
    outer loop
      vertex 12.7713 18.9193 55.8
      vertex 12.7713 17.0807 55.8
      vertex 12.8485 17.1515 55.8
    endloop
  endfacet
  facet normal 0 0 1
    outer loop
      vertex 12.6883 18.983 55.8
      vertex 12.7713 17.0807 55.8
      vertex 12.7713 18.9193 55.8
    endloop
  endfacet
  facet normal 0 0 1
    outer loop
      vertex 12.6883 18.983 55.8
      vertex 12.6883 17.017 55.8
      vertex 12.7713 17.0807 55.8
    endloop
  endfacet
  facet normal 0 0 1
    outer loop
      vertex 12.6 19.0392 55.8
      vertex 12.6883 17.017 55.8
      vertex 12.6883 18.983 55.8
    endloop
  endfacet
  facet normal 0 0 1
    outer loop
      vertex 12.6 19.0392 55.8
      vertex 12.6 16.9608 55.8
      vertex 12.6883 17.017 55.8
    endloop
  endfacet
  facet normal 0 0 1
    outer loop
      vertex 12.5071 19.0876 55.8
      vertex 12.6 16.9608 55.8
      vertex 12.6 19.0392 55.8
    endloop
  endfacet
  facet normal 0 0 1
    outer loop
      vertex 12.5071 19.0876 55.8
      vertex 12.5071 16.9124 55.8
      vertex 12.6 16.9608 55.8
    endloop
  endfacet
  facet normal 0 0 1
    outer loop
      vertex 12.4104 19.1276 55.8
      vertex 12.5071 16.9124 55.8
      vertex 12.5071 19.0876 55.8
    endloop
  endfacet
  facet normal 0 0 1
    outer loop
      vertex 12.4104 19.1276 55.8
      vertex 12.4104 16.8724 55.8
      vertex 12.5071 16.9124 55.8
    endloop
  endfacet
  facet normal 0 0 1
    outer loop
      vertex 12.3106 19.1591 55.8
      vertex 12.4104 16.8724 55.8
      vertex 12.4104 19.1276 55.8
    endloop
  endfacet
  facet normal 0 0 1
    outer loop
      vertex 12.3106 19.1591 55.8
      vertex 12.3106 16.8409 55.8
      vertex 12.4104 16.8724 55.8
    endloop
  endfacet
  facet normal 0 0 1
    outer loop
      vertex 12.2084 19.1818 55.8
      vertex 12.3106 16.8409 55.8
      vertex 12.3106 19.1591 55.8
    endloop
  endfacet
  facet normal 0 0 1
    outer loop
      vertex 12.2084 19.1818 55.8
      vertex 12.2084 16.8182 55.8
      vertex 12.3106 16.8409 55.8
    endloop
  endfacet
  facet normal 0 0 1
    outer loop
      vertex 12.1046 19.1954 55.8
      vertex 12.2084 16.8182 55.8
      vertex 12.2084 19.1818 55.8
    endloop
  endfacet
  facet normal 0 0 1
    outer loop
      vertex 12.1046 19.1954 55.8
      vertex 12.1046 16.8046 55.8
      vertex 12.2084 16.8182 55.8
    endloop
  endfacet
  facet normal 0 0 1
    outer loop
      vertex 12 19.2 55.8
      vertex 12.1046 16.8046 55.8
      vertex 12.1046 19.1954 55.8
    endloop
  endfacet
  facet normal 0 0 1
    outer loop
      vertex 12 19.2 55.8
      vertex 12 16.8 55.8
      vertex 12.1046 16.8046 55.8
    endloop
  endfacet
  facet normal -0 0 1
    outer loop
      vertex 11.8954 19.1954 55.8
      vertex 12 16.8 55.8
      vertex 12 19.2 55.8
    endloop
  endfacet
  facet normal 0 0 1
    outer loop
      vertex 11.8954 19.1954 55.8
      vertex 11.8954 16.8046 55.8
      vertex 12 16.8 55.8
    endloop
  endfacet
  facet normal -0 0 1
    outer loop
      vertex 11.7916 19.1818 55.8
      vertex 11.8954 16.8046 55.8
      vertex 11.8954 19.1954 55.8
    endloop
  endfacet
  facet normal 0 0 1
    outer loop
      vertex 11.7916 19.1818 55.8
      vertex 11.7916 16.8182 55.8
      vertex 11.8954 16.8046 55.8
    endloop
  endfacet
  facet normal -0 0 1
    outer loop
      vertex 11.6894 19.1591 55.8
      vertex 11.7916 16.8182 55.8
      vertex 11.7916 19.1818 55.8
    endloop
  endfacet
  facet normal 0 0 1
    outer loop
      vertex 11.6894 19.1591 55.8
      vertex 11.6894 16.8409 55.8
      vertex 11.7916 16.8182 55.8
    endloop
  endfacet
  facet normal -0 0 1
    outer loop
      vertex 11.5896 19.1276 55.8
      vertex 11.6894 16.8409 55.8
      vertex 11.6894 19.1591 55.8
    endloop
  endfacet
  facet normal 0 0 1
    outer loop
      vertex 11.5896 19.1276 55.8
      vertex 11.5896 16.8724 55.8
      vertex 11.6894 16.8409 55.8
    endloop
  endfacet
  facet normal -0 0 1
    outer loop
      vertex 11.4929 19.0876 55.8
      vertex 11.5896 16.8724 55.8
      vertex 11.5896 19.1276 55.8
    endloop
  endfacet
  facet normal 0 0 1
    outer loop
      vertex 11.4929 19.0876 55.8
      vertex 11.4929 16.9124 55.8
      vertex 11.5896 16.8724 55.8
    endloop
  endfacet
  facet normal -0 0 1
    outer loop
      vertex 11.4 19.0392 55.8
      vertex 11.4929 16.9124 55.8
      vertex 11.4929 19.0876 55.8
    endloop
  endfacet
  facet normal 0 0 1
    outer loop
      vertex 11.4 19.0392 55.8
      vertex 11.4 16.9608 55.8
      vertex 11.4929 16.9124 55.8
    endloop
  endfacet
  facet normal -0 0 1
    outer loop
      vertex 11.3117 18.983 55.8
      vertex 11.4 16.9608 55.8
      vertex 11.4 19.0392 55.8
    endloop
  endfacet
  facet normal 0 0 1
    outer loop
      vertex 11.3117 18.983 55.8
      vertex 11.3117 17.017 55.8
      vertex 11.4 16.9608 55.8
    endloop
  endfacet
  facet normal -0 0 1
    outer loop
      vertex 11.2287 18.9193 55.8
      vertex 11.3117 17.017 55.8
      vertex 11.3117 18.983 55.8
    endloop
  endfacet
  facet normal 0 0 1
    outer loop
      vertex 11.2287 18.9193 55.8
      vertex 11.2287 17.0807 55.8
      vertex 11.3117 17.017 55.8
    endloop
  endfacet
  facet normal -0 0 1
    outer loop
      vertex 11.1515 18.8485 55.8
      vertex 11.2287 17.0807 55.8
      vertex 11.2287 18.9193 55.8
    endloop
  endfacet
  facet normal 0 0 1
    outer loop
      vertex 11.1515 18.8485 55.8
      vertex 11.1515 17.1515 55.8
      vertex 11.2287 17.0807 55.8
    endloop
  endfacet
  facet normal -0 0 1
    outer loop
      vertex 11.0807 18.7713 55.8
      vertex 11.1515 17.1515 55.8
      vertex 11.1515 18.8485 55.8
    endloop
  endfacet
  facet normal 0 0 1
    outer loop
      vertex 11.0807 18.7713 55.8
      vertex 11.0807 17.2287 55.8
      vertex 11.1515 17.1515 55.8
    endloop
  endfacet
  facet normal -0 0 1
    outer loop
      vertex 11.017 18.6883 55.8
      vertex 11.0807 17.2287 55.8
      vertex 11.0807 18.7713 55.8
    endloop
  endfacet
  facet normal 0 0 1
    outer loop
      vertex 11.017 18.6883 55.8
      vertex 11.017 17.3117 55.8
      vertex 11.0807 17.2287 55.8
    endloop
  endfacet
  facet normal -0 0 1
    outer loop
      vertex 10.9608 18.6 55.8
      vertex 11.017 17.3117 55.8
      vertex 11.017 18.6883 55.8
    endloop
  endfacet
  facet normal 0 0 1
    outer loop
      vertex 10.9608 18.6 55.8
      vertex 10.9608 17.4 55.8
      vertex 11.017 17.3117 55.8
    endloop
  endfacet
  facet normal -0 0 1
    outer loop
      vertex 10.9124 18.5071 55.8
      vertex 10.9608 17.4 55.8
      vertex 10.9608 18.6 55.8
    endloop
  endfacet
  facet normal 0 0 1
    outer loop
      vertex 10.9124 18.5071 55.8
      vertex 10.9124 17.4929 55.8
      vertex 10.9608 17.4 55.8
    endloop
  endfacet
  facet normal -0 0 1
    outer loop
      vertex 10.8724 18.4104 55.8
      vertex 10.9124 17.4929 55.8
      vertex 10.9124 18.5071 55.8
    endloop
  endfacet
  facet normal 0 0 1
    outer loop
      vertex 10.8724 18.4104 55.8
      vertex 10.8724 17.5896 55.8
      vertex 10.9124 17.4929 55.8
    endloop
  endfacet
  facet normal -0 0 1
    outer loop
      vertex 10.8409 18.3106 55.8
      vertex 10.8724 17.5896 55.8
      vertex 10.8724 18.4104 55.8
    endloop
  endfacet
  facet normal 0 0 1
    outer loop
      vertex 10.8409 18.3106 55.8
      vertex 10.8409 17.6894 55.8
      vertex 10.8724 17.5896 55.8
    endloop
  endfacet
  facet normal -0 0 1
    outer loop
      vertex 10.8182 18.2084 55.8
      vertex 10.8409 17.6894 55.8
      vertex 10.8409 18.3106 55.8
    endloop
  endfacet
  facet normal 0 0 1
    outer loop
      vertex 10.8182 18.2084 55.8
      vertex 10.8182 17.7916 55.8
      vertex 10.8409 17.6894 55.8
    endloop
  endfacet
  facet normal -0 0 1
    outer loop
      vertex 10.8046 18.1046 55.8
      vertex 10.8182 17.7916 55.8
      vertex 10.8182 18.2084 55.8
    endloop
  endfacet
  facet normal 0 0 1
    outer loop
      vertex 10.8046 18.1046 55.8
      vertex 10.8046 17.8954 55.8
      vertex 10.8182 17.7916 55.8
    endloop
  endfacet
  facet normal 0 -0 1
    outer loop
      vertex 10.8046 17.8954 55.8
      vertex 10.8046 18.1046 55.8
      vertex 10.8 18 55.8
    endloop
  endfacet
  facet normal -0.300994 -0.953626 0
    outer loop
      vertex 12.3106 19.1591 55.8
      vertex 12.4104 19.1276 57.6
      vertex 12.3106 19.1591 57.6
    endloop
  endfacet
  facet normal -0.300994 -0.953626 -0
    outer loop
      vertex 12.4104 19.1276 57.6
      vertex 12.3106 19.1591 55.8
      vertex 12.4104 19.1276 55.8
    endloop
  endfacet
  facet normal 0.462044 0.886857 -0
    outer loop
      vertex 11.4929 16.9124 55.8
      vertex 11.4 16.9608 57.6
      vertex 11.4929 16.9124 57.6
    endloop
  endfacet
  facet normal 0.462044 0.886857 0
    outer loop
      vertex 11.4 16.9608 57.6
      vertex 11.4929 16.9124 55.8
      vertex 11.4 16.9608 55.8
    endloop
  endfacet
  facet normal 0.608833 0.793299 -0
    outer loop
      vertex 11.3117 17.017 55.8
      vertex 11.2287 17.0807 57.6
      vertex 11.3117 17.017 57.6
    endloop
  endfacet
  facet normal 0.608833 0.793299 0
    outer loop
      vertex 11.2287 17.0807 57.6
      vertex 11.3117 17.017 55.8
      vertex 11.2287 17.0807 55.8
    endloop
  endfacet
endsolid OpenSCAD_Model
